[1/10] Building CXX object CMakeFiles\csc3_demo.dir\src\assembly_helper.cpp.obj
注意: 包含文件:  D:\parallel-global-stiffness-assembly-research-and-implementation\demos\csc3_symmetric_assembly_demo\include\csc3_demo/assembly_helper.h
注意: 包含文件:   C:\Program Files\Microsoft Visual Studio\2022\Community\VC\Tools\MSVC\14.44.35207\include\cstdint
注意: 包含文件:    C:\Program Files\Microsoft Visual Studio\2022\Community\VC\Tools\MSVC\14.44.35207\include\yvals_core.h
注意: 包含文件:     C:\Program Files\Microsoft Visual Studio\2022\Community\VC\Tools\MSVC\14.44.35207\include\vcruntime.h
注意: 包含文件:      C:\Program Files\Microsoft Visual Studio\2022\Community\VC\Tools\MSVC\14.44.35207\include\sal.h
注意: 包含文件:       C:\Program Files\Microsoft Visual Studio\2022\Community\VC\Tools\MSVC\14.44.35207\include\concurrencysal.h
注意: 包含文件:      C:\Program Files\Microsoft Visual Studio\2022\Community\VC\Tools\MSVC\14.44.35207\include\vadefs.h
注意: 包含文件:     C:\Program Files\Microsoft Visual Studio\2022\Community\VC\Tools\MSVC\14.44.35207\include\xkeycheck.h
注意: 包含文件:    C:\Program Files\Microsoft Visual Studio\2022\Community\VC\Tools\MSVC\14.44.35207\include\stdint.h
注意: 包含文件:   C:\Program Files\Microsoft Visual Studio\2022\Community\VC\Tools\MSVC\14.44.35207\include\vector
注意: 包含文件:    C:\Program Files\Microsoft Visual Studio\2022\Community\VC\Tools\MSVC\14.44.35207\include\__msvc_bit_utils.hpp
注意: 包含文件:     C:\Program Files\Microsoft Visual Studio\2022\Community\VC\Tools\MSVC\14.44.35207\include\climits
注意: 包含文件:      C:\Program Files\Microsoft Visual Studio\2022\Community\VC\Tools\MSVC\14.44.35207\include\limits.h
注意: 包含文件:     C:\Program Files\Microsoft Visual Studio\2022\Community\VC\Tools\MSVC\14.44.35207\include\xtr1common
注意: 包含文件:     C:\Program Files\Microsoft Visual Studio\2022\Community\VC\Tools\MSVC\14.44.35207\include\intrin0.h
注意: 包含文件:      C:\Program Files\Microsoft Visual Studio\2022\Community\VC\Tools\MSVC\14.44.35207\include\intrin0.inl.h
注意: 包含文件:    C:\Program Files\Microsoft Visual Studio\2022\Community\VC\Tools\MSVC\14.44.35207\include\__msvc_sanitizer_annotate_container.hpp
注意: 包含文件:    C:\Program Files\Microsoft Visual Studio\2022\Community\VC\Tools\MSVC\14.44.35207\include\xmemory
注意: 包含文件:     C:\Program Files\Microsoft Visual Studio\2022\Community\VC\Tools\MSVC\14.44.35207\include\cstdlib
注意: 包含文件:      C:\Program Files (x86)\Windows Kits\10\include\10.0.26100.0\ucrt\math.h
注意: 包含文件:       C:\Program Files (x86)\Windows Kits\10\include\10.0.26100.0\ucrt\corecrt_math.h
注意: 包含文件:        C:\Program Files (x86)\Windows Kits\10\include\10.0.26100.0\ucrt\corecrt.h
注意: 包含文件:      C:\Program Files (x86)\Windows Kits\10\include\10.0.26100.0\ucrt\stdlib.h
注意: 包含文件:       C:\Program Files (x86)\Windows Kits\10\include\10.0.26100.0\ucrt\corecrt_malloc.h
注意: 包含文件:       C:\Program Files (x86)\Windows Kits\10\include\10.0.26100.0\ucrt\corecrt_search.h
注意: 包含文件:        C:\Program Files (x86)\Windows Kits\10\include\10.0.26100.0\ucrt\stddef.h
注意: 包含文件:       C:\Program Files (x86)\Windows Kits\10\include\10.0.26100.0\ucrt\corecrt_wstdlib.h
注意: 包含文件:     C:\Program Files\Microsoft Visual Studio\2022\Community\VC\Tools\MSVC\14.44.35207\include\limits
注意: 包含文件:      C:\Program Files\Microsoft Visual Studio\2022\Community\VC\Tools\MSVC\14.44.35207\include\cfloat
注意: 包含文件:       C:\Program Files (x86)\Windows Kits\10\include\10.0.26100.0\ucrt\float.h
注意: 包含文件:      C:\Program Files\Microsoft Visual Studio\2022\Community\VC\Tools\MSVC\14.44.35207\include\cwchar
注意: 包含文件:       C:\Program Files\Microsoft Visual Studio\2022\Community\VC\Tools\MSVC\14.44.35207\include\cstdio
注意: 包含文件:        C:\Program Files (x86)\Windows Kits\10\include\10.0.26100.0\ucrt\stdio.h
注意: 包含文件:         C:\Program Files (x86)\Windows Kits\10\include\10.0.26100.0\ucrt\corecrt_wstdio.h
注意: 包含文件:          C:\Program Files (x86)\Windows Kits\10\include\10.0.26100.0\ucrt\corecrt_stdio_config.h
注意: 包含文件:       C:\Program Files (x86)\Windows Kits\10\include\10.0.26100.0\ucrt\wchar.h
注意: 包含文件:        C:\Program Files (x86)\Windows Kits\10\include\10.0.26100.0\ucrt\corecrt_memcpy_s.h
注意: 包含文件:         C:\Program Files (x86)\Windows Kits\10\include\10.0.26100.0\ucrt\errno.h
注意: 包含文件:         C:\Program Files\Microsoft Visual Studio\2022\Community\VC\Tools\MSVC\14.44.35207\include\vcruntime_string.h
注意: 包含文件:        C:\Program Files (x86)\Windows Kits\10\include\10.0.26100.0\ucrt\corecrt_wconio.h
注意: 包含文件:        C:\Program Files (x86)\Windows Kits\10\include\10.0.26100.0\ucrt\corecrt_wctype.h
注意: 包含文件:        C:\Program Files (x86)\Windows Kits\10\include\10.0.26100.0\ucrt\corecrt_wdirect.h
注意: 包含文件:        C:\Program Files (x86)\Windows Kits\10\include\10.0.26100.0\ucrt\corecrt_wio.h
注意: 包含文件:         C:\Program Files (x86)\Windows Kits\10\include\10.0.26100.0\ucrt\corecrt_share.h
注意: 包含文件:        C:\Program Files (x86)\Windows Kits\10\include\10.0.26100.0\ucrt\corecrt_wprocess.h
注意: 包含文件:        C:\Program Files (x86)\Windows Kits\10\include\10.0.26100.0\ucrt\corecrt_wstring.h
注意: 包含文件:        C:\Program Files (x86)\Windows Kits\10\include\10.0.26100.0\ucrt\corecrt_wtime.h
注意: 包含文件:        C:\Program Files (x86)\Windows Kits\10\include\10.0.26100.0\ucrt\sys/stat.h
注意: 包含文件:         C:\Program Files (x86)\Windows Kits\10\include\10.0.26100.0\ucrt\sys/types.h
注意: 包含文件:        C:\Program Files\Microsoft Visual Studio\2022\Community\VC\Tools\MSVC\14.44.35207\include\intrin.h
注意: 包含文件:         C:\Program Files\Microsoft Visual Studio\2022\Community\VC\Tools\MSVC\14.44.35207\include\setjmp.h
注意: 包含文件:         C:\Program Files\Microsoft Visual Studio\2022\Community\VC\Tools\MSVC\14.44.35207\include\immintrin.h
注意: 包含文件:          C:\Program Files\Microsoft Visual Studio\2022\Community\VC\Tools\MSVC\14.44.35207\include\wmmintrin.h
注意: 包含文件:           C:\Program Files\Microsoft Visual Studio\2022\Community\VC\Tools\MSVC\14.44.35207\include\nmmintrin.h
注意: 包含文件:            C:\Program Files\Microsoft Visual Studio\2022\Community\VC\Tools\MSVC\14.44.35207\include\smmintrin.h
注意: 包含文件:             C:\Program Files\Microsoft Visual Studio\2022\Community\VC\Tools\MSVC\14.44.35207\include\tmmintrin.h
注意: 包含文件:              C:\Program Files\Microsoft Visual Studio\2022\Community\VC\Tools\MSVC\14.44.35207\include\pmmintrin.h
注意: 包含文件:               C:\Program Files\Microsoft Visual Studio\2022\Community\VC\Tools\MSVC\14.44.35207\include\emmintrin.h
注意: 包含文件:                C:\Program Files\Microsoft Visual Studio\2022\Community\VC\Tools\MSVC\14.44.35207\include\xmmintrin.h
注意: 包含文件:                 C:\Program Files\Microsoft Visual Studio\2022\Community\VC\Tools\MSVC\14.44.35207\include\mmintrin.h
注意: 包含文件:                 C:\Program Files (x86)\Windows Kits\10\include\10.0.26100.0\ucrt\malloc.h
注意: 包含文件:          C:\Program Files\Microsoft Visual Studio\2022\Community\VC\Tools\MSVC\14.44.35207\include\zmmintrin.h
注意: 包含文件:         C:\Program Files\Microsoft Visual Studio\2022\Community\VC\Tools\MSVC\14.44.35207\include\ammintrin.h
注意: 包含文件:     C:\Program Files\Microsoft Visual Studio\2022\Community\VC\Tools\MSVC\14.44.35207\include\new
注意: 包含文件:      C:\Program Files\Microsoft Visual Studio\2022\Community\VC\Tools\MSVC\14.44.35207\include\exception
注意: 包含文件:       C:\Program Files\Microsoft Visual Studio\2022\Community\VC\Tools\MSVC\14.44.35207\include\yvals.h
注意: 包含文件:        C:\Program Files (x86)\Windows Kits\10\include\10.0.26100.0\ucrt\crtdbg.h
注意: 包含文件:         C:\Program Files\Microsoft Visual Studio\2022\Community\VC\Tools\MSVC\14.44.35207\include\vcruntime_new_debug.h
注意: 包含文件:          C:\Program Files\Microsoft Visual Studio\2022\Community\VC\Tools\MSVC\14.44.35207\include\vcruntime_new.h
注意: 包含文件:        C:\Program Files\Microsoft Visual Studio\2022\Community\VC\Tools\MSVC\14.44.35207\include\crtdefs.h
注意: 包含文件:        C:\Program Files\Microsoft Visual Studio\2022\Community\VC\Tools\MSVC\14.44.35207\include\use_ansi.h
注意: 包含文件:       C:\Program Files\Microsoft Visual Studio\2022\Community\VC\Tools\MSVC\14.44.35207\include\type_traits
注意: 包含文件:        C:\Program Files\Microsoft Visual Studio\2022\Community\VC\Tools\MSVC\14.44.35207\include\cstddef
注意: 包含文件:        C:\Program Files\Microsoft Visual Studio\2022\Community\VC\Tools\MSVC\14.44.35207\include\cstring
注意: 包含文件:         C:\Program Files (x86)\Windows Kits\10\include\10.0.26100.0\ucrt\string.h
注意: 包含文件:          C:\Program Files (x86)\Windows Kits\10\include\10.0.26100.0\ucrt\corecrt_memory.h
注意: 包含文件:       C:\Program Files\Microsoft Visual Studio\2022\Community\VC\Tools\MSVC\14.44.35207\include\vcruntime_exception.h
注意: 包含文件:        C:\Program Files\Microsoft Visual Studio\2022\Community\VC\Tools\MSVC\14.44.35207\include\eh.h
注意: 包含文件:         C:\Program Files (x86)\Windows Kits\10\include\10.0.26100.0\ucrt\corecrt_terminate.h
注意: 包含文件:     C:\Program Files\Microsoft Visual Studio\2022\Community\VC\Tools\MSVC\14.44.35207\include\xatomic.h
注意: 包含文件:     C:\Program Files\Microsoft Visual Studio\2022\Community\VC\Tools\MSVC\14.44.35207\include\xutility
注意: 包含文件:      C:\Program Files\Microsoft Visual Studio\2022\Community\VC\Tools\MSVC\14.44.35207\include\__msvc_iter_core.hpp
注意: 包含文件:       C:\Program Files\Microsoft Visual Studio\2022\Community\VC\Tools\MSVC\14.44.35207\include\utility
注意: 包含文件:        C:\Program Files\Microsoft Visual Studio\2022\Community\VC\Tools\MSVC\14.44.35207\include\initializer_list
注意: 包含文件:    C:\Program Files\Microsoft Visual Studio\2022\Community\VC\Tools\MSVC\14.44.35207\include\xpolymorphic_allocator.h
注意: 包含文件:     C:\Program Files\Microsoft Visual Studio\2022\Community\VC\Tools\MSVC\14.44.35207\include\tuple
注意: 包含文件:  C:\Program Files\Microsoft Visual Studio\2022\Community\VC\Tools\MSVC\14.44.35207\include\algorithm
注意: 包含文件:   C:\Program Files\Microsoft Visual Studio\2022\Community\VC\Tools\MSVC\14.44.35207\include\__msvc_heap_algorithms.hpp
注意: 包含文件:   C:\Program Files\Microsoft Visual Studio\2022\Community\VC\Tools\MSVC\14.44.35207\include\__msvc_minmax.hpp
注意: 包含文件:  C:\Program Files\Microsoft Visual Studio\2022\Community\VC\Tools\MSVC\14.44.35207\include\atomic
注意: 包含文件:   C:\Program Files\Microsoft Visual Studio\2022\Community\VC\Tools\MSVC\14.44.35207\include\xthreads.h
注意: 包含文件:    C:\Program Files\Microsoft Visual Studio\2022\Community\VC\Tools\MSVC\14.44.35207\include\__msvc_threads_core.hpp
注意: 包含文件:    C:\Program Files\Microsoft Visual Studio\2022\Community\VC\Tools\MSVC\14.44.35207\include\xtimec.h
注意: 包含文件:     C:\Program Files\Microsoft Visual Studio\2022\Community\VC\Tools\MSVC\14.44.35207\include\ctime
注意: 包含文件:      C:\Program Files (x86)\Windows Kits\10\include\10.0.26100.0\ucrt\time.h
注意: 包含文件:  C:\Program Files\Microsoft Visual Studio\2022\Community\VC\Tools\MSVC\14.44.35207\include\chrono
注意: 包含文件:   C:\Program Files\Microsoft Visual Studio\2022\Community\VC\Tools\MSVC\14.44.35207\include\__msvc_chrono.hpp
注意: 包含文件:    C:\Program Files\Microsoft Visual Studio\2022\Community\VC\Tools\MSVC\14.44.35207\include\ratio
注意: 包含文件:   C:\Program Files\Microsoft Visual Studio\2022\Community\VC\Tools\MSVC\14.44.35207\include\system_error
注意: 包含文件:    C:\Program Files\Microsoft Visual Studio\2022\Community\VC\Tools\MSVC\14.44.35207\include\__msvc_system_error_abi.hpp
注意: 包含文件:    C:\Program Files\Microsoft Visual Studio\2022\Community\VC\Tools\MSVC\14.44.35207\include\cerrno
注意: 包含文件:    C:\Program Files\Microsoft Visual Studio\2022\Community\VC\Tools\MSVC\14.44.35207\include\stdexcept
注意: 包含文件:     C:\Program Files\Microsoft Visual Studio\2022\Community\VC\Tools\MSVC\14.44.35207\include\xstring
注意: 包含文件:      C:\Program Files\Microsoft Visual Studio\2022\Community\VC\Tools\MSVC\14.44.35207\include\__msvc_string_view.hpp
注意: 包含文件:       C:\Program Files\Microsoft Visual Studio\2022\Community\VC\Tools\MSVC\14.44.35207\include\iosfwd
注意: 包含文件:    C:\Program Files\Microsoft Visual Studio\2022\Community\VC\Tools\MSVC\14.44.35207\include\xcall_once.h
注意: 包含文件:    C:\Program Files\Microsoft Visual Studio\2022\Community\VC\Tools\MSVC\14.44.35207\include\xerrc.h
注意: 包含文件:   C:\Program Files\Microsoft Visual Studio\2022\Community\VC\Tools\MSVC\14.44.35207\include\xfilesystem_abi.h
注意: 包含文件:  C:\Program Files\Microsoft Visual Studio\2022\Community\VC\Tools\MSVC\14.44.35207\include\cmath
注意: 包含文件:  C:\Program Files\Microsoft Visual Studio\2022\Community\VC\Tools\MSVC\14.44.35207\include\numeric
注意: 包含文件:  C:\Program Files\Microsoft Visual Studio\2022\Community\VC\Tools\MSVC\14.44.35207\include\string
注意: 包含文件:   C:\Program Files\Microsoft Visual Studio\2022\Community\VC\Tools\MSVC\14.44.35207\include\cctype
注意: 包含文件:    C:\Program Files (x86)\Windows Kits\10\include\10.0.26100.0\ucrt\ctype.h
注意: 包含文件:  C:\Program Files\Microsoft Visual Studio\2022\Community\VC\Tools\MSVC\14.44.35207\include\omp.h
C:\Program Files\Microsoft Visual Studio\2022\Community\VC\Tools\MSVC\14.44.35207\include\vector(1224): warning C4530: 使用了 C++ 异常处理程序，但未启用展开语义。请指定 /EHsc
C:\Program Files\Microsoft Visual Studio\2022\Community\VC\Tools\MSVC\14.44.35207\include\vector(1224): note: 模板实例化上下文(最早的实例化上下文)为
D:\parallel-global-stiffness-assembly-research-and-implementation\demos\csc3_symmetric_assembly_demo\src\assembly_helper.cpp(223): note: 查看对正在编译的函数 模板 实例化“std::_Vector_iterator<std::_Vector_val<std::_Simple_types<_Ty>>> std::vector<_Ty,std::allocator<_Ty>>::insert<std::_Vector_const_iterator<std::_Vector_val<std::_Simple_types<_Ty>>>,0>(std::_Vector_const_iterator<std::_Vector_val<std::_Simple_types<_Ty>>>,_Iter,_Iter)”的引用
        with
        [
            _Ty=csc3_demo::ElementId,
            _Iter=std::_Vector_const_iterator<std::_Vector_val<std::_Simple_types<csc3_demo::ElementId>>>
        ]
D:\parallel-global-stiffness-assembly-research-and-implementation\demos\csc3_symmetric_assembly_demo\src\assembly_helper.cpp(223): note: 请参阅 "csc3_demo::`anonymous-namespace'::validate_and_canonicalize" 中对 "std::vector<csc3_demo::ElementId,std::allocator<int>>::insert" 的第一个引用
C:\Program Files\Microsoft Visual Studio\2022\Community\VC\Tools\MSVC\14.44.35207\include\vector(1282): note: 查看对正在编译的函数 模板 实例化“void std::vector<csc3_demo::ElementId,std::allocator<int>>::_Insert_counted_range<const int*>(std::_Vector_const_iterator<std::_Vector_val<std::_Simple_types<_Ty>>>,_Iter,const unsigned __int64)”的引用
        with
        [
            _Ty=csc3_demo::ElementId,
            _Iter=const int *
        ]
[2/10] Linking CXX static library lib\csc3_demo.lib
[3/10] Building CXX object CMakeFiles\csc3_demo_benchmark.dir\tools\src\benchmark_main.cpp.obj
注意: 包含文件:  D:\parallel-global-stiffness-assembly-research-and-implementation\demos\csc3_symmetric_assembly_demo\tools\include\csc3_demo_tools/benchmark.h
注意: 包含文件:   D:\parallel-global-stiffness-assembly-research-and-implementation\demos\csc3_symmetric_assembly_demo\include\csc3_demo/assembly_helper.h
注意: 包含文件:    C:\Program Files\Microsoft Visual Studio\2022\Community\VC\Tools\MSVC\14.44.35207\include\cstdint
注意: 包含文件:     C:\Program Files\Microsoft Visual Studio\2022\Community\VC\Tools\MSVC\14.44.35207\include\yvals_core.h
注意: 包含文件:      C:\Program Files\Microsoft Visual Studio\2022\Community\VC\Tools\MSVC\14.44.35207\include\vcruntime.h
注意: 包含文件:       C:\Program Files\Microsoft Visual Studio\2022\Community\VC\Tools\MSVC\14.44.35207\include\sal.h
注意: 包含文件:        C:\Program Files\Microsoft Visual Studio\2022\Community\VC\Tools\MSVC\14.44.35207\include\concurrencysal.h
注意: 包含文件:       C:\Program Files\Microsoft Visual Studio\2022\Community\VC\Tools\MSVC\14.44.35207\include\vadefs.h
注意: 包含文件:      C:\Program Files\Microsoft Visual Studio\2022\Community\VC\Tools\MSVC\14.44.35207\include\xkeycheck.h
注意: 包含文件:     C:\Program Files\Microsoft Visual Studio\2022\Community\VC\Tools\MSVC\14.44.35207\include\stdint.h
注意: 包含文件:    C:\Program Files\Microsoft Visual Studio\2022\Community\VC\Tools\MSVC\14.44.35207\include\vector
注意: 包含文件:     C:\Program Files\Microsoft Visual Studio\2022\Community\VC\Tools\MSVC\14.44.35207\include\__msvc_bit_utils.hpp
注意: 包含文件:      C:\Program Files\Microsoft Visual Studio\2022\Community\VC\Tools\MSVC\14.44.35207\include\climits
注意: 包含文件:       C:\Program Files\Microsoft Visual Studio\2022\Community\VC\Tools\MSVC\14.44.35207\include\limits.h
注意: 包含文件:      C:\Program Files\Microsoft Visual Studio\2022\Community\VC\Tools\MSVC\14.44.35207\include\xtr1common
注意: 包含文件:      C:\Program Files\Microsoft Visual Studio\2022\Community\VC\Tools\MSVC\14.44.35207\include\intrin0.h
注意: 包含文件:       C:\Program Files\Microsoft Visual Studio\2022\Community\VC\Tools\MSVC\14.44.35207\include\intrin0.inl.h
注意: 包含文件:     C:\Program Files\Microsoft Visual Studio\2022\Community\VC\Tools\MSVC\14.44.35207\include\__msvc_sanitizer_annotate_container.hpp
注意: 包含文件:     C:\Program Files\Microsoft Visual Studio\2022\Community\VC\Tools\MSVC\14.44.35207\include\xmemory
注意: 包含文件:      C:\Program Files\Microsoft Visual Studio\2022\Community\VC\Tools\MSVC\14.44.35207\include\cstdlib
注意: 包含文件:       C:\Program Files (x86)\Windows Kits\10\include\10.0.26100.0\ucrt\math.h
注意: 包含文件:        C:\Program Files (x86)\Windows Kits\10\include\10.0.26100.0\ucrt\corecrt_math.h
注意: 包含文件:         C:\Program Files (x86)\Windows Kits\10\include\10.0.26100.0\ucrt\corecrt.h
注意: 包含文件:       C:\Program Files (x86)\Windows Kits\10\include\10.0.26100.0\ucrt\stdlib.h
注意: 包含文件:        C:\Program Files (x86)\Windows Kits\10\include\10.0.26100.0\ucrt\corecrt_malloc.h
注意: 包含文件:        C:\Program Files (x86)\Windows Kits\10\include\10.0.26100.0\ucrt\corecrt_search.h
注意: 包含文件:         C:\Program Files (x86)\Windows Kits\10\include\10.0.26100.0\ucrt\stddef.h
注意: 包含文件:        C:\Program Files (x86)\Windows Kits\10\include\10.0.26100.0\ucrt\corecrt_wstdlib.h
注意: 包含文件:      C:\Program Files\Microsoft Visual Studio\2022\Community\VC\Tools\MSVC\14.44.35207\include\limits
注意: 包含文件:       C:\Program Files\Microsoft Visual Studio\2022\Community\VC\Tools\MSVC\14.44.35207\include\cfloat
注意: 包含文件:        C:\Program Files (x86)\Windows Kits\10\include\10.0.26100.0\ucrt\float.h
注意: 包含文件:       C:\Program Files\Microsoft Visual Studio\2022\Community\VC\Tools\MSVC\14.44.35207\include\cwchar
注意: 包含文件:        C:\Program Files\Microsoft Visual Studio\2022\Community\VC\Tools\MSVC\14.44.35207\include\cstdio
注意: 包含文件:         C:\Program Files (x86)\Windows Kits\10\include\10.0.26100.0\ucrt\stdio.h
注意: 包含文件:          C:\Program Files (x86)\Windows Kits\10\include\10.0.26100.0\ucrt\corecrt_wstdio.h
注意: 包含文件:           C:\Program Files (x86)\Windows Kits\10\include\10.0.26100.0\ucrt\corecrt_stdio_config.h
注意: 包含文件:        C:\Program Files (x86)\Windows Kits\10\include\10.0.26100.0\ucrt\wchar.h
注意: 包含文件:         C:\Program Files (x86)\Windows Kits\10\include\10.0.26100.0\ucrt\corecrt_memcpy_s.h
注意: 包含文件:          C:\Program Files (x86)\Windows Kits\10\include\10.0.26100.0\ucrt\errno.h
注意: 包含文件:          C:\Program Files\Microsoft Visual Studio\2022\Community\VC\Tools\MSVC\14.44.35207\include\vcruntime_string.h
注意: 包含文件:         C:\Program Files (x86)\Windows Kits\10\include\10.0.26100.0\ucrt\corecrt_wconio.h
注意: 包含文件:         C:\Program Files (x86)\Windows Kits\10\include\10.0.26100.0\ucrt\corecrt_wctype.h
注意: 包含文件:         C:\Program Files (x86)\Windows Kits\10\include\10.0.26100.0\ucrt\corecrt_wdirect.h
注意: 包含文件:         C:\Program Files (x86)\Windows Kits\10\include\10.0.26100.0\ucrt\corecrt_wio.h
注意: 包含文件:          C:\Program Files (x86)\Windows Kits\10\include\10.0.26100.0\ucrt\corecrt_share.h
注意: 包含文件:         C:\Program Files (x86)\Windows Kits\10\include\10.0.26100.0\ucrt\corecrt_wprocess.h
注意: 包含文件:         C:\Program Files (x86)\Windows Kits\10\include\10.0.26100.0\ucrt\corecrt_wstring.h
注意: 包含文件:         C:\Program Files (x86)\Windows Kits\10\include\10.0.26100.0\ucrt\corecrt_wtime.h
注意: 包含文件:         C:\Program Files (x86)\Windows Kits\10\include\10.0.26100.0\ucrt\sys/stat.h
注意: 包含文件:          C:\Program Files (x86)\Windows Kits\10\include\10.0.26100.0\ucrt\sys/types.h
注意: 包含文件:         C:\Program Files\Microsoft Visual Studio\2022\Community\VC\Tools\MSVC\14.44.35207\include\intrin.h
注意: 包含文件:          C:\Program Files\Microsoft Visual Studio\2022\Community\VC\Tools\MSVC\14.44.35207\include\setjmp.h
注意: 包含文件:          C:\Program Files\Microsoft Visual Studio\2022\Community\VC\Tools\MSVC\14.44.35207\include\immintrin.h
注意: 包含文件:           C:\Program Files\Microsoft Visual Studio\2022\Community\VC\Tools\MSVC\14.44.35207\include\wmmintrin.h
注意: 包含文件:            C:\Program Files\Microsoft Visual Studio\2022\Community\VC\Tools\MSVC\14.44.35207\include\nmmintrin.h
注意: 包含文件:             C:\Program Files\Microsoft Visual Studio\2022\Community\VC\Tools\MSVC\14.44.35207\include\smmintrin.h
注意: 包含文件:              C:\Program Files\Microsoft Visual Studio\2022\Community\VC\Tools\MSVC\14.44.35207\include\tmmintrin.h
注意: 包含文件:               C:\Program Files\Microsoft Visual Studio\2022\Community\VC\Tools\MSVC\14.44.35207\include\pmmintrin.h
注意: 包含文件:                C:\Program Files\Microsoft Visual Studio\2022\Community\VC\Tools\MSVC\14.44.35207\include\emmintrin.h
注意: 包含文件:                 C:\Program Files\Microsoft Visual Studio\2022\Community\VC\Tools\MSVC\14.44.35207\include\xmmintrin.h
注意: 包含文件:                  C:\Program Files\Microsoft Visual Studio\2022\Community\VC\Tools\MSVC\14.44.35207\include\mmintrin.h
注意: 包含文件:                  C:\Program Files (x86)\Windows Kits\10\include\10.0.26100.0\ucrt\malloc.h
注意: 包含文件:           C:\Program Files\Microsoft Visual Studio\2022\Community\VC\Tools\MSVC\14.44.35207\include\zmmintrin.h
注意: 包含文件:          C:\Program Files\Microsoft Visual Studio\2022\Community\VC\Tools\MSVC\14.44.35207\include\ammintrin.h
注意: 包含文件:      C:\Program Files\Microsoft Visual Studio\2022\Community\VC\Tools\MSVC\14.44.35207\include\new
注意: 包含文件:       C:\Program Files\Microsoft Visual Studio\2022\Community\VC\Tools\MSVC\14.44.35207\include\exception
注意: 包含文件:        C:\Program Files\Microsoft Visual Studio\2022\Community\VC\Tools\MSVC\14.44.35207\include\yvals.h
注意: 包含文件:         C:\Program Files (x86)\Windows Kits\10\include\10.0.26100.0\ucrt\crtdbg.h
注意: 包含文件:          C:\Program Files\Microsoft Visual Studio\2022\Community\VC\Tools\MSVC\14.44.35207\include\vcruntime_new_debug.h
注意: 包含文件:           C:\Program Files\Microsoft Visual Studio\2022\Community\VC\Tools\MSVC\14.44.35207\include\vcruntime_new.h
注意: 包含文件:         C:\Program Files\Microsoft Visual Studio\2022\Community\VC\Tools\MSVC\14.44.35207\include\crtdefs.h
注意: 包含文件:         C:\Program Files\Microsoft Visual Studio\2022\Community\VC\Tools\MSVC\14.44.35207\include\use_ansi.h
注意: 包含文件:        C:\Program Files\Microsoft Visual Studio\2022\Community\VC\Tools\MSVC\14.44.35207\include\type_traits
注意: 包含文件:         C:\Program Files\Microsoft Visual Studio\2022\Community\VC\Tools\MSVC\14.44.35207\include\cstddef
注意: 包含文件:         C:\Program Files\Microsoft Visual Studio\2022\Community\VC\Tools\MSVC\14.44.35207\include\cstring
注意: 包含文件:          C:\Program Files (x86)\Windows Kits\10\include\10.0.26100.0\ucrt\string.h
注意: 包含文件:           C:\Program Files (x86)\Windows Kits\10\include\10.0.26100.0\ucrt\corecrt_memory.h
注意: 包含文件:        C:\Program Files\Microsoft Visual Studio\2022\Community\VC\Tools\MSVC\14.44.35207\include\vcruntime_exception.h
注意: 包含文件:         C:\Program Files\Microsoft Visual Studio\2022\Community\VC\Tools\MSVC\14.44.35207\include\eh.h
注意: 包含文件:          C:\Program Files (x86)\Windows Kits\10\include\10.0.26100.0\ucrt\corecrt_terminate.h
注意: 包含文件:      C:\Program Files\Microsoft Visual Studio\2022\Community\VC\Tools\MSVC\14.44.35207\include\xatomic.h
注意: 包含文件:      C:\Program Files\Microsoft Visual Studio\2022\Community\VC\Tools\MSVC\14.44.35207\include\xutility
注意: 包含文件:       C:\Program Files\Microsoft Visual Studio\2022\Community\VC\Tools\MSVC\14.44.35207\include\__msvc_iter_core.hpp
注意: 包含文件:        C:\Program Files\Microsoft Visual Studio\2022\Community\VC\Tools\MSVC\14.44.35207\include\utility
注意: 包含文件:         C:\Program Files\Microsoft Visual Studio\2022\Community\VC\Tools\MSVC\14.44.35207\include\initializer_list
注意: 包含文件:     C:\Program Files\Microsoft Visual Studio\2022\Community\VC\Tools\MSVC\14.44.35207\include\xpolymorphic_allocator.h
注意: 包含文件:      C:\Program Files\Microsoft Visual Studio\2022\Community\VC\Tools\MSVC\14.44.35207\include\tuple
注意: 包含文件:   D:\parallel-global-stiffness-assembly-research-and-implementation\demos\csc3_symmetric_assembly_demo\tools\include\csc3_demo_tools/evidence.h
注意: 包含文件:    C:\Program Files\Microsoft Visual Studio\2022\Community\VC\Tools\MSVC\14.44.35207\include\filesystem
注意: 包含文件:     C:\Program Files\Microsoft Visual Studio\2022\Community\VC\Tools\MSVC\14.44.35207\include\algorithm
注意: 包含文件:      C:\Program Files\Microsoft Visual Studio\2022\Community\VC\Tools\MSVC\14.44.35207\include\__msvc_heap_algorithms.hpp
注意: 包含文件:      C:\Program Files\Microsoft Visual Studio\2022\Community\VC\Tools\MSVC\14.44.35207\include\__msvc_minmax.hpp
注意: 包含文件:     C:\Program Files\Microsoft Visual Studio\2022\Community\VC\Tools\MSVC\14.44.35207\include\chrono
注意: 包含文件:      C:\Program Files\Microsoft Visual Studio\2022\Community\VC\Tools\MSVC\14.44.35207\include\__msvc_chrono.hpp
注意: 包含文件:       C:\Program Files\Microsoft Visual Studio\2022\Community\VC\Tools\MSVC\14.44.35207\include\ctime
注意: 包含文件:        C:\Program Files (x86)\Windows Kits\10\include\10.0.26100.0\ucrt\time.h
注意: 包含文件:       C:\Program Files\Microsoft Visual Studio\2022\Community\VC\Tools\MSVC\14.44.35207\include\ratio
注意: 包含文件:       C:\Program Files\Microsoft Visual Studio\2022\Community\VC\Tools\MSVC\14.44.35207\include\xtimec.h
注意: 包含文件:      C:\Program Files\Microsoft Visual Studio\2022\Community\VC\Tools\MSVC\14.44.35207\include\system_error
注意: 包含文件:       C:\Program Files\Microsoft Visual Studio\2022\Community\VC\Tools\MSVC\14.44.35207\include\__msvc_system_error_abi.hpp
注意: 包含文件:       C:\Program Files\Microsoft Visual Studio\2022\Community\VC\Tools\MSVC\14.44.35207\include\cerrno
注意: 包含文件:       C:\Program Files\Microsoft Visual Studio\2022\Community\VC\Tools\MSVC\14.44.35207\include\stdexcept
注意: 包含文件:        C:\Program Files\Microsoft Visual Studio\2022\Community\VC\Tools\MSVC\14.44.35207\include\xstring
注意: 包含文件:         C:\Program Files\Microsoft Visual Studio\2022\Community\VC\Tools\MSVC\14.44.35207\include\__msvc_string_view.hpp
注意: 包含文件:          C:\Program Files\Microsoft Visual Studio\2022\Community\VC\Tools\MSVC\14.44.35207\include\iosfwd
注意: 包含文件:       C:\Program Files\Microsoft Visual Studio\2022\Community\VC\Tools\MSVC\14.44.35207\include\xcall_once.h
注意: 包含文件:       C:\Program Files\Microsoft Visual Studio\2022\Community\VC\Tools\MSVC\14.44.35207\include\xerrc.h
注意: 包含文件:       C:\Program Files\Microsoft Visual Studio\2022\Community\VC\Tools\MSVC\14.44.35207\include\atomic
注意: 包含文件:        C:\Program Files\Microsoft Visual Studio\2022\Community\VC\Tools\MSVC\14.44.35207\include\xthreads.h
注意: 包含文件:         C:\Program Files\Microsoft Visual Studio\2022\Community\VC\Tools\MSVC\14.44.35207\include\__msvc_threads_core.hpp
注意: 包含文件:      C:\Program Files\Microsoft Visual Studio\2022\Community\VC\Tools\MSVC\14.44.35207\include\xfilesystem_abi.h
注意: 包含文件:     C:\Program Files\Microsoft Visual Studio\2022\Community\VC\Tools\MSVC\14.44.35207\include\iomanip
注意: 包含文件:      C:\Program Files\Microsoft Visual Studio\2022\Community\VC\Tools\MSVC\14.44.35207\include\istream
注意: 包含文件:       C:\Program Files\Microsoft Visual Studio\2022\Community\VC\Tools\MSVC\14.44.35207\include\__msvc_ostream.hpp
注意: 包含文件:        C:\Program Files\Microsoft Visual Studio\2022\Community\VC\Tools\MSVC\14.44.35207\include\ios
注意: 包含文件:         C:\Program Files\Microsoft Visual Studio\2022\Community\VC\Tools\MSVC\14.44.35207\include\xlocnum
注意: 包含文件:          C:\Program Files\Microsoft Visual Studio\2022\Community\VC\Tools\MSVC\14.44.35207\include\cmath
注意: 包含文件:          C:\Program Files\Microsoft Visual Studio\2022\Community\VC\Tools\MSVC\14.44.35207\include\iterator
注意: 包含文件:          C:\Program Files\Microsoft Visual Studio\2022\Community\VC\Tools\MSVC\14.44.35207\include\streambuf
注意: 包含文件:           C:\Program Files\Microsoft Visual Studio\2022\Community\VC\Tools\MSVC\14.44.35207\include\xiosbase
注意: 包含文件:            C:\Program Files (x86)\Windows Kits\10\include\10.0.26100.0\ucrt\share.h
注意: 包含文件:            C:\Program Files\Microsoft Visual Studio\2022\Community\VC\Tools\MSVC\14.44.35207\include\xlocale
注意: 包含文件:             C:\Program Files\Microsoft Visual Studio\2022\Community\VC\Tools\MSVC\14.44.35207\include\memory
注意: 包含文件:              C:\Program Files\Microsoft Visual Studio\2022\Community\VC\Tools\MSVC\14.44.35207\include\typeinfo
注意: 包含文件:               C:\Program Files\Microsoft Visual Studio\2022\Community\VC\Tools\MSVC\14.44.35207\include\vcruntime_typeinfo.h
注意: 包含文件:             C:\Program Files\Microsoft Visual Studio\2022\Community\VC\Tools\MSVC\14.44.35207\include\xfacet
注意: 包含文件:             C:\Program Files\Microsoft Visual Studio\2022\Community\VC\Tools\MSVC\14.44.35207\include\xlocinfo
注意: 包含文件:              C:\Program Files\Microsoft Visual Studio\2022\Community\VC\Tools\MSVC\14.44.35207\include\__msvc_xlocinfo_types.hpp
注意: 包含文件:              C:\Program Files\Microsoft Visual Studio\2022\Community\VC\Tools\MSVC\14.44.35207\include\cctype
注意: 包含文件:               C:\Program Files (x86)\Windows Kits\10\include\10.0.26100.0\ucrt\ctype.h
注意: 包含文件:              C:\Program Files\Microsoft Visual Studio\2022\Community\VC\Tools\MSVC\14.44.35207\include\clocale
注意: 包含文件:               C:\Program Files (x86)\Windows Kits\10\include\10.0.26100.0\ucrt\locale.h
注意: 包含文件:      C:\Program Files\Microsoft Visual Studio\2022\Community\VC\Tools\MSVC\14.44.35207\include\xlocmon
注意: 包含文件:      C:\Program Files\Microsoft Visual Studio\2022\Community\VC\Tools\MSVC\14.44.35207\include\xloctime
注意: 包含文件:     C:\Program Files\Microsoft Visual Studio\2022\Community\VC\Tools\MSVC\14.44.35207\include\locale
注意: 包含文件:      C:\Program Files\Microsoft Visual Studio\2022\Community\VC\Tools\MSVC\14.44.35207\include\xlocbuf
注意: 包含文件:      C:\Program Files\Microsoft Visual Studio\2022\Community\VC\Tools\MSVC\14.44.35207\include\xlocmes
注意: 包含文件:    C:\Program Files\Microsoft Visual Studio\2022\Community\VC\Tools\MSVC\14.44.35207\include\string
注意: 包含文件:  C:\Program Files\Microsoft Visual Studio\2022\Community\VC\Tools\MSVC\14.44.35207\include\iostream
注意: 包含文件:   C:\Program Files\Microsoft Visual Studio\2022\Community\VC\Tools\MSVC\14.44.35207\include\ostream
[4/10] Building CXX object CMakeFiles\csc3_demo_evidence.dir\tools\src\generated_cases.cpp.obj
注意: 包含文件:  D:\parallel-global-stiffness-assembly-research-and-implementation\demos\csc3_symmetric_assembly_demo\tools\include\csc3_demo_tools/evidence.h
注意: 包含文件:   D:\parallel-global-stiffness-assembly-research-and-implementation\demos\csc3_symmetric_assembly_demo\include\csc3_demo/assembly_helper.h
注意: 包含文件:    C:\Program Files\Microsoft Visual Studio\2022\Community\VC\Tools\MSVC\14.44.35207\include\cstdint
注意: 包含文件:     C:\Program Files\Microsoft Visual Studio\2022\Community\VC\Tools\MSVC\14.44.35207\include\yvals_core.h
注意: 包含文件:      C:\Program Files\Microsoft Visual Studio\2022\Community\VC\Tools\MSVC\14.44.35207\include\vcruntime.h
注意: 包含文件:       C:\Program Files\Microsoft Visual Studio\2022\Community\VC\Tools\MSVC\14.44.35207\include\sal.h
注意: 包含文件:        C:\Program Files\Microsoft Visual Studio\2022\Community\VC\Tools\MSVC\14.44.35207\include\concurrencysal.h
注意: 包含文件:       C:\Program Files\Microsoft Visual Studio\2022\Community\VC\Tools\MSVC\14.44.35207\include\vadefs.h
注意: 包含文件:      C:\Program Files\Microsoft Visual Studio\2022\Community\VC\Tools\MSVC\14.44.35207\include\xkeycheck.h
注意: 包含文件:     C:\Program Files\Microsoft Visual Studio\2022\Community\VC\Tools\MSVC\14.44.35207\include\stdint.h
注意: 包含文件:    C:\Program Files\Microsoft Visual Studio\2022\Community\VC\Tools\MSVC\14.44.35207\include\vector
注意: 包含文件:     C:\Program Files\Microsoft Visual Studio\2022\Community\VC\Tools\MSVC\14.44.35207\include\__msvc_bit_utils.hpp
注意: 包含文件:      C:\Program Files\Microsoft Visual Studio\2022\Community\VC\Tools\MSVC\14.44.35207\include\climits
注意: 包含文件:       C:\Program Files\Microsoft Visual Studio\2022\Community\VC\Tools\MSVC\14.44.35207\include\limits.h
注意: 包含文件:      C:\Program Files\Microsoft Visual Studio\2022\Community\VC\Tools\MSVC\14.44.35207\include\xtr1common
注意: 包含文件:      C:\Program Files\Microsoft Visual Studio\2022\Community\VC\Tools\MSVC\14.44.35207\include\intrin0.h
注意: 包含文件:       C:\Program Files\Microsoft Visual Studio\2022\Community\VC\Tools\MSVC\14.44.35207\include\intrin0.inl.h
注意: 包含文件:     C:\Program Files\Microsoft Visual Studio\2022\Community\VC\Tools\MSVC\14.44.35207\include\__msvc_sanitizer_annotate_container.hpp
注意: 包含文件:     C:\Program Files\Microsoft Visual Studio\2022\Community\VC\Tools\MSVC\14.44.35207\include\xmemory
注意: 包含文件:      C:\Program Files\Microsoft Visual Studio\2022\Community\VC\Tools\MSVC\14.44.35207\include\cstdlib
注意: 包含文件:       C:\Program Files (x86)\Windows Kits\10\include\10.0.26100.0\ucrt\math.h
注意: 包含文件:        C:\Program Files (x86)\Windows Kits\10\include\10.0.26100.0\ucrt\corecrt_math.h
注意: 包含文件:         C:\Program Files (x86)\Windows Kits\10\include\10.0.26100.0\ucrt\corecrt.h
注意: 包含文件:       C:\Program Files (x86)\Windows Kits\10\include\10.0.26100.0\ucrt\stdlib.h
注意: 包含文件:        C:\Program Files (x86)\Windows Kits\10\include\10.0.26100.0\ucrt\corecrt_malloc.h
注意: 包含文件:        C:\Program Files (x86)\Windows Kits\10\include\10.0.26100.0\ucrt\corecrt_search.h
注意: 包含文件:         C:\Program Files (x86)\Windows Kits\10\include\10.0.26100.0\ucrt\stddef.h
注意: 包含文件:        C:\Program Files (x86)\Windows Kits\10\include\10.0.26100.0\ucrt\corecrt_wstdlib.h
注意: 包含文件:      C:\Program Files\Microsoft Visual Studio\2022\Community\VC\Tools\MSVC\14.44.35207\include\limits
注意: 包含文件:       C:\Program Files\Microsoft Visual Studio\2022\Community\VC\Tools\MSVC\14.44.35207\include\cfloat
注意: 包含文件:        C:\Program Files (x86)\Windows Kits\10\include\10.0.26100.0\ucrt\float.h
注意: 包含文件:       C:\Program Files\Microsoft Visual Studio\2022\Community\VC\Tools\MSVC\14.44.35207\include\cwchar
注意: 包含文件:        C:\Program Files\Microsoft Visual Studio\2022\Community\VC\Tools\MSVC\14.44.35207\include\cstdio
注意: 包含文件:         C:\Program Files (x86)\Windows Kits\10\include\10.0.26100.0\ucrt\stdio.h
注意: 包含文件:          C:\Program Files (x86)\Windows Kits\10\include\10.0.26100.0\ucrt\corecrt_wstdio.h
注意: 包含文件:           C:\Program Files (x86)\Windows Kits\10\include\10.0.26100.0\ucrt\corecrt_stdio_config.h
注意: 包含文件:        C:\Program Files (x86)\Windows Kits\10\include\10.0.26100.0\ucrt\wchar.h
注意: 包含文件:         C:\Program Files (x86)\Windows Kits\10\include\10.0.26100.0\ucrt\corecrt_memcpy_s.h
注意: 包含文件:          C:\Program Files (x86)\Windows Kits\10\include\10.0.26100.0\ucrt\errno.h
注意: 包含文件:          C:\Program Files\Microsoft Visual Studio\2022\Community\VC\Tools\MSVC\14.44.35207\include\vcruntime_string.h
注意: 包含文件:         C:\Program Files (x86)\Windows Kits\10\include\10.0.26100.0\ucrt\corecrt_wconio.h
注意: 包含文件:         C:\Program Files (x86)\Windows Kits\10\include\10.0.26100.0\ucrt\corecrt_wctype.h
注意: 包含文件:         C:\Program Files (x86)\Windows Kits\10\include\10.0.26100.0\ucrt\corecrt_wdirect.h
注意: 包含文件:         C:\Program Files (x86)\Windows Kits\10\include\10.0.26100.0\ucrt\corecrt_wio.h
注意: 包含文件:          C:\Program Files (x86)\Windows Kits\10\include\10.0.26100.0\ucrt\corecrt_share.h
注意: 包含文件:         C:\Program Files (x86)\Windows Kits\10\include\10.0.26100.0\ucrt\corecrt_wprocess.h
注意: 包含文件:         C:\Program Files (x86)\Windows Kits\10\include\10.0.26100.0\ucrt\corecrt_wstring.h
注意: 包含文件:         C:\Program Files (x86)\Windows Kits\10\include\10.0.26100.0\ucrt\corecrt_wtime.h
注意: 包含文件:         C:\Program Files (x86)\Windows Kits\10\include\10.0.26100.0\ucrt\sys/stat.h
注意: 包含文件:          C:\Program Files (x86)\Windows Kits\10\include\10.0.26100.0\ucrt\sys/types.h
注意: 包含文件:         C:\Program Files\Microsoft Visual Studio\2022\Community\VC\Tools\MSVC\14.44.35207\include\intrin.h
注意: 包含文件:          C:\Program Files\Microsoft Visual Studio\2022\Community\VC\Tools\MSVC\14.44.35207\include\setjmp.h
注意: 包含文件:          C:\Program Files\Microsoft Visual Studio\2022\Community\VC\Tools\MSVC\14.44.35207\include\immintrin.h
注意: 包含文件:           C:\Program Files\Microsoft Visual Studio\2022\Community\VC\Tools\MSVC\14.44.35207\include\wmmintrin.h
注意: 包含文件:            C:\Program Files\Microsoft Visual Studio\2022\Community\VC\Tools\MSVC\14.44.35207\include\nmmintrin.h
注意: 包含文件:             C:\Program Files\Microsoft Visual Studio\2022\Community\VC\Tools\MSVC\14.44.35207\include\smmintrin.h
注意: 包含文件:              C:\Program Files\Microsoft Visual Studio\2022\Community\VC\Tools\MSVC\14.44.35207\include\tmmintrin.h
注意: 包含文件:               C:\Program Files\Microsoft Visual Studio\2022\Community\VC\Tools\MSVC\14.44.35207\include\pmmintrin.h
注意: 包含文件:                C:\Program Files\Microsoft Visual Studio\2022\Community\VC\Tools\MSVC\14.44.35207\include\emmintrin.h
注意: 包含文件:                 C:\Program Files\Microsoft Visual Studio\2022\Community\VC\Tools\MSVC\14.44.35207\include\xmmintrin.h
注意: 包含文件:                  C:\Program Files\Microsoft Visual Studio\2022\Community\VC\Tools\MSVC\14.44.35207\include\mmintrin.h
注意: 包含文件:                  C:\Program Files (x86)\Windows Kits\10\include\10.0.26100.0\ucrt\malloc.h
注意: 包含文件:           C:\Program Files\Microsoft Visual Studio\2022\Community\VC\Tools\MSVC\14.44.35207\include\zmmintrin.h
注意: 包含文件:          C:\Program Files\Microsoft Visual Studio\2022\Community\VC\Tools\MSVC\14.44.35207\include\ammintrin.h
注意: 包含文件:      C:\Program Files\Microsoft Visual Studio\2022\Community\VC\Tools\MSVC\14.44.35207\include\new
注意: 包含文件:       C:\Program Files\Microsoft Visual Studio\2022\Community\VC\Tools\MSVC\14.44.35207\include\exception
注意: 包含文件:        C:\Program Files\Microsoft Visual Studio\2022\Community\VC\Tools\MSVC\14.44.35207\include\yvals.h
注意: 包含文件:         C:\Program Files (x86)\Windows Kits\10\include\10.0.26100.0\ucrt\crtdbg.h
注意: 包含文件:          C:\Program Files\Microsoft Visual Studio\2022\Community\VC\Tools\MSVC\14.44.35207\include\vcruntime_new_debug.h
注意: 包含文件:           C:\Program Files\Microsoft Visual Studio\2022\Community\VC\Tools\MSVC\14.44.35207\include\vcruntime_new.h
注意: 包含文件:         C:\Program Files\Microsoft Visual Studio\2022\Community\VC\Tools\MSVC\14.44.35207\include\crtdefs.h
注意: 包含文件:         C:\Program Files\Microsoft Visual Studio\2022\Community\VC\Tools\MSVC\14.44.35207\include\use_ansi.h
注意: 包含文件:        C:\Program Files\Microsoft Visual Studio\2022\Community\VC\Tools\MSVC\14.44.35207\include\type_traits
注意: 包含文件:         C:\Program Files\Microsoft Visual Studio\2022\Community\VC\Tools\MSVC\14.44.35207\include\cstddef
注意: 包含文件:         C:\Program Files\Microsoft Visual Studio\2022\Community\VC\Tools\MSVC\14.44.35207\include\cstring
注意: 包含文件:          C:\Program Files (x86)\Windows Kits\10\include\10.0.26100.0\ucrt\string.h
注意: 包含文件:           C:\Program Files (x86)\Windows Kits\10\include\10.0.26100.0\ucrt\corecrt_memory.h
注意: 包含文件:        C:\Program Files\Microsoft Visual Studio\2022\Community\VC\Tools\MSVC\14.44.35207\include\vcruntime_exception.h
注意: 包含文件:         C:\Program Files\Microsoft Visual Studio\2022\Community\VC\Tools\MSVC\14.44.35207\include\eh.h
注意: 包含文件:          C:\Program Files (x86)\Windows Kits\10\include\10.0.26100.0\ucrt\corecrt_terminate.h
注意: 包含文件:      C:\Program Files\Microsoft Visual Studio\2022\Community\VC\Tools\MSVC\14.44.35207\include\xatomic.h
注意: 包含文件:      C:\Program Files\Microsoft Visual Studio\2022\Community\VC\Tools\MSVC\14.44.35207\include\xutility
注意: 包含文件:       C:\Program Files\Microsoft Visual Studio\2022\Community\VC\Tools\MSVC\14.44.35207\include\__msvc_iter_core.hpp
注意: 包含文件:        C:\Program Files\Microsoft Visual Studio\2022\Community\VC\Tools\MSVC\14.44.35207\include\utility
注意: 包含文件:         C:\Program Files\Microsoft Visual Studio\2022\Community\VC\Tools\MSVC\14.44.35207\include\initializer_list
注意: 包含文件:     C:\Program Files\Microsoft Visual Studio\2022\Community\VC\Tools\MSVC\14.44.35207\include\xpolymorphic_allocator.h
注意: 包含文件:      C:\Program Files\Microsoft Visual Studio\2022\Community\VC\Tools\MSVC\14.44.35207\include\tuple
注意: 包含文件:   C:\Program Files\Microsoft Visual Studio\2022\Community\VC\Tools\MSVC\14.44.35207\include\filesystem
注意: 包含文件:    C:\Program Files\Microsoft Visual Studio\2022\Community\VC\Tools\MSVC\14.44.35207\include\algorithm
注意: 包含文件:     C:\Program Files\Microsoft Visual Studio\2022\Community\VC\Tools\MSVC\14.44.35207\include\__msvc_heap_algorithms.hpp
注意: 包含文件:     C:\Program Files\Microsoft Visual Studio\2022\Community\VC\Tools\MSVC\14.44.35207\include\__msvc_minmax.hpp
注意: 包含文件:    C:\Program Files\Microsoft Visual Studio\2022\Community\VC\Tools\MSVC\14.44.35207\include\chrono
注意: 包含文件:     C:\Program Files\Microsoft Visual Studio\2022\Community\VC\Tools\MSVC\14.44.35207\include\__msvc_chrono.hpp
注意: 包含文件:      C:\Program Files\Microsoft Visual Studio\2022\Community\VC\Tools\MSVC\14.44.35207\include\ctime
注意: 包含文件:       C:\Program Files (x86)\Windows Kits\10\include\10.0.26100.0\ucrt\time.h
注意: 包含文件:      C:\Program Files\Microsoft Visual Studio\2022\Community\VC\Tools\MSVC\14.44.35207\include\ratio
注意: 包含文件:      C:\Program Files\Microsoft Visual Studio\2022\Community\VC\Tools\MSVC\14.44.35207\include\xtimec.h
注意: 包含文件:     C:\Program Files\Microsoft Visual Studio\2022\Community\VC\Tools\MSVC\14.44.35207\include\system_error
注意: 包含文件:      C:\Program Files\Microsoft Visual Studio\2022\Community\VC\Tools\MSVC\14.44.35207\include\__msvc_system_error_abi.hpp
注意: 包含文件:      C:\Program Files\Microsoft Visual Studio\2022\Community\VC\Tools\MSVC\14.44.35207\include\cerrno
注意: 包含文件:      C:\Program Files\Microsoft Visual Studio\2022\Community\VC\Tools\MSVC\14.44.35207\include\stdexcept
注意: 包含文件:       C:\Program Files\Microsoft Visual Studio\2022\Community\VC\Tools\MSVC\14.44.35207\include\xstring
注意: 包含文件:        C:\Program Files\Microsoft Visual Studio\2022\Community\VC\Tools\MSVC\14.44.35207\include\__msvc_string_view.hpp
注意: 包含文件:         C:\Program Files\Microsoft Visual Studio\2022\Community\VC\Tools\MSVC\14.44.35207\include\iosfwd
注意: 包含文件:      C:\Program Files\Microsoft Visual Studio\2022\Community\VC\Tools\MSVC\14.44.35207\include\xcall_once.h
注意: 包含文件:      C:\Program Files\Microsoft Visual Studio\2022\Community\VC\Tools\MSVC\14.44.35207\include\xerrc.h
注意: 包含文件:      C:\Program Files\Microsoft Visual Studio\2022\Community\VC\Tools\MSVC\14.44.35207\include\atomic
注意: 包含文件:       C:\Program Files\Microsoft Visual Studio\2022\Community\VC\Tools\MSVC\14.44.35207\include\xthreads.h
注意: 包含文件:        C:\Program Files\Microsoft Visual Studio\2022\Community\VC\Tools\MSVC\14.44.35207\include\__msvc_threads_core.hpp
注意: 包含文件:     C:\Program Files\Microsoft Visual Studio\2022\Community\VC\Tools\MSVC\14.44.35207\include\xfilesystem_abi.h
注意: 包含文件:    C:\Program Files\Microsoft Visual Studio\2022\Community\VC\Tools\MSVC\14.44.35207\include\iomanip
注意: 包含文件:     C:\Program Files\Microsoft Visual Studio\2022\Community\VC\Tools\MSVC\14.44.35207\include\istream
注意: 包含文件:      C:\Program Files\Microsoft Visual Studio\2022\Community\VC\Tools\MSVC\14.44.35207\include\__msvc_ostream.hpp
注意: 包含文件:       C:\Program Files\Microsoft Visual Studio\2022\Community\VC\Tools\MSVC\14.44.35207\include\ios
注意: 包含文件:        C:\Program Files\Microsoft Visual Studio\2022\Community\VC\Tools\MSVC\14.44.35207\include\xlocnum
注意: 包含文件:         C:\Program Files\Microsoft Visual Studio\2022\Community\VC\Tools\MSVC\14.44.35207\include\cmath
注意: 包含文件:         C:\Program Files\Microsoft Visual Studio\2022\Community\VC\Tools\MSVC\14.44.35207\include\iterator
注意: 包含文件:         C:\Program Files\Microsoft Visual Studio\2022\Community\VC\Tools\MSVC\14.44.35207\include\streambuf
注意: 包含文件:          C:\Program Files\Microsoft Visual Studio\2022\Community\VC\Tools\MSVC\14.44.35207\include\xiosbase
注意: 包含文件:           C:\Program Files (x86)\Windows Kits\10\include\10.0.26100.0\ucrt\share.h
注意: 包含文件:           C:\Program Files\Microsoft Visual Studio\2022\Community\VC\Tools\MSVC\14.44.35207\include\xlocale
注意: 包含文件:            C:\Program Files\Microsoft Visual Studio\2022\Community\VC\Tools\MSVC\14.44.35207\include\memory
注意: 包含文件:             C:\Program Files\Microsoft Visual Studio\2022\Community\VC\Tools\MSVC\14.44.35207\include\typeinfo
注意: 包含文件:              C:\Program Files\Microsoft Visual Studio\2022\Community\VC\Tools\MSVC\14.44.35207\include\vcruntime_typeinfo.h
注意: 包含文件:            C:\Program Files\Microsoft Visual Studio\2022\Community\VC\Tools\MSVC\14.44.35207\include\xfacet
注意: 包含文件:            C:\Program Files\Microsoft Visual Studio\2022\Community\VC\Tools\MSVC\14.44.35207\include\xlocinfo
注意: 包含文件:             C:\Program Files\Microsoft Visual Studio\2022\Community\VC\Tools\MSVC\14.44.35207\include\__msvc_xlocinfo_types.hpp
注意: 包含文件:             C:\Program Files\Microsoft Visual Studio\2022\Community\VC\Tools\MSVC\14.44.35207\include\cctype
注意: 包含文件:              C:\Program Files (x86)\Windows Kits\10\include\10.0.26100.0\ucrt\ctype.h
注意: 包含文件:             C:\Program Files\Microsoft Visual Studio\2022\Community\VC\Tools\MSVC\14.44.35207\include\clocale
注意: 包含文件:              C:\Program Files (x86)\Windows Kits\10\include\10.0.26100.0\ucrt\locale.h
注意: 包含文件:     C:\Program Files\Microsoft Visual Studio\2022\Community\VC\Tools\MSVC\14.44.35207\include\xlocmon
注意: 包含文件:     C:\Program Files\Microsoft Visual Studio\2022\Community\VC\Tools\MSVC\14.44.35207\include\xloctime
注意: 包含文件:    C:\Program Files\Microsoft Visual Studio\2022\Community\VC\Tools\MSVC\14.44.35207\include\locale
注意: 包含文件:     C:\Program Files\Microsoft Visual Studio\2022\Community\VC\Tools\MSVC\14.44.35207\include\xlocbuf
注意: 包含文件:     C:\Program Files\Microsoft Visual Studio\2022\Community\VC\Tools\MSVC\14.44.35207\include\xlocmes
注意: 包含文件:   C:\Program Files\Microsoft Visual Studio\2022\Community\VC\Tools\MSVC\14.44.35207\include\string
注意: 包含文件:  C:\Program Files\Microsoft Visual Studio\2022\Community\VC\Tools\MSVC\14.44.35207\include\array
C:\Program Files\Microsoft Visual Studio\2022\Community\VC\Tools\MSVC\14.44.35207\include\vector(1224): warning C4530: 使用了 C++ 异常处理程序，但未启用展开语义。请指定 /EHsc
C:\Program Files\Microsoft Visual Studio\2022\Community\VC\Tools\MSVC\14.44.35207\include\vector(1224): note: 模板实例化上下文(最早的实例化上下文)为
D:\parallel-global-stiffness-assembly-research-and-implementation\demos\csc3_symmetric_assembly_demo\tools\src\generated_cases.cpp(566): note: 查看对正在编译的函数 模板 实例化“void csc3_demo::evidence::`anonymous-namespace'::append_element<4>(csc3_demo::evidence::AssemblyCase &,const std::array<size_t,4> &,const csc3_demo::evidence::`anonymous-namespace'::ElasticityMatrix &,csc3_demo::ElementId)”的引用
D:\parallel-global-stiffness-assembly-research-and-implementation\demos\csc3_symmetric_assembly_demo\tools\src\generated_cases.cpp(335): note: 查看对正在编译的函数 模板 实例化“std::_Vector_iterator<std::_Vector_val<std::_Simple_types<_Ty>>> std::vector<_Ty,std::allocator<_Ty>>::insert<std::_Vector_iterator<std::_Vector_val<std::_Simple_types<_Ty>>>,0>(std::_Vector_const_iterator<std::_Vector_val<std::_Simple_types<_Ty>>>,_Iter,_Iter)”的引用
        with
        [
            _Ty=double,
            _Iter=std::_Vector_iterator<std::_Vector_val<std::_Simple_types<double>>>
        ]
C:\Program Files\Microsoft Visual Studio\2022\Community\VC\Tools\MSVC\14.44.35207\include\vector(1282): note: 查看对正在编译的函数 模板 实例化“void std::vector<double,std::allocator<double>>::_Insert_counted_range<double*>(std::_Vector_const_iterator<std::_Vector_val<std::_Simple_types<_Ty>>>,_Iter,const unsigned __int64)”的引用
        with
        [
            _Ty=double,
            _Iter=double *
        ]
[5/10] Building CXX object CMakeFiles\csc3_demo_evidence.dir\tools\src\validation.cpp.obj
注意: 包含文件:  D:\parallel-global-stiffness-assembly-research-and-implementation\demos\csc3_symmetric_assembly_demo\tools\include\csc3_demo_tools/evidence.h
注意: 包含文件:   D:\parallel-global-stiffness-assembly-research-and-implementation\demos\csc3_symmetric_assembly_demo\include\csc3_demo/assembly_helper.h
注意: 包含文件:    C:\Program Files\Microsoft Visual Studio\2022\Community\VC\Tools\MSVC\14.44.35207\include\cstdint
注意: 包含文件:     C:\Program Files\Microsoft Visual Studio\2022\Community\VC\Tools\MSVC\14.44.35207\include\yvals_core.h
注意: 包含文件:      C:\Program Files\Microsoft Visual Studio\2022\Community\VC\Tools\MSVC\14.44.35207\include\vcruntime.h
注意: 包含文件:       C:\Program Files\Microsoft Visual Studio\2022\Community\VC\Tools\MSVC\14.44.35207\include\sal.h
注意: 包含文件:        C:\Program Files\Microsoft Visual Studio\2022\Community\VC\Tools\MSVC\14.44.35207\include\concurrencysal.h
注意: 包含文件:       C:\Program Files\Microsoft Visual Studio\2022\Community\VC\Tools\MSVC\14.44.35207\include\vadefs.h
注意: 包含文件:      C:\Program Files\Microsoft Visual Studio\2022\Community\VC\Tools\MSVC\14.44.35207\include\xkeycheck.h
注意: 包含文件:     C:\Program Files\Microsoft Visual Studio\2022\Community\VC\Tools\MSVC\14.44.35207\include\stdint.h
注意: 包含文件:    C:\Program Files\Microsoft Visual Studio\2022\Community\VC\Tools\MSVC\14.44.35207\include\vector
注意: 包含文件:     C:\Program Files\Microsoft Visual Studio\2022\Community\VC\Tools\MSVC\14.44.35207\include\__msvc_bit_utils.hpp
注意: 包含文件:      C:\Program Files\Microsoft Visual Studio\2022\Community\VC\Tools\MSVC\14.44.35207\include\climits
注意: 包含文件:       C:\Program Files\Microsoft Visual Studio\2022\Community\VC\Tools\MSVC\14.44.35207\include\limits.h
注意: 包含文件:      C:\Program Files\Microsoft Visual Studio\2022\Community\VC\Tools\MSVC\14.44.35207\include\xtr1common
注意: 包含文件:      C:\Program Files\Microsoft Visual Studio\2022\Community\VC\Tools\MSVC\14.44.35207\include\intrin0.h
注意: 包含文件:       C:\Program Files\Microsoft Visual Studio\2022\Community\VC\Tools\MSVC\14.44.35207\include\intrin0.inl.h
注意: 包含文件:     C:\Program Files\Microsoft Visual Studio\2022\Community\VC\Tools\MSVC\14.44.35207\include\__msvc_sanitizer_annotate_container.hpp
注意: 包含文件:     C:\Program Files\Microsoft Visual Studio\2022\Community\VC\Tools\MSVC\14.44.35207\include\xmemory
注意: 包含文件:      C:\Program Files\Microsoft Visual Studio\2022\Community\VC\Tools\MSVC\14.44.35207\include\cstdlib
注意: 包含文件:       C:\Program Files (x86)\Windows Kits\10\include\10.0.26100.0\ucrt\math.h
注意: 包含文件:        C:\Program Files (x86)\Windows Kits\10\include\10.0.26100.0\ucrt\corecrt_math.h
注意: 包含文件:         C:\Program Files (x86)\Windows Kits\10\include\10.0.26100.0\ucrt\corecrt.h
注意: 包含文件:       C:\Program Files (x86)\Windows Kits\10\include\10.0.26100.0\ucrt\stdlib.h
注意: 包含文件:        C:\Program Files (x86)\Windows Kits\10\include\10.0.26100.0\ucrt\corecrt_malloc.h
注意: 包含文件:        C:\Program Files (x86)\Windows Kits\10\include\10.0.26100.0\ucrt\corecrt_search.h
注意: 包含文件:         C:\Program Files (x86)\Windows Kits\10\include\10.0.26100.0\ucrt\stddef.h
注意: 包含文件:        C:\Program Files (x86)\Windows Kits\10\include\10.0.26100.0\ucrt\corecrt_wstdlib.h
注意: 包含文件:      C:\Program Files\Microsoft Visual Studio\2022\Community\VC\Tools\MSVC\14.44.35207\include\limits
注意: 包含文件:       C:\Program Files\Microsoft Visual Studio\2022\Community\VC\Tools\MSVC\14.44.35207\include\cfloat
注意: 包含文件:        C:\Program Files (x86)\Windows Kits\10\include\10.0.26100.0\ucrt\float.h
注意: 包含文件:       C:\Program Files\Microsoft Visual Studio\2022\Community\VC\Tools\MSVC\14.44.35207\include\cwchar
注意: 包含文件:        C:\Program Files\Microsoft Visual Studio\2022\Community\VC\Tools\MSVC\14.44.35207\include\cstdio
注意: 包含文件:         C:\Program Files (x86)\Windows Kits\10\include\10.0.26100.0\ucrt\stdio.h
注意: 包含文件:          C:\Program Files (x86)\Windows Kits\10\include\10.0.26100.0\ucrt\corecrt_wstdio.h
注意: 包含文件:           C:\Program Files (x86)\Windows Kits\10\include\10.0.26100.0\ucrt\corecrt_stdio_config.h
注意: 包含文件:        C:\Program Files (x86)\Windows Kits\10\include\10.0.26100.0\ucrt\wchar.h
注意: 包含文件:         C:\Program Files (x86)\Windows Kits\10\include\10.0.26100.0\ucrt\corecrt_memcpy_s.h
注意: 包含文件:          C:\Program Files (x86)\Windows Kits\10\include\10.0.26100.0\ucrt\errno.h
注意: 包含文件:          C:\Program Files\Microsoft Visual Studio\2022\Community\VC\Tools\MSVC\14.44.35207\include\vcruntime_string.h
注意: 包含文件:         C:\Program Files (x86)\Windows Kits\10\include\10.0.26100.0\ucrt\corecrt_wconio.h
注意: 包含文件:         C:\Program Files (x86)\Windows Kits\10\include\10.0.26100.0\ucrt\corecrt_wctype.h
注意: 包含文件:         C:\Program Files (x86)\Windows Kits\10\include\10.0.26100.0\ucrt\corecrt_wdirect.h
注意: 包含文件:         C:\Program Files (x86)\Windows Kits\10\include\10.0.26100.0\ucrt\corecrt_wio.h
注意: 包含文件:          C:\Program Files (x86)\Windows Kits\10\include\10.0.26100.0\ucrt\corecrt_share.h
注意: 包含文件:         C:\Program Files (x86)\Windows Kits\10\include\10.0.26100.0\ucrt\corecrt_wprocess.h
注意: 包含文件:         C:\Program Files (x86)\Windows Kits\10\include\10.0.26100.0\ucrt\corecrt_wstring.h
注意: 包含文件:         C:\Program Files (x86)\Windows Kits\10\include\10.0.26100.0\ucrt\corecrt_wtime.h
注意: 包含文件:         C:\Program Files (x86)\Windows Kits\10\include\10.0.26100.0\ucrt\sys/stat.h
注意: 包含文件:          C:\Program Files (x86)\Windows Kits\10\include\10.0.26100.0\ucrt\sys/types.h
注意: 包含文件:         C:\Program Files\Microsoft Visual Studio\2022\Community\VC\Tools\MSVC\14.44.35207\include\intrin.h
注意: 包含文件:          C:\Program Files\Microsoft Visual Studio\2022\Community\VC\Tools\MSVC\14.44.35207\include\setjmp.h
注意: 包含文件:          C:\Program Files\Microsoft Visual Studio\2022\Community\VC\Tools\MSVC\14.44.35207\include\immintrin.h
注意: 包含文件:           C:\Program Files\Microsoft Visual Studio\2022\Community\VC\Tools\MSVC\14.44.35207\include\wmmintrin.h
注意: 包含文件:            C:\Program Files\Microsoft Visual Studio\2022\Community\VC\Tools\MSVC\14.44.35207\include\nmmintrin.h
注意: 包含文件:             C:\Program Files\Microsoft Visual Studio\2022\Community\VC\Tools\MSVC\14.44.35207\include\smmintrin.h
注意: 包含文件:              C:\Program Files\Microsoft Visual Studio\2022\Community\VC\Tools\MSVC\14.44.35207\include\tmmintrin.h
注意: 包含文件:               C:\Program Files\Microsoft Visual Studio\2022\Community\VC\Tools\MSVC\14.44.35207\include\pmmintrin.h
注意: 包含文件:                C:\Program Files\Microsoft Visual Studio\2022\Community\VC\Tools\MSVC\14.44.35207\include\emmintrin.h
注意: 包含文件:                 C:\Program Files\Microsoft Visual Studio\2022\Community\VC\Tools\MSVC\14.44.35207\include\xmmintrin.h
注意: 包含文件:                  C:\Program Files\Microsoft Visual Studio\2022\Community\VC\Tools\MSVC\14.44.35207\include\mmintrin.h
注意: 包含文件:                  C:\Program Files (x86)\Windows Kits\10\include\10.0.26100.0\ucrt\malloc.h
注意: 包含文件:           C:\Program Files\Microsoft Visual Studio\2022\Community\VC\Tools\MSVC\14.44.35207\include\zmmintrin.h
注意: 包含文件:          C:\Program Files\Microsoft Visual Studio\2022\Community\VC\Tools\MSVC\14.44.35207\include\ammintrin.h
注意: 包含文件:      C:\Program Files\Microsoft Visual Studio\2022\Community\VC\Tools\MSVC\14.44.35207\include\new
注意: 包含文件:       C:\Program Files\Microsoft Visual Studio\2022\Community\VC\Tools\MSVC\14.44.35207\include\exception
注意: 包含文件:        C:\Program Files\Microsoft Visual Studio\2022\Community\VC\Tools\MSVC\14.44.35207\include\yvals.h
注意: 包含文件:         C:\Program Files (x86)\Windows Kits\10\include\10.0.26100.0\ucrt\crtdbg.h
注意: 包含文件:          C:\Program Files\Microsoft Visual Studio\2022\Community\VC\Tools\MSVC\14.44.35207\include\vcruntime_new_debug.h
注意: 包含文件:           C:\Program Files\Microsoft Visual Studio\2022\Community\VC\Tools\MSVC\14.44.35207\include\vcruntime_new.h
注意: 包含文件:         C:\Program Files\Microsoft Visual Studio\2022\Community\VC\Tools\MSVC\14.44.35207\include\crtdefs.h
注意: 包含文件:         C:\Program Files\Microsoft Visual Studio\2022\Community\VC\Tools\MSVC\14.44.35207\include\use_ansi.h
注意: 包含文件:        C:\Program Files\Microsoft Visual Studio\2022\Community\VC\Tools\MSVC\14.44.35207\include\type_traits
注意: 包含文件:         C:\Program Files\Microsoft Visual Studio\2022\Community\VC\Tools\MSVC\14.44.35207\include\cstddef
注意: 包含文件:         C:\Program Files\Microsoft Visual Studio\2022\Community\VC\Tools\MSVC\14.44.35207\include\cstring
注意: 包含文件:          C:\Program Files (x86)\Windows Kits\10\include\10.0.26100.0\ucrt\string.h
注意: 包含文件:           C:\Program Files (x86)\Windows Kits\10\include\10.0.26100.0\ucrt\corecrt_memory.h
注意: 包含文件:        C:\Program Files\Microsoft Visual Studio\2022\Community\VC\Tools\MSVC\14.44.35207\include\vcruntime_exception.h
注意: 包含文件:         C:\Program Files\Microsoft Visual Studio\2022\Community\VC\Tools\MSVC\14.44.35207\include\eh.h
注意: 包含文件:          C:\Program Files (x86)\Windows Kits\10\include\10.0.26100.0\ucrt\corecrt_terminate.h
注意: 包含文件:      C:\Program Files\Microsoft Visual Studio\2022\Community\VC\Tools\MSVC\14.44.35207\include\xatomic.h
注意: 包含文件:      C:\Program Files\Microsoft Visual Studio\2022\Community\VC\Tools\MSVC\14.44.35207\include\xutility
注意: 包含文件:       C:\Program Files\Microsoft Visual Studio\2022\Community\VC\Tools\MSVC\14.44.35207\include\__msvc_iter_core.hpp
注意: 包含文件:        C:\Program Files\Microsoft Visual Studio\2022\Community\VC\Tools\MSVC\14.44.35207\include\utility
注意: 包含文件:         C:\Program Files\Microsoft Visual Studio\2022\Community\VC\Tools\MSVC\14.44.35207\include\initializer_list
注意: 包含文件:     C:\Program Files\Microsoft Visual Studio\2022\Community\VC\Tools\MSVC\14.44.35207\include\xpolymorphic_allocator.h
注意: 包含文件:      C:\Program Files\Microsoft Visual Studio\2022\Community\VC\Tools\MSVC\14.44.35207\include\tuple
注意: 包含文件:   C:\Program Files\Microsoft Visual Studio\2022\Community\VC\Tools\MSVC\14.44.35207\include\filesystem
注意: 包含文件:    C:\Program Files\Microsoft Visual Studio\2022\Community\VC\Tools\MSVC\14.44.35207\include\algorithm
注意: 包含文件:     C:\Program Files\Microsoft Visual Studio\2022\Community\VC\Tools\MSVC\14.44.35207\include\__msvc_heap_algorithms.hpp
注意: 包含文件:     C:\Program Files\Microsoft Visual Studio\2022\Community\VC\Tools\MSVC\14.44.35207\include\__msvc_minmax.hpp
注意: 包含文件:    C:\Program Files\Microsoft Visual Studio\2022\Community\VC\Tools\MSVC\14.44.35207\include\chrono
注意: 包含文件:     C:\Program Files\Microsoft Visual Studio\2022\Community\VC\Tools\MSVC\14.44.35207\include\__msvc_chrono.hpp
注意: 包含文件:      C:\Program Files\Microsoft Visual Studio\2022\Community\VC\Tools\MSVC\14.44.35207\include\ctime
注意: 包含文件:       C:\Program Files (x86)\Windows Kits\10\include\10.0.26100.0\ucrt\time.h
注意: 包含文件:      C:\Program Files\Microsoft Visual Studio\2022\Community\VC\Tools\MSVC\14.44.35207\include\ratio
注意: 包含文件:      C:\Program Files\Microsoft Visual Studio\2022\Community\VC\Tools\MSVC\14.44.35207\include\xtimec.h
注意: 包含文件:     C:\Program Files\Microsoft Visual Studio\2022\Community\VC\Tools\MSVC\14.44.35207\include\system_error
注意: 包含文件:      C:\Program Files\Microsoft Visual Studio\2022\Community\VC\Tools\MSVC\14.44.35207\include\__msvc_system_error_abi.hpp
注意: 包含文件:      C:\Program Files\Microsoft Visual Studio\2022\Community\VC\Tools\MSVC\14.44.35207\include\cerrno
注意: 包含文件:      C:\Program Files\Microsoft Visual Studio\2022\Community\VC\Tools\MSVC\14.44.35207\include\stdexcept
注意: 包含文件:       C:\Program Files\Microsoft Visual Studio\2022\Community\VC\Tools\MSVC\14.44.35207\include\xstring
注意: 包含文件:        C:\Program Files\Microsoft Visual Studio\2022\Community\VC\Tools\MSVC\14.44.35207\include\__msvc_string_view.hpp
注意: 包含文件:         C:\Program Files\Microsoft Visual Studio\2022\Community\VC\Tools\MSVC\14.44.35207\include\iosfwd
注意: 包含文件:      C:\Program Files\Microsoft Visual Studio\2022\Community\VC\Tools\MSVC\14.44.35207\include\xcall_once.h
注意: 包含文件:      C:\Program Files\Microsoft Visual Studio\2022\Community\VC\Tools\MSVC\14.44.35207\include\xerrc.h
注意: 包含文件:      C:\Program Files\Microsoft Visual Studio\2022\Community\VC\Tools\MSVC\14.44.35207\include\atomic
注意: 包含文件:       C:\Program Files\Microsoft Visual Studio\2022\Community\VC\Tools\MSVC\14.44.35207\include\xthreads.h
注意: 包含文件:        C:\Program Files\Microsoft Visual Studio\2022\Community\VC\Tools\MSVC\14.44.35207\include\__msvc_threads_core.hpp
注意: 包含文件:     C:\Program Files\Microsoft Visual Studio\2022\Community\VC\Tools\MSVC\14.44.35207\include\xfilesystem_abi.h
注意: 包含文件:    C:\Program Files\Microsoft Visual Studio\2022\Community\VC\Tools\MSVC\14.44.35207\include\iomanip
注意: 包含文件:     C:\Program Files\Microsoft Visual Studio\2022\Community\VC\Tools\MSVC\14.44.35207\include\istream
注意: 包含文件:      C:\Program Files\Microsoft Visual Studio\2022\Community\VC\Tools\MSVC\14.44.35207\include\__msvc_ostream.hpp
注意: 包含文件:       C:\Program Files\Microsoft Visual Studio\2022\Community\VC\Tools\MSVC\14.44.35207\include\ios
注意: 包含文件:        C:\Program Files\Microsoft Visual Studio\2022\Community\VC\Tools\MSVC\14.44.35207\include\xlocnum
注意: 包含文件:         C:\Program Files\Microsoft Visual Studio\2022\Community\VC\Tools\MSVC\14.44.35207\include\cmath
注意: 包含文件:         C:\Program Files\Microsoft Visual Studio\2022\Community\VC\Tools\MSVC\14.44.35207\include\iterator
注意: 包含文件:         C:\Program Files\Microsoft Visual Studio\2022\Community\VC\Tools\MSVC\14.44.35207\include\streambuf
注意: 包含文件:          C:\Program Files\Microsoft Visual Studio\2022\Community\VC\Tools\MSVC\14.44.35207\include\xiosbase
注意: 包含文件:           C:\Program Files (x86)\Windows Kits\10\include\10.0.26100.0\ucrt\share.h
注意: 包含文件:           C:\Program Files\Microsoft Visual Studio\2022\Community\VC\Tools\MSVC\14.44.35207\include\xlocale
注意: 包含文件:            C:\Program Files\Microsoft Visual Studio\2022\Community\VC\Tools\MSVC\14.44.35207\include\memory
注意: 包含文件:             C:\Program Files\Microsoft Visual Studio\2022\Community\VC\Tools\MSVC\14.44.35207\include\typeinfo
注意: 包含文件:              C:\Program Files\Microsoft Visual Studio\2022\Community\VC\Tools\MSVC\14.44.35207\include\vcruntime_typeinfo.h
注意: 包含文件:            C:\Program Files\Microsoft Visual Studio\2022\Community\VC\Tools\MSVC\14.44.35207\include\xfacet
注意: 包含文件:            C:\Program Files\Microsoft Visual Studio\2022\Community\VC\Tools\MSVC\14.44.35207\include\xlocinfo
注意: 包含文件:             C:\Program Files\Microsoft Visual Studio\2022\Community\VC\Tools\MSVC\14.44.35207\include\__msvc_xlocinfo_types.hpp
注意: 包含文件:             C:\Program Files\Microsoft Visual Studio\2022\Community\VC\Tools\MSVC\14.44.35207\include\cctype
注意: 包含文件:              C:\Program Files (x86)\Windows Kits\10\include\10.0.26100.0\ucrt\ctype.h
注意: 包含文件:             C:\Program Files\Microsoft Visual Studio\2022\Community\VC\Tools\MSVC\14.44.35207\include\clocale
注意: 包含文件:              C:\Program Files (x86)\Windows Kits\10\include\10.0.26100.0\ucrt\locale.h
注意: 包含文件:     C:\Program Files\Microsoft Visual Studio\2022\Community\VC\Tools\MSVC\14.44.35207\include\xlocmon
注意: 包含文件:     C:\Program Files\Microsoft Visual Studio\2022\Community\VC\Tools\MSVC\14.44.35207\include\xloctime
注意: 包含文件:    C:\Program Files\Microsoft Visual Studio\2022\Community\VC\Tools\MSVC\14.44.35207\include\locale
注意: 包含文件:     C:\Program Files\Microsoft Visual Studio\2022\Community\VC\Tools\MSVC\14.44.35207\include\xlocbuf
注意: 包含文件:     C:\Program Files\Microsoft Visual Studio\2022\Community\VC\Tools\MSVC\14.44.35207\include\xlocmes
注意: 包含文件:   C:\Program Files\Microsoft Visual Studio\2022\Community\VC\Tools\MSVC\14.44.35207\include\string
注意: 包含文件:  C:\Program Files\Microsoft Visual Studio\2022\Community\VC\Tools\MSVC\14.44.35207\include\numeric
注意: 包含文件:  C:\Program Files\Microsoft Visual Studio\2022\Community\VC\Tools\MSVC\14.44.35207\include\set
注意: 包含文件:   C:\Program Files\Microsoft Visual Studio\2022\Community\VC\Tools\MSVC\14.44.35207\include\xtree
注意: 包含文件:    C:\Program Files\Microsoft Visual Studio\2022\Community\VC\Tools\MSVC\14.44.35207\include\xnode_handle.h
C:\Program Files\Microsoft Visual Studio\2022\Community\VC\Tools\MSVC\14.44.35207\include\vector(1224): warning C4530: 使用了 C++ 异常处理程序，但未启用展开语义。请指定 /EHsc
C:\Program Files\Microsoft Visual Studio\2022\Community\VC\Tools\MSVC\14.44.35207\include\vector(1224): note: 模板实例化上下文(最早的实例化上下文)为
D:\parallel-global-stiffness-assembly-research-and-implementation\demos\csc3_symmetric_assembly_demo\tools\src\validation.cpp(625): note: 查看对正在编译的函数 模板 实例化“std::_Vector_iterator<std::_Vector_val<std::_Simple_types<_Ty>>> std::vector<_Ty,std::allocator<_Ty>>::insert<std::_Tree_const_iterator<std::_Tree_val<std::_Tree_simple_types<_Ty>>>,0>(std::_Vector_const_iterator<std::_Vector_val<std::_Simple_types<_Ty>>>,_Iter,_Iter)”的引用
        with
        [
            _Ty=csc3_demo::ElementId,
            _Iter=std::_Tree_const_iterator<std::_Tree_val<std::_Tree_simple_types<int>>>
        ]
D:\parallel-global-stiffness-assembly-research-and-implementation\demos\csc3_symmetric_assembly_demo\tools\src\validation.cpp(625): note: 请参阅 "csc3_demo::evidence::assemble_serial_reference" 中对 "std::vector<csc3_demo::ElementId,std::allocator<int>>::insert" 的第一个引用
C:\Program Files\Microsoft Visual Studio\2022\Community\VC\Tools\MSVC\14.44.35207\include\vector(1282): note: 查看对正在编译的函数 模板 实例化“void std::vector<csc3_demo::ElementId,std::allocator<int>>::_Insert_counted_range<std::_Tree_unchecked_const_iterator<std::_Tree_val<std::_Tree_simple_types<int>>,std::_Iterator_base0>>(std::_Vector_const_iterator<std::_Vector_val<std::_Simple_types<_Ty>>>,_Iter,const unsigned __int64)”的引用
        with
        [
            _Ty=csc3_demo::ElementId,
            _Iter=std::_Tree_unchecked_const_iterator<std::_Tree_val<std::_Tree_simple_types<int>>,std::_Iterator_base0>
        ]
[6/10] Building CXX object CMakeFiles\csc3_demo_evidence.dir\tools\src\inp_case.cpp.obj
注意: 包含文件:  D:\parallel-global-stiffness-assembly-research-and-implementation\demos\csc3_symmetric_assembly_demo\tools\include\csc3_demo_tools/evidence.h
注意: 包含文件:   D:\parallel-global-stiffness-assembly-research-and-implementation\demos\csc3_symmetric_assembly_demo\include\csc3_demo/assembly_helper.h
注意: 包含文件:    C:\Program Files\Microsoft Visual Studio\2022\Community\VC\Tools\MSVC\14.44.35207\include\cstdint
注意: 包含文件:     C:\Program Files\Microsoft Visual Studio\2022\Community\VC\Tools\MSVC\14.44.35207\include\yvals_core.h
注意: 包含文件:      C:\Program Files\Microsoft Visual Studio\2022\Community\VC\Tools\MSVC\14.44.35207\include\vcruntime.h
注意: 包含文件:       C:\Program Files\Microsoft Visual Studio\2022\Community\VC\Tools\MSVC\14.44.35207\include\sal.h
注意: 包含文件:        C:\Program Files\Microsoft Visual Studio\2022\Community\VC\Tools\MSVC\14.44.35207\include\concurrencysal.h
注意: 包含文件:       C:\Program Files\Microsoft Visual Studio\2022\Community\VC\Tools\MSVC\14.44.35207\include\vadefs.h
注意: 包含文件:      C:\Program Files\Microsoft Visual Studio\2022\Community\VC\Tools\MSVC\14.44.35207\include\xkeycheck.h
注意: 包含文件:     C:\Program Files\Microsoft Visual Studio\2022\Community\VC\Tools\MSVC\14.44.35207\include\stdint.h
注意: 包含文件:    C:\Program Files\Microsoft Visual Studio\2022\Community\VC\Tools\MSVC\14.44.35207\include\vector
注意: 包含文件:     C:\Program Files\Microsoft Visual Studio\2022\Community\VC\Tools\MSVC\14.44.35207\include\__msvc_bit_utils.hpp
注意: 包含文件:      C:\Program Files\Microsoft Visual Studio\2022\Community\VC\Tools\MSVC\14.44.35207\include\climits
注意: 包含文件:       C:\Program Files\Microsoft Visual Studio\2022\Community\VC\Tools\MSVC\14.44.35207\include\limits.h
注意: 包含文件:      C:\Program Files\Microsoft Visual Studio\2022\Community\VC\Tools\MSVC\14.44.35207\include\xtr1common
注意: 包含文件:      C:\Program Files\Microsoft Visual Studio\2022\Community\VC\Tools\MSVC\14.44.35207\include\intrin0.h
注意: 包含文件:       C:\Program Files\Microsoft Visual Studio\2022\Community\VC\Tools\MSVC\14.44.35207\include\intrin0.inl.h
注意: 包含文件:     C:\Program Files\Microsoft Visual Studio\2022\Community\VC\Tools\MSVC\14.44.35207\include\__msvc_sanitizer_annotate_container.hpp
注意: 包含文件:     C:\Program Files\Microsoft Visual Studio\2022\Community\VC\Tools\MSVC\14.44.35207\include\xmemory
注意: 包含文件:      C:\Program Files\Microsoft Visual Studio\2022\Community\VC\Tools\MSVC\14.44.35207\include\cstdlib
注意: 包含文件:       C:\Program Files (x86)\Windows Kits\10\include\10.0.26100.0\ucrt\math.h
注意: 包含文件:        C:\Program Files (x86)\Windows Kits\10\include\10.0.26100.0\ucrt\corecrt_math.h
注意: 包含文件:         C:\Program Files (x86)\Windows Kits\10\include\10.0.26100.0\ucrt\corecrt.h
注意: 包含文件:       C:\Program Files (x86)\Windows Kits\10\include\10.0.26100.0\ucrt\stdlib.h
注意: 包含文件:        C:\Program Files (x86)\Windows Kits\10\include\10.0.26100.0\ucrt\corecrt_malloc.h
注意: 包含文件:        C:\Program Files (x86)\Windows Kits\10\include\10.0.26100.0\ucrt\corecrt_search.h
注意: 包含文件:         C:\Program Files (x86)\Windows Kits\10\include\10.0.26100.0\ucrt\stddef.h
注意: 包含文件:        C:\Program Files (x86)\Windows Kits\10\include\10.0.26100.0\ucrt\corecrt_wstdlib.h
注意: 包含文件:      C:\Program Files\Microsoft Visual Studio\2022\Community\VC\Tools\MSVC\14.44.35207\include\limits
注意: 包含文件:       C:\Program Files\Microsoft Visual Studio\2022\Community\VC\Tools\MSVC\14.44.35207\include\cfloat
注意: 包含文件:        C:\Program Files (x86)\Windows Kits\10\include\10.0.26100.0\ucrt\float.h
注意: 包含文件:       C:\Program Files\Microsoft Visual Studio\2022\Community\VC\Tools\MSVC\14.44.35207\include\cwchar
注意: 包含文件:        C:\Program Files\Microsoft Visual Studio\2022\Community\VC\Tools\MSVC\14.44.35207\include\cstdio
注意: 包含文件:         C:\Program Files (x86)\Windows Kits\10\include\10.0.26100.0\ucrt\stdio.h
注意: 包含文件:          C:\Program Files (x86)\Windows Kits\10\include\10.0.26100.0\ucrt\corecrt_wstdio.h
注意: 包含文件:           C:\Program Files (x86)\Windows Kits\10\include\10.0.26100.0\ucrt\corecrt_stdio_config.h
注意: 包含文件:        C:\Program Files (x86)\Windows Kits\10\include\10.0.26100.0\ucrt\wchar.h
注意: 包含文件:         C:\Program Files (x86)\Windows Kits\10\include\10.0.26100.0\ucrt\corecrt_memcpy_s.h
注意: 包含文件:          C:\Program Files (x86)\Windows Kits\10\include\10.0.26100.0\ucrt\errno.h
注意: 包含文件:          C:\Program Files\Microsoft Visual Studio\2022\Community\VC\Tools\MSVC\14.44.35207\include\vcruntime_string.h
注意: 包含文件:         C:\Program Files (x86)\Windows Kits\10\include\10.0.26100.0\ucrt\corecrt_wconio.h
注意: 包含文件:         C:\Program Files (x86)\Windows Kits\10\include\10.0.26100.0\ucrt\corecrt_wctype.h
注意: 包含文件:         C:\Program Files (x86)\Windows Kits\10\include\10.0.26100.0\ucrt\corecrt_wdirect.h
注意: 包含文件:         C:\Program Files (x86)\Windows Kits\10\include\10.0.26100.0\ucrt\corecrt_wio.h
注意: 包含文件:          C:\Program Files (x86)\Windows Kits\10\include\10.0.26100.0\ucrt\corecrt_share.h
注意: 包含文件:         C:\Program Files (x86)\Windows Kits\10\include\10.0.26100.0\ucrt\corecrt_wprocess.h
注意: 包含文件:         C:\Program Files (x86)\Windows Kits\10\include\10.0.26100.0\ucrt\corecrt_wstring.h
注意: 包含文件:         C:\Program Files (x86)\Windows Kits\10\include\10.0.26100.0\ucrt\corecrt_wtime.h
注意: 包含文件:         C:\Program Files (x86)\Windows Kits\10\include\10.0.26100.0\ucrt\sys/stat.h
注意: 包含文件:          C:\Program Files (x86)\Windows Kits\10\include\10.0.26100.0\ucrt\sys/types.h
注意: 包含文件:         C:\Program Files\Microsoft Visual Studio\2022\Community\VC\Tools\MSVC\14.44.35207\include\intrin.h
注意: 包含文件:          C:\Program Files\Microsoft Visual Studio\2022\Community\VC\Tools\MSVC\14.44.35207\include\setjmp.h
注意: 包含文件:          C:\Program Files\Microsoft Visual Studio\2022\Community\VC\Tools\MSVC\14.44.35207\include\immintrin.h
注意: 包含文件:           C:\Program Files\Microsoft Visual Studio\2022\Community\VC\Tools\MSVC\14.44.35207\include\wmmintrin.h
注意: 包含文件:            C:\Program Files\Microsoft Visual Studio\2022\Community\VC\Tools\MSVC\14.44.35207\include\nmmintrin.h
注意: 包含文件:             C:\Program Files\Microsoft Visual Studio\2022\Community\VC\Tools\MSVC\14.44.35207\include\smmintrin.h
注意: 包含文件:              C:\Program Files\Microsoft Visual Studio\2022\Community\VC\Tools\MSVC\14.44.35207\include\tmmintrin.h
注意: 包含文件:               C:\Program Files\Microsoft Visual Studio\2022\Community\VC\Tools\MSVC\14.44.35207\include\pmmintrin.h
注意: 包含文件:                C:\Program Files\Microsoft Visual Studio\2022\Community\VC\Tools\MSVC\14.44.35207\include\emmintrin.h
注意: 包含文件:                 C:\Program Files\Microsoft Visual Studio\2022\Community\VC\Tools\MSVC\14.44.35207\include\xmmintrin.h
注意: 包含文件:                  C:\Program Files\Microsoft Visual Studio\2022\Community\VC\Tools\MSVC\14.44.35207\include\mmintrin.h
注意: 包含文件:                  C:\Program Files (x86)\Windows Kits\10\include\10.0.26100.0\ucrt\malloc.h
注意: 包含文件:           C:\Program Files\Microsoft Visual Studio\2022\Community\VC\Tools\MSVC\14.44.35207\include\zmmintrin.h
注意: 包含文件:          C:\Program Files\Microsoft Visual Studio\2022\Community\VC\Tools\MSVC\14.44.35207\include\ammintrin.h
注意: 包含文件:      C:\Program Files\Microsoft Visual Studio\2022\Community\VC\Tools\MSVC\14.44.35207\include\new
注意: 包含文件:       C:\Program Files\Microsoft Visual Studio\2022\Community\VC\Tools\MSVC\14.44.35207\include\exception
注意: 包含文件:        C:\Program Files\Microsoft Visual Studio\2022\Community\VC\Tools\MSVC\14.44.35207\include\yvals.h
注意: 包含文件:         C:\Program Files (x86)\Windows Kits\10\include\10.0.26100.0\ucrt\crtdbg.h
注意: 包含文件:          C:\Program Files\Microsoft Visual Studio\2022\Community\VC\Tools\MSVC\14.44.35207\include\vcruntime_new_debug.h
注意: 包含文件:           C:\Program Files\Microsoft Visual Studio\2022\Community\VC\Tools\MSVC\14.44.35207\include\vcruntime_new.h
注意: 包含文件:         C:\Program Files\Microsoft Visual Studio\2022\Community\VC\Tools\MSVC\14.44.35207\include\crtdefs.h
注意: 包含文件:         C:\Program Files\Microsoft Visual Studio\2022\Community\VC\Tools\MSVC\14.44.35207\include\use_ansi.h
注意: 包含文件:        C:\Program Files\Microsoft Visual Studio\2022\Community\VC\Tools\MSVC\14.44.35207\include\type_traits
注意: 包含文件:         C:\Program Files\Microsoft Visual Studio\2022\Community\VC\Tools\MSVC\14.44.35207\include\cstddef
注意: 包含文件:         C:\Program Files\Microsoft Visual Studio\2022\Community\VC\Tools\MSVC\14.44.35207\include\cstring
注意: 包含文件:          C:\Program Files (x86)\Windows Kits\10\include\10.0.26100.0\ucrt\string.h
注意: 包含文件:           C:\Program Files (x86)\Windows Kits\10\include\10.0.26100.0\ucrt\corecrt_memory.h
注意: 包含文件:        C:\Program Files\Microsoft Visual Studio\2022\Community\VC\Tools\MSVC\14.44.35207\include\vcruntime_exception.h
注意: 包含文件:         C:\Program Files\Microsoft Visual Studio\2022\Community\VC\Tools\MSVC\14.44.35207\include\eh.h
注意: 包含文件:          C:\Program Files (x86)\Windows Kits\10\include\10.0.26100.0\ucrt\corecrt_terminate.h
注意: 包含文件:      C:\Program Files\Microsoft Visual Studio\2022\Community\VC\Tools\MSVC\14.44.35207\include\xatomic.h
注意: 包含文件:      C:\Program Files\Microsoft Visual Studio\2022\Community\VC\Tools\MSVC\14.44.35207\include\xutility
注意: 包含文件:       C:\Program Files\Microsoft Visual Studio\2022\Community\VC\Tools\MSVC\14.44.35207\include\__msvc_iter_core.hpp
注意: 包含文件:        C:\Program Files\Microsoft Visual Studio\2022\Community\VC\Tools\MSVC\14.44.35207\include\utility
注意: 包含文件:         C:\Program Files\Microsoft Visual Studio\2022\Community\VC\Tools\MSVC\14.44.35207\include\initializer_list
注意: 包含文件:     C:\Program Files\Microsoft Visual Studio\2022\Community\VC\Tools\MSVC\14.44.35207\include\xpolymorphic_allocator.h
注意: 包含文件:      C:\Program Files\Microsoft Visual Studio\2022\Community\VC\Tools\MSVC\14.44.35207\include\tuple
注意: 包含文件:   C:\Program Files\Microsoft Visual Studio\2022\Community\VC\Tools\MSVC\14.44.35207\include\filesystem
注意: 包含文件:    C:\Program Files\Microsoft Visual Studio\2022\Community\VC\Tools\MSVC\14.44.35207\include\algorithm
注意: 包含文件:     C:\Program Files\Microsoft Visual Studio\2022\Community\VC\Tools\MSVC\14.44.35207\include\__msvc_heap_algorithms.hpp
注意: 包含文件:     C:\Program Files\Microsoft Visual Studio\2022\Community\VC\Tools\MSVC\14.44.35207\include\__msvc_minmax.hpp
注意: 包含文件:    C:\Program Files\Microsoft Visual Studio\2022\Community\VC\Tools\MSVC\14.44.35207\include\chrono
注意: 包含文件:     C:\Program Files\Microsoft Visual Studio\2022\Community\VC\Tools\MSVC\14.44.35207\include\__msvc_chrono.hpp
注意: 包含文件:      C:\Program Files\Microsoft Visual Studio\2022\Community\VC\Tools\MSVC\14.44.35207\include\ctime
注意: 包含文件:       C:\Program Files (x86)\Windows Kits\10\include\10.0.26100.0\ucrt\time.h
注意: 包含文件:      C:\Program Files\Microsoft Visual Studio\2022\Community\VC\Tools\MSVC\14.44.35207\include\ratio
注意: 包含文件:      C:\Program Files\Microsoft Visual Studio\2022\Community\VC\Tools\MSVC\14.44.35207\include\xtimec.h
注意: 包含文件:     C:\Program Files\Microsoft Visual Studio\2022\Community\VC\Tools\MSVC\14.44.35207\include\system_error
注意: 包含文件:      C:\Program Files\Microsoft Visual Studio\2022\Community\VC\Tools\MSVC\14.44.35207\include\__msvc_system_error_abi.hpp
注意: 包含文件:      C:\Program Files\Microsoft Visual Studio\2022\Community\VC\Tools\MSVC\14.44.35207\include\cerrno
注意: 包含文件:      C:\Program Files\Microsoft Visual Studio\2022\Community\VC\Tools\MSVC\14.44.35207\include\stdexcept
注意: 包含文件:       C:\Program Files\Microsoft Visual Studio\2022\Community\VC\Tools\MSVC\14.44.35207\include\xstring
注意: 包含文件:        C:\Program Files\Microsoft Visual Studio\2022\Community\VC\Tools\MSVC\14.44.35207\include\__msvc_string_view.hpp
注意: 包含文件:         C:\Program Files\Microsoft Visual Studio\2022\Community\VC\Tools\MSVC\14.44.35207\include\iosfwd
注意: 包含文件:      C:\Program Files\Microsoft Visual Studio\2022\Community\VC\Tools\MSVC\14.44.35207\include\xcall_once.h
注意: 包含文件:      C:\Program Files\Microsoft Visual Studio\2022\Community\VC\Tools\MSVC\14.44.35207\include\xerrc.h
注意: 包含文件:      C:\Program Files\Microsoft Visual Studio\2022\Community\VC\Tools\MSVC\14.44.35207\include\atomic
注意: 包含文件:       C:\Program Files\Microsoft Visual Studio\2022\Community\VC\Tools\MSVC\14.44.35207\include\xthreads.h
注意: 包含文件:        C:\Program Files\Microsoft Visual Studio\2022\Community\VC\Tools\MSVC\14.44.35207\include\__msvc_threads_core.hpp
注意: 包含文件:     C:\Program Files\Microsoft Visual Studio\2022\Community\VC\Tools\MSVC\14.44.35207\include\xfilesystem_abi.h
注意: 包含文件:    C:\Program Files\Microsoft Visual Studio\2022\Community\VC\Tools\MSVC\14.44.35207\include\iomanip
注意: 包含文件:     C:\Program Files\Microsoft Visual Studio\2022\Community\VC\Tools\MSVC\14.44.35207\include\istream
注意: 包含文件:      C:\Program Files\Microsoft Visual Studio\2022\Community\VC\Tools\MSVC\14.44.35207\include\__msvc_ostream.hpp
注意: 包含文件:       C:\Program Files\Microsoft Visual Studio\2022\Community\VC\Tools\MSVC\14.44.35207\include\ios
注意: 包含文件:        C:\Program Files\Microsoft Visual Studio\2022\Community\VC\Tools\MSVC\14.44.35207\include\xlocnum
注意: 包含文件:         C:\Program Files\Microsoft Visual Studio\2022\Community\VC\Tools\MSVC\14.44.35207\include\cmath
注意: 包含文件:         C:\Program Files\Microsoft Visual Studio\2022\Community\VC\Tools\MSVC\14.44.35207\include\iterator
注意: 包含文件:         C:\Program Files\Microsoft Visual Studio\2022\Community\VC\Tools\MSVC\14.44.35207\include\streambuf
注意: 包含文件:          C:\Program Files\Microsoft Visual Studio\2022\Community\VC\Tools\MSVC\14.44.35207\include\xiosbase
注意: 包含文件:           C:\Program Files (x86)\Windows Kits\10\include\10.0.26100.0\ucrt\share.h
注意: 包含文件:           C:\Program Files\Microsoft Visual Studio\2022\Community\VC\Tools\MSVC\14.44.35207\include\xlocale
注意: 包含文件:            C:\Program Files\Microsoft Visual Studio\2022\Community\VC\Tools\MSVC\14.44.35207\include\memory
注意: 包含文件:             C:\Program Files\Microsoft Visual Studio\2022\Community\VC\Tools\MSVC\14.44.35207\include\typeinfo
注意: 包含文件:              C:\Program Files\Microsoft Visual Studio\2022\Community\VC\Tools\MSVC\14.44.35207\include\vcruntime_typeinfo.h
注意: 包含文件:            C:\Program Files\Microsoft Visual Studio\2022\Community\VC\Tools\MSVC\14.44.35207\include\xfacet
注意: 包含文件:            C:\Program Files\Microsoft Visual Studio\2022\Community\VC\Tools\MSVC\14.44.35207\include\xlocinfo
注意: 包含文件:             C:\Program Files\Microsoft Visual Studio\2022\Community\VC\Tools\MSVC\14.44.35207\include\__msvc_xlocinfo_types.hpp
注意: 包含文件:             C:\Program Files\Microsoft Visual Studio\2022\Community\VC\Tools\MSVC\14.44.35207\include\cctype
注意: 包含文件:              C:\Program Files (x86)\Windows Kits\10\include\10.0.26100.0\ucrt\ctype.h
注意: 包含文件:             C:\Program Files\Microsoft Visual Studio\2022\Community\VC\Tools\MSVC\14.44.35207\include\clocale
注意: 包含文件:              C:\Program Files (x86)\Windows Kits\10\include\10.0.26100.0\ucrt\locale.h
注意: 包含文件:     C:\Program Files\Microsoft Visual Studio\2022\Community\VC\Tools\MSVC\14.44.35207\include\xlocmon
注意: 包含文件:     C:\Program Files\Microsoft Visual Studio\2022\Community\VC\Tools\MSVC\14.44.35207\include\xloctime
注意: 包含文件:    C:\Program Files\Microsoft Visual Studio\2022\Community\VC\Tools\MSVC\14.44.35207\include\locale
注意: 包含文件:     C:\Program Files\Microsoft Visual Studio\2022\Community\VC\Tools\MSVC\14.44.35207\include\xlocbuf
注意: 包含文件:     C:\Program Files\Microsoft Visual Studio\2022\Community\VC\Tools\MSVC\14.44.35207\include\xlocmes
注意: 包含文件:   C:\Program Files\Microsoft Visual Studio\2022\Community\VC\Tools\MSVC\14.44.35207\include\string
注意: 包含文件:  C:\Program Files\Microsoft Visual Studio\2022\Community\VC\Tools\MSVC\14.44.35207\include\array
注意: 包含文件:  C:\Program Files\Microsoft Visual Studio\2022\Community\VC\Tools\MSVC\14.44.35207\include\charconv
注意: 包含文件:   C:\Program Files\Microsoft Visual Studio\2022\Community\VC\Tools\MSVC\14.44.35207\include\xbit_ops.h
注意: 包含文件:   C:\Program Files\Microsoft Visual Studio\2022\Community\VC\Tools\MSVC\14.44.35207\include\xcharconv.h
注意: 包含文件:   C:\Program Files\Microsoft Visual Studio\2022\Community\VC\Tools\MSVC\14.44.35207\include\xcharconv_ryu.h
注意: 包含文件:    C:\Program Files\Microsoft Visual Studio\2022\Community\VC\Tools\MSVC\14.44.35207\include\xcharconv_ryu_tables.h
注意: 包含文件:   C:\Program Files\Microsoft Visual Studio\2022\Community\VC\Tools\MSVC\14.44.35207\include\xcharconv_tables.h
注意: 包含文件:  C:\Program Files\Microsoft Visual Studio\2022\Community\VC\Tools\MSVC\14.44.35207\include\fstream
注意: 包含文件:   C:\Program Files\Microsoft Visual Studio\2022\Community\VC\Tools\MSVC\14.44.35207\include\__msvc_filebuf.hpp
注意: 包含文件:  C:\Program Files\Microsoft Visual Studio\2022\Community\VC\Tools\MSVC\14.44.35207\include\optional
注意: 包含文件:   C:\Program Files\Microsoft Visual Studio\2022\Community\VC\Tools\MSVC\14.44.35207\include\xsmf_control.h
注意: 包含文件:  C:\Program Files\Microsoft Visual Studio\2022\Community\VC\Tools\MSVC\14.44.35207\include\string_view
注意: 包含文件:  C:\Program Files\Microsoft Visual Studio\2022\Community\VC\Tools\MSVC\14.44.35207\include\unordered_map
注意: 包含文件:   C:\Program Files\Microsoft Visual Studio\2022\Community\VC\Tools\MSVC\14.44.35207\include\xhash
注意: 包含文件:    C:\Program Files\Microsoft Visual Studio\2022\Community\VC\Tools\MSVC\14.44.35207\include\list
注意: 包含文件:    C:\Program Files\Microsoft Visual Studio\2022\Community\VC\Tools\MSVC\14.44.35207\include\xnode_handle.h
注意: 包含文件:  C:\Program Files\Microsoft Visual Studio\2022\Community\VC\Tools\MSVC\14.44.35207\include\unordered_set
C:\Program Files\Microsoft Visual Studio\2022\Community\VC\Tools\MSVC\14.44.35207\include\string(35): warning C4530: 使用了 C++ 异常处理程序，但未启用展开语义。请指定 /EHsc
C:\Program Files\Microsoft Visual Studio\2022\Community\VC\Tools\MSVC\14.44.35207\include\string(35): note: 模板实例化上下文(最早的实例化上下文)为
D:\parallel-global-stiffness-assembly-research-and-implementation\demos\csc3_symmetric_assembly_demo\tools\src\inp_case.cpp(184): note: 查看对正在编译的函数 模板 实例化“std::basic_istream<char,std::char_traits<char>> &std::getline<char,std::char_traits<char>,std::allocator<char>>(std::basic_istream<char,std::char_traits<char>> &,std::basic_string<char,std::char_traits<char>,std::allocator<char>> &)”的引用
C:\Program Files\Microsoft Visual Studio\2022\Community\VC\Tools\MSVC\14.44.35207\include\string(85): note: 查看对正在编译的函数 模板 实例化“std::basic_istream<char,std::char_traits<char>> &std::getline<char,std::char_traits<char>,std::allocator<char>>(std::basic_istream<char,std::char_traits<char>> &&,std::basic_string<char,std::char_traits<char>,std::allocator<char>> &,const _Elem)”的引用
        with
        [
            _Elem=char
        ]
[7/10] Building CXX object CMakeFiles\csc3_demo_evidence.dir\tools\src\benchmark.cpp.obj
注意: 包含文件:  D:\parallel-global-stiffness-assembly-research-and-implementation\demos\csc3_symmetric_assembly_demo\tools\include\csc3_demo_tools/benchmark.h
注意: 包含文件:   D:\parallel-global-stiffness-assembly-research-and-implementation\demos\csc3_symmetric_assembly_demo\include\csc3_demo/assembly_helper.h
注意: 包含文件:    C:\Program Files\Microsoft Visual Studio\2022\Community\VC\Tools\MSVC\14.44.35207\include\cstdint
注意: 包含文件:     C:\Program Files\Microsoft Visual Studio\2022\Community\VC\Tools\MSVC\14.44.35207\include\yvals_core.h
注意: 包含文件:      C:\Program Files\Microsoft Visual Studio\2022\Community\VC\Tools\MSVC\14.44.35207\include\vcruntime.h
注意: 包含文件:       C:\Program Files\Microsoft Visual Studio\2022\Community\VC\Tools\MSVC\14.44.35207\include\sal.h
注意: 包含文件:        C:\Program Files\Microsoft Visual Studio\2022\Community\VC\Tools\MSVC\14.44.35207\include\concurrencysal.h
注意: 包含文件:       C:\Program Files\Microsoft Visual Studio\2022\Community\VC\Tools\MSVC\14.44.35207\include\vadefs.h
注意: 包含文件:      C:\Program Files\Microsoft Visual Studio\2022\Community\VC\Tools\MSVC\14.44.35207\include\xkeycheck.h
注意: 包含文件:     C:\Program Files\Microsoft Visual Studio\2022\Community\VC\Tools\MSVC\14.44.35207\include\stdint.h
注意: 包含文件:    C:\Program Files\Microsoft Visual Studio\2022\Community\VC\Tools\MSVC\14.44.35207\include\vector
注意: 包含文件:     C:\Program Files\Microsoft Visual Studio\2022\Community\VC\Tools\MSVC\14.44.35207\include\__msvc_bit_utils.hpp
注意: 包含文件:      C:\Program Files\Microsoft Visual Studio\2022\Community\VC\Tools\MSVC\14.44.35207\include\climits
注意: 包含文件:       C:\Program Files\Microsoft Visual Studio\2022\Community\VC\Tools\MSVC\14.44.35207\include\limits.h
注意: 包含文件:      C:\Program Files\Microsoft Visual Studio\2022\Community\VC\Tools\MSVC\14.44.35207\include\xtr1common
注意: 包含文件:      C:\Program Files\Microsoft Visual Studio\2022\Community\VC\Tools\MSVC\14.44.35207\include\intrin0.h
注意: 包含文件:       C:\Program Files\Microsoft Visual Studio\2022\Community\VC\Tools\MSVC\14.44.35207\include\intrin0.inl.h
注意: 包含文件:     C:\Program Files\Microsoft Visual Studio\2022\Community\VC\Tools\MSVC\14.44.35207\include\__msvc_sanitizer_annotate_container.hpp
注意: 包含文件:     C:\Program Files\Microsoft Visual Studio\2022\Community\VC\Tools\MSVC\14.44.35207\include\xmemory
注意: 包含文件:      C:\Program Files\Microsoft Visual Studio\2022\Community\VC\Tools\MSVC\14.44.35207\include\cstdlib
注意: 包含文件:       C:\Program Files (x86)\Windows Kits\10\include\10.0.26100.0\ucrt\math.h
注意: 包含文件:        C:\Program Files (x86)\Windows Kits\10\include\10.0.26100.0\ucrt\corecrt_math.h
注意: 包含文件:         C:\Program Files (x86)\Windows Kits\10\include\10.0.26100.0\ucrt\corecrt.h
注意: 包含文件:       C:\Program Files (x86)\Windows Kits\10\include\10.0.26100.0\ucrt\stdlib.h
注意: 包含文件:        C:\Program Files (x86)\Windows Kits\10\include\10.0.26100.0\ucrt\corecrt_malloc.h
注意: 包含文件:        C:\Program Files (x86)\Windows Kits\10\include\10.0.26100.0\ucrt\corecrt_search.h
注意: 包含文件:         C:\Program Files (x86)\Windows Kits\10\include\10.0.26100.0\ucrt\stddef.h
注意: 包含文件:        C:\Program Files (x86)\Windows Kits\10\include\10.0.26100.0\ucrt\corecrt_wstdlib.h
注意: 包含文件:      C:\Program Files\Microsoft Visual Studio\2022\Community\VC\Tools\MSVC\14.44.35207\include\limits
注意: 包含文件:       C:\Program Files\Microsoft Visual Studio\2022\Community\VC\Tools\MSVC\14.44.35207\include\cfloat
注意: 包含文件:        C:\Program Files (x86)\Windows Kits\10\include\10.0.26100.0\ucrt\float.h
注意: 包含文件:       C:\Program Files\Microsoft Visual Studio\2022\Community\VC\Tools\MSVC\14.44.35207\include\cwchar
注意: 包含文件:        C:\Program Files\Microsoft Visual Studio\2022\Community\VC\Tools\MSVC\14.44.35207\include\cstdio
注意: 包含文件:         C:\Program Files (x86)\Windows Kits\10\include\10.0.26100.0\ucrt\stdio.h
注意: 包含文件:          C:\Program Files (x86)\Windows Kits\10\include\10.0.26100.0\ucrt\corecrt_wstdio.h
注意: 包含文件:           C:\Program Files (x86)\Windows Kits\10\include\10.0.26100.0\ucrt\corecrt_stdio_config.h
注意: 包含文件:        C:\Program Files (x86)\Windows Kits\10\include\10.0.26100.0\ucrt\wchar.h
注意: 包含文件:         C:\Program Files (x86)\Windows Kits\10\include\10.0.26100.0\ucrt\corecrt_memcpy_s.h
注意: 包含文件:          C:\Program Files (x86)\Windows Kits\10\include\10.0.26100.0\ucrt\errno.h
注意: 包含文件:          C:\Program Files\Microsoft Visual Studio\2022\Community\VC\Tools\MSVC\14.44.35207\include\vcruntime_string.h
注意: 包含文件:         C:\Program Files (x86)\Windows Kits\10\include\10.0.26100.0\ucrt\corecrt_wconio.h
注意: 包含文件:         C:\Program Files (x86)\Windows Kits\10\include\10.0.26100.0\ucrt\corecrt_wctype.h
注意: 包含文件:         C:\Program Files (x86)\Windows Kits\10\include\10.0.26100.0\ucrt\corecrt_wdirect.h
注意: 包含文件:         C:\Program Files (x86)\Windows Kits\10\include\10.0.26100.0\ucrt\corecrt_wio.h
注意: 包含文件:          C:\Program Files (x86)\Windows Kits\10\include\10.0.26100.0\ucrt\corecrt_share.h
注意: 包含文件:         C:\Program Files (x86)\Windows Kits\10\include\10.0.26100.0\ucrt\corecrt_wprocess.h
注意: 包含文件:         C:\Program Files (x86)\Windows Kits\10\include\10.0.26100.0\ucrt\corecrt_wstring.h
注意: 包含文件:         C:\Program Files (x86)\Windows Kits\10\include\10.0.26100.0\ucrt\corecrt_wtime.h
注意: 包含文件:         C:\Program Files (x86)\Windows Kits\10\include\10.0.26100.0\ucrt\sys/stat.h
注意: 包含文件:          C:\Program Files (x86)\Windows Kits\10\include\10.0.26100.0\ucrt\sys/types.h
注意: 包含文件:         C:\Program Files\Microsoft Visual Studio\2022\Community\VC\Tools\MSVC\14.44.35207\include\intrin.h
注意: 包含文件:          C:\Program Files\Microsoft Visual Studio\2022\Community\VC\Tools\MSVC\14.44.35207\include\setjmp.h
注意: 包含文件:          C:\Program Files\Microsoft Visual Studio\2022\Community\VC\Tools\MSVC\14.44.35207\include\immintrin.h
注意: 包含文件:           C:\Program Files\Microsoft Visual Studio\2022\Community\VC\Tools\MSVC\14.44.35207\include\wmmintrin.h
注意: 包含文件:            C:\Program Files\Microsoft Visual Studio\2022\Community\VC\Tools\MSVC\14.44.35207\include\nmmintrin.h
注意: 包含文件:             C:\Program Files\Microsoft Visual Studio\2022\Community\VC\Tools\MSVC\14.44.35207\include\smmintrin.h
注意: 包含文件:              C:\Program Files\Microsoft Visual Studio\2022\Community\VC\Tools\MSVC\14.44.35207\include\tmmintrin.h
注意: 包含文件:               C:\Program Files\Microsoft Visual Studio\2022\Community\VC\Tools\MSVC\14.44.35207\include\pmmintrin.h
注意: 包含文件:                C:\Program Files\Microsoft Visual Studio\2022\Community\VC\Tools\MSVC\14.44.35207\include\emmintrin.h
注意: 包含文件:                 C:\Program Files\Microsoft Visual Studio\2022\Community\VC\Tools\MSVC\14.44.35207\include\xmmintrin.h
注意: 包含文件:                  C:\Program Files\Microsoft Visual Studio\2022\Community\VC\Tools\MSVC\14.44.35207\include\mmintrin.h
注意: 包含文件:                  C:\Program Files (x86)\Windows Kits\10\include\10.0.26100.0\ucrt\malloc.h
注意: 包含文件:           C:\Program Files\Microsoft Visual Studio\2022\Community\VC\Tools\MSVC\14.44.35207\include\zmmintrin.h
注意: 包含文件:          C:\Program Files\Microsoft Visual Studio\2022\Community\VC\Tools\MSVC\14.44.35207\include\ammintrin.h
注意: 包含文件:      C:\Program Files\Microsoft Visual Studio\2022\Community\VC\Tools\MSVC\14.44.35207\include\new
注意: 包含文件:       C:\Program Files\Microsoft Visual Studio\2022\Community\VC\Tools\MSVC\14.44.35207\include\exception
注意: 包含文件:        C:\Program Files\Microsoft Visual Studio\2022\Community\VC\Tools\MSVC\14.44.35207\include\yvals.h
注意: 包含文件:         C:\Program Files (x86)\Windows Kits\10\include\10.0.26100.0\ucrt\crtdbg.h
注意: 包含文件:          C:\Program Files\Microsoft Visual Studio\2022\Community\VC\Tools\MSVC\14.44.35207\include\vcruntime_new_debug.h
注意: 包含文件:           C:\Program Files\Microsoft Visual Studio\2022\Community\VC\Tools\MSVC\14.44.35207\include\vcruntime_new.h
注意: 包含文件:         C:\Program Files\Microsoft Visual Studio\2022\Community\VC\Tools\MSVC\14.44.35207\include\crtdefs.h
注意: 包含文件:         C:\Program Files\Microsoft Visual Studio\2022\Community\VC\Tools\MSVC\14.44.35207\include\use_ansi.h
注意: 包含文件:        C:\Program Files\Microsoft Visual Studio\2022\Community\VC\Tools\MSVC\14.44.35207\include\type_traits
注意: 包含文件:         C:\Program Files\Microsoft Visual Studio\2022\Community\VC\Tools\MSVC\14.44.35207\include\cstddef
注意: 包含文件:         C:\Program Files\Microsoft Visual Studio\2022\Community\VC\Tools\MSVC\14.44.35207\include\cstring
注意: 包含文件:          C:\Program Files (x86)\Windows Kits\10\include\10.0.26100.0\ucrt\string.h
注意: 包含文件:           C:\Program Files (x86)\Windows Kits\10\include\10.0.26100.0\ucrt\corecrt_memory.h
注意: 包含文件:        C:\Program Files\Microsoft Visual Studio\2022\Community\VC\Tools\MSVC\14.44.35207\include\vcruntime_exception.h
注意: 包含文件:         C:\Program Files\Microsoft Visual Studio\2022\Community\VC\Tools\MSVC\14.44.35207\include\eh.h
注意: 包含文件:          C:\Program Files (x86)\Windows Kits\10\include\10.0.26100.0\ucrt\corecrt_terminate.h
注意: 包含文件:      C:\Program Files\Microsoft Visual Studio\2022\Community\VC\Tools\MSVC\14.44.35207\include\xatomic.h
注意: 包含文件:      C:\Program Files\Microsoft Visual Studio\2022\Community\VC\Tools\MSVC\14.44.35207\include\xutility
注意: 包含文件:       C:\Program Files\Microsoft Visual Studio\2022\Community\VC\Tools\MSVC\14.44.35207\include\__msvc_iter_core.hpp
注意: 包含文件:        C:\Program Files\Microsoft Visual Studio\2022\Community\VC\Tools\MSVC\14.44.35207\include\utility
注意: 包含文件:         C:\Program Files\Microsoft Visual Studio\2022\Community\VC\Tools\MSVC\14.44.35207\include\initializer_list
注意: 包含文件:     C:\Program Files\Microsoft Visual Studio\2022\Community\VC\Tools\MSVC\14.44.35207\include\xpolymorphic_allocator.h
注意: 包含文件:      C:\Program Files\Microsoft Visual Studio\2022\Community\VC\Tools\MSVC\14.44.35207\include\tuple
注意: 包含文件:   D:\parallel-global-stiffness-assembly-research-and-implementation\demos\csc3_symmetric_assembly_demo\tools\include\csc3_demo_tools/evidence.h
注意: 包含文件:    C:\Program Files\Microsoft Visual Studio\2022\Community\VC\Tools\MSVC\14.44.35207\include\filesystem
注意: 包含文件:     C:\Program Files\Microsoft Visual Studio\2022\Community\VC\Tools\MSVC\14.44.35207\include\algorithm
注意: 包含文件:      C:\Program Files\Microsoft Visual Studio\2022\Community\VC\Tools\MSVC\14.44.35207\include\__msvc_heap_algorithms.hpp
注意: 包含文件:      C:\Program Files\Microsoft Visual Studio\2022\Community\VC\Tools\MSVC\14.44.35207\include\__msvc_minmax.hpp
注意: 包含文件:     C:\Program Files\Microsoft Visual Studio\2022\Community\VC\Tools\MSVC\14.44.35207\include\chrono
注意: 包含文件:      C:\Program Files\Microsoft Visual Studio\2022\Community\VC\Tools\MSVC\14.44.35207\include\__msvc_chrono.hpp
注意: 包含文件:       C:\Program Files\Microsoft Visual Studio\2022\Community\VC\Tools\MSVC\14.44.35207\include\ctime
注意: 包含文件:        C:\Program Files (x86)\Windows Kits\10\include\10.0.26100.0\ucrt\time.h
注意: 包含文件:       C:\Program Files\Microsoft Visual Studio\2022\Community\VC\Tools\MSVC\14.44.35207\include\ratio
注意: 包含文件:       C:\Program Files\Microsoft Visual Studio\2022\Community\VC\Tools\MSVC\14.44.35207\include\xtimec.h
注意: 包含文件:      C:\Program Files\Microsoft Visual Studio\2022\Community\VC\Tools\MSVC\14.44.35207\include\system_error
注意: 包含文件:       C:\Program Files\Microsoft Visual Studio\2022\Community\VC\Tools\MSVC\14.44.35207\include\__msvc_system_error_abi.hpp
注意: 包含文件:       C:\Program Files\Microsoft Visual Studio\2022\Community\VC\Tools\MSVC\14.44.35207\include\cerrno
注意: 包含文件:       C:\Program Files\Microsoft Visual Studio\2022\Community\VC\Tools\MSVC\14.44.35207\include\stdexcept
注意: 包含文件:        C:\Program Files\Microsoft Visual Studio\2022\Community\VC\Tools\MSVC\14.44.35207\include\xstring
注意: 包含文件:         C:\Program Files\Microsoft Visual Studio\2022\Community\VC\Tools\MSVC\14.44.35207\include\__msvc_string_view.hpp
注意: 包含文件:          C:\Program Files\Microsoft Visual Studio\2022\Community\VC\Tools\MSVC\14.44.35207\include\iosfwd
注意: 包含文件:       C:\Program Files\Microsoft Visual Studio\2022\Community\VC\Tools\MSVC\14.44.35207\include\xcall_once.h
注意: 包含文件:       C:\Program Files\Microsoft Visual Studio\2022\Community\VC\Tools\MSVC\14.44.35207\include\xerrc.h
注意: 包含文件:       C:\Program Files\Microsoft Visual Studio\2022\Community\VC\Tools\MSVC\14.44.35207\include\atomic
注意: 包含文件:        C:\Program Files\Microsoft Visual Studio\2022\Community\VC\Tools\MSVC\14.44.35207\include\xthreads.h
注意: 包含文件:         C:\Program Files\Microsoft Visual Studio\2022\Community\VC\Tools\MSVC\14.44.35207\include\__msvc_threads_core.hpp
注意: 包含文件:      C:\Program Files\Microsoft Visual Studio\2022\Community\VC\Tools\MSVC\14.44.35207\include\xfilesystem_abi.h
注意: 包含文件:     C:\Program Files\Microsoft Visual Studio\2022\Community\VC\Tools\MSVC\14.44.35207\include\iomanip
注意: 包含文件:      C:\Program Files\Microsoft Visual Studio\2022\Community\VC\Tools\MSVC\14.44.35207\include\istream
注意: 包含文件:       C:\Program Files\Microsoft Visual Studio\2022\Community\VC\Tools\MSVC\14.44.35207\include\__msvc_ostream.hpp
注意: 包含文件:        C:\Program Files\Microsoft Visual Studio\2022\Community\VC\Tools\MSVC\14.44.35207\include\ios
注意: 包含文件:         C:\Program Files\Microsoft Visual Studio\2022\Community\VC\Tools\MSVC\14.44.35207\include\xlocnum
注意: 包含文件:          C:\Program Files\Microsoft Visual Studio\2022\Community\VC\Tools\MSVC\14.44.35207\include\cmath
注意: 包含文件:          C:\Program Files\Microsoft Visual Studio\2022\Community\VC\Tools\MSVC\14.44.35207\include\iterator
注意: 包含文件:          C:\Program Files\Microsoft Visual Studio\2022\Community\VC\Tools\MSVC\14.44.35207\include\streambuf
注意: 包含文件:           C:\Program Files\Microsoft Visual Studio\2022\Community\VC\Tools\MSVC\14.44.35207\include\xiosbase
注意: 包含文件:            C:\Program Files (x86)\Windows Kits\10\include\10.0.26100.0\ucrt\share.h
注意: 包含文件:            C:\Program Files\Microsoft Visual Studio\2022\Community\VC\Tools\MSVC\14.44.35207\include\xlocale
注意: 包含文件:             C:\Program Files\Microsoft Visual Studio\2022\Community\VC\Tools\MSVC\14.44.35207\include\memory
注意: 包含文件:              C:\Program Files\Microsoft Visual Studio\2022\Community\VC\Tools\MSVC\14.44.35207\include\typeinfo
注意: 包含文件:               C:\Program Files\Microsoft Visual Studio\2022\Community\VC\Tools\MSVC\14.44.35207\include\vcruntime_typeinfo.h
注意: 包含文件:             C:\Program Files\Microsoft Visual Studio\2022\Community\VC\Tools\MSVC\14.44.35207\include\xfacet
注意: 包含文件:             C:\Program Files\Microsoft Visual Studio\2022\Community\VC\Tools\MSVC\14.44.35207\include\xlocinfo
注意: 包含文件:              C:\Program Files\Microsoft Visual Studio\2022\Community\VC\Tools\MSVC\14.44.35207\include\__msvc_xlocinfo_types.hpp
注意: 包含文件:              C:\Program Files\Microsoft Visual Studio\2022\Community\VC\Tools\MSVC\14.44.35207\include\cctype
注意: 包含文件:               C:\Program Files (x86)\Windows Kits\10\include\10.0.26100.0\ucrt\ctype.h
注意: 包含文件:              C:\Program Files\Microsoft Visual Studio\2022\Community\VC\Tools\MSVC\14.44.35207\include\clocale
注意: 包含文件:               C:\Program Files (x86)\Windows Kits\10\include\10.0.26100.0\ucrt\locale.h
注意: 包含文件:      C:\Program Files\Microsoft Visual Studio\2022\Community\VC\Tools\MSVC\14.44.35207\include\xlocmon
注意: 包含文件:      C:\Program Files\Microsoft Visual Studio\2022\Community\VC\Tools\MSVC\14.44.35207\include\xloctime
注意: 包含文件:     C:\Program Files\Microsoft Visual Studio\2022\Community\VC\Tools\MSVC\14.44.35207\include\locale
注意: 包含文件:      C:\Program Files\Microsoft Visual Studio\2022\Community\VC\Tools\MSVC\14.44.35207\include\xlocbuf
注意: 包含文件:      C:\Program Files\Microsoft Visual Studio\2022\Community\VC\Tools\MSVC\14.44.35207\include\xlocmes
注意: 包含文件:    C:\Program Files\Microsoft Visual Studio\2022\Community\VC\Tools\MSVC\14.44.35207\include\string
注意: 包含文件:  C:\Program Files\Microsoft Visual Studio\2022\Community\VC\Tools\MSVC\14.44.35207\include\numeric
注意: 包含文件:  C:\Program Files\Microsoft Visual Studio\2022\Community\VC\Tools\MSVC\14.44.35207\include\set
注意: 包含文件:   C:\Program Files\Microsoft Visual Studio\2022\Community\VC\Tools\MSVC\14.44.35207\include\xtree
注意: 包含文件:    C:\Program Files\Microsoft Visual Studio\2022\Community\VC\Tools\MSVC\14.44.35207\include\xnode_handle.h
C:\Program Files\Microsoft Visual Studio\2022\Community\VC\Tools\MSVC\14.44.35207\include\vector(1224): warning C4530: 使用了 C++ 异常处理程序，但未启用展开语义。请指定 /EHsc
C:\Program Files\Microsoft Visual Studio\2022\Community\VC\Tools\MSVC\14.44.35207\include\vector(1224): note: 模板实例化上下文(最早的实例化上下文)为
D:\parallel-global-stiffness-assembly-research-and-implementation\demos\csc3_symmetric_assembly_demo\tools\src\benchmark.cpp(270): note: 查看对正在编译的函数 模板 实例化“std::_Vector_iterator<std::_Vector_val<std::_Simple_types<_Ty>>> std::vector<_Ty,std::allocator<_Ty>>::insert<std::_Vector_const_iterator<std::_Vector_val<std::_Simple_types<_Ty>>>,0>(std::_Vector_const_iterator<std::_Vector_val<std::_Simple_types<_Ty>>>,_Iter,_Iter)”的引用
        with
        [
            _Ty=csc3_demo::ElementId,
            _Iter=std::_Vector_const_iterator<std::_Vector_val<std::_Simple_types<csc3_demo::ElementId>>>
        ]
D:\parallel-global-stiffness-assembly-research-and-implementation\demos\csc3_symmetric_assembly_demo\tools\src\benchmark.cpp(270): note: 请参阅 "csc3_demo::evidence::`anonymous-namespace'::canonicalize_topology" 中对 "std::vector<csc3_demo::ElementId,std::allocator<int>>::insert" 的第一个引用
C:\Program Files\Microsoft Visual Studio\2022\Community\VC\Tools\MSVC\14.44.35207\include\vector(1282): note: 查看对正在编译的函数 模板 实例化“void std::vector<csc3_demo::ElementId,std::allocator<int>>::_Insert_counted_range<const int*>(std::_Vector_const_iterator<std::_Vector_val<std::_Simple_types<_Ty>>>,_Iter,const unsigned __int64)”的引用
        with
        [
            _Ty=csc3_demo::ElementId,
            _Iter=const int *
        ]
[8/10] Building CXX object CMakeFiles\csc3_demo_evidence.dir\tools\src\benchmark_io.cpp.obj
注意: 包含文件:  D:\parallel-global-stiffness-assembly-research-and-implementation\demos\csc3_symmetric_assembly_demo\tools\include\csc3_demo_tools/benchmark.h
注意: 包含文件:   D:\parallel-global-stiffness-assembly-research-and-implementation\demos\csc3_symmetric_assembly_demo\include\csc3_demo/assembly_helper.h
注意: 包含文件:    C:\Program Files\Microsoft Visual Studio\2022\Community\VC\Tools\MSVC\14.44.35207\include\cstdint
注意: 包含文件:     C:\Program Files\Microsoft Visual Studio\2022\Community\VC\Tools\MSVC\14.44.35207\include\yvals_core.h
注意: 包含文件:      C:\Program Files\Microsoft Visual Studio\2022\Community\VC\Tools\MSVC\14.44.35207\include\vcruntime.h
注意: 包含文件:       C:\Program Files\Microsoft Visual Studio\2022\Community\VC\Tools\MSVC\14.44.35207\include\sal.h
注意: 包含文件:        C:\Program Files\Microsoft Visual Studio\2022\Community\VC\Tools\MSVC\14.44.35207\include\concurrencysal.h
注意: 包含文件:       C:\Program Files\Microsoft Visual Studio\2022\Community\VC\Tools\MSVC\14.44.35207\include\vadefs.h
注意: 包含文件:      C:\Program Files\Microsoft Visual Studio\2022\Community\VC\Tools\MSVC\14.44.35207\include\xkeycheck.h
注意: 包含文件:     C:\Program Files\Microsoft Visual Studio\2022\Community\VC\Tools\MSVC\14.44.35207\include\stdint.h
注意: 包含文件:    C:\Program Files\Microsoft Visual Studio\2022\Community\VC\Tools\MSVC\14.44.35207\include\vector
注意: 包含文件:     C:\Program Files\Microsoft Visual Studio\2022\Community\VC\Tools\MSVC\14.44.35207\include\__msvc_bit_utils.hpp
注意: 包含文件:      C:\Program Files\Microsoft Visual Studio\2022\Community\VC\Tools\MSVC\14.44.35207\include\climits
注意: 包含文件:       C:\Program Files\Microsoft Visual Studio\2022\Community\VC\Tools\MSVC\14.44.35207\include\limits.h
注意: 包含文件:      C:\Program Files\Microsoft Visual Studio\2022\Community\VC\Tools\MSVC\14.44.35207\include\xtr1common
注意: 包含文件:      C:\Program Files\Microsoft Visual Studio\2022\Community\VC\Tools\MSVC\14.44.35207\include\intrin0.h
注意: 包含文件:       C:\Program Files\Microsoft Visual Studio\2022\Community\VC\Tools\MSVC\14.44.35207\include\intrin0.inl.h
注意: 包含文件:     C:\Program Files\Microsoft Visual Studio\2022\Community\VC\Tools\MSVC\14.44.35207\include\__msvc_sanitizer_annotate_container.hpp
注意: 包含文件:     C:\Program Files\Microsoft Visual Studio\2022\Community\VC\Tools\MSVC\14.44.35207\include\xmemory
注意: 包含文件:      C:\Program Files\Microsoft Visual Studio\2022\Community\VC\Tools\MSVC\14.44.35207\include\cstdlib
注意: 包含文件:       C:\Program Files (x86)\Windows Kits\10\include\10.0.26100.0\ucrt\math.h
注意: 包含文件:        C:\Program Files (x86)\Windows Kits\10\include\10.0.26100.0\ucrt\corecrt_math.h
注意: 包含文件:         C:\Program Files (x86)\Windows Kits\10\include\10.0.26100.0\ucrt\corecrt.h
注意: 包含文件:       C:\Program Files (x86)\Windows Kits\10\include\10.0.26100.0\ucrt\stdlib.h
注意: 包含文件:        C:\Program Files (x86)\Windows Kits\10\include\10.0.26100.0\ucrt\corecrt_malloc.h
注意: 包含文件:        C:\Program Files (x86)\Windows Kits\10\include\10.0.26100.0\ucrt\corecrt_search.h
注意: 包含文件:         C:\Program Files (x86)\Windows Kits\10\include\10.0.26100.0\ucrt\stddef.h
注意: 包含文件:        C:\Program Files (x86)\Windows Kits\10\include\10.0.26100.0\ucrt\corecrt_wstdlib.h
注意: 包含文件:      C:\Program Files\Microsoft Visual Studio\2022\Community\VC\Tools\MSVC\14.44.35207\include\limits
注意: 包含文件:       C:\Program Files\Microsoft Visual Studio\2022\Community\VC\Tools\MSVC\14.44.35207\include\cfloat
注意: 包含文件:        C:\Program Files (x86)\Windows Kits\10\include\10.0.26100.0\ucrt\float.h
注意: 包含文件:       C:\Program Files\Microsoft Visual Studio\2022\Community\VC\Tools\MSVC\14.44.35207\include\cwchar
注意: 包含文件:        C:\Program Files\Microsoft Visual Studio\2022\Community\VC\Tools\MSVC\14.44.35207\include\cstdio
注意: 包含文件:         C:\Program Files (x86)\Windows Kits\10\include\10.0.26100.0\ucrt\stdio.h
注意: 包含文件:          C:\Program Files (x86)\Windows Kits\10\include\10.0.26100.0\ucrt\corecrt_wstdio.h
注意: 包含文件:           C:\Program Files (x86)\Windows Kits\10\include\10.0.26100.0\ucrt\corecrt_stdio_config.h
注意: 包含文件:        C:\Program Files (x86)\Windows Kits\10\include\10.0.26100.0\ucrt\wchar.h
注意: 包含文件:         C:\Program Files (x86)\Windows Kits\10\include\10.0.26100.0\ucrt\corecrt_memcpy_s.h
注意: 包含文件:          C:\Program Files (x86)\Windows Kits\10\include\10.0.26100.0\ucrt\errno.h
注意: 包含文件:          C:\Program Files\Microsoft Visual Studio\2022\Community\VC\Tools\MSVC\14.44.35207\include\vcruntime_string.h
注意: 包含文件:         C:\Program Files (x86)\Windows Kits\10\include\10.0.26100.0\ucrt\corecrt_wconio.h
注意: 包含文件:         C:\Program Files (x86)\Windows Kits\10\include\10.0.26100.0\ucrt\corecrt_wctype.h
注意: 包含文件:         C:\Program Files (x86)\Windows Kits\10\include\10.0.26100.0\ucrt\corecrt_wdirect.h
注意: 包含文件:         C:\Program Files (x86)\Windows Kits\10\include\10.0.26100.0\ucrt\corecrt_wio.h
注意: 包含文件:          C:\Program Files (x86)\Windows Kits\10\include\10.0.26100.0\ucrt\corecrt_share.h
注意: 包含文件:         C:\Program Files (x86)\Windows Kits\10\include\10.0.26100.0\ucrt\corecrt_wprocess.h
注意: 包含文件:         C:\Program Files (x86)\Windows Kits\10\include\10.0.26100.0\ucrt\corecrt_wstring.h
注意: 包含文件:         C:\Program Files (x86)\Windows Kits\10\include\10.0.26100.0\ucrt\corecrt_wtime.h
注意: 包含文件:         C:\Program Files (x86)\Windows Kits\10\include\10.0.26100.0\ucrt\sys/stat.h
注意: 包含文件:          C:\Program Files (x86)\Windows Kits\10\include\10.0.26100.0\ucrt\sys/types.h
注意: 包含文件:         C:\Program Files\Microsoft Visual Studio\2022\Community\VC\Tools\MSVC\14.44.35207\include\intrin.h
注意: 包含文件:          C:\Program Files\Microsoft Visual Studio\2022\Community\VC\Tools\MSVC\14.44.35207\include\setjmp.h
注意: 包含文件:          C:\Program Files\Microsoft Visual Studio\2022\Community\VC\Tools\MSVC\14.44.35207\include\immintrin.h
注意: 包含文件:           C:\Program Files\Microsoft Visual Studio\2022\Community\VC\Tools\MSVC\14.44.35207\include\wmmintrin.h
注意: 包含文件:            C:\Program Files\Microsoft Visual Studio\2022\Community\VC\Tools\MSVC\14.44.35207\include\nmmintrin.h
注意: 包含文件:             C:\Program Files\Microsoft Visual Studio\2022\Community\VC\Tools\MSVC\14.44.35207\include\smmintrin.h
注意: 包含文件:              C:\Program Files\Microsoft Visual Studio\2022\Community\VC\Tools\MSVC\14.44.35207\include\tmmintrin.h
注意: 包含文件:               C:\Program Files\Microsoft Visual Studio\2022\Community\VC\Tools\MSVC\14.44.35207\include\pmmintrin.h
注意: 包含文件:                C:\Program Files\Microsoft Visual Studio\2022\Community\VC\Tools\MSVC\14.44.35207\include\emmintrin.h
注意: 包含文件:                 C:\Program Files\Microsoft Visual Studio\2022\Community\VC\Tools\MSVC\14.44.35207\include\xmmintrin.h
注意: 包含文件:                  C:\Program Files\Microsoft Visual Studio\2022\Community\VC\Tools\MSVC\14.44.35207\include\mmintrin.h
注意: 包含文件:                  C:\Program Files (x86)\Windows Kits\10\include\10.0.26100.0\ucrt\malloc.h
注意: 包含文件:           C:\Program Files\Microsoft Visual Studio\2022\Community\VC\Tools\MSVC\14.44.35207\include\zmmintrin.h
注意: 包含文件:          C:\Program Files\Microsoft Visual Studio\2022\Community\VC\Tools\MSVC\14.44.35207\include\ammintrin.h
注意: 包含文件:      C:\Program Files\Microsoft Visual Studio\2022\Community\VC\Tools\MSVC\14.44.35207\include\new
注意: 包含文件:       C:\Program Files\Microsoft Visual Studio\2022\Community\VC\Tools\MSVC\14.44.35207\include\exception
注意: 包含文件:        C:\Program Files\Microsoft Visual Studio\2022\Community\VC\Tools\MSVC\14.44.35207\include\yvals.h
注意: 包含文件:         C:\Program Files (x86)\Windows Kits\10\include\10.0.26100.0\ucrt\crtdbg.h
注意: 包含文件:          C:\Program Files\Microsoft Visual Studio\2022\Community\VC\Tools\MSVC\14.44.35207\include\vcruntime_new_debug.h
注意: 包含文件:           C:\Program Files\Microsoft Visual Studio\2022\Community\VC\Tools\MSVC\14.44.35207\include\vcruntime_new.h
注意: 包含文件:         C:\Program Files\Microsoft Visual Studio\2022\Community\VC\Tools\MSVC\14.44.35207\include\crtdefs.h
注意: 包含文件:         C:\Program Files\Microsoft Visual Studio\2022\Community\VC\Tools\MSVC\14.44.35207\include\use_ansi.h
注意: 包含文件:        C:\Program Files\Microsoft Visual Studio\2022\Community\VC\Tools\MSVC\14.44.35207\include\type_traits
注意: 包含文件:         C:\Program Files\Microsoft Visual Studio\2022\Community\VC\Tools\MSVC\14.44.35207\include\cstddef
注意: 包含文件:         C:\Program Files\Microsoft Visual Studio\2022\Community\VC\Tools\MSVC\14.44.35207\include\cstring
注意: 包含文件:          C:\Program Files (x86)\Windows Kits\10\include\10.0.26100.0\ucrt\string.h
注意: 包含文件:           C:\Program Files (x86)\Windows Kits\10\include\10.0.26100.0\ucrt\corecrt_memory.h
注意: 包含文件:        C:\Program Files\Microsoft Visual Studio\2022\Community\VC\Tools\MSVC\14.44.35207\include\vcruntime_exception.h
注意: 包含文件:         C:\Program Files\Microsoft Visual Studio\2022\Community\VC\Tools\MSVC\14.44.35207\include\eh.h
注意: 包含文件:          C:\Program Files (x86)\Windows Kits\10\include\10.0.26100.0\ucrt\corecrt_terminate.h
注意: 包含文件:      C:\Program Files\Microsoft Visual Studio\2022\Community\VC\Tools\MSVC\14.44.35207\include\xatomic.h
注意: 包含文件:      C:\Program Files\Microsoft Visual Studio\2022\Community\VC\Tools\MSVC\14.44.35207\include\xutility
注意: 包含文件:       C:\Program Files\Microsoft Visual Studio\2022\Community\VC\Tools\MSVC\14.44.35207\include\__msvc_iter_core.hpp
注意: 包含文件:        C:\Program Files\Microsoft Visual Studio\2022\Community\VC\Tools\MSVC\14.44.35207\include\utility
注意: 包含文件:         C:\Program Files\Microsoft Visual Studio\2022\Community\VC\Tools\MSVC\14.44.35207\include\initializer_list
注意: 包含文件:     C:\Program Files\Microsoft Visual Studio\2022\Community\VC\Tools\MSVC\14.44.35207\include\xpolymorphic_allocator.h
注意: 包含文件:      C:\Program Files\Microsoft Visual Studio\2022\Community\VC\Tools\MSVC\14.44.35207\include\tuple
注意: 包含文件:   D:\parallel-global-stiffness-assembly-research-and-implementation\demos\csc3_symmetric_assembly_demo\tools\include\csc3_demo_tools/evidence.h
注意: 包含文件:    C:\Program Files\Microsoft Visual Studio\2022\Community\VC\Tools\MSVC\14.44.35207\include\filesystem
注意: 包含文件:     C:\Program Files\Microsoft Visual Studio\2022\Community\VC\Tools\MSVC\14.44.35207\include\algorithm
注意: 包含文件:      C:\Program Files\Microsoft Visual Studio\2022\Community\VC\Tools\MSVC\14.44.35207\include\__msvc_heap_algorithms.hpp
注意: 包含文件:      C:\Program Files\Microsoft Visual Studio\2022\Community\VC\Tools\MSVC\14.44.35207\include\__msvc_minmax.hpp
注意: 包含文件:     C:\Program Files\Microsoft Visual Studio\2022\Community\VC\Tools\MSVC\14.44.35207\include\chrono
注意: 包含文件:      C:\Program Files\Microsoft Visual Studio\2022\Community\VC\Tools\MSVC\14.44.35207\include\__msvc_chrono.hpp
注意: 包含文件:       C:\Program Files\Microsoft Visual Studio\2022\Community\VC\Tools\MSVC\14.44.35207\include\ctime
注意: 包含文件:        C:\Program Files (x86)\Windows Kits\10\include\10.0.26100.0\ucrt\time.h
注意: 包含文件:       C:\Program Files\Microsoft Visual Studio\2022\Community\VC\Tools\MSVC\14.44.35207\include\ratio
注意: 包含文件:       C:\Program Files\Microsoft Visual Studio\2022\Community\VC\Tools\MSVC\14.44.35207\include\xtimec.h
注意: 包含文件:      C:\Program Files\Microsoft Visual Studio\2022\Community\VC\Tools\MSVC\14.44.35207\include\system_error
注意: 包含文件:       C:\Program Files\Microsoft Visual Studio\2022\Community\VC\Tools\MSVC\14.44.35207\include\__msvc_system_error_abi.hpp
注意: 包含文件:       C:\Program Files\Microsoft Visual Studio\2022\Community\VC\Tools\MSVC\14.44.35207\include\cerrno
注意: 包含文件:       C:\Program Files\Microsoft Visual Studio\2022\Community\VC\Tools\MSVC\14.44.35207\include\stdexcept
注意: 包含文件:        C:\Program Files\Microsoft Visual Studio\2022\Community\VC\Tools\MSVC\14.44.35207\include\xstring
注意: 包含文件:         C:\Program Files\Microsoft Visual Studio\2022\Community\VC\Tools\MSVC\14.44.35207\include\__msvc_string_view.hpp
注意: 包含文件:          C:\Program Files\Microsoft Visual Studio\2022\Community\VC\Tools\MSVC\14.44.35207\include\iosfwd
注意: 包含文件:       C:\Program Files\Microsoft Visual Studio\2022\Community\VC\Tools\MSVC\14.44.35207\include\xcall_once.h
注意: 包含文件:       C:\Program Files\Microsoft Visual Studio\2022\Community\VC\Tools\MSVC\14.44.35207\include\xerrc.h
注意: 包含文件:       C:\Program Files\Microsoft Visual Studio\2022\Community\VC\Tools\MSVC\14.44.35207\include\atomic
注意: 包含文件:        C:\Program Files\Microsoft Visual Studio\2022\Community\VC\Tools\MSVC\14.44.35207\include\xthreads.h
注意: 包含文件:         C:\Program Files\Microsoft Visual Studio\2022\Community\VC\Tools\MSVC\14.44.35207\include\__msvc_threads_core.hpp
注意: 包含文件:      C:\Program Files\Microsoft Visual Studio\2022\Community\VC\Tools\MSVC\14.44.35207\include\xfilesystem_abi.h
注意: 包含文件:     C:\Program Files\Microsoft Visual Studio\2022\Community\VC\Tools\MSVC\14.44.35207\include\iomanip
注意: 包含文件:      C:\Program Files\Microsoft Visual Studio\2022\Community\VC\Tools\MSVC\14.44.35207\include\istream
注意: 包含文件:       C:\Program Files\Microsoft Visual Studio\2022\Community\VC\Tools\MSVC\14.44.35207\include\__msvc_ostream.hpp
注意: 包含文件:        C:\Program Files\Microsoft Visual Studio\2022\Community\VC\Tools\MSVC\14.44.35207\include\ios
注意: 包含文件:         C:\Program Files\Microsoft Visual Studio\2022\Community\VC\Tools\MSVC\14.44.35207\include\xlocnum
注意: 包含文件:          C:\Program Files\Microsoft Visual Studio\2022\Community\VC\Tools\MSVC\14.44.35207\include\cmath
注意: 包含文件:          C:\Program Files\Microsoft Visual Studio\2022\Community\VC\Tools\MSVC\14.44.35207\include\iterator
注意: 包含文件:          C:\Program Files\Microsoft Visual Studio\2022\Community\VC\Tools\MSVC\14.44.35207\include\streambuf
注意: 包含文件:           C:\Program Files\Microsoft Visual Studio\2022\Community\VC\Tools\MSVC\14.44.35207\include\xiosbase
注意: 包含文件:            C:\Program Files (x86)\Windows Kits\10\include\10.0.26100.0\ucrt\share.h
注意: 包含文件:            C:\Program Files\Microsoft Visual Studio\2022\Community\VC\Tools\MSVC\14.44.35207\include\xlocale
注意: 包含文件:             C:\Program Files\Microsoft Visual Studio\2022\Community\VC\Tools\MSVC\14.44.35207\include\memory
注意: 包含文件:              C:\Program Files\Microsoft Visual Studio\2022\Community\VC\Tools\MSVC\14.44.35207\include\typeinfo
注意: 包含文件:               C:\Program Files\Microsoft Visual Studio\2022\Community\VC\Tools\MSVC\14.44.35207\include\vcruntime_typeinfo.h
注意: 包含文件:             C:\Program Files\Microsoft Visual Studio\2022\Community\VC\Tools\MSVC\14.44.35207\include\xfacet
注意: 包含文件:             C:\Program Files\Microsoft Visual Studio\2022\Community\VC\Tools\MSVC\14.44.35207\include\xlocinfo
注意: 包含文件:              C:\Program Files\Microsoft Visual Studio\2022\Community\VC\Tools\MSVC\14.44.35207\include\__msvc_xlocinfo_types.hpp
注意: 包含文件:              C:\Program Files\Microsoft Visual Studio\2022\Community\VC\Tools\MSVC\14.44.35207\include\cctype
注意: 包含文件:               C:\Program Files (x86)\Windows Kits\10\include\10.0.26100.0\ucrt\ctype.h
注意: 包含文件:              C:\Program Files\Microsoft Visual Studio\2022\Community\VC\Tools\MSVC\14.44.35207\include\clocale
注意: 包含文件:               C:\Program Files (x86)\Windows Kits\10\include\10.0.26100.0\ucrt\locale.h
注意: 包含文件:      C:\Program Files\Microsoft Visual Studio\2022\Community\VC\Tools\MSVC\14.44.35207\include\xlocmon
注意: 包含文件:      C:\Program Files\Microsoft Visual Studio\2022\Community\VC\Tools\MSVC\14.44.35207\include\xloctime
注意: 包含文件:     C:\Program Files\Microsoft Visual Studio\2022\Community\VC\Tools\MSVC\14.44.35207\include\locale
注意: 包含文件:      C:\Program Files\Microsoft Visual Studio\2022\Community\VC\Tools\MSVC\14.44.35207\include\xlocbuf
注意: 包含文件:      C:\Program Files\Microsoft Visual Studio\2022\Community\VC\Tools\MSVC\14.44.35207\include\xlocmes
注意: 包含文件:    C:\Program Files\Microsoft Visual Studio\2022\Community\VC\Tools\MSVC\14.44.35207\include\string
注意: 包含文件:  C:\Program Files\Microsoft Visual Studio\2022\Community\VC\Tools\MSVC\14.44.35207\include\charconv
注意: 包含文件:   C:\Program Files\Microsoft Visual Studio\2022\Community\VC\Tools\MSVC\14.44.35207\include\xbit_ops.h
注意: 包含文件:   C:\Program Files\Microsoft Visual Studio\2022\Community\VC\Tools\MSVC\14.44.35207\include\xcharconv.h
注意: 包含文件:   C:\Program Files\Microsoft Visual Studio\2022\Community\VC\Tools\MSVC\14.44.35207\include\xcharconv_ryu.h
注意: 包含文件:    C:\Program Files\Microsoft Visual Studio\2022\Community\VC\Tools\MSVC\14.44.35207\include\xcharconv_ryu_tables.h
注意: 包含文件:   C:\Program Files\Microsoft Visual Studio\2022\Community\VC\Tools\MSVC\14.44.35207\include\xcharconv_tables.h
注意: 包含文件:  C:\Program Files\Microsoft Visual Studio\2022\Community\VC\Tools\MSVC\14.44.35207\include\fstream
注意: 包含文件:   C:\Program Files\Microsoft Visual Studio\2022\Community\VC\Tools\MSVC\14.44.35207\include\__msvc_filebuf.hpp
注意: 包含文件:  C:\Program Files\Microsoft Visual Studio\2022\Community\VC\Tools\MSVC\14.44.35207\include\ostream
注意: 包含文件:  C:\Program Files\Microsoft Visual Studio\2022\Community\VC\Tools\MSVC\14.44.35207\include\set
注意: 包含文件:   C:\Program Files\Microsoft Visual Studio\2022\Community\VC\Tools\MSVC\14.44.35207\include\xtree
注意: 包含文件:    C:\Program Files\Microsoft Visual Studio\2022\Community\VC\Tools\MSVC\14.44.35207\include\xnode_handle.h
注意: 包含文件:  C:\Program Files\Microsoft Visual Studio\2022\Community\VC\Tools\MSVC\14.44.35207\include\sstream
注意: 包含文件:  C:\Program Files (x86)\Windows Kits\10\include\10.0.26100.0\um\windows.h
注意: 包含文件:   C:\Program Files (x86)\Windows Kits\10\include\10.0.26100.0\shared\winapifamily.h
注意: 包含文件:    C:\Program Files (x86)\Windows Kits\10\include\10.0.26100.0\shared\winpackagefamily.h
注意: 包含文件:   C:\Program Files (x86)\Windows Kits\10\include\10.0.26100.0\shared\sdkddkver.h
注意: 包含文件:   C:\Program Files\Microsoft Visual Studio\2022\Community\VC\Tools\MSVC\14.44.35207\include\excpt.h
注意: 包含文件:   C:\Program Files\Microsoft Visual Studio\2022\Community\VC\Tools\MSVC\14.44.35207\include\stdarg.h
注意: 包含文件:   C:\Program Files (x86)\Windows Kits\10\include\10.0.26100.0\shared\windef.h
注意: 包含文件:    C:\Program Files (x86)\Windows Kits\10\include\10.0.26100.0\shared\minwindef.h
注意: 包含文件:     C:\Program Files (x86)\Windows Kits\10\include\10.0.26100.0\shared\specstrings.h
注意: 包含文件:      C:\Program Files (x86)\Windows Kits\10\include\10.0.26100.0\shared\specstrings_strict.h
注意: 包含文件:       C:\Program Files (x86)\Windows Kits\10\include\10.0.26100.0\shared\specstrings_undef.h
注意: 包含文件:      C:\Program Files (x86)\Windows Kits\10\include\10.0.26100.0\shared\driverspecs.h
注意: 包含文件:       C:\Program Files (x86)\Windows Kits\10\include\10.0.26100.0\shared\sdv_driverspecs.h
注意: 包含文件:     C:\Program Files (x86)\Windows Kits\10\include\10.0.26100.0\um\winnt.h
注意: 包含文件:      C:\Program Files (x86)\Windows Kits\10\include\10.0.26100.0\shared\kernelspecs.h
注意: 包含文件:      C:\Program Files (x86)\Windows Kits\10\include\10.0.26100.0\shared\basetsd.h
注意: 包含文件:      C:\Program Files (x86)\Windows Kits\10\include\10.0.26100.0\shared\guiddef.h
注意: 包含文件:      C:\Program Files (x86)\Windows Kits\10\include\10.0.26100.0\shared\pshpack4.h
注意: 包含文件:      C:\Program Files (x86)\Windows Kits\10\include\10.0.26100.0\shared\poppack.h
注意: 包含文件:      C:\Program Files (x86)\Windows Kits\10\include\10.0.26100.0\shared\pshpack4.h
注意: 包含文件:      C:\Program Files (x86)\Windows Kits\10\include\10.0.26100.0\shared\poppack.h
注意: 包含文件:      C:\Program Files (x86)\Windows Kits\10\include\10.0.26100.0\shared\pshpack4.h
注意: 包含文件:      C:\Program Files (x86)\Windows Kits\10\include\10.0.26100.0\shared\pshpack2.h
注意: 包含文件:      C:\Program Files (x86)\Windows Kits\10\include\10.0.26100.0\shared\poppack.h
注意: 包含文件:      C:\Program Files (x86)\Windows Kits\10\include\10.0.26100.0\shared\pshpack2.h
注意: 包含文件:      C:\Program Files (x86)\Windows Kits\10\include\10.0.26100.0\shared\pshpack2.h
注意: 包含文件:      C:\Program Files (x86)\Windows Kits\10\include\10.0.26100.0\shared\poppack.h
注意: 包含文件:      C:\Program Files (x86)\Windows Kits\10\include\10.0.26100.0\shared\poppack.h
注意: 包含文件:      C:\Program Files (x86)\Windows Kits\10\include\10.0.26100.0\shared\pshpack8.h
注意: 包含文件:      C:\Program Files (x86)\Windows Kits\10\include\10.0.26100.0\shared\poppack.h
注意: 包含文件:      C:\Program Files (x86)\Windows Kits\10\include\10.0.26100.0\shared\pshpack1.h
注意: 包含文件:      C:\Program Files (x86)\Windows Kits\10\include\10.0.26100.0\shared\poppack.h
注意: 包含文件:      C:\Program Files (x86)\Windows Kits\10\include\10.0.26100.0\shared\pshpack1.h
注意: 包含文件:      C:\Program Files (x86)\Windows Kits\10\include\10.0.26100.0\shared\poppack.h
注意: 包含文件:      C:\Program Files (x86)\Windows Kits\10\include\10.0.26100.0\shared\poppack.h
注意: 包含文件:      C:\Program Files (x86)\Windows Kits\10\include\10.0.26100.0\shared\apiset.h
注意: 包含文件:      C:\Program Files (x86)\Windows Kits\10\include\10.0.26100.0\shared\ktmtypes.h
注意: 包含文件:   C:\Program Files (x86)\Windows Kits\10\include\10.0.26100.0\um\winbase.h
注意: 包含文件:    C:\Program Files (x86)\Windows Kits\10\include\10.0.26100.0\shared\apisetcconv.h
注意: 包含文件:    C:\Program Files (x86)\Windows Kits\10\include\10.0.26100.0\um\minwinbase.h
注意: 包含文件:    C:\Program Files (x86)\Windows Kits\10\include\10.0.26100.0\um\apiquery2.h
注意: 包含文件:    C:\Program Files (x86)\Windows Kits\10\include\10.0.26100.0\um\processenv.h
注意: 包含文件:    C:\Program Files (x86)\Windows Kits\10\include\10.0.26100.0\um\fileapifromapp.h
注意: 包含文件:     C:\Program Files (x86)\Windows Kits\10\include\10.0.26100.0\um\fileapi.h
注意: 包含文件:    C:\Program Files (x86)\Windows Kits\10\include\10.0.26100.0\um\debugapi.h
注意: 包含文件:    C:\Program Files (x86)\Windows Kits\10\include\10.0.26100.0\um\utilapiset.h
注意: 包含文件:    C:\Program Files (x86)\Windows Kits\10\include\10.0.26100.0\um\handleapi.h
注意: 包含文件:    C:\Program Files (x86)\Windows Kits\10\include\10.0.26100.0\um\errhandlingapi.h
注意: 包含文件:    C:\Program Files (x86)\Windows Kits\10\include\10.0.26100.0\um\fibersapi.h
注意: 包含文件:    C:\Program Files (x86)\Windows Kits\10\include\10.0.26100.0\um\namedpipeapi.h
注意: 包含文件:    C:\Program Files (x86)\Windows Kits\10\include\10.0.26100.0\um\profileapi.h
注意: 包含文件:    C:\Program Files (x86)\Windows Kits\10\include\10.0.26100.0\um\heapapi.h
注意: 包含文件:    C:\Program Files (x86)\Windows Kits\10\include\10.0.26100.0\um\ioapiset.h
注意: 包含文件:    C:\Program Files (x86)\Windows Kits\10\include\10.0.26100.0\um\synchapi.h
注意: 包含文件:    C:\Program Files (x86)\Windows Kits\10\include\10.0.26100.0\um\interlockedapi.h
注意: 包含文件:    C:\Program Files (x86)\Windows Kits\10\include\10.0.26100.0\um\processthreadsapi.h
注意: 包含文件:    C:\Program Files (x86)\Windows Kits\10\include\10.0.26100.0\um\sysinfoapi.h
注意: 包含文件:    C:\Program Files (x86)\Windows Kits\10\include\10.0.26100.0\um\memoryapi.h
注意: 包含文件:    C:\Program Files (x86)\Windows Kits\10\include\10.0.26100.0\um\enclaveapi.h
注意: 包含文件:    C:\Program Files (x86)\Windows Kits\10\include\10.0.26100.0\um\threadpoollegacyapiset.h
注意: 包含文件:    C:\Program Files (x86)\Windows Kits\10\include\10.0.26100.0\um\threadpoolapiset.h
注意: 包含文件:    C:\Program Files (x86)\Windows Kits\10\include\10.0.26100.0\um\jobapi.h
注意: 包含文件:    C:\Program Files (x86)\Windows Kits\10\include\10.0.26100.0\um\jobapi2.h
注意: 包含文件:    C:\Program Files (x86)\Windows Kits\10\include\10.0.26100.0\um\wow64apiset.h
注意: 包含文件:    C:\Program Files (x86)\Windows Kits\10\include\10.0.26100.0\um\libloaderapi.h
注意: 包含文件:    C:\Program Files (x86)\Windows Kits\10\include\10.0.26100.0\um\securitybaseapi.h
注意: 包含文件:    C:\Program Files (x86)\Windows Kits\10\include\10.0.26100.0\um\namespaceapi.h
注意: 包含文件:    C:\Program Files (x86)\Windows Kits\10\include\10.0.26100.0\um\systemtopologyapi.h
注意: 包含文件:    C:\Program Files (x86)\Windows Kits\10\include\10.0.26100.0\um\processtopologyapi.h
注意: 包含文件:    C:\Program Files (x86)\Windows Kits\10\include\10.0.26100.0\um\securityappcontainer.h
注意: 包含文件:    C:\Program Files (x86)\Windows Kits\10\include\10.0.26100.0\um\realtimeapiset.h
注意: 包含文件:    C:\Program Files (x86)\Windows Kits\10\include\10.0.26100.0\shared\winerror.h
注意: 包含文件:    C:\Program Files (x86)\Windows Kits\10\include\10.0.26100.0\um\timezoneapi.h
注意: 包含文件:   C:\Program Files (x86)\Windows Kits\10\include\10.0.26100.0\um\wingdi.h
注意: 包含文件:    C:\Program Files (x86)\Windows Kits\10\include\10.0.26100.0\shared\pshpack1.h
注意: 包含文件:    C:\Program Files (x86)\Windows Kits\10\include\10.0.26100.0\shared\poppack.h
注意: 包含文件:    C:\Program Files (x86)\Windows Kits\10\include\10.0.26100.0\shared\pshpack2.h
注意: 包含文件:    C:\Program Files (x86)\Windows Kits\10\include\10.0.26100.0\shared\poppack.h
注意: 包含文件:    C:\Program Files (x86)\Windows Kits\10\include\10.0.26100.0\shared\pshpack2.h
注意: 包含文件:    C:\Program Files (x86)\Windows Kits\10\include\10.0.26100.0\shared\poppack.h
注意: 包含文件:    C:\Program Files (x86)\Windows Kits\10\include\10.0.26100.0\shared\pshpack4.h
注意: 包含文件:    C:\Program Files (x86)\Windows Kits\10\include\10.0.26100.0\shared\poppack.h
注意: 包含文件:    C:\Program Files (x86)\Windows Kits\10\include\10.0.26100.0\shared\pshpack4.h
注意: 包含文件:    C:\Program Files (x86)\Windows Kits\10\include\10.0.26100.0\shared\poppack.h
注意: 包含文件:   C:\Program Files (x86)\Windows Kits\10\include\10.0.26100.0\um\winuser.h
注意: 包含文件:    C:\Program Files (x86)\Windows Kits\10\include\10.0.26100.0\shared\pshpack2.h
注意: 包含文件:    C:\Program Files (x86)\Windows Kits\10\include\10.0.26100.0\shared\poppack.h
注意: 包含文件:    C:\Program Files (x86)\Windows Kits\10\include\10.0.26100.0\shared\tvout.h
注意: 包含文件:   C:\Program Files (x86)\Windows Kits\10\include\10.0.26100.0\um\winnls.h
注意: 包含文件:    C:\Program Files (x86)\Windows Kits\10\include\10.0.26100.0\um\datetimeapi.h
注意: 包含文件:    C:\Program Files (x86)\Windows Kits\10\include\10.0.26100.0\um\stringapiset.h
注意: 包含文件:     C:\Program Files (x86)\Windows Kits\10\include\10.0.26100.0\um\winnls.h
注意: 包含文件:   C:\Program Files (x86)\Windows Kits\10\include\10.0.26100.0\um\wincon.h
注意: 包含文件:    C:\Program Files (x86)\Windows Kits\10\include\10.0.26100.0\um\wincontypes.h
注意: 包含文件:    C:\Program Files (x86)\Windows Kits\10\include\10.0.26100.0\um\consoleapi.h
注意: 包含文件:    C:\Program Files (x86)\Windows Kits\10\include\10.0.26100.0\um\consoleapi2.h
注意: 包含文件:    C:\Program Files (x86)\Windows Kits\10\include\10.0.26100.0\um\consoleapi3.h
注意: 包含文件:   C:\Program Files (x86)\Windows Kits\10\include\10.0.26100.0\um\winver.h
注意: 包含文件:    C:\Program Files (x86)\Windows Kits\10\include\10.0.26100.0\um\verrsrc.h
注意: 包含文件:   C:\Program Files (x86)\Windows Kits\10\include\10.0.26100.0\um\winreg.h
注意: 包含文件:    C:\Program Files (x86)\Windows Kits\10\include\10.0.26100.0\um\reason.h
注意: 包含文件:   C:\Program Files (x86)\Windows Kits\10\include\10.0.26100.0\um\winnetwk.h
注意: 包含文件:    C:\Program Files (x86)\Windows Kits\10\include\10.0.26100.0\shared\wnnc.h
注意: 包含文件:   C:\Program Files (x86)\Windows Kits\10\include\10.0.26100.0\shared\cderr.h
注意: 包含文件:   C:\Program Files (x86)\Windows Kits\10\include\10.0.26100.0\um\dde.h
注意: 包含文件:   C:\Program Files (x86)\Windows Kits\10\include\10.0.26100.0\um\ddeml.h
注意: 包含文件:   C:\Program Files (x86)\Windows Kits\10\include\10.0.26100.0\um\dlgs.h
注意: 包含文件:   C:\Program Files (x86)\Windows Kits\10\include\10.0.26100.0\um\lzexpand.h
注意: 包含文件:   C:\Program Files (x86)\Windows Kits\10\include\10.0.26100.0\um\mmsystem.h
注意: 包含文件:    C:\Program Files (x86)\Windows Kits\10\include\10.0.26100.0\um\mmsyscom.h
注意: 包含文件:     C:\Program Files (x86)\Windows Kits\10\include\10.0.26100.0\shared\pshpack1.h
注意: 包含文件:     C:\Program Files (x86)\Windows Kits\10\include\10.0.26100.0\shared\poppack.h
注意: 包含文件:    C:\Program Files (x86)\Windows Kits\10\include\10.0.26100.0\shared\pshpack1.h
注意: 包含文件:    C:\Program Files (x86)\Windows Kits\10\include\10.0.26100.0\um\mciapi.h
注意: 包含文件:     C:\Program Files (x86)\Windows Kits\10\include\10.0.26100.0\um\mmsyscom.h
注意: 包含文件:    C:\Program Files (x86)\Windows Kits\10\include\10.0.26100.0\um\mmiscapi.h
注意: 包含文件:     C:\Program Files (x86)\Windows Kits\10\include\10.0.26100.0\um\mmsyscom.h
注意: 包含文件:    C:\Program Files (x86)\Windows Kits\10\include\10.0.26100.0\um\mmiscapi2.h
注意: 包含文件:     C:\Program Files (x86)\Windows Kits\10\include\10.0.26100.0\um\mmsyscom.h
注意: 包含文件:    C:\Program Files (x86)\Windows Kits\10\include\10.0.26100.0\um\playsoundapi.h
注意: 包含文件:     C:\Program Files (x86)\Windows Kits\10\include\10.0.26100.0\um\mmsyscom.h
注意: 包含文件:    C:\Program Files (x86)\Windows Kits\10\include\10.0.26100.0\um\mmeapi.h
注意: 包含文件:     C:\Program Files (x86)\Windows Kits\10\include\10.0.26100.0\um\mmsyscom.h
注意: 包含文件:    C:\Program Files (x86)\Windows Kits\10\include\10.0.26100.0\um\timeapi.h
注意: 包含文件:     C:\Program Files (x86)\Windows Kits\10\include\10.0.26100.0\um\mmsyscom.h
注意: 包含文件:    C:\Program Files (x86)\Windows Kits\10\include\10.0.26100.0\um\joystickapi.h
注意: 包含文件:     C:\Program Files (x86)\Windows Kits\10\include\10.0.26100.0\um\mmsyscom.h
注意: 包含文件:    C:\Program Files (x86)\Windows Kits\10\include\10.0.26100.0\shared\poppack.h
注意: 包含文件:   C:\Program Files (x86)\Windows Kits\10\include\10.0.26100.0\um\nb30.h
注意: 包含文件:   C:\Program Files (x86)\Windows Kits\10\include\10.0.26100.0\shared\rpc.h
注意: 包含文件:    C:\Program Files (x86)\Windows Kits\10\include\10.0.26100.0\shared\pshpack8.h
注意: 包含文件:    C:\Program Files (x86)\Windows Kits\10\include\10.0.26100.0\shared\rpcdce.h
注意: 包含文件:     C:\Program Files (x86)\Windows Kits\10\include\10.0.26100.0\shared\rpcdcep.h
注意: 包含文件:    C:\Program Files (x86)\Windows Kits\10\include\10.0.26100.0\um\rpcnsi.h
注意: 包含文件:    C:\Program Files (x86)\Windows Kits\10\include\10.0.26100.0\shared\rpcnterr.h
注意: 包含文件:    C:\Program Files (x86)\Windows Kits\10\include\10.0.26100.0\shared\rpcasync.h
注意: 包含文件:     C:\Program Files (x86)\Windows Kits\10\include\10.0.26100.0\shared\pshpack8.h
注意: 包含文件:     C:\Program Files (x86)\Windows Kits\10\include\10.0.26100.0\shared\poppack.h
注意: 包含文件:    C:\Program Files (x86)\Windows Kits\10\include\10.0.26100.0\shared\poppack.h
注意: 包含文件:   C:\Program Files (x86)\Windows Kits\10\include\10.0.26100.0\um\shellapi.h
注意: 包含文件:   C:\Program Files (x86)\Windows Kits\10\include\10.0.26100.0\um\winperf.h
注意: 包含文件:    C:\Program Files (x86)\Windows Kits\10\include\10.0.26100.0\shared\pshpack8.h
注意: 包含文件:    C:\Program Files (x86)\Windows Kits\10\include\10.0.26100.0\shared\poppack.h
注意: 包含文件:   C:\Program Files (x86)\Windows Kits\10\include\10.0.26100.0\um\winsock.h
注意: 包含文件:    C:\Program Files (x86)\Windows Kits\10\include\10.0.26100.0\shared\inaddr.h
注意: 包含文件:   C:\Program Files (x86)\Windows Kits\10\include\10.0.26100.0\um\wincrypt.h
注意: 包含文件:    C:\Program Files (x86)\Windows Kits\10\include\10.0.26100.0\shared\bcrypt.h
注意: 包含文件:    C:\Program Files (x86)\Windows Kits\10\include\10.0.26100.0\um\ncrypt.h
注意: 包含文件:    C:\Program Files (x86)\Windows Kits\10\include\10.0.26100.0\um\dpapi.h
注意: 包含文件:   C:\Program Files (x86)\Windows Kits\10\include\10.0.26100.0\um\winefs.h
注意: 包含文件:   C:\Program Files (x86)\Windows Kits\10\include\10.0.26100.0\um\winscard.h
注意: 包含文件:    C:\Program Files (x86)\Windows Kits\10\include\10.0.26100.0\shared\wtypes.h
注意: 包含文件:     C:\Program Files (x86)\Windows Kits\10\include\10.0.26100.0\shared\rpcndr.h
注意: 包含文件:      C:\Program Files (x86)\Windows Kits\10\include\10.0.26100.0\shared\pshpack8.h
注意: 包含文件:      C:\Program Files (x86)\Windows Kits\10\include\10.0.26100.0\um\rpcnsip.h
注意: 包含文件:      C:\Program Files (x86)\Windows Kits\10\include\10.0.26100.0\shared\rpcsal.h
注意: 包含文件:      C:\Program Files (x86)\Windows Kits\10\include\10.0.26100.0\shared\poppack.h
注意: 包含文件:     C:\Program Files (x86)\Windows Kits\10\include\10.0.26100.0\shared\wtypesbase.h
注意: 包含文件:      C:\Program Files (x86)\Windows Kits\10\include\10.0.26100.0\shared\guiddef.h
注意: 包含文件:    C:\Program Files (x86)\Windows Kits\10\include\10.0.26100.0\um\winioctl.h
注意: 包含文件:     C:\Program Files (x86)\Windows Kits\10\include\10.0.26100.0\shared\pshpack1.h
注意: 包含文件:     C:\Program Files (x86)\Windows Kits\10\include\10.0.26100.0\shared\poppack.h
注意: 包含文件:     C:\Program Files (x86)\Windows Kits\10\include\10.0.26100.0\shared\pshpack1.h
注意: 包含文件:     C:\Program Files (x86)\Windows Kits\10\include\10.0.26100.0\shared\poppack.h
注意: 包含文件:     C:\Program Files (x86)\Windows Kits\10\include\10.0.26100.0\shared\pshpack1.h
注意: 包含文件:     C:\Program Files (x86)\Windows Kits\10\include\10.0.26100.0\shared\poppack.h
注意: 包含文件:     C:\Program Files (x86)\Windows Kits\10\include\10.0.26100.0\shared\pshpack1.h
注意: 包含文件:     C:\Program Files (x86)\Windows Kits\10\include\10.0.26100.0\shared\poppack.h
注意: 包含文件:     C:\Program Files (x86)\Windows Kits\10\include\10.0.26100.0\shared\pshpack1.h
注意: 包含文件:     C:\Program Files (x86)\Windows Kits\10\include\10.0.26100.0\shared\poppack.h
注意: 包含文件:     C:\Program Files (x86)\Windows Kits\10\include\10.0.26100.0\shared\pshpack1.h
注意: 包含文件:     C:\Program Files (x86)\Windows Kits\10\include\10.0.26100.0\shared\poppack.h
注意: 包含文件:     C:\Program Files (x86)\Windows Kits\10\include\10.0.26100.0\shared\pshpack1.h
注意: 包含文件:     C:\Program Files (x86)\Windows Kits\10\include\10.0.26100.0\shared\poppack.h
注意: 包含文件:    C:\Program Files (x86)\Windows Kits\10\include\10.0.26100.0\shared\winsmcrd.h
注意: 包含文件:   C:\Program Files (x86)\Windows Kits\10\include\10.0.26100.0\um\winspool.h
注意: 包含文件:    C:\Program Files (x86)\Windows Kits\10\include\10.0.26100.0\um\prsht.h
注意: 包含文件:     C:\Program Files (x86)\Windows Kits\10\include\10.0.26100.0\shared\pshpack8.h
注意: 包含文件:     C:\Program Files (x86)\Windows Kits\10\include\10.0.26100.0\shared\poppack.h
注意: 包含文件:   C:\Program Files (x86)\Windows Kits\10\include\10.0.26100.0\um\ole2.h
注意: 包含文件:    C:\Program Files (x86)\Windows Kits\10\include\10.0.26100.0\shared\pshpack8.h
注意: 包含文件:    C:\Program Files (x86)\Windows Kits\10\include\10.0.26100.0\um\objbase.h
注意: 包含文件:     C:\Program Files (x86)\Windows Kits\10\include\10.0.26100.0\shared\pshpack8.h
注意: 包含文件:     C:\Program Files (x86)\Windows Kits\10\include\10.0.26100.0\um\combaseapi.h
注意: 包含文件:      C:\Program Files (x86)\Windows Kits\10\include\10.0.26100.0\shared\pshpack8.h
注意: 包含文件:      C:\Program Files (x86)\Windows Kits\10\include\10.0.26100.0\um\unknwnbase.h
注意: 包含文件:      C:\Program Files (x86)\Windows Kits\10\include\10.0.26100.0\um\objidlbase.h
注意: 包含文件:      C:\Program Files (x86)\Windows Kits\10\include\10.0.26100.0\shared\guiddef.h
注意: 包含文件:      C:\Program Files (x86)\Windows Kits\10\include\10.0.26100.0\um\cguid.h
注意: 包含文件:      C:\Program Files (x86)\Windows Kits\10\include\10.0.26100.0\shared\poppack.h
注意: 包含文件:     C:\Program Files (x86)\Windows Kits\10\include\10.0.26100.0\um\coml2api.h
注意: 包含文件:      C:\Program Files (x86)\Windows Kits\10\include\10.0.26100.0\um\objidl.h
注意: 包含文件:       C:\Program Files (x86)\Windows Kits\10\include\10.0.26100.0\um\unknwn.h
注意: 包含文件:      C:\Program Files (x86)\Windows Kits\10\include\10.0.26100.0\um\propidlbase.h
注意: 包含文件:       C:\Program Files (x86)\Windows Kits\10\include\10.0.26100.0\um\oaidl.h
注意: 包含文件:     C:\Program Files (x86)\Windows Kits\10\include\10.0.26100.0\um\urlmon.h
注意: 包含文件:      C:\Program Files (x86)\Windows Kits\10\include\10.0.26100.0\um\oleidl.h
注意: 包含文件:      C:\Program Files (x86)\Windows Kits\10\include\10.0.26100.0\um\servprov.h
注意: 包含文件:      C:\Program Files (x86)\Windows Kits\10\include\10.0.26100.0\um\msxml.h
注意: 包含文件:     C:\Program Files (x86)\Windows Kits\10\include\10.0.26100.0\um\propidl.h
注意: 包含文件:     C:\Program Files (x86)\Windows Kits\10\include\10.0.26100.0\shared\poppack.h
注意: 包含文件:    C:\Program Files (x86)\Windows Kits\10\include\10.0.26100.0\um\oleauto.h
注意: 包含文件:     C:\Program Files (x86)\Windows Kits\10\include\10.0.26100.0\shared\pshpack8.h
注意: 包含文件:     C:\Program Files (x86)\Windows Kits\10\include\10.0.26100.0\shared\poppack.h
注意: 包含文件:    C:\Program Files (x86)\Windows Kits\10\include\10.0.26100.0\shared\poppack.h
注意: 包含文件:   C:\Program Files (x86)\Windows Kits\10\include\10.0.26100.0\um\commdlg.h
注意: 包含文件:    C:\Program Files (x86)\Windows Kits\10\include\10.0.26100.0\um\prsht.h
注意: 包含文件:   C:\Program Files (x86)\Windows Kits\10\include\10.0.26100.0\shared\stralign.h
注意: 包含文件:   C:\Program Files (x86)\Windows Kits\10\include\10.0.26100.0\um\winsvc.h
注意: 包含文件:   C:\Program Files (x86)\Windows Kits\10\include\10.0.26100.0\um\mcx.h
注意: 包含文件:   C:\Program Files (x86)\Windows Kits\10\include\10.0.26100.0\um\imm.h
注意: 包含文件:    C:\Program Files (x86)\Windows Kits\10\include\10.0.26100.0\um\ime_cmodes.h
D:\parallel-global-stiffness-assembly-research-and-implementation\demos\csc3_symmetric_assembly_demo\tools\src\benchmark_io.cpp(1246): warning C4530: 使用了 C++ 异常处理程序，但未启用展开语义。请指定 /EHsc
[9/10] Linking CXX static library lib\csc3_demo_evidence.lib
[10/10] Linking CXX executable bin\csc3_demo_benchmark.exe
