schema_version,sample_id,sample_kind,round,order_position,thread_count,pid,started_at_utc,ended_at_utc,wall_time_seconds,exit_code,peak_working_set_bytes,peak_working_set_source,symbolic_team_size_observed,numeric_team_size_observed,input_prepare_ms,serial_symbolic_ms,serial_numeric_ms,serial_total_ms,parallel_symbolic_ms,parallel_numeric_ms,parallel_total_ms,estimated_persistent_bytes,relative_frobenius_error,max_absolute_error,structure_matches,matrix_correctness_status,scatter_correctness_status,symbolic_plan_matches_serial,numeric_setup_plan_matches_serial,raw_csv_path,raw_json_path,stdout_log_path,stderr_log_path,symbolic_pattern_ms,symbolic_scatter_ms,symbolic_residual_ms,numeric_reset_ms,numeric_kernel_ms,numeric_residual_ms
csc3-demo-linux-process-benchmark-v1,warmup-r01-o01-p01,warmup,1,1,1,1485206,2026-07-30T12:25:10.396153Z,2026-07-30T12:25:24.977743Z,14.581591473994195,0,5136146432,wait4.ru_maxrss,1,1,1226.047496,3331.832714,144.241863,3476.0745770000003,2966.12893,525.310207,3491.439137,945274680,0.0,0.0,True,PASS,PASS,True,True,raw/warmup-r01-o01-p01/benchmark_samples.csv,raw/warmup-r01-o01-p01/benchmark_summary.json,raw/warmup-r01-o01-p01/stdout.txt,raw/warmup-r01-o01-p01/stderr.txt,1720.281103,1159.129387,86.71843999999987,6.032338,397.274862,122.00300700000003
csc3-demo-linux-process-benchmark-v1,warmup-r01-o02-p02,warmup,1,2,2,1485374,2026-07-30T12:25:24.980735Z,2026-07-30T12:25:36.860345Z,11.879614208999556,0,5136007168,wait4.ru_maxrss,2,2,1213.276725,3338.530766,144.342064,3482.87283,1775.691655,277.902727,2053.594382,945274680,9.164689954754607e-18,0.00390625,True,PASS,PASS,True,True,raw/warmup-r01-o02-p02/benchmark_samples.csv,raw/warmup-r01-o02-p02/benchmark_summary.json,raw/warmup-r01-o02-p02/stdout.txt,raw/warmup-r01-o02-p02/stderr.txt,985.885259,697.334408,92.47198800000001,3.512884,209.77592,64.61392300000003
csc3-demo-linux-process-benchmark-v1,warmup-r01-o03-p03,warmup,1,3,3,1485512,2026-07-30T12:25:36.864039Z,2026-07-30T12:25:47.890065Z,11.026030736000394,0,5136134144,wait4.ru_maxrss,3,3,1220.054308,3318.354699,144.783964,3463.138663,1386.715263,203.173641,1589.8889040000001,945274680,1.27721579417506e-17,0.0048828125,True,PASS,PASS,True,True,raw/warmup-r01-o03-p03/benchmark_samples.csv,raw/warmup-r01-o03-p03/benchmark_summary.json,raw/warmup-r01-o03-p03/stdout.txt,raw/warmup-r01-o03-p03/stderr.txt,753.685754,542.935816,90.09369300000003,2.32467,154.305983,46.54298800000001
csc3-demo-linux-process-benchmark-v1,warmup-r01-o04-p04,warmup,1,4,4,1485676,2026-07-30T12:25:47.893630Z,2026-07-30T12:25:58.518671Z,10.62504518199421,0,5135785984,wait4.ru_maxrss,4,4,1220.71302,3339.756746,145.2094,3484.966146,1188.52202,168.778664,1357.300684,945274680,1.735060109298488e-17,0.005859375,True,PASS,PASS,True,True,raw/warmup-r01-o04-p04/benchmark_samples.csv,raw/warmup-r01-o04-p04/benchmark_summary.json,raw/warmup-r01-o04-p04/stdout.txt,raw/warmup-r01-o04-p04/stderr.txt,624.870641,462.178049,101.47333000000015,2.002776,127.977701,38.798186999999984
csc3-demo-linux-process-benchmark-v1,warmup-r01-o05-p05,warmup,1,5,5,1485791,2026-07-30T12:25:58.521562Z,2026-07-30T12:26:08.919989Z,10.39843154999835,0,5135859712,wait4.ru_maxrss,5,5,1212.532278,3337.2032,145.866802,3483.070002,1089.389779,146.264161,1235.6539400000001,945274680,9.145215180594433e-17,0.005859375,True,PASS,PASS,True,True,raw/warmup-r01-o05-p05/benchmark_samples.csv,raw/warmup-r01-o05-p05/benchmark_summary.json,raw/warmup-r01-o05-p05/stdout.txt,raw/warmup-r01-o05-p05/stderr.txt,574.435349,415.171044,99.78338600000012,2.088918,109.689048,34.486194999999995
csc3-demo-linux-process-benchmark-v1,warmup-r01-o06-p06,warmup,1,6,6,1485918,2026-07-30T12:26:08.922864Z,2026-07-30T12:26:19.081041Z,10.158181684993906,0,5135597568,wait4.ru_maxrss,6,6,1209.35474,3333.313377,144.9736,3478.2869769999998,979.092755,134.573857,1113.666612,945274680,1.5099094596063192e-17,0.005859375,True,PASS,PASS,True,True,raw/warmup-r01-o06-p06/benchmark_samples.csv,raw/warmup-r01-o06-p06/benchmark_summary.json,raw/warmup-r01-o06-p06/stdout.txt,raw/warmup-r01-o06-p06/stderr.txt,494.478303,386.32928,98.28517200000005,2.050634,100.050295,32.472927999999996
csc3-demo-linux-process-benchmark-v1,warmup-r01-o07-p07,warmup,1,7,7,1486058,2026-07-30T12:26:19.085106Z,2026-07-30T12:26:29.245088Z,10.159985208985745,0,5135732736,wait4.ru_maxrss,7,7,1242.402525,3365.828155,145.209246,3511.037401,936.569201,123.569879,1060.13908,945274680,1.0880618295663776e-16,0.0068359375,True,PASS,PASS,True,True,raw/warmup-r01-o07-p07/benchmark_samples.csv,raw/warmup-r01-o07-p07/benchmark_summary.json,raw/warmup-r01-o07-p07/stdout.txt,raw/warmup-r01-o07-p07/stderr.txt,474.547931,360.767527,101.25374300000004,1.953753,89.947364,31.668762
csc3-demo-linux-process-benchmark-v1,warmup-r01-o08-p08,warmup,1,8,8,1486194,2026-07-30T12:26:29.248674Z,2026-07-30T12:26:39.263785Z,10.015116390000912,0,5135904768,wait4.ru_maxrss,8,8,1238.94911,3332.638866,144.142733,3476.781599,895.70109,115.807293,1011.508383,945274680,9.814061732439054e-17,0.005859375,True,PASS,PASS,True,True,raw/warmup-r01-o08-p08/benchmark_samples.csv,raw/warmup-r01-o08-p08/benchmark_summary.json,raw/warmup-r01-o08-p08/stdout.txt,raw/warmup-r01-o08-p08/stderr.txt,458.711949,344.715333,92.27380800000003,2.005266,83.507773,30.294253999999995
csc3-demo-linux-process-benchmark-v1,warmup-r01-o09-p09,warmup,1,9,9,1486318,2026-07-30T12:26:39.267494Z,2026-07-30T12:26:49.380197Z,10.112704700004542,0,5135994880,wait4.ru_maxrss,9,9,1242.183625,3365.409495,146.961881,3512.371376,902.726226,118.1716,1020.897826,945274680,1.1645930625742395e-16,0.005859375,True,PASS,PASS,True,True,raw/warmup-r01-o09-p09/benchmark_samples.csv,raw/warmup-r01-o09-p09/benchmark_summary.json,raw/warmup-r01-o09-p09/stdout.txt,raw/warmup-r01-o09-p09/stderr.txt,452.209399,352.26729,98.24953699999998,2.175849,86.315101,29.68065
csc3-demo-linux-process-benchmark-v1,warmup-r01-o10-p10,warmup,1,10,10,1486435,2026-07-30T12:26:49.382868Z,2026-07-30T12:26:59.330784Z,9.94791836400691,0,5135880192,wait4.ru_maxrss,10,10,1223.699472,3319.805886,145.059652,3464.865538,860.822084,115.376047,976.198131,945274680,1.279358411692129e-16,0.0068359375,True,PASS,PASS,True,True,raw/warmup-r01-o10-p10/benchmark_samples.csv,raw/warmup-r01-o10-p10/benchmark_summary.json,raw/warmup-r01-o10-p10/stdout.txt,raw/warmup-r01-o10-p10/stderr.txt,416.49066,341.541525,102.78989900000005,2.335838,84.134585,28.905624000000003
csc3-demo-linux-process-benchmark-v1,warmup-r01-o11-p11,warmup,1,11,11,1486558,2026-07-30T12:26:59.333536Z,2026-07-30T12:27:09.196881Z,9.86334984000132,0,5136064512,wait4.ru_maxrss,11,11,1225.766964,3335.218354,144.580235,3479.798589,821.373411,115.014025,936.387436,945274680,1.3653061984891453e-16,0.0068359375,True,PASS,PASS,True,True,raw/warmup-r01-o11-p11/benchmark_samples.csv,raw/warmup-r01-o11-p11/benchmark_summary.json,raw/warmup-r01-o11-p11/stdout.txt,raw/warmup-r01-o11-p11/stderr.txt,395.364608,334.743847,91.26495600000004,2.604185,82.209378,30.200462
csc3-demo-linux-process-benchmark-v1,warmup-r01-o12-p12,warmup,1,12,12,1486704,2026-07-30T12:27:09.199682Z,2026-07-30T12:27:19.124422Z,9.924743590992875,0,5135745024,wait4.ru_maxrss,12,12,1250.559388,3385.584617,144.225311,3529.809928,807.204403,116.944716,924.1491189999999,945274680,2.1076924327435722e-17,0.005859375,True,PASS,PASS,True,True,raw/warmup-r01-o12-p12/benchmark_samples.csv,raw/warmup-r01-o12-p12/benchmark_summary.json,raw/warmup-r01-o12-p12/stdout.txt,raw/warmup-r01-o12-p12/stderr.txt,375.868016,331.608802,99.72758499999992,2.493992,86.035425,28.41529899999999
csc3-demo-linux-process-benchmark-v1,warmup-r01-o13-p13,warmup,1,13,13,1486832,2026-07-30T12:27:19.127464Z,2026-07-30T12:27:29.038357Z,9.910897556997952,0,5135855616,wait4.ru_maxrss,13,13,1244.05001,3404.001471,146.457072,3550.458543,785.480492,109.419898,894.90039,945274680,1.4590246655407473e-16,0.0068359375,True,PASS,PASS,True,True,raw/warmup-r01-o13-p13/benchmark_samples.csv,raw/warmup-r01-o13-p13/benchmark_summary.json,raw/warmup-r01-o13-p13/stdout.txt,raw/warmup-r01-o13-p13/stderr.txt,365.583867,319.705735,100.19089000000002,2.416904,80.000906,27.002088
csc3-demo-linux-process-benchmark-v1,warmup-r01-o14-p14,warmup,1,14,14,1486952,2026-07-30T12:27:29.041402Z,2026-07-30T12:27:38.927914Z,9.886515282996697,0,5135982592,wait4.ru_maxrss,14,14,1246.566726,3376.925744,151.846071,3528.771815,772.619856,107.167604,879.78746,945274680,1.49047732128268e-16,0.0078125,True,PASS,PASS,True,True,raw/warmup-r01-o14-p14/benchmark_samples.csv,raw/warmup-r01-o14-p14/benchmark_summary.json,raw/warmup-r01-o14-p14/stdout.txt,raw/warmup-r01-o14-p14/stderr.txt,365.234774,314.589729,92.79535300000003,2.412162,78.537658,26.21778400000001
csc3-demo-linux-process-benchmark-v1,warmup-r01-o15-p15,warmup,1,15,15,1487088,2026-07-30T12:27:38.930930Z,2026-07-30T12:27:48.683785Z,9.752859772008378,0,5135937536,wait4.ru_maxrss,15,15,1231.505523,3326.097924,145.037412,3471.1353360000003,765.856264,101.649502,867.505766,945274680,1.481699096482416e-16,0.0078125,True,PASS,PASS,True,True,raw/warmup-r01-o15-p15/benchmark_samples.csv,raw/warmup-r01-o15-p15/benchmark_summary.json,raw/warmup-r01-o15-p15/stdout.txt,raw/warmup-r01-o15-p15/stderr.txt,353.837396,310.279023,101.739845,2.578848,73.619922,25.450732000000002
csc3-demo-linux-process-benchmark-v1,warmup-r01-o16-p16,warmup,1,16,16,1487236,2026-07-30T12:27:48.686767Z,2026-07-30T12:27:58.502951Z,9.816188662996865,0,5135761408,wait4.ru_maxrss,16,16,1247.503274,3351.803766,145.578134,3497.3819,769.299839,102.778287,872.078126,945274680,1.4886024480898477e-16,0.005859375,True,PASS,PASS,True,True,raw/warmup-r01-o16-p16/benchmark_samples.csv,raw/warmup-r01-o16-p16/benchmark_summary.json,raw/warmup-r01-o16-p16/stdout.txt,raw/warmup-r01-o16-p16/stderr.txt,350.836141,317.241221,101.22247700000003,2.581051,75.557925,24.639311000000006
csc3-demo-linux-process-benchmark-v1,warmup-r01-o17-p17,warmup,1,17,17,1487359,2026-07-30T12:27:58.505858Z,2026-07-30T12:28:08.234549Z,9.72869587301102,0,5135851520,wait4.ru_maxrss,17,17,1237.335181,3332.508018,146.302067,3478.810085,742.052258,98.488784,840.5410420000001,945274680,1.528472106307593e-16,0.005859375,True,PASS,PASS,True,True,raw/warmup-r01-o17-p17/benchmark_samples.csv,raw/warmup-r01-o17-p17/benchmark_summary.json,raw/warmup-r01-o17-p17/stdout.txt,raw/warmup-r01-o17-p17/stderr.txt,347.800688,303.41938,90.83219000000008,2.389207,71.59052,24.509057
csc3-demo-linux-process-benchmark-v1,warmup-r01-o18-p18,warmup,1,18,18,1487506,2026-07-30T12:28:08.238082Z,2026-07-30T12:28:18.126002Z,9.887923842994496,0,5135896576,wait4.ru_maxrss,18,18,1256.962535,3415.929643,150.68727,3566.616913,757.286161,109.115932,866.402093,945274680,1.5130433789339936e-16,0.0068359375,True,PASS,PASS,True,True,raw/warmup-r01-o18-p18/benchmark_samples.csv,raw/warmup-r01-o18-p18/benchmark_summary.json,raw/warmup-r01-o18-p18/stdout.txt,raw/warmup-r01-o18-p18/stderr.txt,349.344861,303.748361,104.19293900000002,2.468491,82.725953,23.921487999999997
csc3-demo-linux-process-benchmark-v1,warmup-r01-o19-p19,warmup,1,19,19,1487654,2026-07-30T12:28:18.129190Z,2026-07-30T12:28:27.928592Z,9.799405765006668,0,5135933440,wait4.ru_maxrss,19,19,1239.960445,3352.697563,144.918287,3497.61585,747.230182,127.891092,875.121274,945274680,1.485455425465941e-16,0.0078125,True,PASS,PASS,True,True,raw/warmup-r01-o19-p19/benchmark_samples.csv,raw/warmup-r01-o19-p19/benchmark_summary.json,raw/warmup-r01-o19-p19/stdout.txt,raw/warmup-r01-o19-p19/stderr.txt,352.037542,304.398073,90.79456700000003,3.571939,89.889858,34.429294999999996
csc3-demo-linux-process-benchmark-v1,warmup-r01-o20-p20,warmup,1,20,20,1487778,2026-07-30T12:28:27.931536Z,2026-07-30T12:28:37.821257Z,9.889724188004038,0,5135978496,wait4.ru_maxrss,20,20,1259.89774,3395.863497,149.266726,3545.1302229999997,754.918852,107.2535,862.172352,945274680,1.4566264288026402e-16,0.005859375,True,PASS,PASS,True,True,raw/warmup-r01-o20-p20/benchmark_samples.csv,raw/warmup-r01-o20-p20/benchmark_summary.json,raw/warmup-r01-o20-p20/stdout.txt,raw/warmup-r01-o20-p20/stderr.txt,349.811804,304.218241,100.88880700000004,2.55665,78.320999,26.375850999999997
csc3-demo-linux-process-benchmark-v1,warmup-r02-o01-p20,warmup,2,1,20,1487921,2026-07-30T12:28:37.824161Z,2026-07-30T12:28:47.674012Z,9.849854618994868,0,5135863808,wait4.ru_maxrss,20,20,1267.552043,3384.520113,146.072779,3530.592892,743.88717,107.042835,850.9300049999999,945274680,1.501363486099033e-16,0.0078125,True,PASS,PASS,True,True,raw/warmup-r02-o01-p20/benchmark_samples.csv,raw/warmup-r02-o01-p20/benchmark_summary.json,raw/warmup-r02-o01-p20/stdout.txt,raw/warmup-r02-o01-p20/stderr.txt,338.952187,310.994247,93.94073600000002,3.056223,77.533108,26.453503999999995
csc3-demo-linux-process-benchmark-v1,warmup-r02-o02-p19,warmup,2,2,19,1488071,2026-07-30T12:28:47.677626Z,2026-07-30T12:28:57.530913Z,9.85329049298889,0,5135900672,wait4.ru_maxrss,19,19,1253.743485,3378.676946,146.336653,3525.013599,758.9216,105.012911,863.934511,945274680,1.4832325724818065e-16,0.0078125,True,PASS,PASS,True,True,raw/warmup-r02-o02-p19/benchmark_samples.csv,raw/warmup-r02-o02-p19/benchmark_summary.json,raw/warmup-r02-o02-p19/stdout.txt,raw/warmup-r02-o02-p19/stderr.txt,348.007943,308.984328,101.929329,2.774723,77.870473,24.367715000000004
csc3-demo-linux-process-benchmark-v1,warmup-r02-o03-p18,warmup,2,3,18,1488196,2026-07-30T12:28:57.534021Z,2026-07-30T12:29:07.275160Z,9.74114226999518,0,5136064512,wait4.ru_maxrss,18,18,1242.228748,3365.427824,145.936419,3511.364243,741.000176,100.571927,841.572103,945274680,1.4926527733528256e-16,0.0068359375,True,PASS,PASS,True,True,raw/warmup-r02-o03-p18/benchmark_samples.csv,raw/warmup-r02-o03-p18/benchmark_summary.json,raw/warmup-r02-o03-p18/stdout.txt,raw/warmup-r02-o03-p18/stderr.txt,347.89571,299.568205,93.53626100000002,2.778038,73.540115,24.253774000000007
csc3-demo-linux-process-benchmark-v1,warmup-r02-o04-p17,warmup,2,4,17,1488331,2026-07-30T12:29:07.278248Z,2026-07-30T12:29:17.186999Z,9.908753470008378,0,5135900672,wait4.ru_maxrss,17,17,1258.007223,3393.540967,152.020903,3545.56187,762.822468,108.619945,871.442413,945274680,1.5321397011995824e-16,0.0068359375,True,PASS,PASS,True,True,raw/warmup-r02-o04-p17/benchmark_samples.csv,raw/warmup-r02-o04-p17/benchmark_summary.json,raw/warmup-r02-o04-p17/stdout.txt,raw/warmup-r02-o04-p17/stderr.txt,355.408138,305.785698,101.62863199999993,2.821168,79.879718,25.919059000000004
csc3-demo-linux-process-benchmark-v1,warmup-r02-o05-p16,warmup,2,5,16,1488457,2026-07-30T12:29:17.190593Z,2026-07-30T12:29:26.996279Z,9.805690110006253,0,5135986688,wait4.ru_maxrss,16,16,1245.841387,3345.857672,145.73703,3491.5947020000003,753.791873,102.64617,856.438043,945274680,1.467679233921039e-16,0.005859375,True,PASS,PASS,True,True,raw/warmup-r02-o05-p16/benchmark_samples.csv,raw/warmup-r02-o05-p16/benchmark_summary.json,raw/warmup-r02-o05-p16/stdout.txt,raw/warmup-r02-o05-p16/stderr.txt,353.795008,308.245491,91.751374,2.534568,75.356496,24.755105999999998
csc3-demo-linux-process-benchmark-v1,warmup-r02-o06-p15,warmup,2,6,15,1488598,2026-07-30T12:29:26.999820Z,2026-07-30T12:29:36.894383Z,9.894568196003092,0,5135659008,wait4.ru_maxrss,15,15,1258.006032,3398.166174,145.650113,3543.816287,768.154726,104.400019,872.554745,945274680,1.5137113758187824e-16,0.0078125,True,PASS,PASS,True,True,raw/warmup-r02-o06-p15/benchmark_samples.csv,raw/warmup-r02-o06-p15/benchmark_summary.json,raw/warmup-r02-o06-p15/stdout.txt,raw/warmup-r02-o06-p15/stderr.txt,358.010168,311.041203,99.10335499999997,2.571077,76.343887,25.485055000000003
csc3-demo-linux-process-benchmark-v1,warmup-r02-o07-p14,warmup,2,7,14,1488749,2026-07-30T12:29:36.897521Z,2026-07-30T12:29:46.777097Z,9.879579462998663,0,5135974400,wait4.ru_maxrss,14,14,1251.151918,3384.941601,145.86837,3530.809971,767.222114,106.961175,874.1832890000001,945274680,1.5106857002359714e-16,0.0078125,True,PASS,PASS,True,True,raw/warmup-r02-o07-p14/benchmark_samples.csv,raw/warmup-r02-o07-p14/benchmark_summary.json,raw/warmup-r02-o07-p14/stdout.txt,raw/warmup-r02-o07-p14/stderr.txt,360.40396,315.08142,91.73673400000007,2.454294,78.100184,26.406696999999994
csc3-demo-linux-process-benchmark-v1,warmup-r02-o08-p13,warmup,2,8,13,1488874,2026-07-30T12:29:46.780603Z,2026-07-30T12:29:56.754886Z,9.97428710499662,0,5135904768,wait4.ru_maxrss,13,13,1254.911939,3421.819277,149.702563,3571.52184,789.844126,117.492575,907.336701,945274680,1.467766114957637e-16,0.0068359375,True,PASS,PASS,True,True,raw/warmup-r02-o08-p13/benchmark_samples.csv,raw/warmup-r02-o08-p13/benchmark_summary.json,raw/warmup-r02-o08-p13/stdout.txt,raw/warmup-r02-o08-p13/stderr.txt,369.099279,320.546861,100.19798599999996,2.518078,88.067137,26.907359999999997
csc3-demo-linux-process-benchmark-v1,warmup-r02-o09-p12,warmup,2,9,12,1488981,2026-07-30T12:29:56.758127Z,2026-07-30T12:30:06.682677Z,9.92455298799905,0,5136027648,wait4.ru_maxrss,12,12,1254.972537,3395.079989,145.904238,3540.984227,802.220833,118.352726,920.5735589999999,945274680,1.9067600668883668e-17,0.005859375,True,PASS,PASS,True,True,raw/warmup-r02-o09-p12/benchmark_samples.csv,raw/warmup-r02-o09-p12/benchmark_summary.json,raw/warmup-r02-o09-p12/stdout.txt,raw/warmup-r02-o09-p12/stderr.txt,377.46517,324.416527,100.339136,2.528019,88.278817,27.54589
csc3-demo-linux-process-benchmark-v1,warmup-r02-o10-p11,warmup,2,10,11,1489134,2026-07-30T12:30:06.685950Z,2026-07-30T12:30:16.706956Z,10.02100978900853,0,5136183296,wait4.ru_maxrss,11,11,1258.0611,3384.932051,146.709733,3531.641784,833.61792,114.889435,948.5073550000001,945274680,1.3654484089810008e-16,0.0068359375,True,PASS,PASS,True,True,raw/warmup-r02-o10-p11/benchmark_samples.csv,raw/warmup-r02-o10-p11/benchmark_summary.json,raw/warmup-r02-o10-p11/stdout.txt,raw/warmup-r02-o10-p11/stderr.txt,395.687158,335.583412,102.34735,2.409517,84.05151,28.42840800000002
csc3-demo-linux-process-benchmark-v1,warmup-r02-o11-p10,warmup,2,11,10,1489265,2026-07-30T12:30:16.710225Z,2026-07-30T12:30:26.788954Z,10.07873271999415,0,5135986688,wait4.ru_maxrss,10,10,1250.425214,3404.359999,146.301947,3550.6619459999997,850.908741,117.847827,968.756568,945274680,1.2793483497273476e-16,0.0068359375,True,PASS,PASS,True,True,raw/warmup-r02-o11-p10/benchmark_samples.csv,raw/warmup-r02-o11-p10/benchmark_summary.json,raw/warmup-r02-o11-p10/stdout.txt,raw/warmup-r02-o11-p10/stderr.txt,420.25003,338.522724,92.135987,2.443204,85.70787,29.696753
csc3-demo-linux-process-benchmark-v1,warmup-r02-o12-p09,warmup,2,12,9,1489403,2026-07-30T12:30:26.792497Z,2026-07-30T12:30:36.759596Z,9.9671025229909,0,5135712256,wait4.ru_maxrss,9,9,1245.327804,3300.692236,145.382564,3446.0748,881.812644,118.945334,1000.757978,945274680,1.1646506899453512e-16,0.005859375,True,PASS,PASS,True,True,raw/warmup-r02-o12-p09/benchmark_samples.csv,raw/warmup-r02-o12-p09/benchmark_summary.json,raw/warmup-r02-o12-p09/stdout.txt,raw/warmup-r02-o12-p09/stderr.txt,438.132026,353.1816,90.49901799999998,2.260893,86.474448,30.20999300000001
csc3-demo-linux-process-benchmark-v1,warmup-r02-o13-p08,warmup,2,13,8,1489550,2026-07-30T12:30:36.763643Z,2026-07-30T12:30:46.865738Z,10.10209815899725,0,5135925248,wait4.ru_maxrss,8,8,1246.947439,3378.906009,146.109709,3525.0157179999997,902.741786,114.811669,1017.553455,945274680,9.81138765275696e-17,0.005859375,True,PASS,PASS,True,True,raw/warmup-r02-o13-p08/benchmark_samples.csv,raw/warmup-r02-o13-p08/benchmark_summary.json,raw/warmup-r02-o13-p08/stdout.txt,raw/warmup-r02-o13-p08/stderr.txt,463.300908,347.617357,91.82352100000003,2.112038,82.602131,30.097499999999997
csc3-demo-linux-process-benchmark-v1,warmup-r02-o14-p07,warmup,2,14,7,1489695,2026-07-30T12:30:46.869282Z,2026-07-30T12:30:57.093759Z,10.224480135002523,0,5135757312,wait4.ru_maxrss,7,7,1252.978969,3380.958868,145.730956,3526.689824,937.427637,123.483619,1060.911256,945274680,1.0881494867896026e-16,0.0068359375,True,PASS,PASS,True,True,raw/warmup-r02-o14-p07/benchmark_samples.csv,raw/warmup-r02-o14-p07/benchmark_summary.json,raw/warmup-r02-o14-p07/stdout.txt,raw/warmup-r02-o14-p07/stderr.txt,475.711571,361.454056,100.26201000000003,1.987519,90.320839,31.175260999999992
csc3-demo-linux-process-benchmark-v1,warmup-r02-o15-p06,warmup,2,15,6,1489822,2026-07-30T12:30:57.097587Z,2026-07-30T12:31:07.383909Z,10.28632516200014,0,5135650816,wait4.ru_maxrss,6,6,1257.740631,3382.236213,148.043721,3530.279934,974.702387,134.133527,1108.835914,945274680,1.494937146637089e-17,0.00390625,True,PASS,PASS,True,True,raw/warmup-r02-o15-p06/benchmark_samples.csv,raw/warmup-r02-o15-p06/benchmark_summary.json,raw/warmup-r02-o15-p06/stdout.txt,raw/warmup-r02-o15-p06/stderr.txt,495.99563,384.590635,94.11612200000002,2.191832,98.448977,33.49271799999998
csc3-demo-linux-process-benchmark-v1,warmup-r02-o16-p05,warmup,2,16,5,1489963,2026-07-30T12:31:07.387252Z,2026-07-30T12:31:17.773044Z,10.385795883994433,0,5135740928,wait4.ru_maxrss,5,5,1232.385336,3320.20239,145.900125,3466.102515,1078.361511,147.951005,1226.312516,945274680,9.145465722862178e-17,0.005859375,True,PASS,PASS,True,True,raw/warmup-r02-o16-p05/benchmark_samples.csv,raw/warmup-r02-o16-p05/benchmark_summary.json,raw/warmup-r02-o16-p05/stdout.txt,raw/warmup-r02-o16-p05/stderr.txt,572.906901,414.131272,91.32333800000009,2.083768,110.969239,34.897998000000015
csc3-demo-linux-process-benchmark-v1,warmup-r02-o17-p04,warmup,2,17,4,1490096,2026-07-30T12:31:17.776775Z,2026-07-30T12:31:28.499172Z,10.722401285995147,0,5135822848,wait4.ru_maxrss,4,4,1246.696875,3372.550014,146.054126,3518.60414,1181.387783,167.981564,1349.3693469999998,945274680,1.7303843327943072e-17,0.005859375,True,PASS,PASS,True,True,raw/warmup-r02-o17-p04/benchmark_samples.csv,raw/warmup-r02-o17-p04/benchmark_summary.json,raw/warmup-r02-o17-p04/stdout.txt,raw/warmup-r02-o17-p04/stderr.txt,623.515765,464.95009,92.92192799999992,2.056955,127.209321,38.715288
csc3-demo-linux-process-benchmark-v1,warmup-r02-o18-p03,warmup,2,18,3,1490208,2026-07-30T12:31:28.502801Z,2026-07-30T12:31:39.709880Z,11.207083863002481,0,5135609856,wait4.ru_maxrss,3,3,1253.285102,3363.297051,146.897643,3510.194694,1410.007506,206.343037,1616.350543,945274680,1.3045831941804485e-17,0.00390625,True,PASS,PASS,True,True,raw/warmup-r02-o18-p03/benchmark_samples.csv,raw/warmup-r02-o18-p03/benchmark_summary.json,raw/warmup-r02-o18-p03/stdout.txt,raw/warmup-r02-o18-p03/stderr.txt,758.813686,549.729639,101.46418099999994,2.291373,156.909568,47.14209600000001
csc3-demo-linux-process-benchmark-v1,warmup-r02-o19-p02,warmup,2,19,2,1490352,2026-07-30T12:31:39.714048Z,2026-07-30T12:31:51.806186Z,12.092142071996932,0,5135966208,wait4.ru_maxrss,2,2,1261.517083,3395.581592,147.659523,3543.241115,1795.100354,280.67225,2075.772604,945274680,8.709711680774042e-18,0.00390625,True,PASS,PASS,True,True,raw/warmup-r02-o19-p02/benchmark_samples.csv,raw/warmup-r02-o19-p02/benchmark_summary.json,raw/warmup-r02-o19-p02/stdout.txt,raw/warmup-r02-o19-p02/stderr.txt,1001.537373,693.820355,99.74262599999997,3.812931,210.884791,65.97452800000002
csc3-demo-linux-process-benchmark-v1,warmup-r02-o20-p01,warmup,2,20,1,1490518,2026-07-30T12:31:51.810028Z,2026-07-30T12:32:06.714100Z,14.904076752005494,0,5136076800,wait4.ru_maxrss,1,1,1259.324727,3393.554287,149.378161,3542.932448,3045.545783,537.527581,3583.073364,945274680,0.0,0.0,True,PASS,PASS,True,True,raw/warmup-r02-o20-p01/benchmark_samples.csv,raw/warmup-r02-o20-p01/benchmark_summary.json,raw/warmup-r02-o20-p01/stdout.txt,raw/warmup-r02-o20-p01/stderr.txt,1772.671468,1177.862001,95.01231400000006,6.001859,406.219373,125.30634900000007
csc3-demo-linux-process-benchmark-v1,measured-r01-o01-p01,measured,1,1,1,1490691,2026-07-30T12:32:06.718362Z,2026-07-30T12:32:21.586522Z,14.868163204999291,0,5135831040,wait4.ru_maxrss,1,1,1254.457571,3400.454584,148.33731,3548.791894,3021.07807,536.177168,3557.255238,945274680,0.0,0.0,True,PASS,PASS,True,True,raw/measured-r01-o01-p01/benchmark_samples.csv,raw/measured-r01-o01-p01/benchmark_summary.json,raw/measured-r01-o01-p01/stdout.txt,raw/measured-r01-o01-p01/stderr.txt,1760.423406,1172.415,88.23966399999995,6.097006,405.728483,124.3516790000001
csc3-demo-linux-process-benchmark-v1,measured-r01-o02-p02,measured,1,2,2,1490877,2026-07-30T12:32:21.590267Z,2026-07-30T12:32:33.558387Z,11.968125087005319,0,5136175104,wait4.ru_maxrss,2,2,1236.782393,3341.342255,145.486925,3486.82918,1798.494158,281.61995,2080.1141079999998,945274680,9.607358470073706e-18,0.0048828125,True,PASS,PASS,True,True,raw/measured-r01-o02-p02/benchmark_samples.csv,raw/measured-r01-o02-p02/benchmark_summary.json,raw/measured-r01-o02-p02/stdout.txt,raw/measured-r01-o02-p02/stderr.txt,1007.472504,699.637677,91.38397699999996,3.379229,211.890725,66.349996
csc3-demo-linux-process-benchmark-v1,measured-r01-o03-p03,measured,1,3,3,1491031,2026-07-30T12:32:33.561988Z,2026-07-30T12:32:44.773152Z,11.211168531997828,0,5135732736,wait4.ru_maxrss,3,3,1252.063562,3371.949918,153.742729,3525.692647,1401.433493,204.661077,1606.09457,945274680,1.3175562129324192e-17,0.00390625,True,PASS,PASS,True,True,raw/measured-r01-o03-p03/benchmark_samples.csv,raw/measured-r01-o03-p03/benchmark_summary.json,raw/measured-r01-o03-p03/stdout.txt,raw/measured-r01-o03-p03/stderr.txt,757.035409,545.541987,98.85609700000009,2.330655,155.3792,46.951222
csc3-demo-linux-process-benchmark-v1,measured-r01-o04-p04,measured,1,4,4,1491157,2026-07-30T12:32:44.776729Z,2026-07-30T12:32:55.584873Z,10.808148497992079,0,5135933440,wait4.ru_maxrss,4,4,1258.185662,3394.955753,150.725216,3545.680969,1186.131525,169.46755,1355.599075,945274680,1.7126834509731634e-17,0.005859375,True,PASS,PASS,True,True,raw/measured-r01-o04-p04/benchmark_samples.csv,raw/measured-r01-o04-p04/benchmark_summary.json,raw/measured-r01-o04-p04/stdout.txt,raw/measured-r01-o04-p04/stderr.txt,625.408138,462.992355,97.73103200000003,2.126376,127.689034,39.65213999999999
csc3-demo-linux-process-benchmark-v1,measured-r01-o05-p05,measured,1,5,5,1491300,2026-07-30T12:32:55.588966Z,2026-07-30T12:33:06.008953Z,10.41999227499764,0,5135749120,wait4.ru_maxrss,5,5,1232.788165,3327.912094,144.406525,3472.3186189999997,1082.414746,147.010052,1229.424798,945274680,9.144373537672772e-17,0.005859375,True,PASS,PASS,True,True,raw/measured-r01-o05-p05/benchmark_samples.csv,raw/measured-r01-o05-p05/benchmark_summary.json,raw/measured-r01-o05-p05/stdout.txt,raw/measured-r01-o05-p05/stderr.txt,576.159992,415.335844,90.91890999999993,2.2216,109.473736,35.314716000000004
csc3-demo-linux-process-benchmark-v1,measured-r01-o06-p06,measured,1,6,6,1491426,2026-07-30T12:33:06.012627Z,2026-07-30T12:33:16.331818Z,10.319195028001559,0,5135839232,wait4.ru_maxrss,6,6,1254.622287,3394.51644,146.619387,3541.135827,966.651773,133.09355,1099.745323,945274680,1.54965072282063e-17,0.00390625,True,PASS,PASS,True,True,raw/measured-r01-o06-p06/benchmark_samples.csv,raw/measured-r01-o06-p06/benchmark_summary.json,raw/measured-r01-o06-p06/stdout.txt,raw/measured-r01-o06-p06/stderr.txt,491.036222,384.241482,91.37406900000002,1.972147,98.375996,32.745406999999986
csc3-demo-linux-process-benchmark-v1,measured-r01-o07-p07,measured,1,7,7,1491553,2026-07-30T12:33:16.336068Z,2026-07-30T12:33:26.383363Z,10.047300186997745,0,5135806464,wait4.ru_maxrss,7,7,1230.310222,3300.362391,145.341846,3445.704237,935.275929,124.322242,1059.598171,945274680,1.0880730241922854e-16,0.0068359375,True,PASS,PASS,True,True,raw/measured-r01-o07-p07/benchmark_samples.csv,raw/measured-r01-o07-p07/benchmark_summary.json,raw/measured-r01-o07-p07/stdout.txt,raw/measured-r01-o07-p07/stderr.txt,471.271878,373.033604,90.97044699999998,2.223015,90.806908,31.292318999999992
csc3-demo-linux-process-benchmark-v1,measured-r01-o08-p08,measured,1,8,8,1491694,2026-07-30T12:33:26.387380Z,2026-07-30T12:33:36.544309Z,10.156931174002239,0,5135691776,wait4.ru_maxrss,8,8,1246.692855,3391.674866,145.548906,3537.223772,908.56538,117.746886,1026.312266,945274680,9.817533677944047e-17,0.005859375,True,PASS,PASS,True,True,raw/measured-r01-o08-p08/benchmark_samples.csv,raw/measured-r01-o08-p08/benchmark_summary.json,raw/measured-r01-o08-p08/stdout.txt,raw/measured-r01-o08-p08/stderr.txt,458.427386,357.313911,92.82408299999997,2.065402,84.795912,30.885571999999996
csc3-demo-linux-process-benchmark-v1,measured-r01-o09-p09,measured,1,9,9,1491823,2026-07-30T12:33:36.548814Z,2026-07-30T12:33:46.688628Z,10.139818231007666,0,5135798272,wait4.ru_maxrss,9,9,1250.64208,3370.838916,149.573672,3520.412588,904.630317,115.091734,1019.722051,945274680,1.1649841669153589e-16,0.005859375,True,PASS,PASS,True,True,raw/measured-r01-o09-p09/benchmark_samples.csv,raw/measured-r01-o09-p09/benchmark_summary.json,raw/measured-r01-o09-p09/stdout.txt,raw/measured-r01-o09-p09/stderr.txt,448.001222,357.114433,99.51466199999999,2.127912,83.225617,29.738205000000008
csc3-demo-linux-process-benchmark-v1,measured-r01-o10-p10,measured,1,10,10,1491989,2026-07-30T12:33:46.692557Z,2026-07-30T12:33:56.713227Z,10.02067362300295,0,5136162816,wait4.ru_maxrss,10,10,1236.965499,3353.857032,146.050783,3499.907815,868.114064,116.442162,984.5562259999999,945274680,1.2797444967912336e-16,0.0068359375,True,PASS,PASS,True,True,raw/measured-r01-o10-p10/benchmark_samples.csv,raw/measured-r01-o10-p10/benchmark_summary.json,raw/measured-r01-o10-p10/stdout.txt,raw/measured-r01-o10-p10/stderr.txt,424.913168,350.280107,92.92078900000001,2.300627,84.810235,29.331299999999985
csc3-demo-linux-process-benchmark-v1,measured-r01-o11-p11,measured,1,11,11,1492125,2026-07-30T12:33:56.717170Z,2026-07-30T12:34:06.594548Z,9.87738223899214,0,5135970304,wait4.ru_maxrss,11,11,1239.09139,3338.856379,145.548526,3484.404905,820.213506,116.368473,936.581979,945274680,1.364678959070472e-16,0.0068359375,True,PASS,PASS,True,True,raw/measured-r01-o11-p11/benchmark_samples.csv,raw/measured-r01-o11-p11/benchmark_summary.json,raw/measured-r01-o11-p11/stdout.txt,raw/measured-r01-o11-p11/stderr.txt,393.411007,334.075133,92.72736600000007,2.28172,84.66924,29.417512999999985
csc3-demo-linux-process-benchmark-v1,measured-r01-o12-p12,measured,1,12,12,1492249,2026-07-30T12:34:06.598103Z,2026-07-30T12:34:16.414019Z,9.815919329994358,0,5135880192,wait4.ru_maxrss,12,12,1244.559254,3325.669744,146.974136,3472.6438799999996,791.804888,113.173261,904.978149,945274680,2.127236194163409e-17,0.005859375,True,PASS,PASS,True,True,raw/measured-r01-o12-p12/benchmark_samples.csv,raw/measured-r01-o12-p12/benchmark_summary.json,raw/measured-r01-o12-p12/stdout.txt,raw/measured-r01-o12-p12/stderr.txt,372.866797,326.803319,92.134772,2.411417,83.071717,27.69012699999999
csc3-demo-linux-process-benchmark-v1,measured-r01-o13-p13,measured,1,13,13,1492365,2026-07-30T12:34:16.417622Z,2026-07-30T12:34:26.281978Z,9.864359529994545,0,5135818752,wait4.ru_maxrss,13,13,1244.718856,3360.7782,146.224696,3507.002896,781.79687,111.243223,893.0400930000001,945274680,1.4586156562609332e-16,0.0068359375,True,PASS,PASS,True,True,raw/measured-r01-o13-p13/benchmark_samples.csv,raw/measured-r01-o13-p13/benchmark_summary.json,raw/measured-r01-o13-p13/stdout.txt,raw/measured-r01-o13-p13/stderr.txt,366.399206,323.96615,91.43151399999999,2.436246,81.672293,27.134684000000007
csc3-demo-linux-process-benchmark-v1,measured-r01-o14-p14,measured,1,14,14,1492483,2026-07-30T12:34:26.285877Z,2026-07-30T12:34:36.181980Z,9.896105927997269,0,5135978496,wait4.ru_maxrss,14,14,1257.706435,3368.104998,146.430442,3514.5354399999997,769.909459,106.486838,876.396297,945274680,1.4845313713657511e-16,0.0078125,True,PASS,PASS,True,True,raw/measured-r01-o14-p14/benchmark_samples.csv,raw/measured-r01-o14-p14/benchmark_summary.json,raw/measured-r01-o14-p14/stdout.txt,raw/measured-r01-o14-p14/stderr.txt,364.223262,313.893333,91.79286400000001,2.749923,77.311404,26.425511000000014
csc3-demo-linux-process-benchmark-v1,measured-r01-o15-p15,measured,1,15,15,1492633,2026-07-30T12:34:36.185869Z,2026-07-30T12:34:46.096600Z,9.9107343370124,0,5135941632,wait4.ru_maxrss,15,15,1271.300565,3389.089314,147.729791,3536.819105,769.764884,102.411162,872.176046,945274680,1.507195691413843e-16,0.005859375,True,PASS,PASS,True,True,raw/measured-r01-o15-p15/benchmark_samples.csv,raw/measured-r01-o15-p15/benchmark_summary.json,raw/measured-r01-o15-p15/stdout.txt,raw/measured-r01-o15-p15/stderr.txt,363.049945,313.732612,92.98232700000005,2.488024,74.679513,25.24362500000001
csc3-demo-linux-process-benchmark-v1,measured-r01-o16-p16,measured,1,16,16,1492762,2026-07-30T12:34:46.100138Z,2026-07-30T12:34:55.937082Z,9.836948533004033,0,5135826944,wait4.ru_maxrss,16,16,1255.946084,3367.186466,145.64304,3512.829506,758.862686,101.986193,860.848879,945274680,1.5377070308250195e-16,0.0068359375,True,PASS,PASS,True,True,raw/measured-r01-o16-p16/benchmark_samples.csv,raw/measured-r01-o16-p16/benchmark_summary.json,raw/measured-r01-o16-p16/stdout.txt,raw/measured-r01-o16-p16/stderr.txt,350.299349,308.046767,100.51657000000006,2.805694,74.164017,25.016481999999996
csc3-demo-linux-process-benchmark-v1,measured-r01-o17-p17,measured,1,17,17,1492891,2026-07-30T12:34:55.940213Z,2026-07-30T12:35:05.837768Z,9.897559413002455,0,5135884288,wait4.ru_maxrss,17,17,1263.372972,3394.106949,147.251816,3541.358765,772.259162,99.936339,872.1955009999999,945274680,1.5248377032191225e-16,0.0068359375,True,PASS,PASS,True,True,raw/measured-r01-o17-p17/benchmark_samples.csv,raw/measured-r01-o17-p17/benchmark_summary.json,raw/measured-r01-o17-p17/stdout.txt,raw/measured-r01-o17-p17/stderr.txt,351.314412,319.483799,101.46095099999997,2.743081,72.542502,24.650756
csc3-demo-linux-process-benchmark-v1,measured-r01-o18-p18,measured,1,18,18,1493038,2026-07-30T12:35:05.840920Z,2026-07-30T12:35:15.604022Z,9.76310735300649,0,5135863808,wait4.ru_maxrss,18,18,1250.729124,3342.422426,145.433191,3487.855617,739.722799,104.012976,843.735775,945274680,1.4828824033329466e-16,0.0068359375,True,PASS,PASS,True,True,raw/measured-r01-o18-p18/benchmark_samples.csv,raw/measured-r01-o18-p18/benchmark_summary.json,raw/measured-r01-o18-p18/stdout.txt,raw/measured-r01-o18-p18/stderr.txt,347.21778,302.013257,90.491762,2.479632,75.512163,26.021181
csc3-demo-linux-process-benchmark-v1,measured-r01-o19-p19,measured,1,19,19,1493172,2026-07-30T12:35:15.607182Z,2026-07-30T12:35:25.389094Z,9.781915972009301,0,5135982592,wait4.ru_maxrss,19,19,1242.614731,3347.212426,145.174629,3492.387055,742.790549,104.513259,847.3038080000001,945274680,1.507840838388943e-16,0.0078125,True,PASS,PASS,True,True,raw/measured-r01-o19-p19/benchmark_samples.csv,raw/measured-r01-o19-p19/benchmark_summary.json,raw/measured-r01-o19-p19/stdout.txt,raw/measured-r01-o19-p19/stderr.txt,344.282516,303.552097,94.95593600000007,2.511853,76.987165,25.014241
csc3-demo-linux-process-benchmark-v1,measured-r01-o20-p20,measured,1,20,20,1493303,2026-07-30T12:35:25.392303Z,2026-07-30T12:35:35.301220Z,9.908921592999832,0,5135900672,wait4.ru_maxrss,20,20,1264.370395,3388.701811,148.404525,3537.106336,756.135443,107.538118,863.6735610000001,945274680,1.486783346302695e-16,0.005859375,True,PASS,PASS,True,True,raw/measured-r01-o20-p20/benchmark_samples.csv,raw/measured-r01-o20-p20/benchmark_summary.json,raw/measured-r01-o20-p20/stdout.txt,raw/measured-r01-o20-p20/stderr.txt,366.495349,297.527616,92.11247800000001,2.67624,80.634853,24.227024999999983
csc3-demo-linux-process-benchmark-v1,measured-r02-o01-p20,measured,2,1,20,1493448,2026-07-30T12:35:35.304575Z,2026-07-30T12:35:45.238700Z,9.934128793000127,0,5135925248,wait4.ru_maxrss,20,20,1268.048384,3394.827413,146.701139,3541.5285519999998,742.693146,111.479551,854.172697,945274680,1.4936136861650378e-16,0.005859375,True,PASS,PASS,True,True,raw/measured-r02-o01-p20/benchmark_samples.csv,raw/measured-r02-o01-p20/benchmark_summary.json,raw/measured-r02-o01-p20/stdout.txt,raw/measured-r02-o01-p20/stderr.txt,338.48633,301.581997,102.62481899999995,2.524005,83.048047,25.907499
csc3-demo-linux-process-benchmark-v1,measured-r02-o02-p19,measured,2,2,19,1493588,2026-07-30T12:35:45.241955Z,2026-07-30T12:35:55.121100Z,9.879150086999289,0,5135781888,wait4.ru_maxrss,19,19,1252.372167,3417.970811,149.657753,3567.628564,744.250746,104.480615,848.7313610000001,945274680,1.51919024312401e-16,0.0078125,True,PASS,PASS,True,True,raw/measured-r02-o02-p19/benchmark_samples.csv,raw/measured-r02-o02-p19/benchmark_summary.json,raw/measured-r02-o02-p19/stdout.txt,raw/measured-r02-o02-p19/stderr.txt,349.600693,302.921389,91.7286640000001,2.527735,77.181198,24.771682
csc3-demo-linux-process-benchmark-v1,measured-r02-o03-p18,measured,2,3,18,1493798,2026-07-30T12:35:55.124599Z,2026-07-30T12:36:05.031737Z,9.907142368989298,0,5136003072,wait4.ru_maxrss,18,18,1270.728363,3402.176689,147.832533,3550.0092219999997,751.127752,103.143831,854.271583,945274680,1.475490698714612e-16,0.0068359375,True,PASS,PASS,True,True,raw/measured-r02-o03-p18/benchmark_samples.csv,raw/measured-r02-o03-p18/benchmark_summary.json,raw/measured-r02-o03-p18/stdout.txt,raw/measured-r02-o03-p18/stderr.txt,353.74372,304.885453,92.498579,2.808284,74.190789,26.14475800000001
csc3-demo-linux-process-benchmark-v1,measured-r02-o04-p17,measured,2,4,17,1493959,2026-07-30T12:36:05.035083Z,2026-07-30T12:36:14.950182Z,9.915103735998855,0,5135769600,wait4.ru_maxrss,17,17,1255.270146,3402.629252,150.924368,3553.55362,759.781073,102.669894,862.450967,945274680,1.5220003903480436e-16,0.005859375,True,PASS,PASS,True,True,raw/measured-r02-o04-p17/benchmark_samples.csv,raw/measured-r02-o04-p17/benchmark_summary.json,raw/measured-r02-o04-p17/stdout.txt,raw/measured-r02-o04-p17/stderr.txt,362.591027,305.613776,91.57627000000002,2.531927,74.953802,25.184165000000007
csc3-demo-linux-process-benchmark-v1,measured-r02-o05-p16,measured,2,5,16,1494098,2026-07-30T12:36:14.953592Z,2026-07-30T12:36:24.896029Z,9.94244118599454,0,5135728640,wait4.ru_maxrss,16,16,1263.409814,3412.621204,151.16461,3563.785814,765.734422,107.865712,873.600134,945274680,1.5361711253474232e-16,0.005859375,True,PASS,PASS,True,True,raw/measured-r02-o05-p16/benchmark_samples.csv,raw/measured-r02-o05-p16/benchmark_summary.json,raw/measured-r02-o05-p16/stdout.txt,raw/measured-r02-o05-p16/stderr.txt,354.578479,311.2108,99.94514299999997,2.735594,79.97483,25.155288
csc3-demo-linux-process-benchmark-v1,measured-r02-o06-p15,measured,2,6,15,1494220,2026-07-30T12:36:24.899555Z,2026-07-30T12:36:34.842978Z,9.943427885998972,0,5135982592,wait4.ru_maxrss,15,15,1257.09087,3428.858008,149.137165,3577.9951730000002,775.994499,105.762482,881.756981,945274680,1.5129619525224356e-16,0.0078125,True,PASS,PASS,True,True,raw/measured-r02-o06-p15/benchmark_samples.csv,raw/measured-r02-o06-p15/benchmark_summary.json,raw/measured-r02-o06-p15/stdout.txt,raw/measured-r02-o06-p15/stderr.txt,359.920639,314.646694,101.427166,2.633268,77.9102,25.219014
csc3-demo-linux-process-benchmark-v1,measured-r02-o07-p14,measured,2,7,14,1494353,2026-07-30T12:36:34.846772Z,2026-07-30T12:36:44.837062Z,9.990293231996475,0,5135953920,wait4.ru_maxrss,14,14,1256.231243,3417.285326,151.13301,3568.418336,784.188867,110.261773,894.45064,945274680,1.498339980127563e-16,0.0078125,True,PASS,PASS,True,True,raw/measured-r02-o07-p14/benchmark_samples.csv,raw/measured-r02-o07-p14/benchmark_summary.json,raw/measured-r02-o07-p14/stdout.txt,raw/measured-r02-o07-p14/stderr.txt,365.284236,317.629115,101.27551599999993,2.390829,81.15658,26.714364000000003
csc3-demo-linux-process-benchmark-v1,measured-r02-o08-p13,measured,2,8,13,1494516,2026-07-30T12:36:44.840359Z,2026-07-30T12:36:54.686077Z,9.845721921999939,0,5135949824,wait4.ru_maxrss,13,13,1253.304501,3334.035366,145.509288,3479.5446540000003,789.522868,109.85146,899.374328,945274680,1.4612303730010624e-16,0.0068359375,True,PASS,PASS,True,True,raw/measured-r02-o08-p13/benchmark_samples.csv,raw/measured-r02-o08-p13/benchmark_summary.json,raw/measured-r02-o08-p13/stdout.txt,raw/measured-r02-o08-p13/stderr.txt,365.742862,322.852828,100.92717800000003,2.460757,80.40998,26.980722999999998
csc3-demo-linux-process-benchmark-v1,measured-r02-o09-p12,measured,2,9,12,1494643,2026-07-30T12:36:54.689976Z,2026-07-30T12:37:04.525908Z,9.835936076997314,0,5135974400,wait4.ru_maxrss,12,12,1248.778441,3338.320348,144.737437,3483.057785,789.111117,112.895529,902.006646,945274680,1.8828088773186682e-17,0.005859375,True,PASS,PASS,True,True,raw/measured-r02-o09-p12/benchmark_samples.csv,raw/measured-r02-o09-p12/benchmark_summary.json,raw/measured-r02-o09-p12/stdout.txt,raw/measured-r02-o09-p12/stderr.txt,370.310269,328.505222,90.29562600000003,2.32598,82.754091,27.815457999999992
csc3-demo-linux-process-benchmark-v1,measured-r02-o10-p11,measured,2,10,11,1494769,2026-07-30T12:37:04.529431Z,2026-07-30T12:37:14.560906Z,10.031479634999414,0,5135974400,wait4.ru_maxrss,11,11,1253.090733,3384.293333,148.996372,3533.289705,822.237136,120.534463,942.7715989999999,945274680,1.367760601485866e-16,0.0068359375,True,PASS,PASS,True,True,raw/measured-r02-o10-p11/benchmark_samples.csv,raw/measured-r02-o10-p11/benchmark_summary.json,raw/measured-r02-o10-p11/stdout.txt,raw/measured-r02-o10-p11/stderr.txt,390.147098,339.766457,92.32358099999993,2.281886,89.245704,29.006873
csc3-demo-linux-process-benchmark-v1,measured-r02-o11-p10,measured,2,11,10,1494904,2026-07-30T12:37:14.564547Z,2026-07-30T12:37:24.631939Z,10.067395684003714,0,5135843328,wait4.ru_maxrss,10,10,1262.788387,3367.937763,146.244006,3514.181769,848.569958,115.933465,964.503423,945274680,1.2784191189995776e-16,0.0068359375,True,PASS,PASS,True,True,raw/measured-r02-o11-p10/benchmark_samples.csv,raw/measured-r02-o11-p10/benchmark_summary.json,raw/measured-r02-o11-p10/stdout.txt,raw/measured-r02-o11-p10/stderr.txt,411.159938,345.576211,91.83380900000003,2.51396,84.070125,29.349379999999996
csc3-demo-linux-process-benchmark-v1,measured-r02-o12-p09,measured,2,12,9,1495019,2026-07-30T12:37:24.635392Z,2026-07-30T12:37:34.663816Z,10.028427797005861,0,5135724544,wait4.ru_maxrss,9,9,1239.438028,3352.232874,145.707867,3497.940741,881.368603,117.775376,999.143979,945274680,1.1647303333848378e-16,0.005859375,True,PASS,PASS,True,True,raw/measured-r02-o12-p09/benchmark_samples.csv,raw/measured-r02-o12-p09/benchmark_summary.json,raw/measured-r02-o12-p09/stdout.txt,raw/measured-r02-o12-p09/stderr.txt,433.06367,349.684644,98.62028900000001,2.486035,85.20549,30.083850999999996
csc3-demo-linux-process-benchmark-v1,measured-r02-o13-p08,measured,2,13,8,1495141,2026-07-30T12:37:34.667369Z,2026-07-30T12:37:44.854745Z,10.187380592004047,0,5135818752,wait4.ru_maxrss,8,8,1247.128512,3381.040625,150.723032,3531.763657,914.248248,116.192428,1030.440676,945274680,9.817898686169514e-17,0.005859375,True,PASS,PASS,True,True,raw/measured-r02-o13-p08/benchmark_samples.csv,raw/measured-r02-o13-p08/benchmark_summary.json,raw/measured-r02-o13-p08/stdout.txt,raw/measured-r02-o13-p08/stderr.txt,466.688619,345.316043,102.243586,2.064556,83.502654,30.625218000000004
csc3-demo-linux-process-benchmark-v1,measured-r02-o14-p07,measured,2,14,7,1495302,2026-07-30T12:37:44.858560Z,2026-07-30T12:37:55.098725Z,10.240168680000352,0,5136093184,wait4.ru_maxrss,7,7,1258.9754,3400.121284,145.995588,3546.1168719999996,937.581969,125.118518,1062.700487,945274680,1.0881898895670681e-16,0.0068359375,True,PASS,PASS,True,True,raw/measured-r02-o14-p07/benchmark_samples.csv,raw/measured-r02-o14-p07/benchmark_summary.json,raw/measured-r02-o14-p07/stdout.txt,raw/measured-r02-o14-p07/stderr.txt,474.728141,362.377395,100.47643299999999,1.984046,91.776649,31.357822999999982
csc3-demo-linux-process-benchmark-v1,measured-r02-o15-p06,measured,2,15,6,1495432,2026-07-30T12:37:55.102679Z,2026-07-30T12:38:05.436878Z,10.334203641003114,0,5135847424,wait4.ru_maxrss,6,6,1257.246663,3409.731932,147.079215,3556.8111470000003,980.08114,132.583927,1112.665067,945274680,1.5149084346652036e-17,0.0048828125,True,PASS,PASS,True,True,raw/measured-r02-o15-p06/benchmark_samples.csv,raw/measured-r02-o15-p06/benchmark_summary.json,raw/measured-r02-o15-p06/stdout.txt,raw/measured-r02-o15-p06/stderr.txt,495.566158,383.227423,101.28755900000004,1.917843,97.907228,32.75885599999998
csc3-demo-linux-process-benchmark-v1,measured-r02-o16-p05,measured,2,16,5,1495547,2026-07-30T12:38:05.440821Z,2026-07-30T12:38:15.874855Z,10.43403835099889,0,5135847424,wait4.ru_maxrss,5,5,1237.244777,3337.663414,145.819162,3483.4825760000003,1082.014902,147.312096,1229.326998,945274680,9.145510262541868e-17,0.005859375,True,PASS,PASS,True,True,raw/measured-r02-o16-p05/benchmark_samples.csv,raw/measured-r02-o16-p05/benchmark_summary.json,raw/measured-r02-o16-p05/stdout.txt,raw/measured-r02-o16-p05/stderr.txt,574.652926,413.610005,93.75197099999991,2.127806,109.820322,35.363968
csc3-demo-linux-process-benchmark-v1,measured-r02-o17-p04,measured,2,17,4,1495695,2026-07-30T12:38:15.879002Z,2026-07-30T12:38:26.642915Z,10.763915677001933,0,5135855616,wait4.ru_maxrss,4,4,1255.900219,3383.730303,145.96429,3529.6945929999997,1191.011031,167.147745,1358.158776,945274680,1.714109937883221e-17,0.005859375,True,PASS,PASS,True,True,raw/measured-r02-o17-p04/benchmark_samples.csv,raw/measured-r02-o17-p04/benchmark_summary.json,raw/measured-r02-o17-p04/stdout.txt,raw/measured-r02-o17-p04/stderr.txt,626.415543,465.181516,99.41397200000006,2.091406,125.52562,39.530718999999976
csc3-demo-linux-process-benchmark-v1,measured-r02-o18-p03,measured,2,18,3,1495809,2026-07-30T12:38:26.647379Z,2026-07-30T12:38:37.852202Z,11.204826070999843,0,5135921152,wait4.ru_maxrss,3,3,1264.496295,3374.815659,145.754772,3520.570431,1384.339554,223.178435,1607.517989,945274680,1.32708298148589e-17,0.0048828125,True,PASS,PASS,True,True,raw/measured-r02-o18-p03/benchmark_samples.csv,raw/measured-r02-o18-p03/benchmark_summary.json,raw/measured-r02-o18-p03/stdout.txt,raw/measured-r02-o18-p03/stderr.txt,751.517659,542.096757,90.7251379999999,2.183682,173.969055,47.025698000000006
csc3-demo-linux-process-benchmark-v1,measured-r02-o19-p02,measured,2,19,2,1495946,2026-07-30T12:38:37.855983Z,2026-07-30T12:38:49.801165Z,11.945186031007324,0,5136027648,wait4.ru_maxrss,2,2,1239.383236,3302.53268,145.834124,3448.366804,1805.092299,282.367454,2087.459753,945274680,9.351469042220777e-18,0.00390625,True,PASS,PASS,True,True,raw/measured-r02-o19-p02/benchmark_samples.csv,raw/measured-r02-o19-p02/benchmark_summary.json,raw/measured-r02-o19-p02/stdout.txt,raw/measured-r02-o19-p02/stderr.txt,1010.147956,704.195027,90.74931599999991,3.481036,212.360191,66.526227
csc3-demo-linux-process-benchmark-v1,measured-r02-o20-p01,measured,2,20,1,1496089,2026-07-30T12:38:49.805321Z,2026-07-30T12:39:04.677159Z,14.871843139990233,0,5135986688,wait4.ru_maxrss,1,1,1259.814593,3380.849027,146.438927,3527.2879540000004,3034.916871,533.069517,3567.986388,945274680,0.0,0.0,True,PASS,PASS,True,True,raw/measured-r02-o20-p01/benchmark_samples.csv,raw/measured-r02-o20-p01/benchmark_summary.json,raw/measured-r02-o20-p01/stdout.txt,raw/measured-r02-o20-p01/stderr.txt,1763.509889,1181.076279,90.33070299999986,5.969532,403.427496,123.67248900000004
csc3-demo-linux-process-benchmark-v1,measured-r03-o01-p01,measured,3,1,1,1496266,2026-07-30T12:39:04.680712Z,2026-07-30T12:39:19.568085Z,14.887378587998683,0,5135904768,wait4.ru_maxrss,1,1,1254.852489,3396.903328,146.351381,3543.254709,3026.413379,534.942858,3561.356237,945274680,0.0,0.0,True,PASS,PASS,True,True,raw/measured-r03-o01-p01/benchmark_samples.csv,raw/measured-r03-o01-p01/benchmark_summary.json,raw/measured-r03-o01-p01/stdout.txt,raw/measured-r03-o01-p01/stderr.txt,1767.296118,1168.740137,90.3771240000001,6.045106,404.061846,124.83590599999997
csc3-demo-linux-process-benchmark-v1,measured-r03-o02-p02,measured,3,2,2,1496445,2026-07-30T12:39:19.572423Z,2026-07-30T12:39:31.587414Z,12.014995194011135,0,5135568896,wait4.ru_maxrss,2,2,1242.970748,3349.648488,146.120151,3495.768639,1800.477887,286.549996,2087.027883,945274680,9.384020476157689e-18,0.005859375,True,PASS,PASS,True,True,raw/measured-r03-o02-p02/benchmark_samples.csv,raw/measured-r03-o02-p02/benchmark_summary.json,raw/measured-r03-o02-p02/stdout.txt,raw/measured-r03-o02-p02/stderr.txt,1002.013866,700.64211,97.821911,3.722323,216.335834,66.491839
csc3-demo-linux-process-benchmark-v1,measured-r03-o03-p03,measured,3,3,3,1496639,2026-07-30T12:39:31.591789Z,2026-07-30T12:39:42.830378Z,11.238593515998218,0,5135802368,wait4.ru_maxrss,3,3,1260.904215,3399.240642,145.767269,3545.007911,1400.903242,203.22256,1604.125802,945274680,1.3187137128618671e-17,0.00390625,True,PASS,PASS,True,True,raw/measured-r03-o03-p03/benchmark_samples.csv,raw/measured-r03-o03-p03/benchmark_summary.json,raw/measured-r03-o03-p03/stdout.txt,raw/measured-r03-o03-p03/stderr.txt,758.596091,546.775702,95.53144900000007,2.125795,153.457218,47.639546999999965
csc3-demo-linux-process-benchmark-v1,measured-r03-o04-p04,measured,3,4,4,1496755,2026-07-30T12:39:42.834784Z,2026-07-30T12:39:53.513291Z,10.678512012993451,0,5135863808,wait4.ru_maxrss,4,4,1236.466023,3353.201606,144.768207,3497.969813,1193.44493,168.735782,1362.180712,945274680,1.7137928102566145e-17,0.005859375,True,PASS,PASS,True,True,raw/measured-r03-o04-p04/benchmark_samples.csv,raw/measured-r03-o04-p04/benchmark_summary.json,raw/measured-r03-o04-p04/stdout.txt,raw/measured-r03-o04-p04/stderr.txt,625.097842,466.398993,101.94809500000008,2.086555,127.742058,38.907168999999996
csc3-demo-linux-process-benchmark-v1,measured-r03-o05-p05,measured,3,5,5,1496930,2026-07-30T12:39:53.518558Z,2026-07-30T12:40:04.092052Z,10.573499135003658,0,5135835136,wait4.ru_maxrss,5,5,1265.117319,3381.00115,146.399367,3527.400517,1095.20917,148.17335,1243.38252,945274680,9.145042718859952e-17,0.005859375,True,PASS,PASS,True,True,raw/measured-r03-o05-p05/benchmark_samples.csv,raw/measured-r03-o05-p05/benchmark_summary.json,raw/measured-r03-o05-p05/stdout.txt,raw/measured-r03-o05-p05/stderr.txt,579.496158,413.073648,102.63936400000006,2.028654,110.482087,35.662609
csc3-demo-linux-process-benchmark-v1,measured-r03-o06-p06,measured,3,6,6,1497087,2026-07-30T12:40:04.097331Z,2026-07-30T12:40:14.405334Z,10.308005725994008,0,5135892480,wait4.ru_maxrss,6,6,1250.604739,3393.753107,146.571188,3540.324295,968.434537,133.567216,1102.001753,945274680,1.534270567233035e-17,0.005859375,True,PASS,PASS,True,True,raw/measured-r03-o06-p06/benchmark_samples.csv,raw/measured-r03-o06-p06/benchmark_summary.json,raw/measured-r03-o06-p06/stdout.txt,raw/measured-r03-o06-p06/stderr.txt,492.239168,379.04106,97.15430899999996,2.213669,98.088614,33.264932999999985
csc3-demo-linux-process-benchmark-v1,measured-r03-o07-p07,measured,3,7,7,1497271,2026-07-30T12:40:14.409938Z,2026-07-30T12:40:24.575914Z,10.16598045299179,0,5135888384,wait4.ru_maxrss,7,7,1242.709455,3345.859723,146.579897,3492.43962,929.140305,125.521139,1054.661444,945274680,1.0880658733927613e-16,0.0068359375,True,PASS,PASS,True,True,raw/measured-r03-o07-p07/benchmark_samples.csv,raw/measured-r03-o07-p07/benchmark_summary.json,raw/measured-r03-o07-p07/stdout.txt,raw/measured-r03-o07-p07/stderr.txt,475.586858,361.378059,92.175388,2.154438,90.681154,32.685547
csc3-demo-linux-process-benchmark-v1,measured-r03-o08-p08,measured,3,8,8,1497390,2026-07-30T12:40:24.580325Z,2026-07-30T12:40:34.772743Z,10.192422071006149,0,5135572992,wait4.ru_maxrss,8,8,1254.120426,3398.233423,147.202868,3545.436291,913.35963,116.374213,1029.733843,945274680,9.817703779982407e-17,0.005859375,True,PASS,PASS,True,True,raw/measured-r03-o08-p08/benchmark_samples.csv,raw/measured-r03-o08-p08/benchmark_summary.json,raw/measured-r03-o08-p08/stdout.txt,raw/measured-r03-o08-p08/stderr.txt,460.619161,352.864355,99.87611400000003,1.896369,83.897178,30.580666000000008
csc3-demo-linux-process-benchmark-v1,measured-r03-o09-p09,measured,3,9,9,1497513,2026-07-30T12:40:34.777604Z,2026-07-30T12:40:44.947835Z,10.170235465993755,0,5135548416,wait4.ru_maxrss,9,9,1258.272992,3395.491799,146.294995,3541.786794,885.45385,116.489565,1001.943415,945274680,1.1649586897685332e-16,0.005859375,True,PASS,PASS,True,True,raw/measured-r03-o09-p09/benchmark_samples.csv,raw/measured-r03-o09-p09/benchmark_summary.json,raw/measured-r03-o09-p09/stdout.txt,raw/measured-r03-o09-p09/stderr.txt,436.882926,355.025909,93.54501499999998,2.007773,84.507431,29.974361000000002
csc3-demo-linux-process-benchmark-v1,measured-r03-o10-p10,measured,3,10,10,1497660,2026-07-30T12:40:44.952202Z,2026-07-30T12:40:55.024610Z,10.072411771005136,0,5136084992,wait4.ru_maxrss,10,10,1259.525037,3394.580466,146.930935,3541.5114009999998,858.630852,116.773374,975.404226,945274680,1.2784410590642184e-16,0.0068359375,True,PASS,PASS,True,True,raw/measured-r03-o10-p10/benchmark_samples.csv,raw/measured-r03-o10-p10/benchmark_summary.json,raw/measured-r03-o10-p10/stdout.txt,raw/measured-r03-o10-p10/stderr.txt,411.565684,346.687621,100.37754700000005,2.422049,84.988046,29.363279000000006
csc3-demo-linux-process-benchmark-v1,measured-r03-o11-p11,measured,3,11,11,1497784,2026-07-30T12:40:55.029808Z,2026-07-30T12:41:05.011918Z,9.982114177008043,0,5135773696,wait4.ru_maxrss,11,11,1251.855908,3358.587723,146.014469,3504.6021920000003,830.287166,115.894845,946.182011,945274680,1.3612837164064686e-16,0.0068359375,True,PASS,PASS,True,True,raw/measured-r03-o11-p11/benchmark_samples.csv,raw/measured-r03-o11-p11/benchmark_summary.json,raw/measured-r03-o11-p11/stdout.txt,raw/measured-r03-o11-p11/stderr.txt,392.190756,338.384543,99.71186699999993,2.750691,84.562028,28.582126000000002
csc3-demo-linux-process-benchmark-v1,measured-r03-o12-p12,measured,3,12,12,1497912,2026-07-30T12:41:05.016086Z,2026-07-30T12:41:14.962722Z,9.946639553003479,0,5135974400,wait4.ru_maxrss,12,12,1254.063926,3393.572126,147.768336,3541.340462,810.997025,110.68278,921.679805,945274680,2.0486430907566888e-17,0.005859375,True,PASS,PASS,True,True,raw/measured-r03-o12-p12/benchmark_samples.csv,raw/measured-r03-o12-p12/benchmark_summary.json,raw/measured-r03-o12-p12/stdout.txt,raw/measured-r03-o12-p12/stderr.txt,378.896632,330.198808,101.90158500000001,2.406231,80.378939,27.897609999999986
csc3-demo-linux-process-benchmark-v1,measured-r03-o13-p13,measured,3,13,13,1498080,2026-07-30T12:41:14.967308Z,2026-07-30T12:41:24.901369Z,9.934065895999083,0,5135978496,wait4.ru_maxrss,13,13,1248.171649,3362.309145,147.061628,3509.370773,783.527574,111.57363,895.1012039999999,945274680,1.4666814389130657e-16,0.0068359375,True,PASS,PASS,True,True,raw/measured-r03-o13-p13/benchmark_samples.csv,raw/measured-r03-o13-p13/benchmark_summary.json,raw/measured-r03-o13-p13/stdout.txt,raw/measured-r03-o13-p13/stderr.txt,368.98569,321.116392,93.42549199999996,2.538319,81.922717,27.112593999999987
csc3-demo-linux-process-benchmark-v1,measured-r03-o14-p14,measured,3,14,14,1498206,2026-07-30T12:41:24.905693Z,2026-07-30T12:41:34.782737Z,9.87704826000845,0,5136121856,wait4.ru_maxrss,14,14,1258.210254,3373.158802,145.333297,3518.492099,772.459212,106.353913,878.813125,945274680,1.487526801174713e-16,0.0078125,True,PASS,PASS,True,True,raw/measured-r03-o14-p14/benchmark_samples.csv,raw/measured-r03-o14-p14/benchmark_summary.json,raw/measured-r03-o14-p14/stdout.txt,raw/measured-r03-o14-p14/stderr.txt,362.78655,312.667116,97.00554599999998,2.411334,77.531524,26.411055000000005
csc3-demo-linux-process-benchmark-v1,measured-r03-o15-p15,measured,3,15,15,1498324,2026-07-30T12:41:34.787050Z,2026-07-30T12:41:44.577433Z,9.790385719999904,0,5136130048,wait4.ru_maxrss,15,15,1234.405751,3339.916424,145.934041,3485.850465,755.104263,106.291286,861.395549,945274680,1.5172630733014706e-16,0.0078125,True,PASS,PASS,True,True,raw/measured-r03-o15-p15/benchmark_samples.csv,raw/measured-r03-o15-p15/benchmark_summary.json,raw/measured-r03-o15-p15/stdout.txt,raw/measured-r03-o15-p15/stderr.txt,352.75847,309.84278,92.50301299999995,2.537861,76.979092,26.774333
csc3-demo-linux-process-benchmark-v1,measured-r03-o16-p16,measured,3,16,16,1498457,2026-07-30T12:41:44.582419Z,2026-07-30T12:41:54.502553Z,9.92013634799514,0,5135912960,wait4.ru_maxrss,16,16,1260.476786,3385.781113,146.287526,3532.068639,763.069505,103.077921,866.147426,945274680,1.5042365970866437e-16,0.005859375,True,PASS,PASS,True,True,raw/measured-r03-o16-p16/benchmark_samples.csv,raw/measured-r03-o16-p16/benchmark_summary.json,raw/measured-r03-o16-p16/stdout.txt,raw/measured-r03-o16-p16/stderr.txt,357.347155,309.802121,95.92022900000006,2.548927,75.327315,25.201679
csc3-demo-linux-process-benchmark-v1,measured-r03-o17-p17,measured,3,17,17,1498609,2026-07-30T12:41:54.507104Z,2026-07-30T12:42:04.334118Z,9.82701702399936,0,5135998976,wait4.ru_maxrss,17,17,1236.6754,3369.08268,146.69626,3515.77894,761.851263,102.937034,864.7882970000001,945274680,1.5259050884666572e-16,0.005859375,True,PASS,PASS,True,True,raw/measured-r03-o17-p17/benchmark_samples.csv,raw/measured-r03-o17-p17/benchmark_summary.json,raw/measured-r03-o17-p17/stdout.txt,raw/measured-r03-o17-p17/stderr.txt,356.120431,307.978085,97.752747,2.638176,75.88146,24.41739799999999
csc3-demo-linux-process-benchmark-v1,measured-r03-o18-p18,measured,3,18,18,1498739,2026-07-30T12:42:04.339389Z,2026-07-30T12:42:14.106110Z,9.76672071601206,0,5136089088,wait4.ru_maxrss,18,18,1240.537888,3351.270567,144.931244,3496.201811,755.198042,99.215172,854.4132139999999,945274680,1.488537131023565e-16,0.0078125,True,PASS,PASS,True,True,raw/measured-r03-o18-p18/benchmark_samples.csv,raw/measured-r03-o18-p18/benchmark_summary.json,raw/measured-r03-o18-p18/stdout.txt,raw/measured-r03-o18-p18/stderr.txt,347.748713,315.394289,92.05503999999996,2.881487,71.550159,24.78352600000001
csc3-demo-linux-process-benchmark-v1,measured-r03-o19-p19,measured,3,19,19,1498868,2026-07-30T12:42:14.111157Z,2026-07-30T12:42:23.886125Z,9.774971388993436,0,5136117760,wait4.ru_maxrss,19,19,1243.434459,3345.781442,146.8741,3492.655542,739.902967,108.436106,848.339073,945274680,1.5266933723431985e-16,0.0078125,True,PASS,PASS,True,True,raw/measured-r03-o19-p19/benchmark_samples.csv,raw/measured-r03-o19-p19/benchmark_summary.json,raw/measured-r03-o19-p19/stdout.txt,raw/measured-r03-o19-p19/stderr.txt,344.610149,301.851111,93.44170700000001,2.385777,81.105585,24.944743999999986
csc3-demo-linux-process-benchmark-v1,measured-r03-o20-p20,measured,3,20,20,1499007,2026-07-30T12:42:23.890424Z,2026-07-30T12:42:33.841929Z,9.951509970007464,0,5135958016,wait4.ru_maxrss,20,20,1266.392424,3441.609846,149.271659,3590.881505,738.209861,115.656442,853.866303,945274680,1.488800149704757e-16,0.005859375,True,PASS,PASS,True,True,raw/measured-r03-o20-p20/benchmark_samples.csv,raw/measured-r03-o20-p20/benchmark_summary.json,raw/measured-r03-o20-p20/stdout.txt,raw/measured-r03-o20-p20/stderr.txt,343.178215,301.645983,93.38566300000002,2.631524,86.242204,26.782714
csc3-demo-linux-process-benchmark-v1,measured-r04-o01-p20,measured,4,1,20,1499161,2026-07-30T12:42:33.846243Z,2026-07-30T12:42:43.707814Z,9.86157328200352,0,5135826944,wait4.ru_maxrss,20,20,1249.662241,3388.045244,149.448832,3537.494076,751.116436,104.389708,855.5061440000001,945274680,1.513430808708707e-16,0.005859375,True,PASS,PASS,True,True,raw/measured-r04-o01-p20/benchmark_samples.csv,raw/measured-r04-o01-p20/benchmark_summary.json,raw/measured-r04-o01-p20/stdout.txt,raw/measured-r04-o01-p20/stderr.txt,347.55897,302.865086,100.69238000000001,2.501821,73.703341,28.184545999999997
csc3-demo-linux-process-benchmark-v1,measured-r04-o02-p19,measured,4,2,19,1499277,2026-07-30T12:42:43.712032Z,2026-07-30T12:42:53.622895Z,9.910867710990715,0,5135818752,wait4.ru_maxrss,19,19,1270.099978,3397.282539,149.192269,3546.474808,761.465884,100.308596,861.7744799999999,945274680,1.5294949881515337e-16,0.0078125,True,PASS,PASS,True,True,raw/measured-r04-o02-p19/benchmark_samples.csv,raw/measured-r04-o02-p19/benchmark_summary.json,raw/measured-r04-o02-p19/stdout.txt,raw/measured-r04-o02-p19/stderr.txt,350.11782,312.053319,99.29474499999998,2.251572,73.952158,24.104866
csc3-demo-linux-process-benchmark-v1,measured-r04-o03-p18,measured,4,3,18,1499448,2026-07-30T12:42:53.627547Z,2026-07-30T12:43:03.523120Z,9.895575448012096,0,5135646720,wait4.ru_maxrss,18,18,1263.710813,3409.450987,147.096481,3556.547468,749.624916,101.783659,851.4085749999999,945274680,1.5048573823554693e-16,0.0068359375,True,PASS,PASS,True,True,raw/measured-r04-o03-p18/benchmark_samples.csv,raw/measured-r04-o03-p18/benchmark_summary.json,raw/measured-r04-o03-p18/stdout.txt,raw/measured-r04-o03-p18/stderr.txt,348.785235,304.84266,95.99702099999996,2.526338,74.891512,24.365809
csc3-demo-linux-process-benchmark-v1,measured-r04-o04-p17,measured,4,4,17,1499638,2026-07-30T12:43:03.528040Z,2026-07-30T12:43:13.517572Z,9.989533518004464,0,5135736832,wait4.ru_maxrss,17,17,1268.98301,3443.623992,151.93182,3595.5558119999996,762.465461,100.729497,863.194958,945274680,1.5322065071416486e-16,0.0068359375,True,PASS,PASS,True,True,raw/measured-r04-o04-p17/benchmark_samples.csv,raw/measured-r04-o04-p17/benchmark_summary.json,raw/measured-r04-o04-p17/stdout.txt,raw/measured-r04-o04-p17/stderr.txt,352.50243,309.748176,100.214855,2.479255,73.31695,24.933291999999994
csc3-demo-linux-process-benchmark-v1,measured-r04-o05-p16,measured,4,5,16,1499763,2026-07-30T12:43:13.522358Z,2026-07-30T12:43:23.421559Z,9.899203879002016,0,5135941632,wait4.ru_maxrss,16,16,1269.686281,3392.028107,150.971687,3542.9997940000003,750.553001,100.582118,851.135119,945274680,1.4795846159429723e-16,0.005859375,True,PASS,PASS,True,True,raw/measured-r04-o05-p16/benchmark_samples.csv,raw/measured-r04-o05-p16/benchmark_summary.json,raw/measured-r04-o05-p16/stdout.txt,raw/measured-r04-o05-p16/stderr.txt,352.73657,304.807173,93.00925800000005,2.682744,73.010849,24.888525
csc3-demo-linux-process-benchmark-v1,measured-r04-o06-p15,measured,4,6,15,1499888,2026-07-30T12:43:23.425446Z,2026-07-30T12:43:33.367575Z,9.942133254997316,0,5135990784,wait4.ru_maxrss,15,15,1265.71049,3399.802798,145.125206,3544.9280040000003,769.484684,103.937759,873.422443,945274680,1.4895267310687387e-16,0.0078125,True,PASS,PASS,True,True,raw/measured-r04-o06-p15/benchmark_samples.csv,raw/measured-r04-o06-p15/benchmark_summary.json,raw/measured-r04-o06-p15/stdout.txt,raw/measured-r04-o06-p15/stderr.txt,355.757497,311.255783,102.471404,2.527144,76.09395,25.316665
csc3-demo-linux-process-benchmark-v1,measured-r04-o07-p14,measured,4,7,14,1500028,2026-07-30T12:43:33.371531Z,2026-07-30T12:43:43.183576Z,9.812049768006545,0,5136052224,wait4.ru_maxrss,14,14,1235.34725,3341.493378,145.667458,3487.160836,770.202797,109.43021,879.633007,945274680,1.4903802041537438e-16,0.0078125,True,PASS,PASS,True,True,raw/measured-r04-o07-p14/benchmark_samples.csv,raw/measured-r04-o07-p14/benchmark_summary.json,raw/measured-r04-o07-p14/stdout.txt,raw/measured-r04-o07-p14/stderr.txt,364.235142,314.303562,91.66409300000004,2.408426,80.918759,26.103025000000002
csc3-demo-linux-process-benchmark-v1,measured-r04-o08-p13,measured,4,8,13,1500165,2026-07-30T12:43:43.187513Z,2026-07-30T12:43:53.171874Z,9.984365070005879,0,5136121856,wait4.ru_maxrss,13,13,1269.923862,3412.913407,151.483044,3564.396451,787.812282,109.779075,897.591357,945274680,1.4631271474116126e-16,0.0068359375,True,PASS,PASS,True,True,raw/measured-r04-o08-p13/benchmark_samples.csv,raw/measured-r04-o08-p13/benchmark_summary.json,raw/measured-r04-o08-p13/stdout.txt,raw/measured-r04-o08-p13/stderr.txt,368.304073,317.951912,101.55629699999997,2.232033,80.520858,27.026184
csc3-demo-linux-process-benchmark-v1,measured-r04-o09-p12,measured,4,9,12,1500305,2026-07-30T12:43:53.176150Z,2026-07-30T12:44:03.088559Z,9.912413426995045,0,5136150528,wait4.ru_maxrss,12,12,1256.206122,3371.7071,145.193346,3516.900446,788.006113,113.76297,901.769083,945274680,2.03282617522014e-17,0.005859375,True,PASS,PASS,True,True,raw/measured-r04-o09-p12/benchmark_samples.csv,raw/measured-r04-o09-p12/benchmark_summary.json,raw/measured-r04-o09-p12/stdout.txt,raw/measured-r04-o09-p12/stderr.txt,371.282148,324.99275,91.73121500000002,2.394791,83.269399,28.09877999999999
csc3-demo-linux-process-benchmark-v1,measured-r04-o10-p11,measured,4,10,11,1500435,2026-07-30T12:44:03.093043Z,2026-07-30T12:44:13.109698Z,10.016659065004205,0,5135843328,wait4.ru_maxrss,11,11,1260.238176,3372.053785,146.651376,3518.705161,828.406358,117.486939,945.893297,945274680,1.3656054894253732e-16,0.0068359375,True,PASS,PASS,True,True,raw/measured-r04-o10-p11/benchmark_samples.csv,raw/measured-r04-o10-p11/benchmark_summary.json,raw/measured-r04-o10-p11/stdout.txt,raw/measured-r04-o10-p11/stderr.txt,398.245137,334.647127,95.51409399999994,2.446857,86.746102,28.29398000000002
csc3-demo-linux-process-benchmark-v1,measured-r04-o11-p10,measured,4,11,10,1500555,2026-07-30T12:44:13.114265Z,2026-07-30T12:44:23.113954Z,9.999692976998631,0,5136060416,wait4.ru_maxrss,10,10,1240.096383,3343.582865,151.249493,3494.8323579999997,857.780565,117.386073,975.166638,945274680,1.2791586513633232e-16,0.0068359375,True,PASS,PASS,True,True,raw/measured-r04-o11-p10/benchmark_samples.csv,raw/measured-r04-o11-p10/benchmark_summary.json,raw/measured-r04-o11-p10/stdout.txt,raw/measured-r04-o11-p10/stderr.txt,416.652303,342.174156,98.95410600000002,2.534486,85.319643,29.531943999999996
csc3-demo-linux-process-benchmark-v1,measured-r04-o12-p09,measured,4,12,9,1500696,2026-07-30T12:44:23.118584Z,2026-07-30T12:44:33.156900Z,10.038319803003105,0,5135921152,wait4.ru_maxrss,9,9,1242.684435,3331.87158,145.433873,3477.305453,891.895686,117.255826,1009.1515119999999,945274680,1.1646199877214385e-16,0.005859375,True,PASS,PASS,True,True,raw/measured-r04-o12-p09/benchmark_samples.csv,raw/measured-r04-o12-p09/benchmark_summary.json,raw/measured-r04-o12-p09/stdout.txt,raw/measured-r04-o12-p09/stderr.txt,448.272998,352.560926,91.06176199999999,2.281037,84.679337,30.295451999999997
csc3-demo-linux-process-benchmark-v1,measured-r04-o13-p08,measured,4,13,8,1500834,2026-07-30T12:44:33.161580Z,2026-07-30T12:44:43.350677Z,10.189103080003406,0,5135908864,wait4.ru_maxrss,8,8,1254.078291,3398.945256,149.424667,3548.369923,898.819615,115.633,1014.452615,945274680,9.81546135807051e-17,0.005859375,True,PASS,PASS,True,True,raw/measured-r04-o13-p08/benchmark_samples.csv,raw/measured-r04-o13-p08/benchmark_summary.json,raw/measured-r04-o13-p08/stdout.txt,raw/measured-r04-o13-p08/stderr.txt,462.621793,338.335742,97.86207999999999,2.12592,82.669859,30.837221
csc3-demo-linux-process-benchmark-v1,measured-r04-o14-p07,measured,4,14,7,1500970,2026-07-30T12:44:43.356210Z,2026-07-30T12:44:53.547898Z,10.191691026993794,0,5135757312,wait4.ru_maxrss,7,7,1254.745303,3365.646659,146.020955,3511.667614,926.162268,124.489065,1050.651333,945274680,1.088114898517121e-16,0.0068359375,True,PASS,PASS,True,True,raw/measured-r04-o14-p07/benchmark_samples.csv,raw/measured-r04-o14-p07/benchmark_summary.json,raw/measured-r04-o14-p07/stdout.txt,raw/measured-r04-o14-p07/stderr.txt,473.796862,359.904753,92.46065300000004,2.11116,91.013902,31.364002999999997
csc3-demo-linux-process-benchmark-v1,measured-r04-o15-p06,measured,4,15,6,1501105,2026-07-30T12:44:53.552827Z,2026-07-30T12:45:03.829796Z,10.276973314990755,0,5136052224,wait4.ru_maxrss,6,6,1254.697694,3364.878601,145.629401,3510.508002,977.360136,135.65457,1113.014706,945274680,1.5133491729074e-17,0.00390625,True,PASS,PASS,True,True,raw/measured-r04-o15-p06/benchmark_samples.csv,raw/measured-r04-o15-p06/benchmark_summary.json,raw/measured-r04-o15-p06/stdout.txt,raw/measured-r04-o15-p06/stderr.txt,492.883751,383.166757,101.30962799999998,2.16157,98.835922,34.657078
csc3-demo-linux-process-benchmark-v1,measured-r04-o16-p05,measured,4,16,5,1501236,2026-07-30T12:45:03.834513Z,2026-07-30T12:45:14.387106Z,10.552596923997044,0,5135659008,wait4.ru_maxrss,5,5,1262.843487,3377.058833,146.070986,3523.129819,1094.107152,147.336614,1241.443766,945274680,9.145555178129297e-17,0.005859375,True,PASS,PASS,True,True,raw/measured-r04-o16-p05/benchmark_samples.csv,raw/measured-r04-o16-p05/benchmark_summary.json,raw/measured-r04-o16-p05/stdout.txt,raw/measured-r04-o16-p05/stderr.txt,578.260873,417.016483,98.8297960000001,1.998034,110.15587,35.182710000000014
csc3-demo-linux-process-benchmark-v1,measured-r04-o17-p04,measured,4,17,4,1501370,2026-07-30T12:45:14.391827Z,2026-07-30T12:45:25.071320Z,10.679497175995493,0,5135720448,wait4.ru_maxrss,4,4,1259.92543,3350.399004,145.570271,3495.969275,1190.966595,167.450453,1358.417048,945274680,1.7177482786284485e-17,0.005859375,True,PASS,PASS,True,True,raw/measured-r04-o17-p04/benchmark_samples.csv,raw/measured-r04-o17-p04/benchmark_summary.json,raw/measured-r04-o17-p04/stdout.txt,raw/measured-r04-o17-p04/stderr.txt,627.528223,463.457513,99.98085900000007,2.23089,126.008446,39.211117000000016
csc3-demo-linux-process-benchmark-v1,measured-r04-o18-p03,measured,4,18,3,1501501,2026-07-30T12:45:25.076305Z,2026-07-30T12:45:36.215129Z,11.138828292998369,0,5135953920,wait4.ru_maxrss,3,3,1252.297026,3333.296562,145.848927,3479.145489,1401.75819,205.641997,1607.400187,945274680,1.2892063366262706e-17,0.00390625,True,PASS,PASS,True,True,raw/measured-r04-o18-p03/benchmark_samples.csv,raw/measured-r04-o18-p03/benchmark_summary.json,raw/measured-r04-o18-p03/stdout.txt,raw/measured-r04-o18-p03/stderr.txt,754.97668,544.721026,102.06048399999997,2.221254,155.847456,47.57328700000002
csc3-demo-linux-process-benchmark-v1,measured-r04-o19-p02,measured,4,19,2,1501664,2026-07-30T12:45:36.220967Z,2026-07-30T12:45:48.185610Z,11.964647084998433,0,5136130048,wait4.ru_maxrss,2,2,1243.191305,3330.817043,147.215802,3478.032845,1793.43436,276.757098,2070.191458,945274680,9.32716109559485e-18,0.00390625,True,PASS,PASS,True,True,raw/measured-r04-o19-p02/benchmark_samples.csv,raw/measured-r04-o19-p02/benchmark_summary.json,raw/measured-r04-o19-p02/stdout.txt,raw/measured-r04-o19-p02/stderr.txt,1008.398257,693.89997,91.13613299999997,3.734212,207.646821,65.37606499999998
csc3-demo-linux-process-benchmark-v1,measured-r04-o20-p01,measured,4,20,1,1501809,2026-07-30T12:45:48.191545Z,2026-07-30T12:46:02.803070Z,14.611528066991013,0,5135908864,wait4.ru_maxrss,1,1,1246.78577,3335.015624,145.949741,3480.965365,2956.740441,529.054711,3485.7951519999997,945274680,0.0,0.0,True,PASS,PASS,True,True,raw/measured-r04-o20-p01/benchmark_samples.csv,raw/measured-r04-o20-p01/benchmark_summary.json,raw/measured-r04-o20-p01/stdout.txt,raw/measured-r04-o20-p01/stderr.txt,1715.276269,1152.86697,88.59720199999992,5.997318,399.52418,123.53321300000005
csc3-demo-linux-process-benchmark-v1,measured-r05-o01-p01,measured,5,1,1,1502006,2026-07-30T12:46:02.809300Z,2026-07-30T12:46:17.674158Z,14.864861462992849,0,5135867904,wait4.ru_maxrss,1,1,1262.724594,3388.26974,145.555526,3533.8252660000003,3028.458046,533.804459,3562.262505,945274680,0.0,0.0,True,PASS,PASS,True,True,raw/measured-r05-o01-p01/benchmark_samples.csv,raw/measured-r05-o01-p01/benchmark_summary.json,raw/measured-r05-o01-p01/stdout.txt,raw/measured-r05-o01-p01/stderr.txt,1767.31406,1165.41219,95.73179600000026,6.069417,404.033074,123.70196799999991
csc3-demo-linux-process-benchmark-v1,measured-r05-o02-p02,measured,5,2,2,1502183,2026-07-30T12:46:17.680466Z,2026-07-30T12:46:29.781429Z,12.100965511999675,0,5135884288,wait4.ru_maxrss,2,2,1261.131863,3372.225166,146.87149,3519.096656,1822.220766,277.359788,2099.580554,945274680,9.388103340924702e-18,0.0048828125,True,PASS,PASS,True,True,raw/measured-r05-o02-p02/benchmark_samples.csv,raw/measured-r05-o02-p02/benchmark_summary.json,raw/measured-r05-o02-p02/stdout.txt,raw/measured-r05-o02-p02/stderr.txt,1014.497196,700.824501,106.89906899999983,3.345742,208.32995,65.68409600000001
csc3-demo-linux-process-benchmark-v1,measured-r05-o03-p03,measured,5,3,3,1502316,2026-07-30T12:46:29.786477Z,2026-07-30T12:46:41.016813Z,11.230339735004236,0,5135872000,wait4.ru_maxrss,3,3,1265.716855,3386.618177,146.326775,3532.944952,1392.716682,203.545204,1596.261886,945274680,1.2724135581213958e-17,0.0048828125,True,PASS,PASS,True,True,raw/measured-r05-o03-p03/benchmark_samples.csv,raw/measured-r05-o03-p03/benchmark_summary.json,raw/measured-r05-o03-p03/stdout.txt,raw/measured-r05-o03-p03/stderr.txt,750.848671,541.561301,100.30671000000007,2.030012,154.612697,46.902495000000016
csc3-demo-linux-process-benchmark-v1,measured-r05-o04-p04,measured,5,4,4,1502478,2026-07-30T12:46:41.022460Z,2026-07-30T12:46:51.800173Z,10.777715420001186,0,5135974400,wait4.ru_maxrss,4,4,1245.109868,3384.859434,147.719097,3532.578531,1187.76112,167.447834,1355.208954,945274680,1.71506199550067e-17,0.005859375,True,PASS,PASS,True,True,raw/measured-r05-o04-p04/benchmark_samples.csv,raw/measured-r05-o04-p04/benchmark_summary.json,raw/measured-r05-o04-p04/stdout.txt,raw/measured-r05-o04-p04/stderr.txt,628.492272,463.415507,95.85334099999994,2.045993,126.432412,38.96942899999999
csc3-demo-linux-process-benchmark-v1,measured-r05-o05-p05,measured,5,5,5,1502632,2026-07-30T12:46:51.805578Z,2026-07-30T12:47:02.404131Z,10.598556900004041,0,5135921152,wait4.ru_maxrss,5,5,1262.307801,3393.345781,145.710937,3539.056718,1094.277228,147.766737,1242.0439649999998,945274680,9.145457116285985e-17,0.005859375,True,PASS,PASS,True,True,raw/measured-r05-o05-p05/benchmark_samples.csv,raw/measured-r05-o05-p05/benchmark_summary.json,raw/measured-r05-o05-p05/stdout.txt,raw/measured-r05-o05-p05/stderr.txt,579.255794,418.616988,96.4044459999999,2.112239,110.287144,35.36735400000002
csc3-demo-linux-process-benchmark-v1,measured-r05-o06-p06,measured,5,6,6,1502768,2026-07-30T12:47:02.409746Z,2026-07-30T12:47:12.663514Z,10.253772201001993,0,5135728640,wait4.ru_maxrss,6,6,1252.576189,3355.841519,147.189636,3503.031155,985.411756,133.057786,1118.469542,945274680,1.518412597233638e-17,0.0048828125,True,PASS,PASS,True,True,raw/measured-r05-o06-p06/benchmark_samples.csv,raw/measured-r05-o06-p06/benchmark_summary.json,raw/measured-r05-o06-p06/stdout.txt,raw/measured-r05-o06-p06/stderr.txt,492.989726,400.422168,91.99986199999995,2.070576,97.876094,33.11111600000001
csc3-demo-linux-process-benchmark-v1,measured-r05-o07-p07,measured,5,7,7,1502882,2026-07-30T12:47:12.669320Z,2026-07-30T12:47:22.813775Z,10.144456527006696,0,5135949824,wait4.ru_maxrss,7,7,1236.102087,3327.867655,145.415325,3473.28298,941.243,124.721239,1065.9642390000001,945274680,1.0881553585414302e-16,0.0068359375,True,PASS,PASS,True,True,raw/measured-r05-o07-p07/benchmark_samples.csv,raw/measured-r05-o07-p07/benchmark_summary.json,raw/measured-r05-o07-p07/stdout.txt,raw/measured-r05-o07-p07/stderr.txt,474.233319,375.26219,91.74749100000008,2.343516,90.123261,32.254462000000004
csc3-demo-linux-process-benchmark-v1,measured-r05-o08-p08,measured,5,8,8,1503036,2026-07-30T12:47:22.820169Z,2026-07-30T12:47:33.003256Z,10.183090759004699,0,5136048128,wait4.ru_maxrss,8,8,1257.75417,3377.232533,145.904099,3523.1366319999997,932.143333,115.06084,1047.204173,945274680,9.815044815289796e-17,0.005859375,True,PASS,PASS,True,True,raw/measured-r05-o08-p08/benchmark_samples.csv,raw/measured-r05-o08-p08/benchmark_summary.json,raw/measured-r05-o08-p08/stdout.txt,raw/measured-r05-o08-p08/stderr.txt,465.716919,365.79706,100.62935399999998,2.087503,82.487637,30.485699999999994
csc3-demo-linux-process-benchmark-v1,measured-r05-o09-p09,measured,5,9,9,1503172,2026-07-30T12:47:33.008769Z,2026-07-30T12:47:43.145376Z,10.136609598004725,0,5136113664,wait4.ru_maxrss,9,9,1250.283653,3385.662899,147.002212,3532.665111,903.023584,118.018021,1021.041605,945274680,1.1647859596021934e-16,0.005859375,True,PASS,PASS,True,True,raw/measured-r05-o09-p09/benchmark_samples.csv,raw/measured-r05-o09-p09/benchmark_summary.json,raw/measured-r05-o09-p09/stdout.txt,raw/measured-r05-o09-p09/stderr.txt,448.404851,352.693123,101.92561,2.201426,85.644459,30.17213600000001
csc3-demo-linux-process-benchmark-v1,measured-r05-o10-p10,measured,5,10,10,1503294,2026-07-30T12:47:43.151175Z,2026-07-30T12:47:53.111583Z,9.96041100200091,0,5135790080,wait4.ru_maxrss,10,10,1236.560233,3325.11233,145.761607,3470.873937,845.810423,115.958894,961.769317,945274680,1.2792547701510684e-16,0.0068359375,True,PASS,PASS,True,True,raw/measured-r05-o10-p10/benchmark_samples.csv,raw/measured-r05-o10-p10/benchmark_summary.json,raw/measured-r05-o10-p10/stdout.txt,raw/measured-r05-o10-p10/stderr.txt,410.329903,342.80491,92.67561,2.356247,84.025066,29.57758100000001
csc3-demo-linux-process-benchmark-v1,measured-r05-o11-p11,measured,5,11,11,1503427,2026-07-30T12:47:53.116415Z,2026-07-30T12:48:03.213743Z,10.097332366000046,0,5136048128,wait4.ru_maxrss,11,11,1264.704907,3386.941136,149.256191,3536.197327,834.920443,115.803911,950.724354,945274680,1.3649599463438013e-16,0.0068359375,True,PASS,PASS,True,True,raw/measured-r05-o11-p11/benchmark_samples.csv,raw/measured-r05-o11-p11/benchmark_summary.json,raw/measured-r05-o11-p11/stdout.txt,raw/measured-r05-o11-p11/stderr.txt,395.718238,335.783523,103.41868199999999,2.397442,84.236931,29.169538000000003
csc3-demo-linux-process-benchmark-v1,measured-r05-o12-p12,measured,5,12,12,1503547,2026-07-30T12:48:03.218905Z,2026-07-30T12:48:13.046476Z,9.827574217997608,0,5135769600,wait4.ru_maxrss,12,12,1245.446298,3326.711993,145.391557,3472.10355,795.649456,113.071298,908.7207539999999,945274680,2.0579228905139447e-17,0.005859375,True,PASS,PASS,True,True,raw/measured-r05-o12-p12/benchmark_samples.csv,raw/measured-r05-o12-p12/benchmark_summary.json,raw/measured-r05-o12-p12/stdout.txt,raw/measured-r05-o12-p12/stderr.txt,374.332642,327.766306,93.55050799999998,2.451687,82.941412,27.678198999999992
csc3-demo-linux-process-benchmark-v1,measured-r05-o13-p13,measured,5,13,13,1503664,2026-07-30T12:48:13.051849Z,2026-07-30T12:48:22.875291Z,9.823444715002552,0,5135917056,wait4.ru_maxrss,13,13,1235.278647,3349.312474,145.625504,3494.937978,785.592486,109.654244,895.2467300000001,945274680,1.4729671601207045e-16,0.0068359375,True,PASS,PASS,True,True,raw/measured-r05-o13-p13/benchmark_samples.csv,raw/measured-r05-o13-p13/benchmark_summary.json,raw/measured-r05-o13-p13/stdout.txt,raw/measured-r05-o13-p13/stderr.txt,365.818118,321.038237,98.736131,2.557568,79.784517,27.31215900000001
csc3-demo-linux-process-benchmark-v1,measured-r05-o14-p14,measured,5,14,14,1503796,2026-07-30T12:48:22.880144Z,2026-07-30T12:48:32.847578Z,9.96743727500143,0,5136150528,wait4.ru_maxrss,14,14,1264.06582,3395.359142,150.888642,3546.2477839999997,773.713333,107.058442,880.771775,945274680,1.4921212255078832e-16,0.0068359375,True,PASS,PASS,True,True,raw/measured-r05-o14-p14/benchmark_samples.csv,raw/measured-r05-o14-p14/benchmark_summary.json,raw/measured-r05-o14-p14/stdout.txt,raw/measured-r05-o14-p14/stderr.txt,365.421316,314.933733,93.35828400000003,2.593297,78.12063,26.344514999999987
csc3-demo-linux-process-benchmark-v1,measured-r05-o15-p15,measured,5,15,15,1503940,2026-07-30T12:48:32.853498Z,2026-07-30T12:48:42.790227Z,9.936732447997201,0,5136175104,wait4.ru_maxrss,15,15,1263.729519,3393.386425,146.451278,3539.837703,774.917139,105.618428,880.535567,945274680,1.4973997793060492e-16,0.0078125,True,PASS,PASS,True,True,raw/measured-r05-o15-p15/benchmark_samples.csv,raw/measured-r05-o15-p15/benchmark_summary.json,raw/measured-r05-o15-p15/stdout.txt,raw/measured-r05-o15-p15/stderr.txt,360.393261,313.276423,101.247455,2.531168,77.920181,25.167079
csc3-demo-linux-process-benchmark-v1,measured-r05-o16-p16,measured,5,16,16,1504063,2026-07-30T12:48:42.795434Z,2026-07-30T12:48:52.741576Z,9.94614545100194,0,5136056320,wait4.ru_maxrss,16,16,1272.708571,3421.663037,149.126045,3570.789082,754.017721,102.87065,856.888371,945274680,1.510371758023126e-16,0.005859375,True,PASS,PASS,True,True,raw/measured-r05-o16-p16/benchmark_samples.csv,raw/measured-r05-o16-p16/benchmark_summary.json,raw/measured-r05-o16-p16/stdout.txt,raw/measured-r05-o16-p16/stderr.txt,350.724551,305.343653,97.94951700000001,2.76703,74.937405,25.166214999999994
csc3-demo-linux-process-benchmark-v1,measured-r05-o17-p17,measured,5,17,17,1504215,2026-07-30T12:48:52.746762Z,2026-07-30T12:49:02.647514Z,9.900754658010555,0,5135859712,wait4.ru_maxrss,17,17,1266.370113,3398.590637,148.023243,3546.61388,744.094709,105.781159,849.875868,945274680,1.5251870583590674e-16,0.005859375,True,PASS,PASS,True,True,raw/measured-r05-o17-p17/benchmark_samples.csv,raw/measured-r05-o17-p17/benchmark_summary.json,raw/measured-r05-o17-p17/stdout.txt,raw/measured-r05-o17-p17/stderr.txt,343.904409,307.572692,92.61760799999996,2.493765,77.787356,25.500038000000004
csc3-demo-linux-process-benchmark-v1,measured-r05-o18-p18,measured,5,18,18,1504365,2026-07-30T12:49:02.652631Z,2026-07-30T12:49:12.508276Z,9.85564844100736,0,5135863808,wait4.ru_maxrss,18,18,1268.195155,3365.19327,146.546313,3511.739583,750.869168,103.070264,853.9394319999999,945274680,1.5173490062444635e-16,0.0068359375,True,PASS,PASS,True,True,raw/measured-r05-o18-p18/benchmark_samples.csv,raw/measured-r05-o18-p18/benchmark_summary.json,raw/measured-r05-o18-p18/stdout.txt,raw/measured-r05-o18-p18/stderr.txt,347.506308,303.399458,99.96340199999997,2.760412,75.935368,24.374483999999995
csc3-demo-linux-process-benchmark-v1,measured-r05-o19-p19,measured,5,19,19,1504491,2026-07-30T12:49:12.513878Z,2026-07-30T12:49:22.369378Z,9.855503578000935,0,5135708160,wait4.ru_maxrss,19,19,1264.285014,3370.436247,145.140923,3515.57717,754.235392,103.265295,857.5006870000001,945274680,1.5245658331419583e-16,0.0078125,True,PASS,PASS,True,True,raw/measured-r05-o19-p19/benchmark_samples.csv,raw/measured-r05-o19-p19/benchmark_summary.json,raw/measured-r05-o19-p19/stdout.txt,raw/measured-r05-o19-p19/stderr.txt,347.927414,308.123172,98.18480600000004,2.810073,73.436965,27.01825699999999
csc3-demo-linux-process-benchmark-v1,measured-r05-o20-p20,measured,5,20,20,1504607,2026-07-30T12:49:22.374703Z,2026-07-30T12:49:32.241517Z,9.866816984998877,0,5136207872,wait4.ru_maxrss,20,20,1260.048189,3382.442633,147.867769,3530.310402,734.641027,102.956738,837.597765,945274680,1.480130558719902e-16,0.0078125,True,PASS,PASS,True,True,raw/measured-r05-o20-p20/benchmark_samples.csv,raw/measured-r05-o20-p20/benchmark_summary.json,raw/measured-r05-o20-p20/stdout.txt,raw/measured-r05-o20-p20/stderr.txt,339.746931,303.489826,91.40427,2.528037,75.644372,24.784329
csc3-demo-linux-process-benchmark-v1,measured-r06-o01-p20,measured,6,1,20,1504759,2026-07-30T12:49:32.246896Z,2026-07-30T12:49:42.034762Z,9.787869273000979,0,5135998976,wait4.ru_maxrss,20,20,1266.360591,3351.619055,145.28358,3496.902635,748.657473,107.954117,856.61159,945274680,1.498598147245318e-16,0.0068359375,True,PASS,PASS,True,True,raw/measured-r06-o01-p20/benchmark_samples.csv,raw/measured-r06-o01-p20/benchmark_summary.json,raw/measured-r06-o01-p20/stdout.txt,raw/measured-r06-o01-p20/stderr.txt,346.339813,303.012835,99.304825,2.632617,78.572853,26.748647000000005
csc3-demo-linux-process-benchmark-v1,measured-r06-o02-p19,measured,6,2,19,1504902,2026-07-30T12:49:42.039879Z,2026-07-30T12:49:51.989416Z,9.949540383997373,0,5136023552,wait4.ru_maxrss,19,19,1269.803436,3408.768944,146.463495,3555.232439,745.30181,101.719118,847.020928,945274680,1.5137659735092087e-16,0.0078125,True,PASS,PASS,True,True,raw/measured-r06-o02-p19/benchmark_samples.csv,raw/measured-r06-o02-p19/benchmark_summary.json,raw/measured-r06-o02-p19/stdout.txt,raw/measured-r06-o02-p19/stderr.txt,348.695896,300.398895,96.20701900000006,2.448456,74.704551,24.566110999999992
csc3-demo-linux-process-benchmark-v1,measured-r06-o03-p18,measured,6,3,18,1505084,2026-07-30T12:49:51.994658Z,2026-07-30T12:50:01.768033Z,9.773379050995572,0,5135589376,wait4.ru_maxrss,18,18,1250.932041,3342.358074,146.908744,3489.266818,750.548739,101.14007,851.688809,945274680,1.4839454201879095e-16,0.0078125,True,PASS,PASS,True,True,raw/measured-r06-o03-p18/benchmark_samples.csv,raw/measured-r06-o03-p18/benchmark_summary.json,raw/measured-r06-o03-p18/stdout.txt,raw/measured-r06-o03-p18/stderr.txt,346.803096,303.108706,100.63693699999999,2.705807,74.290241,24.144021999999993
csc3-demo-linux-process-benchmark-v1,measured-r06-o04-p17,measured,6,4,17,1505220,2026-07-30T12:50:01.773320Z,2026-07-30T12:50:11.706706Z,9.933387793993461,0,5135749120,wait4.ru_maxrss,17,17,1277.528792,3410.220263,149.249041,3559.469304,753.349599,101.475787,854.825386,945274680,1.5294756128300197e-16,0.0068359375,True,PASS,PASS,True,True,raw/measured-r06-o04-p17/benchmark_samples.csv,raw/measured-r06-o04-p17/benchmark_summary.json,raw/measured-r06-o04-p17/stdout.txt,raw/measured-r06-o04-p17/stderr.txt,351.688361,306.351002,95.31023600000003,2.662476,74.16076,24.652551000000003
csc3-demo-linux-process-benchmark-v1,measured-r06-o05-p16,measured,6,5,16,1505346,2026-07-30T12:50:11.712191Z,2026-07-30T12:50:21.590160Z,9.877972196001792,0,5135912960,wait4.ru_maxrss,16,16,1251.222894,3371.055497,145.225233,3516.28073,756.871351,108.186548,865.057899,945274680,1.4960410881285023e-16,0.005859375,True,PASS,PASS,True,True,raw/measured-r06-o05-p16/benchmark_samples.csv,raw/measured-r06-o05-p16/benchmark_summary.json,raw/measured-r06-o05-p16/stdout.txt,raw/measured-r06-o05-p16/stderr.txt,356.259209,309.533057,91.07908500000002,2.774785,78.644986,26.766777000000005
csc3-demo-linux-process-benchmark-v1,measured-r06-o06-p15,measured,6,6,15,1505475,2026-07-30T12:50:21.595546Z,2026-07-30T12:50:31.409766Z,9.814223406006931,0,5136068608,wait4.ru_maxrss,15,15,1249.642316,3348.437416,147.640669,3496.078085,753.843652,107.158608,861.00226,945274680,1.5026034524433797e-16,0.0078125,True,PASS,PASS,True,True,raw/measured-r06-o06-p15/benchmark_samples.csv,raw/measured-r06-o06-p15/benchmark_summary.json,raw/measured-r06-o06-p15/stdout.txt,raw/measured-r06-o06-p15/stderr.txt,351.422803,310.781932,91.63891700000005,2.313118,79.063862,25.781627999999998
csc3-demo-linux-process-benchmark-v1,measured-r06-o07-p14,measured,6,7,14,1505622,2026-07-30T12:50:31.415359Z,2026-07-30T12:50:41.352185Z,9.936829847007175,0,5135941632,wait4.ru_maxrss,14,14,1268.041878,3404.469667,146.9786,3551.4482669999998,768.047738,107.609405,875.657143,945274680,1.4959620404787913e-16,0.0078125,True,PASS,PASS,True,True,raw/measured-r06-o07-p14/benchmark_samples.csv,raw/measured-r06-o07-p14/benchmark_summary.json,raw/measured-r06-o07-p14/stdout.txt,raw/measured-r06-o07-p14/stderr.txt,360.379138,313.166199,94.50240099999996,2.889639,78.583093,26.136672999999988
csc3-demo-linux-process-benchmark-v1,measured-r06-o08-p13,measured,6,8,13,1505743,2026-07-30T12:50:41.357431Z,2026-07-30T12:50:51.173445Z,9.816017252989695,0,5135978496,wait4.ru_maxrss,13,13,1252.792942,3330.146068,145.476929,3475.622997,777.75516,112.730269,890.4854290000001,945274680,1.47056548835303e-16,0.0068359375,True,PASS,PASS,True,True,raw/measured-r06-o08-p13/benchmark_samples.csv,raw/measured-r06-o08-p13/benchmark_summary.json,raw/measured-r06-o08-p13/stdout.txt,raw/measured-r06-o08-p13/stderr.txt,364.35707,319.226298,94.17179200000004,2.47936,83.212918,27.037991000000005
csc3-demo-linux-process-benchmark-v1,measured-r06-o09-p12,measured,6,9,12,1505868,2026-07-30T12:50:51.178773Z,2026-07-30T12:51:01.149982Z,9.971211616008077,0,5135667200,wait4.ru_maxrss,12,12,1270.262425,3395.123643,146.0986,3541.2222429999997,801.076211,114.520796,915.597007,945274680,2.0298374412851027e-17,0.005859375,True,PASS,PASS,True,True,raw/measured-r06-o09-p12/benchmark_samples.csv,raw/measured-r06-o09-p12/benchmark_summary.json,raw/measured-r06-o09-p12/stdout.txt,raw/measured-r06-o09-p12/stderr.txt,375.220151,328.741133,97.11492699999997,2.395509,84.190674,27.934613
csc3-demo-linux-process-benchmark-v1,measured-r06-o10-p11,measured,6,10,11,1505993,2026-07-30T12:51:01.155456Z,2026-07-30T12:51:11.175210Z,10.019757178000873,0,5135728640,wait4.ru_maxrss,11,11,1260.386026,3385.957291,146.908296,3532.8655870000002,835.727767,117.215583,952.94335,945274680,1.3598043387053123e-16,0.0068359375,True,PASS,PASS,True,True,raw/measured-r06-o10-p11/benchmark_samples.csv,raw/measured-r06-o10-p11/benchmark_summary.json,raw/measured-r06-o10-p11/stdout.txt,raw/measured-r06-o10-p11/stderr.txt,397.922252,338.242098,99.56341699999996,2.228872,86.568938,28.417772999999997
csc3-demo-linux-process-benchmark-v1,measured-r06-o11-p10,measured,6,11,10,1506136,2026-07-30T12:51:11.180632Z,2026-07-30T12:51:21.273299Z,10.092670894999173,0,5135708160,wait4.ru_maxrss,10,10,1258.268157,3376.904053,146.83033,3523.734383,871.190355,116.232438,987.422793,945274680,1.2797872467532804e-16,0.0068359375,True,PASS,PASS,True,True,raw/measured-r06-o11-p10/benchmark_samples.csv,raw/measured-r06-o11-p10/benchmark_summary.json,raw/measured-r06-o11-p10/stdout.txt,raw/measured-r06-o11-p10/stderr.txt,425.337646,343.904322,101.94838699999997,2.347662,84.533585,29.351191
csc3-demo-linux-process-benchmark-v1,measured-r06-o12-p09,measured,6,12,9,1506268,2026-07-30T12:51:21.278815Z,2026-07-30T12:51:31.436990Z,10.15817799398792,0,5135659008,wait4.ru_maxrss,9,9,1255.889595,3392.613893,146.059103,3538.6729960000002,895.504964,116.445052,1011.950016,945274680,1.165053171358136e-16,0.005859375,True,PASS,PASS,True,True,raw/measured-r06-o12-p09/benchmark_samples.csv,raw/measured-r06-o12-p09/benchmark_summary.json,raw/measured-r06-o12-p09/stdout.txt,raw/measured-r06-o12-p09/stderr.txt,440.559788,353.578671,101.36650499999996,2.172394,84.175513,30.097145000000012
csc3-demo-linux-process-benchmark-v1,measured-r06-o13-p08,measured,6,13,8,1506400,2026-07-30T12:51:31.442243Z,2026-07-30T12:51:41.516403Z,10.074163087003399,0,5136031744,wait4.ru_maxrss,8,8,1241.64645,3338.331712,146.536802,3484.8685140000002,896.490065,118.526849,1015.0169139999999,945274680,9.818446754528544e-17,0.005859375,True,PASS,PASS,True,True,raw/measured-r06-o13-p08/benchmark_samples.csv,raw/measured-r06-o13-p08/benchmark_summary.json,raw/measured-r06-o13-p08/stdout.txt,raw/measured-r06-o13-p08/stderr.txt,457.983294,344.063606,94.44316499999996,2.042191,85.637968,30.846689999999995
csc3-demo-linux-process-benchmark-v1,measured-r06-o14-p07,measured,6,14,7,1506530,2026-07-30T12:51:41.521805Z,2026-07-30T12:51:51.765910Z,10.244108479004353,0,5135773696,wait4.ru_maxrss,7,7,1259.911593,3397.555776,146.700846,3544.2566220000003,932.451673,124.405784,1056.857457,945274680,1.0880734016901997e-16,0.0068359375,True,PASS,PASS,True,True,raw/measured-r06-o14-p07/benchmark_samples.csv,raw/measured-r06-o14-p07/benchmark_summary.json,raw/measured-r06-o14-p07/stdout.txt,raw/measured-r06-o14-p07/stderr.txt,475.000711,358.623584,98.82737800000001,2.055446,90.237037,32.11330099999999
csc3-demo-linux-process-benchmark-v1,measured-r06-o15-p06,measured,6,15,6,1506656,2026-07-30T12:51:51.771485Z,2026-07-30T12:52:01.964353Z,10.192870012993808,0,5135900672,wait4.ru_maxrss,6,6,1240.910731,3323.484955,147.157921,3470.642876,973.80865,134.103903,1107.912553,945274680,1.4626916947008697e-17,0.00390625,True,PASS,PASS,True,True,raw/measured-r06-o15-p06/benchmark_samples.csv,raw/measured-r06-o15-p06/benchmark_summary.json,raw/measured-r06-o15-p06/stdout.txt,raw/measured-r06-o15-p06/stderr.txt,494.520304,384.934574,94.35377199999994,2.089349,98.807815,33.206739
csc3-demo-linux-process-benchmark-v1,measured-r06-o16-p05,measured,6,16,5,1506790,2026-07-30T12:52:01.970437Z,2026-07-30T12:52:12.422704Z,10.452270583991776,0,5135929344,wait4.ru_maxrss,5,5,1241.870309,3340.235611,145.015739,3485.25135,1093.376147,147.197865,1240.574012,945274680,9.145715102988645e-17,0.005859375,True,PASS,PASS,True,True,raw/measured-r06-o16-p05/benchmark_samples.csv,raw/measured-r06-o16-p05/benchmark_summary.json,raw/measured-r06-o16-p05/stdout.txt,raw/measured-r06-o16-p05/stderr.txt,576.077811,415.724748,101.57358799999997,2.121516,109.773859,35.30248999999999
csc3-demo-linux-process-benchmark-v1,measured-r06-o17-p04,measured,6,17,4,1506926,2026-07-30T12:52:12.428205Z,2026-07-30T12:52:23.112250Z,10.684048765993793,0,5135880192,wait4.ru_maxrss,4,4,1250.351093,3346.27091,146.403912,3492.674822,1179.85655,184.838697,1364.6952469999999,945274680,1.696175694213254e-17,0.005859375,True,PASS,PASS,True,True,raw/measured-r06-o17-p04/benchmark_samples.csv,raw/measured-r06-o17-p04/benchmark_summary.json,raw/measured-r06-o17-p04/stdout.txt,raw/measured-r06-o17-p04/stderr.txt,624.783217,463.99369,91.07964299999992,2.273403,139.21181,43.35348399999998
csc3-demo-linux-process-benchmark-v1,measured-r06-o18-p03,measured,6,18,3,1507054,2026-07-30T12:52:23.118494Z,2026-07-30T12:52:34.253607Z,11.135116828998434,0,5135867904,wait4.ru_maxrss,3,3,1241.325873,3345.633635,147.755824,3493.389459,1398.54825,203.882251,1602.430501,945274680,1.2893961549787571e-17,0.00390625,True,PASS,PASS,True,True,raw/measured-r06-o18-p03/benchmark_samples.csv,raw/measured-r06-o18-p03/benchmark_summary.json,raw/measured-r06-o18-p03/stdout.txt,raw/measured-r06-o18-p03/stderr.txt,754.770879,544.2204,99.55697099999998,2.412315,153.416611,48.053325
csc3-demo-linux-process-benchmark-v1,measured-r06-o19-p02,measured,6,19,2,1507173,2026-07-30T12:52:34.260091Z,2026-07-30T12:52:46.284978Z,12.024890291009797,0,5136134144,wait4.ru_maxrss,2,2,1255.249337,3334.217544,145.016425,3479.233969,1811.201236,281.826167,2093.027403,945274680,9.292718580609856e-18,0.00390625,True,PASS,PASS,True,True,raw/measured-r06-o19-p02/benchmark_samples.csv,raw/measured-r06-o19-p02/benchmark_summary.json,raw/measured-r06-o19-p02/stdout.txt,raw/measured-r06-o19-p02/stderr.txt,1011.204801,700.558855,99.43758000000014,3.672926,211.917626,66.23561499999997
csc3-demo-linux-process-benchmark-v1,measured-r06-o20-p01,measured,6,20,1,1507336,2026-07-30T12:52:46.291305Z,2026-07-30T12:53:00.974918Z,14.683617011993192,0,5136039936,wait4.ru_maxrss,1,1,1250.654597,3352.101816,145.853425,3497.9552409999997,2966.03304,529.045822,3495.078862,945274680,0.0,0.0,True,PASS,PASS,True,True,raw/measured-r06-o20-p01/benchmark_samples.csv,raw/measured-r06-o20-p01/benchmark_summary.json,raw/measured-r06-o20-p01/stdout.txt,raw/measured-r06-o20-p01/stderr.txt,1724.341809,1156.486218,85.20501299999978,6.006618,398.523519,124.51568500000002
csc3-demo-linux-process-benchmark-v1,measured-r07-o01-p01,measured,7,1,1,1507499,2026-07-30T12:53:00.981201Z,2026-07-30T12:53:15.686640Z,14.705442154998309,0,5136109568,wait4.ru_maxrss,1,1,1243.787249,3348.242728,145.633237,3493.875965,2994.498845,536.118314,3530.6171590000004,945274680,0.0,0.0,True,PASS,PASS,True,True,raw/measured-r07-o01-p01/benchmark_samples.csv,raw/measured-r07-o01-p01/benchmark_summary.json,raw/measured-r07-o01-p01/stdout.txt,raw/measured-r07-o01-p01/stderr.txt,1740.596096,1165.058214,88.84453500000018,5.897507,406.992237,123.22857000000005
csc3-demo-linux-process-benchmark-v1,measured-r07-o02-p02,measured,7,2,2,1507680,2026-07-30T12:53:15.693051Z,2026-07-30T12:53:27.768521Z,12.075472615993931,0,5135917056,wait4.ru_maxrss,2,2,1239.728421,3404.184005,145.762866,3549.946871,1797.32306,283.213328,2080.536388,945274680,9.162484237771336e-18,0.00390625,True,PASS,PASS,True,True,raw/measured-r07-o02-p02/benchmark_samples.csv,raw/measured-r07-o02-p02/benchmark_summary.json,raw/measured-r07-o02-p02/stdout.txt,raw/measured-r07-o02-p02/stderr.txt,1008.402844,698.004445,90.91577099999995,3.785862,212.569336,66.85812999999999
csc3-demo-linux-process-benchmark-v1,measured-r07-o03-p03,measured,7,3,3,1507850,2026-07-30T12:53:27.775231Z,2026-07-30T12:53:39.014220Z,11.238993027000106,0,5135577088,wait4.ru_maxrss,3,3,1260.705597,3385.281987,146.469291,3531.7512779999997,1398.651373,202.802182,1601.4535549999998,945274680,1.3196860877884814e-17,0.00390625,True,PASS,PASS,True,True,raw/measured-r07-o03-p03/benchmark_samples.csv,raw/measured-r07-o03-p03/benchmark_summary.json,raw/measured-r07-o03-p03/stdout.txt,raw/measured-r07-o03-p03/stderr.txt,756.957204,546.196559,95.4976099999999,2.204364,153.188085,47.40973299999999
csc3-demo-linux-process-benchmark-v1,measured-r07-o04-p04,measured,7,4,4,1507979,2026-07-30T12:53:39.020329Z,2026-07-30T12:53:49.801882Z,10.781557620008243,0,5135790080,wait4.ru_maxrss,4,4,1261.975668,3387.134127,148.049266,3535.183393,1193.335717,167.384659,1360.720376,945274680,1.7188244158665282e-17,0.005859375,True,PASS,PASS,True,True,raw/measured-r07-o04-p04/benchmark_samples.csv,raw/measured-r07-o04-p04/benchmark_summary.json,raw/measured-r07-o04-p04/stdout.txt,raw/measured-r07-o04-p04/stderr.txt,627.949682,464.24072,101.14531499999987,2.183676,125.49902,39.701963000000006
csc3-demo-linux-process-benchmark-v1,measured-r07-o05-p05,measured,7,5,5,1508113,2026-07-30T12:53:49.807873Z,2026-07-30T12:54:00.426675Z,10.61880778799241,0,5135769600,wait4.ru_maxrss,5,5,1261.700059,3407.733274,151.11208,3558.845354,1101.310777,147.065368,1248.376145,945274680,9.145988624023004e-17,0.005859375,True,PASS,PASS,True,True,raw/measured-r07-o05-p05/benchmark_samples.csv,raw/measured-r07-o05-p05/benchmark_summary.json,raw/measured-r07-o05-p05/stdout.txt,raw/measured-r07-o05-p05/stderr.txt,579.675317,417.658302,103.97715799999997,2.061433,109.585086,35.41884900000001
csc3-demo-linux-process-benchmark-v1,measured-r07-o06-p06,measured,7,6,6,1508251,2026-07-30T12:54:00.432309Z,2026-07-30T12:54:10.766012Z,10.333706154007814,0,5135716352,wait4.ru_maxrss,6,6,1265.538222,3385.473097,146.650149,3532.123246,974.669253,134.101717,1108.77097,945274680,1.5366269719165188e-17,0.0048828125,True,PASS,PASS,True,True,raw/measured-r07-o06-p06/benchmark_samples.csv,raw/measured-r07-o06-p06/benchmark_summary.json,raw/measured-r07-o06-p06/stdout.txt,raw/measured-r07-o06-p06/stderr.txt,495.266661,386.242818,93.15977400000003,2.089716,99.060267,32.951734
csc3-demo-linux-process-benchmark-v1,measured-r07-o07-p07,measured,7,7,7,1508384,2026-07-30T12:54:10.772124Z,2026-07-30T12:54:21.000632Z,10.228511480992893,0,5135581184,wait4.ru_maxrss,7,7,1256.242476,3372.403964,148.241947,3520.645911,945.178787,124.838067,1070.016854,945274680,1.0881094886135624e-16,0.0068359375,True,PASS,PASS,True,True,raw/measured-r07-o07-p07/benchmark_samples.csv,raw/measured-r07-o07-p07/benchmark_summary.json,raw/measured-r07-o07-p07/stdout.txt,raw/measured-r07-o07-p07/stderr.txt,477.519295,363.588528,104.07096400000006,2.169616,90.870274,31.798176999999995
csc3-demo-linux-process-benchmark-v1,measured-r07-o08-p08,measured,7,8,8,1508507,2026-07-30T12:54:21.007096Z,2026-07-30T12:54:31.028046Z,10.020953669009032,0,5135892480,wait4.ru_maxrss,8,8,1242.310609,3325.795095,150.232429,3476.027524,903.409014,115.367812,1018.7768259999999,945274680,9.81139274314496e-17,0.005859375,True,PASS,PASS,True,True,raw/measured-r07-o08-p08/benchmark_samples.csv,raw/measured-r07-o08-p08/benchmark_summary.json,raw/measured-r07-o08-p08/stdout.txt,raw/measured-r07-o08-p08/stderr.txt,459.280412,345.52081,98.60779199999996,2.095529,82.574447,30.697835999999995
csc3-demo-linux-process-benchmark-v1,measured-r07-o09-p09,measured,7,9,9,1508633,2026-07-30T12:54:31.034098Z,2026-07-30T12:54:41.204564Z,10.170469504999346,0,5135769600,wait4.ru_maxrss,9,9,1268.344917,3386.907024,146.44793,3533.354954,895.186383,119.52744,1014.7138229999999,945274680,1.164878895857125e-16,0.005859375,True,PASS,PASS,True,True,raw/measured-r07-o09-p09/benchmark_samples.csv,raw/measured-r07-o09-p09/benchmark_summary.json,raw/measured-r07-o09-p09/stdout.txt,raw/measured-r07-o09-p09/stderr.txt,449.473323,347.09011,98.62295,2.440316,85.194889,31.892235
csc3-demo-linux-process-benchmark-v1,measured-r07-o10-p10,measured,7,10,10,1508769,2026-07-30T12:54:41.210273Z,2026-07-30T12:54:51.195376Z,9.985107518994482,0,5135888384,wait4.ru_maxrss,10,10,1244.117073,3338.542439,144.549415,3483.091854,865.194588,115.172838,980.3674259999999,945274680,1.2786615629590058e-16,0.0068359375,True,PASS,PASS,True,True,raw/measured-r07-o10-p10/benchmark_samples.csv,raw/measured-r07-o10-p10/benchmark_summary.json,raw/measured-r07-o10-p10/stdout.txt,raw/measured-r07-o10-p10/stderr.txt,421.222409,343.604341,100.36783799999995,2.191093,83.618721,29.36302400000001
csc3-demo-linux-process-benchmark-v1,measured-r07-o11-p11,measured,7,11,11,1508910,2026-07-30T12:54:51.201781Z,2026-07-30T12:55:01.095671Z,9.893894099004683,0,5135732736,wait4.ru_maxrss,11,11,1242.437363,3335.660444,145.754297,3481.414741,819.281831,113.614306,932.896137,945274680,1.3640633240967659e-16,0.0068359375,True,PASS,PASS,True,True,raw/measured-r07-o11-p11/benchmark_samples.csv,raw/measured-r07-o11-p11/benchmark_summary.json,raw/measured-r07-o11-p11/stdout.txt,raw/measured-r07-o11-p11/stderr.txt,387.7301,336.941092,94.61063899999999,2.299291,82.752827,28.562188000000006
csc3-demo-linux-process-benchmark-v1,measured-r07-o12-p12,measured,7,12,12,1509054,2026-07-30T12:55:01.101556Z,2026-07-30T12:55:11.045283Z,9.943731248000404,0,5135601664,wait4.ru_maxrss,12,12,1263.874048,3364.635152,146.038945,3510.674097,799.500518,114.776007,914.2765250000001,945274680,2.1214846689177614e-17,0.005859375,True,PASS,PASS,True,True,raw/measured-r07-o12-p12/benchmark_samples.csv,raw/measured-r07-o12-p12/benchmark_summary.json,raw/measured-r07-o12-p12/stdout.txt,raw/measured-r07-o12-p12/stderr.txt,376.626626,324.46983,98.40406200000007,2.445853,84.493044,27.83711000000001
csc3-demo-linux-process-benchmark-v1,measured-r07-o13-p13,measured,7,13,13,1509196,2026-07-30T12:55:11.050956Z,2026-07-30T12:55:21.014553Z,9.963600286006113,0,5135949824,wait4.ru_maxrss,13,13,1260.477874,3405.554509,147.164328,3552.718837,793.630224,110.87683,904.507054,945274680,1.4756814931691973e-16,0.0068359375,True,PASS,PASS,True,True,raw/measured-r07-o13-p13/benchmark_samples.csv,raw/measured-r07-o13-p13/benchmark_summary.json,raw/measured-r07-o13-p13/stdout.txt,raw/measured-r07-o13-p13/stderr.txt,371.757795,322.229026,99.64340300000003,2.1186,81.796938,26.961292
csc3-demo-linux-process-benchmark-v1,measured-r07-o14-p14,measured,7,14,14,1509319,2026-07-30T12:55:21.020992Z,2026-07-30T12:55:30.843690Z,9.822702598990873,0,5135978496,wait4.ru_maxrss,14,14,1233.281117,3330.933683,145.717106,3476.6507890000003,774.377071,107.300197,881.677268,945274680,1.503516422177876e-16,0.0078125,True,PASS,PASS,True,True,raw/measured-r07-o14-p14/benchmark_samples.csv,raw/measured-r07-o14-p14/benchmark_summary.json,raw/measured-r07-o14-p14/stdout.txt,raw/measured-r07-o14-p14/stderr.txt,359.893331,312.643961,101.83977900000002,2.215439,78.840487,26.244270999999998
csc3-demo-linux-process-benchmark-v1,measured-r07-o15-p15,measured,7,15,15,1509444,2026-07-30T12:55:30.850024Z,2026-07-30T12:55:40.724221Z,9.874198777004494,0,5135974400,wait4.ru_maxrss,15,15,1257.329885,3378.587709,147.810349,3526.3980579999998,773.502328,104.62592,878.128248,945274680,1.5252470025760722e-16,0.0078125,True,PASS,PASS,True,True,raw/measured-r07-o15-p15/benchmark_samples.csv,raw/measured-r07-o15-p15/benchmark_summary.json,raw/measured-r07-o15-p15/stdout.txt,raw/measured-r07-o15-p15/stderr.txt,356.351197,315.780399,101.37073200000003,2.419253,76.896194,25.310473
csc3-demo-linux-process-benchmark-v1,measured-r07-o16-p16,measured,7,16,16,1509588,2026-07-30T12:55:40.730202Z,2026-07-30T12:55:50.533028Z,9.80282949199318,0,5136068608,wait4.ru_maxrss,16,16,1258.317729,3352.341031,146.450272,3498.791303,756.757239,104.460406,861.2176450000001,945274680,1.4844274061040563e-16,0.005859375,True,PASS,PASS,True,True,raw/measured-r07-o16-p16/benchmark_samples.csv,raw/measured-r07-o16-p16/benchmark_summary.json,raw/measured-r07-o16-p16/stdout.txt,raw/measured-r07-o16-p16/stderr.txt,353.437898,309.784438,93.53490299999999,2.641871,76.915766,24.902769000000006
csc3-demo-linux-process-benchmark-v1,measured-r07-o17-p17,measured,7,17,17,1509724,2026-07-30T12:55:50.538738Z,2026-07-30T12:56:00.461003Z,9.922268666006858,0,5135781888,wait4.ru_maxrss,17,17,1275.292279,3402.282568,149.465544,3551.748112,753.347472,102.47436,855.8218320000001,945274680,1.4858109647626268e-16,0.005859375,True,PASS,PASS,True,True,raw/measured-r07-o17-p17/benchmark_samples.csv,raw/measured-r07-o17-p17/benchmark_summary.json,raw/measured-r07-o17-p17/stdout.txt,raw/measured-r07-o17-p17/stderr.txt,353.17712,306.583059,93.58729300000005,2.426182,75.251521,24.79665700000001
csc3-demo-linux-process-benchmark-v1,measured-r07-o18-p18,measured,7,18,18,1509857,2026-07-30T12:56:00.467385Z,2026-07-30T12:56:10.251077Z,9.783696903003147,0,5135654912,wait4.ru_maxrss,18,18,1271.329779,3355.559466,147.025378,3502.584844,745.78727,100.051566,845.838836,945274680,1.4481220290922414e-16,0.0078125,True,PASS,PASS,True,True,raw/measured-r07-o18-p18/benchmark_samples.csv,raw/measured-r07-o18-p18/benchmark_summary.json,raw/measured-r07-o18-p18/stdout.txt,raw/measured-r07-o18-p18/stderr.txt,342.365256,302.450474,100.97154000000006,2.555335,73.331374,24.164856999999998
csc3-demo-linux-process-benchmark-v1,measured-r07-o19-p19,measured,7,19,19,1509989,2026-07-30T12:56:10.256868Z,2026-07-30T12:56:20.073505Z,9.816639568001847,0,5135978496,wait4.ru_maxrss,19,19,1265.073524,3356.690153,146.116525,3502.806678,748.247889,112.124916,860.372805,945274680,1.475382930320218e-16,0.0078125,True,PASS,PASS,True,True,raw/measured-r07-o19-p19/benchmark_samples.csv,raw/measured-r07-o19-p19/benchmark_summary.json,raw/measured-r07-o19-p19/stdout.txt,raw/measured-r07-o19-p19/stderr.txt,344.143445,299.04127,105.063174,2.557546,84.973222,24.59414799999999
csc3-demo-linux-process-benchmark-v1,measured-r07-o20-p20,measured,7,20,20,1510138,2026-07-30T12:56:20.079713Z,2026-07-30T12:56:29.983668Z,9.90395935199922,0,5135790080,wait4.ru_maxrss,20,20,1266.393072,3380.69861,144.959528,3525.658138,764.141209,117.637739,881.778948,945274680,1.509552102483647e-16,0.005859375,True,PASS,PASS,True,True,raw/measured-r07-o20-p20/benchmark_samples.csv,raw/measured-r07-o20-p20/benchmark_summary.json,raw/measured-r07-o20-p20/stdout.txt,raw/measured-r07-o20-p20/stderr.txt,347.427021,313.345492,103.368696,2.684683,90.816077,24.136978999999982
