row,col
0,0
0,1
0,2
0,3
0,4
0,5
0,45
0,46
0,47
0,90
0,91
0,92
0,93
0,94
0,95
0,96
0,97
0,98
0,99
0,100
0,101
0,144
0,145
0,146
1,0
1,1
1,2
1,3
1,4
1,5
1,45
1,46
1,47
1,90
1,91
1,92
1,93
1,94
1,95
1,96
1,97
1,98
1,99
1,100
1,101
1,144
1,145
1,146
2,0
2,1
2,2
2,3
2,4
2,5
2,45
2,46
2,47
2,90
2,91
2,92
2,93
2,94
2,95
2,96
2,97
2,98
2,99
2,100
2,101
2,144
2,145
2,146
3,0
3,1
3,2
3,3
3,4
3,5
3,6
3,7
3,8
3,45
3,46
3,47
3,69
3,70
3,71
3,99
3,100
3,101
3,102
3,103
3,104
4,0
4,1
4,2
4,3
4,4
4,5
4,6
4,7
4,8
4,45
4,46
4,47
4,69
4,70
4,71
4,99
4,100
4,101
4,102
4,103
4,104
5,0
5,1
5,2
5,3
5,4
5,5
5,6
5,7
5,8
5,45
5,46
5,47
5,69
5,70
5,71
5,99
5,100
5,101
5,102
5,103
5,104
6,3
6,4
6,5
6,6
6,7
6,8
6,9
6,10
6,11
6,69
6,70
6,71
6,72
6,73
6,74
6,102
6,103
6,104
6,105
6,106
6,107
7,3
7,4
7,5
7,6
7,7
7,8
7,9
7,10
7,11
7,69
7,70
7,71
7,72
7,73
7,74
7,102
7,103
7,104
7,105
7,106
7,107
8,3
8,4
8,5
8,6
8,7
8,8
8,9
8,10
8,11
8,69
8,70
8,71
8,72
8,73
8,74
8,102
8,103
8,104
8,105
8,106
8,107
9,6
9,7
9,8
9,9
9,10
9,11
9,12
9,13
9,14
9,51
9,52
9,53
9,72
9,73
9,74
9,105
9,106
9,107
10,6
10,7
10,8
10,9
10,10
10,11
10,12
10,13
10,14
10,51
10,52
10,53
10,72
10,73
10,74
10,105
10,106
10,107
11,6
11,7
11,8
11,9
11,10
11,11
11,12
11,13
11,14
11,51
11,52
11,53
11,72
11,73
11,74
11,105
11,106
11,107
12,9
12,10
12,11
12,12
12,13
12,14
12,15
12,16
12,17
12,51
12,52
12,53
12,75
12,76
12,77
12,105
12,106
12,107
12,108
12,109
12,110
13,9
13,10
13,11
13,12
13,13
13,14
13,15
13,16
13,17
13,51
13,52
13,53
13,75
13,76
13,77
13,105
13,106
13,107
13,108
13,109
13,110
14,9
14,10
14,11
14,12
14,13
14,14
14,15
14,16
14,17
14,51
14,52
14,53
14,75
14,76
14,77
14,105
14,106
14,107
14,108
14,109
14,110
15,12
15,13
15,14
15,15
15,16
15,17
15,18
15,19
15,20
15,51
15,52
15,53
15,54
15,55
15,56
15,75
15,76
15,77
15,78
15,79
15,80
15,108
15,109
15,110
15,111
15,112
15,113
16,12
16,13
16,14
16,15
16,16
16,17
16,18
16,19
16,20
16,51
16,52
16,53
16,54
16,55
16,56
16,75
16,76
16,77
16,78
16,79
16,80
16,108
16,109
16,110
16,111
16,112
16,113
17,12
17,13
17,14
17,15
17,16
17,17
17,18
17,19
17,20
17,51
17,52
17,53
17,54
17,55
17,56
17,75
17,76
17,77
17,78
17,79
17,80
17,108
17,109
17,110
17,111
17,112
17,113
18,15
18,16
18,17
18,18
18,19
18,20
18,21
18,22
18,23
18,54
18,55
18,56
18,57
18,58
18,59
18,78
18,79
18,80
18,81
18,82
18,83
19,15
19,16
19,17
19,18
19,19
19,20
19,21
19,22
19,23
19,54
19,55
19,56
19,57
19,58
19,59
19,78
19,79
19,80
19,81
19,82
19,83
20,15
20,16
20,17
20,18
20,19
20,20
20,21
20,22
20,23
20,54
20,55
20,56
20,57
20,58
20,59
20,78
20,79
20,80
20,81
20,82
20,83
21,18
21,19
21,20
21,21
21,22
21,23
21,24
21,25
21,26
21,27
21,28
21,29
21,57
21,58
21,59
21,81
21,82
21,83
21,84
21,85
21,86
21,126
21,127
21,128
22,18
22,19
22,20
22,21
22,22
22,23
22,24
22,25
22,26
22,27
22,28
22,29
22,57
22,58
22,59
22,81
22,82
22,83
22,84
22,85
22,86
22,126
22,127
22,128
23,18
23,19
23,20
23,21
23,22
23,23
23,24
23,25
23,26
23,27
23,28
23,29
23,57
23,58
23,59
23,81
23,82
23,83
23,84
23,85
23,86
23,126
23,127
23,128
24,21
24,22
24,23
24,24
24,25
24,26
24,27
24,28
24,29
24,84
24,85
24,86
24,87
24,88
24,89
24,126
24,127
24,128
24,129
24,130
24,131
24,132
24,133
24,134
25,21
25,22
25,23
25,24
25,25
25,26
25,27
25,28
25,29
25,84
25,85
25,86
25,87
25,88
25,89
25,126
25,127
25,128
25,129
25,130
25,131
25,132
25,133
25,134
26,21
26,22
26,23
26,24
26,25
26,26
26,27
26,28
26,29
26,84
26,85
26,86
26,87
26,88
26,89
26,126
26,127
26,128
26,129
26,130
26,131
26,132
26,133
26,134
27,21
27,22
27,23
27,24
27,25
27,26
27,27
27,28
27,29
27,30
27,31
27,32
27,57
27,58
27,59
27,123
27,124
27,125
27,126
27,127
27,128
28,21
28,22
28,23
28,24
28,25
28,26
28,27
28,28
28,29
28,30
28,31
28,32
28,57
28,58
28,59
28,123
28,124
28,125
28,126
28,127
28,128
29,21
29,22
29,23
29,24
29,25
29,26
29,27
29,28
29,29
29,30
29,31
29,32
29,57
29,58
29,59
29,123
29,124
29,125
29,126
29,127
29,128
30,27
30,28
30,29
30,30
30,31
30,32
30,33
30,34
30,35
30,48
30,49
30,50
30,57
30,58
30,59
30,66
30,67
30,68
30,120
30,121
30,122
30,123
30,124
30,125
31,27
31,28
31,29
31,30
31,31
31,32
31,33
31,34
31,35
31,48
31,49
31,50
31,57
31,58
31,59
31,66
31,67
31,68
31,120
31,121
31,122
31,123
31,124
31,125
32,27
32,28
32,29
32,30
32,31
32,32
32,33
32,34
32,35
32,48
32,49
32,50
32,57
32,58
32,59
32,66
32,67
32,68
32,120
32,121
32,122
32,123
32,124
32,125
33,30
33,31
33,32
33,33
33,34
33,35
33,36
33,37
33,38
33,66
33,67
33,68
33,120
33,121
33,122
34,30
34,31
34,32
34,33
34,34
34,35
34,36
34,37
34,38
34,66
34,67
34,68
34,120
34,121
34,122
35,30
35,31
35,32
35,33
35,34
35,35
35,36
35,37
35,38
35,66
35,67
35,68
35,120
35,121
35,122
36,33
36,34
36,35
36,36
36,37
36,38
36,39
36,40
36,41
36,66
36,67
36,68
36,117
36,118
36,119
36,120
36,121
36,122
36,135
36,136
36,137
37,33
37,34
37,35
37,36
37,37
37,38
37,39
37,40
37,41
37,66
37,67
37,68
37,117
37,118
37,119
37,120
37,121
37,122
37,135
37,136
37,137
38,33
38,34
38,35
38,36
38,37
38,38
38,39
38,40
38,41
38,66
38,67
38,68
38,117
38,118
38,119
38,120
38,121
38,122
38,135
38,136
38,137
39,36
39,37
39,38
39,39
39,40
39,41
39,42
39,43
39,44
39,60
39,61
39,62
39,66
39,67
39,68
39,117
39,118
39,119
39,135
39,136
39,137
39,138
39,139
39,140
40,36
40,37
40,38
40,39
40,40
40,41
40,42
40,43
40,44
40,60
40,61
40,62
40,66
40,67
40,68
40,117
40,118
40,119
40,135
40,136
40,137
40,138
40,139
40,140
41,36
41,37
41,38
41,39
41,40
41,41
41,42
41,43
41,44
41,60
41,61
41,62
41,66
41,67
41,68
41,117
41,118
41,119
41,135
41,136
41,137
41,138
41,139
41,140
42,39
42,40
42,41
42,42
42,43
42,44
42,45
42,46
42,47
42,60
42,61
42,62
42,69
42,70
42,71
42,138
42,139
42,140
42,141
42,142
42,143
43,39
43,40
43,41
43,42
43,43
43,44
43,45
43,46
43,47
43,60
43,61
43,62
43,69
43,70
43,71
43,138
43,139
43,140
43,141
43,142
43,143
44,39
44,40
44,41
44,42
44,43
44,44
44,45
44,46
44,47
44,60
44,61
44,62
44,69
44,70
44,71
44,138
44,139
44,140
44,141
44,142
44,143
45,0
45,1
45,2
45,3
45,4
45,5
45,42
45,43
45,44
45,45
45,46
45,47
45,69
45,70
45,71
45,96
45,97
45,98
45,99
45,100
45,101
45,141
45,142
45,143
45,144
45,145
45,146
46,0
46,1
46,2
46,3
46,4
46,5
46,42
46,43
46,44
46,45
46,46
46,47
46,69
46,70
46,71
46,96
46,97
46,98
46,99
46,100
46,101
46,141
46,142
46,143
46,144
46,145
46,146
47,0
47,1
47,2
47,3
47,4
47,5
47,42
47,43
47,44
47,45
47,46
47,47
47,69
47,70
47,71
47,96
47,97
47,98
47,99
47,100
47,101
47,141
47,142
47,143
47,144
47,145
47,146
48,30
48,31
48,32
48,48
48,49
48,50
48,54
48,55
48,56
48,57
48,58
48,59
48,60
48,61
48,62
48,63
48,64
48,65
48,66
48,67
48,68
49,30
49,31
49,32
49,48
49,49
49,50
49,54
49,55
49,56
49,57
49,58
49,59
49,60
49,61
49,62
49,63
49,64
49,65
49,66
49,67
49,68
50,30
50,31
50,32
50,48
50,49
50,50
50,54
50,55
50,56
50,57
50,58
50,59
50,60
50,61
50,62
50,63
50,64
50,65
50,66
50,67
50,68
51,9
51,10
51,11
51,12
51,13
51,14
51,15
51,16
51,17
51,51
51,52
51,53
51,54
51,55
51,56
51,63
51,64
51,65
51,72
51,73
51,74
51,105
51,106
51,107
51,108
51,109
51,110
52,9
52,10
52,11
52,12
52,13
52,14
52,15
52,16
52,17
52,51
52,52
52,53
52,54
52,55
52,56
52,63
52,64
52,65
52,72
52,73
52,74
52,105
52,106
52,107
52,108
52,109
52,110
53,9
53,10
53,11
53,12
53,13
53,14
53,15
53,16
53,17
53,51
53,52
53,53
53,54
53,55
53,56
53,63
53,64
53,65
53,72
53,73
53,74
53,105
53,106
53,107
53,108
53,109
53,110
54,15
54,16
54,17
54,18
54,19
54,20
54,48
54,49
54,50
54,51
54,52
54,53
54,54
54,55
54,56
54,57
54,58
54,59
54,63
54,64
54,65
55,15
55,16
55,17
55,18
55,19
55,20
55,48
55,49
55,50
55,51
55,52
55,53
55,54
55,55
55,56
55,57
55,58
55,59
55,63
55,64
55,65
56,15
56,16
56,17
56,18
56,19
56,20
56,48
56,49
56,50
56,51
56,52
56,53
56,54
56,55
56,56
56,57
56,58
56,59
56,63
56,64
56,65
57,18
57,19
57,20
57,21
57,22
57,23
57,27
57,28
57,29
57,30
57,31
57,32
57,48
57,49
57,50
57,54
57,55
57,56
57,57
57,58
57,59
57,126
57,127
57,128
58,18
58,19
58,20
58,21
58,22
58,23
58,27
58,28
58,29
58,30
58,31
58,32
58,48
58,49
58,50
58,54
58,55
58,56
58,57
58,58
58,59
58,126
58,127
58,128
59,18
59,19
59,20
59,21
59,22
59,23
59,27
59,28
59,29
59,30
59,31
59,32
59,48
59,49
59,50
59,54
59,55
59,56
59,57
59,58
59,59
59,126
59,127
59,128
60,39
60,40
60,41
60,42
60,43
60,44
60,48
60,49
60,50
60,60
60,61
60,62
60,63
60,64
60,65
60,66
60,67
60,68
60,69
60,70
60,71
61,39
61,40
61,41
61,42
61,43
61,44
61,48
61,49
61,50
61,60
61,61
61,62
61,63
61,64
61,65
61,66
61,67
61,68
61,69
61,70
61,71
62,39
62,40
62,41
62,42
62,43
62,44
62,48
62,49
62,50
62,60
62,61
62,62
62,63
62,64
62,65
62,66
62,67
62,68
62,69
62,70
62,71
63,48
63,49
63,50
63,51
63,52
63,53
63,54
63,55
63,56
63,60
63,61
63,62
63,63
63,64
63,65
63,69
63,70
63,71
63,72
63,73
63,74
64,48
64,49
64,50
64,51
64,52
64,53
64,54
64,55
64,56
64,60
64,61
64,62
64,63
64,64
64,65
64,69
64,70
64,71
64,72
64,73
64,74
65,48
65,49
65,50
65,51
65,52
65,53
65,54
65,55
65,56
65,60
65,61
65,62
65,63
65,64
65,65
65,69
65,70
65,71
65,72
65,73
65,74
66,30
66,31
66,32
66,33
66,34
66,35
66,36
66,37
66,38
66,39
66,40
66,41
66,48
66,49
66,50
66,60
66,61
66,62
66,66
66,67
66,68
66,117
66,118
66,119
66,120
66,121
66,122
67,30
67,31
67,32
67,33
67,34
67,35
67,36
67,37
67,38
67,39
67,40
67,41
67,48
67,49
67,50
67,60
67,61
67,62
67,66
67,67
67,68
67,117
67,118
67,119
67,120
67,121
67,122
68,30
68,31
68,32
68,33
68,34
68,35
68,36
68,37
68,38
68,39
68,40
68,41
68,48
68,49
68,50
68,60
68,61
68,62
68,66
68,67
68,68
68,117
68,118
68,119
68,120
68,121
68,122
69,3
69,4
69,5
69,6
69,7
69,8
69,42
69,43
69,44
69,45
69,46
69,47
69,60
69,61
69,62
69,63
69,64
69,65
69,69
69,70
69,71
69,72
69,73
69,74
69,99
69,100
69,101
69,102
69,103
69,104
70,3
70,4
70,5
70,6
70,7
70,8
70,42
70,43
70,44
70,45
70,46
70,47
70,60
70,61
70,62
70,63
70,64
70,65
70,69
70,70
70,71
70,72
70,73
70,74
70,99
70,100
70,101
70,102
70,103
70,104
71,3
71,4
71,5
71,6
71,7
71,8
71,42
71,43
71,44
71,45
71,46
71,47
71,60
71,61
71,62
71,63
71,64
71,65
71,69
71,70
71,71
71,72
71,73
71,74
71,99
71,100
71,101
71,102
71,103
71,104
72,6
72,7
72,8
72,9
72,10
72,11
72,51
72,52
72,53
72,63
72,64
72,65
72,69
72,70
72,71
72,72
72,73
72,74
72,102
72,103
72,104
72,105
72,106
72,107
73,6
73,7
73,8
73,9
73,10
73,11
73,51
73,52
73,53
73,63
73,64
73,65
73,69
73,70
73,71
73,72
73,73
73,74
73,102
73,103
73,104
73,105
73,106
73,107
74,6
74,7
74,8
74,9
74,10
74,11
74,51
74,52
74,53
74,63
74,64
74,65
74,69
74,70
74,71
74,72
74,73
74,74
74,102
74,103
74,104
74,105
74,106
74,107
75,12
75,13
75,14
75,15
75,16
75,17
75,75
75,76
75,77
75,78
75,79
75,80
75,108
75,109
75,110
75,111
75,112
75,113
76,12
76,13
76,14
76,15
76,16
76,17
76,75
76,76
76,77
76,78
76,79
76,80
76,108
76,109
76,110
76,111
76,112
76,113
77,12
77,13
77,14
77,15
77,16
77,17
77,75
77,76
77,77
77,78
77,79
77,80
77,108
77,109
77,110
77,111
77,112
77,113
78,15
78,16
78,17
78,18
78,19
78,20
78,75
78,76
78,77
78,78
78,79
78,80
78,81
78,82
78,83
78,111
78,112
78,113
79,15
79,16
79,17
79,18
79,19
79,20
79,75
79,76
79,77
79,78
79,79
79,80
79,81
79,82
79,83
79,111
79,112
79,113
80,15
80,16
80,17
80,18
80,19
80,20
80,75
80,76
80,77
80,78
80,79
80,80
80,81
80,82
80,83
80,111
80,112
80,113
81,18
81,19
81,20
81,21
81,22
81,23
81,78
81,79
81,80
81,81
81,82
81,83
81,84
81,85
81,86
82,18
82,19
82,20
82,21
82,22
82,23
82,78
82,79
82,80
82,81
82,82
82,83
82,84
82,85
82,86
83,18
83,19
83,20
83,21
83,22
83,23
83,78
83,79
83,80
83,81
83,82
83,83
83,84
83,85
83,86
84,21
84,22
84,23
84,24
84,25
84,26
84,81
84,82
84,83
84,84
84,85
84,86
84,87
84,88
84,89
85,21
85,22
85,23
85,24
85,25
85,26
85,81
85,82
85,83
85,84
85,85
85,86
85,87
85,88
85,89
86,21
86,22
86,23
86,24
86,25
86,26
86,81
86,82
86,83
86,84
86,85
86,86
86,87
86,88
86,89
87,24
87,25
87,26
87,84
87,85
87,86
87,87
87,88
87,89
87,132
87,133
87,134
88,24
88,25
88,26
88,84
88,85
88,86
88,87
88,88
88,89
88,132
88,133
88,134
89,24
89,25
89,26
89,84
89,85
89,86
89,87
89,88
89,89
89,132
89,133
89,134
90,0
90,1
90,2
90,90
90,91
90,92
90,93
90,94
90,95
90,144
90,145
90,146
91,0
91,1
91,2
91,90
91,91
91,92
91,93
91,94
91,95
91,144
91,145
91,146
92,0
92,1
92,2
92,90
92,91
92,92
92,93
92,94
92,95
92,144
92,145
92,146
93,0
93,1
93,2
93,90
93,91
93,92
93,93
93,94
93,95
93,96
93,97
93,98
93,144
93,145
93,146
93,327
93,328
93,329
94,0
94,1
94,2
94,90
94,91
94,92
94,93
94,94
94,95
94,96
94,97
94,98
94,144
94,145
94,146
94,327
94,328
94,329
95,0
95,1
95,2
95,90
95,91
95,92
95,93
95,94
95,95
95,96
95,97
95,98
95,144
95,145
95,146
95,327
95,328
95,329
96,0
96,1
96,2
96,45
96,46
96,47
96,93
96,94
96,95
96,96
96,97
96,98
96,99
96,100
96,101
96,324
96,325
96,326
96,327
96,328
96,329
97,0
97,1
97,2
97,45
97,46
97,47
97,93
97,94
97,95
97,96
97,97
97,98
97,99
97,100
97,101
97,324
97,325
97,326
97,327
97,328
97,329
98,0
98,1
98,2
98,45
98,46
98,47
98,93
98,94
98,95
98,96
98,97
98,98
98,99
98,100
98,101
98,324
98,325
98,326
98,327
98,328
98,329
99,0
99,1
99,2
99,3
99,4
99,5
99,45
99,46
99,47
99,69
99,70
99,71
99,96
99,97
99,98
99,99
99,100
99,101
99,102
99,103
99,104
99,321
99,322
99,323
99,324
99,325
99,326
100,0
100,1
100,2
100,3
100,4
100,5
100,45
100,46
100,47
100,69
100,70
100,71
100,96
100,97
100,98
100,99
100,100
100,101
100,102
100,103
100,104
100,321
100,322
100,323
100,324
100,325
100,326
101,0
101,1
101,2
101,3
101,4
101,5
101,45
101,46
101,47
101,69
101,70
101,71
101,96
101,97
101,98
101,99
101,100
101,101
101,102
101,103
101,104
101,321
101,322
101,323
101,324
101,325
101,326
102,3
102,4
102,5
102,6
102,7
102,8
102,69
102,70
102,71
102,72
102,73
102,74
102,99
102,100
102,101
102,102
102,103
102,104
102,105
102,106
102,107
102,318
102,319
102,320
102,321
102,322
102,323
103,3
103,4
103,5
103,6
103,7
103,8
103,69
103,70
103,71
103,72
103,73
103,74
103,99
103,100
103,101
103,102
103,103
103,104
103,105
103,106
103,107
103,318
103,319
103,320
103,321
103,322
103,323
104,3
104,4
104,5
104,6
104,7
104,8
104,69
104,70
104,71
104,72
104,73
104,74
104,99
104,100
104,101
104,102
104,103
104,104
104,105
104,106
104,107
104,318
104,319
104,320
104,321
104,322
104,323
105,6
105,7
105,8
105,9
105,10
105,11
105,12
105,13
105,14
105,51
105,52
105,53
105,72
105,73
105,74
105,102
105,103
105,104
105,105
105,106
105,107
105,108
105,109
105,110
105,315
105,316
105,317
105,318
105,319
105,320
106,6
106,7
106,8
106,9
106,10
106,11
106,12
106,13
106,14
106,51
106,52
106,53
106,72
106,73
106,74
106,102
106,103
106,104
106,105
106,106
106,107
106,108
106,109
106,110
106,315
106,316
106,317
106,318
106,319
106,320
107,6
107,7
107,8
107,9
107,10
107,11
107,12
107,13
107,14
107,51
107,52
107,53
107,72
107,73
107,74
107,102
107,103
107,104
107,105
107,106
107,107
107,108
107,109
107,110
107,315
107,316
107,317
107,318
107,319
107,320
108,12
108,13
108,14
108,15
108,16
108,17
108,51
108,52
108,53
108,75
108,76
108,77
108,105
108,106
108,107
108,108
108,109
108,110
108,111
108,112
108,113
108,315
108,316
108,317
109,12
109,13
109,14
109,15
109,16
109,17
109,51
109,52
109,53
109,75
109,76
109,77
109,105
109,106
109,107
109,108
109,109
109,110
109,111
109,112
109,113
109,315
109,316
109,317
110,12
110,13
110,14
110,15
110,16
110,17
110,51
110,52
110,53
110,75
110,76
110,77
110,105
110,106
110,107
110,108
110,109
110,110
110,111
110,112
110,113
110,315
110,316
110,317
111,15
111,16
111,17
111,75
111,76
111,77
111,78
111,79
111,80
111,108
111,109
111,110
111,111
111,112
111,113
111,315
111,316
111,317
111,333
111,334
111,335
112,15
112,16
112,17
112,75
112,76
112,77
112,78
112,79
112,80
112,108
112,109
112,110
112,111
112,112
112,113
112,315
112,316
112,317
112,333
112,334
112,335
113,15
113,16
113,17
113,75
113,76
113,77
113,78
113,79
113,80
113,108
113,109
113,110
113,111
113,112
113,113
113,315
113,316
113,317
113,333
113,334
113,335
114,114
114,115
114,116
114,117
114,118
114,119
114,135
114,136
114,137
114,138
114,139
114,140
114,303
114,304
114,305
114,330
114,331
114,332
115,114
115,115
115,116
115,117
115,118
115,119
115,135
115,136
115,137
115,138
115,139
115,140
115,303
115,304
115,305
115,330
115,331
115,332
116,114
116,115
116,116
116,117
116,118
116,119
116,135
116,136
116,137
116,138
116,139
116,140
116,303
116,304
116,305
116,330
116,331
116,332
117,36
117,37
117,38
117,39
117,40
117,41
117,66
117,67
117,68
117,114
117,115
117,116
117,117
117,118
117,119
117,120
117,121
117,122
117,135
117,136
117,137
117,303
117,304
117,305
118,36
118,37
118,38
118,39
118,40
118,41
118,66
118,67
118,68
118,114
118,115
118,116
118,117
118,118
118,119
118,120
118,121
118,122
118,135
118,136
118,137
118,303
118,304
118,305
119,36
119,37
119,38
119,39
119,40
119,41
119,66
119,67
119,68
119,114
119,115
119,116
119,117
119,118
119,119
119,120
119,121
119,122
119,135
119,136
119,137
119,303
119,304
119,305
120,30
120,31
120,32
120,33
120,34
120,35
120,36
120,37
120,38
120,66
120,67
120,68
120,117
120,118
120,119
120,120
120,121
120,122
120,123
120,124
120,125
120,303
120,304
120,305
120,306
120,307
120,308
121,30
121,31
121,32
121,33
121,34
121,35
121,36
121,37
121,38
121,66
121,67
121,68
121,117
121,118
121,119
121,120
121,121
121,122
121,123
121,124
121,125
121,303
121,304
121,305
121,306
121,307
121,308
122,30
122,31
122,32
122,33
122,34
122,35
122,36
122,37
122,38
122,66
122,67
122,68
122,117
122,118
122,119
122,120
122,121
122,122
122,123
122,124
122,125
122,303
122,304
122,305
122,306
122,307
122,308
123,27
123,28
123,29
123,30
123,31
123,32
123,120
123,121
123,122
123,123
123,124
123,125
123,126
123,127
123,128
123,306
123,307
123,308
123,309
123,310
123,311
124,27
124,28
124,29
124,30
124,31
124,32
124,120
124,121
124,122
124,123
124,124
124,125
124,126
124,127
124,128
124,306
124,307
124,308
124,309
124,310
124,311
125,27
125,28
125,29
125,30
125,31
125,32
125,120
125,121
125,122
125,123
125,124
125,125
125,126
125,127
125,128
125,306
125,307
125,308
125,309
125,310
125,311
126,21
126,22
126,23
126,24
126,25
126,26
126,27
126,28
126,29
126,57
126,58
126,59
126,123
126,124
126,125
126,126
126,127
126,128
126,129
126,130
126,131
126,309
126,310
126,311
126,312
126,313
126,314
127,21
127,22
127,23
127,24
127,25
127,26
127,27
127,28
127,29
127,57
127,58
127,59
127,123
127,124
127,125
127,126
127,127
127,128
127,129
127,130
127,131
127,309
127,310
127,311
127,312
127,313
127,314
128,21
128,22
128,23
128,24
128,25
128,26
128,27
128,28
128,29
128,57
128,58
128,59
128,123
128,124
128,125
128,126
128,127
128,128
128,129
128,130
128,131
128,309
128,310
128,311
128,312
128,313
128,314
129,24
129,25
129,26
129,126
129,127
129,128
129,129
129,130
129,131
129,132
129,133
129,134
129,312
129,313
129,314
129,336
129,337
129,338
130,24
130,25
130,26
130,126
130,127
130,128
130,129
130,130
130,131
130,132
130,133
130,134
130,312
130,313
130,314
130,336
130,337
130,338
131,24
131,25
131,26
131,126
131,127
131,128
131,129
131,130
131,131
131,132
131,133
131,134
131,312
131,313
131,314
131,336
131,337
131,338
132,24
132,25
132,26
132,87
132,88
132,89
132,129
132,130
132,131
132,132
132,133
132,134
132,336
132,337
132,338
133,24
133,25
133,26
133,87
133,88
133,89
133,129
133,130
133,131
133,132
133,133
133,134
133,336
133,337
133,338
134,24
134,25
134,26
134,87
134,88
134,89
134,129
134,130
134,131
134,132
134,133
134,134
134,336
134,337
134,338
135,36
135,37
135,38
135,39
135,40
135,41
135,114
135,115
135,116
135,117
135,118
135,119
135,135
135,136
135,137
135,138
135,139
135,140
136,36
136,37
136,38
136,39
136,40
136,41
136,114
136,115
136,116
136,117
136,118
136,119
136,135
136,136
136,137
136,138
136,139
136,140
137,36
137,37
137,38
137,39
137,40
137,41
137,114
137,115
137,116
137,117
137,118
137,119
137,135
137,136
137,137
137,138
137,139
137,140
138,39
138,40
138,41
138,42
138,43
138,44
138,114
138,115
138,116
138,135
138,136
138,137
138,138
138,139
138,140
138,141
138,142
138,143
138,330
138,331
138,332
139,39
139,40
139,41
139,42
139,43
139,44
139,114
139,115
139,116
139,135
139,136
139,137
139,138
139,139
139,140
139,141
139,142
139,143
139,330
139,331
139,332
140,39
140,40
140,41
140,42
140,43
140,44
140,114
140,115
140,116
140,135
140,136
140,137
140,138
140,139
140,140
140,141
140,142
140,143
140,330
140,331
140,332
141,42
141,43
141,44
141,45
141,46
141,47
141,138
141,139
141,140
141,141
141,142
141,143
141,144
141,145
141,146
142,42
142,43
142,44
142,45
142,46
142,47
142,138
142,139
142,140
142,141
142,142
142,143
142,144
142,145
142,146
143,42
143,43
143,44
143,45
143,46
143,47
143,138
143,139
143,140
143,141
143,142
143,143
143,144
143,145
143,146
144,0
144,1
144,2
144,45
144,46
144,47
144,90
144,91
144,92
144,93
144,94
144,95
144,141
144,142
144,143
144,144
144,145
144,146
144,327
144,328
144,329
145,0
145,1
145,2
145,45
145,46
145,47
145,90
145,91
145,92
145,93
145,94
145,95
145,141
145,142
145,143
145,144
145,145
145,146
145,327
145,328
145,329
146,0
146,1
146,2
146,45
146,46
146,47
146,90
146,91
146,92
146,93
146,94
146,95
146,141
146,142
146,143
146,144
146,145
146,146
146,327
146,328
146,329
147,147
147,148
147,149
147,150
147,151
147,152
147,183
147,184
147,185
147,264
147,265
147,266
147,267
147,268
147,269
147,627
147,628
147,629
148,147
148,148
148,149
148,150
148,151
148,152
148,183
148,184
148,185
148,264
148,265
148,266
148,267
148,268
148,269
148,627
148,628
148,629
149,147
149,148
149,149
149,150
149,151
149,152
149,183
149,184
149,185
149,264
149,265
149,266
149,267
149,268
149,269
149,627
149,628
149,629
150,147
150,148
150,149
150,150
150,151
150,152
150,153
150,154
150,155
150,180
150,181
150,182
150,183
150,184
150,185
150,267
150,268
150,269
150,624
150,625
150,626
150,627
150,628
150,629
151,147
151,148
151,149
151,150
151,151
151,152
151,153
151,154
151,155
151,180
151,181
151,182
151,183
151,184
151,185
151,267
151,268
151,269
151,624
151,625
151,626
151,627
151,628
151,629
152,147
152,148
152,149
152,150
152,151
152,152
152,153
152,154
152,155
152,180
152,181
152,182
152,183
152,184
152,185
152,267
152,268
152,269
152,624
152,625
152,626
152,627
152,628
152,629
153,150
153,151
153,152
153,153
153,154
153,155
153,156
153,157
153,158
153,180
153,181
153,182
153,624
153,625
153,626
154,150
154,151
154,152
154,153
154,154
154,155
154,156
154,157
154,158
154,180
154,181
154,182
154,624
154,625
154,626
155,150
155,151
155,152
155,153
155,154
155,155
155,156
155,157
155,158
155,180
155,181
155,182
155,624
155,625
155,626
156,153
156,154
156,155
156,156
156,157
156,158
156,159
156,160
156,161
156,177
156,178
156,179
156,180
156,181
156,182
156,621
156,622
156,623
156,624
156,625
156,626
157,153
157,154
157,155
157,156
157,157
157,158
157,159
157,160
157,161
157,177
157,178
157,179
157,180
157,181
157,182
157,621
157,622
157,623
157,624
157,625
157,626
158,153
158,154
158,155
158,156
158,157
158,158
158,159
158,160
158,161
158,177
158,178
158,179
158,180
158,181
158,182
158,621
158,622
158,623
158,624
158,625
158,626
159,156
159,157
159,158
159,159
159,160
159,161
159,162
159,163
159,164
159,174
159,175
159,176
159,177
159,178
159,179
159,621
159,622
159,623
160,156
160,157
160,158
160,159
160,160
160,161
160,162
160,163
160,164
160,174
160,175
160,176
160,177
160,178
160,179
160,621
160,622
160,623
161,156
161,157
161,158
161,159
161,160
161,161
161,162
161,163
161,164
161,174
161,175
161,176
161,177
161,178
161,179
161,621
161,622
161,623
162,159
162,160
162,161
162,162
162,163
162,164
162,165
162,166
162,167
162,174
162,175
162,176
162,621
162,622
162,623
163,159
163,160
163,161
163,162
163,163
163,164
163,165
163,166
163,167
163,174
163,175
163,176
163,621
163,622
163,623
164,159
164,160
164,161
164,162
164,163
164,164
164,165
164,166
164,167
164,174
164,175
164,176
164,621
164,622
164,623
165,162
165,163
165,164
165,165
165,166
165,167
165,168
165,169
165,170
165,171
165,172
165,173
165,174
165,175
165,176
165,288
165,289
165,290
165,621
165,622
165,623
166,162
166,163
166,164
166,165
166,166
166,167
166,168
166,169
166,170
166,171
166,172
166,173
166,174
166,175
166,176
166,288
166,289
166,290
166,621
166,622
166,623
167,162
167,163
167,164
167,165
167,166
167,167
167,168
167,169
167,170
167,171
167,172
167,173
167,174
167,175
167,176
167,288
167,289
167,290
167,621
167,622
167,623
168,165
168,166
168,167
168,168
168,169
168,170
168,171
168,172
168,173
168,288
168,289
168,290
168,621
168,622
168,623
169,165
169,166
169,167
169,168
169,169
169,170
169,171
169,172
169,173
169,288
169,289
169,290
169,621
169,622
169,623
170,165
170,166
170,167
170,168
170,169
170,170
170,171
170,172
170,173
170,288
170,289
170,290
170,621
170,622
170,623
171,165
171,166
171,167
171,168
171,169
171,170
171,171
171,172
171,173
171,174
171,175
171,176
171,198
171,199
171,200
171,285
171,286
171,287
171,288
171,289
171,290
172,165
172,166
172,167
172,168
172,169
172,170
172,171
172,172
172,173
172,174
172,175
172,176
172,198
172,199
172,200
172,285
172,286
172,287
172,288
172,289
172,290
173,165
173,166
173,167
173,168
173,169
173,170
173,171
173,172
173,173
173,174
173,175
173,176
173,198
173,199
173,200
173,285
173,286
173,287
173,288
173,289
173,290
174,159
174,160
174,161
174,162
174,163
174,164
174,165
174,166
174,167
174,171
174,172
174,173
174,174
174,175
174,176
174,177
174,178
174,179
174,198
174,199
174,200
174,228
174,229
174,230
175,159
175,160
175,161
175,162
175,163
175,164
175,165
175,166
175,167
175,171
175,172
175,173
175,174
175,175
175,176
175,177
175,178
175,179
175,198
175,199
175,200
175,228
175,229
175,230
176,159
176,160
176,161
176,162
176,163
176,164
176,165
176,166
176,167
176,171
176,172
176,173
176,174
176,175
176,176
176,177
176,178
176,179
176,198
176,199
176,200
176,228
176,229
176,230
177,156
177,157
177,158
177,159
177,160
177,161
177,174
177,175
177,176
177,177
177,178
177,179
177,180
177,181
177,182
177,225
177,226
177,227
177,228
177,229
177,230
178,156
178,157
178,158
178,159
178,160
178,161
178,174
178,175
178,176
178,177
178,178
178,179
178,180
178,181
178,182
178,225
178,226
178,227
178,228
178,229
178,230
179,156
179,157
179,158
179,159
179,160
179,161
179,174
179,175
179,176
179,177
179,178
179,179
179,180
179,181
179,182
179,225
179,226
179,227
179,228
179,229
179,230
180,150
180,151
180,152
180,153
180,154
180,155
180,156
180,157
180,158
180,177
180,178
180,179
180,180
180,181
180,182
180,183
180,184
180,185
180,222
180,223
180,224
180,225
180,226
180,227
181,150
181,151
181,152
181,153
181,154
181,155
181,156
181,157
181,158
181,177
181,178
181,179
181,180
181,181
181,182
181,183
181,184
181,185
181,222
181,223
181,224
181,225
181,226
181,227
182,150
182,151
182,152
182,153
182,154
182,155
182,156
182,157
182,158
182,177
182,178
182,179
182,180
182,181
182,182
182,183
182,184
182,185
182,222
182,223
182,224
182,225
182,226
182,227
183,147
183,148
183,149
183,150
183,151
183,152
183,180
183,181
183,182
183,183
183,184
183,185
183,195
183,196
183,197
183,222
183,223
183,224
183,264
183,265
183,266
184,147
184,148
184,149
184,150
184,151
184,152
184,180
184,181
184,182
184,183
184,184
184,185
184,195
184,196
184,197
184,222
184,223
184,224
184,264
184,265
184,266
185,147
185,148
185,149
185,150
185,151
185,152
185,180
185,181
185,182
185,183
185,184
185,185
185,195
185,196
185,197
185,222
185,223
185,224
185,264
185,265
185,266
186,186
186,187
186,188
186,189
186,190
186,191
186,216
186,217
186,218
186,246
186,247
186,248
186,249
186,250
186,251
186,252
186,253
186,254
187,186
187,187
187,188
187,189
187,190
187,191
187,216
187,217
187,218
187,246
187,247
187,248
187,249
187,250
187,251
187,252
187,253
187,254
188,186
188,187
188,188
188,189
188,190
188,191
188,216
188,217
188,218
188,246
188,247
188,248
188,249
188,250
188,251
188,252
188,253
188,254
189,186
189,187
189,188
189,189
189,190
189,191
189,192
189,193
189,194
189,216
189,217
189,218
189,240
189,241
189,242
189,252
189,253
189,254
189,255
189,256
189,257
189,258
189,259
189,260
190,186
190,187
190,188
190,189
190,190
190,191
190,192
190,193
190,194
190,216
190,217
190,218
190,240
190,241
190,242
190,252
190,253
190,254
190,255
190,256
190,257
190,258
190,259
190,260
191,186
191,187
191,188
191,189
191,190
191,191
191,192
191,193
191,194
191,216
191,217
191,218
191,240
191,241
191,242
191,252
191,253
191,254
191,255
191,256
191,257
191,258
191,259
191,260
192,189
192,190
192,191
192,192
192,193
192,194
192,195
192,196
192,197
192,240
192,241
192,242
192,243
192,244
192,245
192,258
192,259
192,260
192,261
192,262
192,263
193,189
193,190
193,191
193,192
193,193
193,194
193,195
193,196
193,197
193,240
193,241
193,242
193,243
193,244
193,245
193,258
193,259
193,260
193,261
193,262
193,263
194,189
194,190
194,191
194,192
194,193
194,194
194,195
194,196
194,197
194,240
194,241
194,242
194,243
194,244
194,245
194,258
194,259
194,260
194,261
194,262
194,263
195,183
195,184
195,185
195,192
195,193
195,194
195,195
195,196
195,197
195,222
195,223
195,224
195,243
195,244
195,245
195,261
195,262
195,263
195,264
195,265
195,266
196,183
196,184
196,185
196,192
196,193
196,194
196,195
196,196
196,197
196,222
196,223
196,224
196,243
196,244
196,245
196,261
196,262
196,263
196,264
196,265
196,266
197,183
197,184
197,185
197,192
197,193
197,194
197,195
197,196
197,197
197,222
197,223
197,224
197,243
197,244
197,245
197,261
197,262
197,263
197,264
197,265
197,266
198,171
198,172
198,173
198,174
198,175
198,176
198,198
198,199
198,200
198,201
198,202
198,203
198,228
198,229
198,230
198,279
198,280
198,281
198,282
198,283
198,284
198,285
198,286
198,287
199,171
199,172
199,173
199,174
199,175
199,176
199,198
199,199
199,200
199,201
199,202
199,203
199,228
199,229
199,230
199,279
199,280
199,281
199,282
199,283
199,284
199,285
199,286
199,287
200,171
200,172
200,173
200,174
200,175
200,176
200,198
200,199
200,200
200,201
200,202
200,203
200,228
200,229
200,230
200,279
200,280
200,281
200,282
200,283
200,284
200,285
200,286
200,287
201,198
201,199
201,200
201,201
201,202
201,203
201,204
201,205
201,206
201,219
201,220
201,221
201,228
201,229
201,230
201,237
201,238
201,239
201,276
201,277
201,278
201,279
201,280
201,281
202,198
202,199
202,200
202,201
202,202
202,203
202,204
202,205
202,206
202,219
202,220
202,221
202,228
202,229
202,230
202,237
202,238
202,239
202,276
202,277
202,278
202,279
202,280
202,281
203,198
203,199
203,200
203,201
203,202
203,203
203,204
203,205
203,206
203,219
203,220
203,221
203,228
203,229
203,230
203,237
203,238
203,239
203,276
203,277
203,278
203,279
203,280
203,281
204,201
204,202
204,203
204,204
204,205
204,206
204,207
204,208
204,209
204,237
204,238
204,239
204,273
204,274
204,275
204,276
204,277
204,278
205,201
205,202
205,203
205,204
205,205
205,206
205,207
205,208
205,209
205,237
205,238
205,239
205,273
205,274
205,275
205,276
205,277
205,278
206,201
206,202
206,203
206,204
206,205
206,206
206,207
206,208
206,209
206,237
206,238
206,239
206,273
206,274
206,275
206,276
206,277
206,278
207,204
207,205
207,206
207,207
207,208
207,209
207,210
207,211
207,212
207,237
207,238
207,239
207,273
207,274
207,275
207,291
207,292
207,293
207,294
207,295
207,296
208,204
208,205
208,206
208,207
208,208
208,209
208,210
208,211
208,212
208,237
208,238
208,239
208,273
208,274
208,275
208,291
208,292
208,293
208,294
208,295
208,296
209,204
209,205
209,206
209,207
209,208
209,209
209,210
209,211
209,212
209,237
209,238
209,239
209,273
209,274
209,275
209,291
209,292
209,293
209,294
209,295
209,296
210,207
210,208
210,209
210,210
210,211
210,212
210,213
210,214
210,215
210,231
210,232
210,233
210,237
210,238
210,239
210,273
210,274
210,275
210,294
210,295
210,296
210,297
210,298
210,299
211,207
211,208
211,209
211,210
211,211
211,212
211,213
211,214
211,215
211,231
211,232
211,233
211,237
211,238
211,239
211,273
211,274
211,275
211,294
211,295
211,296
211,297
211,298
211,299
212,207
212,208
212,209
212,210
212,211
212,212
212,213
212,214
212,215
212,231
212,232
212,233
212,237
212,238
212,239
212,273
212,274
212,275
212,294
212,295
212,296
212,297
212,298
212,299
213,210
213,211
213,212
213,213
213,214
213,215
213,216
213,217
213,218
213,231
213,232
213,233
213,240
213,241
213,242
213,297
213,298
213,299
213,300
213,301
213,302
214,210
214,211
214,212
214,213
214,214
214,215
214,216
214,217
214,218
214,231
214,232
214,233
214,240
214,241
214,242
214,297
214,298
214,299
214,300
214,301
214,302
215,210
215,211
215,212
215,213
215,214
215,215
215,216
215,217
215,218
215,231
215,232
215,233
215,240
215,241
215,242
215,297
215,298
215,299
215,300
215,301
215,302
216,186
216,187
216,188
216,189
216,190
216,191
216,213
216,214
216,215
216,216
216,217
216,218
216,240
216,241
216,242
216,246
216,247
216,248
216,300
216,301
216,302
217,186
217,187
217,188
217,189
217,190
217,191
217,213
217,214
217,215
217,216
217,217
217,218
217,240
217,241
217,242
217,246
217,247
217,248
217,300
217,301
217,302
218,186
218,187
218,188
218,189
218,190
218,191
218,213
218,214
218,215
218,216
218,217
218,218
218,240
218,241
218,242
218,246
218,247
218,248
218,300
218,301
218,302
219,201
219,202
219,203
219,219
219,220
219,221
219,225
219,226
219,227
219,228
219,229
219,230
219,231
219,232
219,233
219,234
219,235
219,236
219,237
219,238
219,239
220,201
220,202
220,203
220,219
220,220
220,221
220,225
220,226
220,227
220,228
220,229
220,230
220,231
220,232
220,233
220,234
220,235
220,236
220,237
220,238
220,239
221,201
221,202
221,203
221,219
221,220
221,221
221,225
221,226
221,227
221,228
221,229
221,230
221,231
221,232
221,233
221,234
221,235
221,236
221,237
221,238
221,239
222,180
222,181
222,182
222,183
222,184
222,185
222,195
222,196
222,197
222,222
222,223
222,224
222,225
222,226
222,227
222,234
222,235
222,236
222,243
222,244
222,245
223,180
223,181
223,182
223,183
223,184
223,185
223,195
223,196
223,197
223,222
223,223
223,224
223,225
223,226
223,227
223,234
223,235
223,236
223,243
223,244
223,245
224,180
224,181
224,182
224,183
224,184
224,185
224,195
224,196
224,197
224,222
224,223
224,224
224,225
224,226
224,227
224,234
224,235
224,236
224,243
224,244
224,245
225,177
225,178
225,179
225,180
225,181
225,182
225,219
225,220
225,221
225,222
225,223
225,224
225,225
225,226
225,227
225,228
225,229
225,230
225,234
225,235
225,236
226,177
226,178
226,179
226,180
226,181
226,182
226,219
226,220
226,221
226,222
226,223
226,224
226,225
226,226
226,227
226,228
226,229
226,230
226,234
226,235
226,236
227,177
227,178
227,179
227,180
227,181
227,182
227,219
227,220
227,221
227,222
227,223
227,224
227,225
227,226
227,227
227,228
227,229
227,230
227,234
227,235
227,236
228,174
228,175
228,176
228,177
228,178
228,179
228,198
228,199
228,200
228,201
228,202
228,203
228,219
228,220
228,221
228,225
228,226
228,227
228,228
228,229
228,230
229,174
229,175
229,176
229,177
229,178
229,179
229,198
229,199
229,200
229,201
229,202
229,203
229,219
229,220
229,221
229,225
229,226
229,227
229,228
229,229
229,230
230,174
230,175
230,176
230,177
230,178
230,179
230,198
230,199
230,200
230,201
230,202
230,203
230,219
230,220
230,221
230,225
230,226
230,227
230,228
230,229
230,230
231,210
231,211
231,212
231,213
231,214
231,215
231,219
231,220
231,221
231,231
231,232
231,233
231,234
231,235
231,236
231,237
231,238
231,239
231,240
231,241
231,242
232,210
232,211
232,212
232,213
232,214
232,215
232,219
232,220
232,221
232,231
232,232
232,233
232,234
232,235
232,236
232,237
232,238
232,239
232,240
232,241
232,242
233,210
233,211
233,212
233,213
233,214
233,215
233,219
233,220
233,221
233,231
233,232
233,233
233,234
233,235
233,236
233,237
233,238
233,239
233,240
233,241
233,242
234,219
234,220
234,221
234,222
234,223
234,224
234,225
234,226
234,227
234,231
234,232
234,233
234,234
234,235
234,236
234,240
234,241
234,242
234,243
234,244
234,245
235,219
235,220
235,221
235,222
235,223
235,224
235,225
235,226
235,227
235,231
235,232
235,233
235,234
235,235
235,236
235,240
235,241
235,242
235,243
235,244
235,245
236,219
236,220
236,221
236,222
236,223
236,224
236,225
236,226
236,227
236,231
236,232
236,233
236,234
236,235
236,236
236,240
236,241
236,242
236,243
236,244
236,245
237,201
237,202
237,203
237,204
237,205
237,206
237,207
237,208
237,209
237,210
237,211
237,212
237,219
237,220
237,221
237,231
237,232
237,233
237,237
237,238
237,239
237,273
237,274
237,275
237,276
237,277
237,278
238,201
238,202
238,203
238,204
238,205
238,206
238,207
238,208
238,209
238,210
238,211
238,212
238,219
238,220
238,221
238,231
238,232
238,233
238,237
238,238
238,239
238,273
238,274
238,275
238,276
238,277
238,278
239,201
239,202
239,203
239,204
239,205
239,206
239,207
239,208
239,209
239,210
239,211
239,212
239,219
239,220
239,221
239,231
239,232
239,233
239,237
239,238
239,239
239,273
239,274
239,275
239,276
239,277
239,278
240,189
240,190
240,191
240,192
240,193
240,194
240,213
240,214
240,215
240,216
240,217
240,218
240,231
240,232
240,233
240,234
240,235
240,236
240,240
240,241
240,242
240,243
240,244
240,245
240,258
240,259
240,260
241,189
241,190
241,191
241,192
241,193
241,194
241,213
241,214
241,215
241,216
241,217
241,218
241,231
241,232
241,233
241,234
241,235
241,236
241,240
241,241
241,242
241,243
241,244
241,245
241,258
241,259
241,260
242,189
242,190
242,191
242,192
242,193
242,194
242,213
242,214
242,215
242,216
242,217
242,218
242,231
242,232
242,233
242,234
242,235
242,236
242,240
242,241
242,242
242,243
242,244
242,245
242,258
242,259
242,260
243,192
243,193
243,194
243,195
243,196
243,197
243,222
243,223
243,224
243,234
243,235
243,236
243,240
243,241
243,242
243,243
243,244
243,245
243,258
243,259
243,260
243,261
243,262
243,263
243,363
243,364
243,365
244,192
244,193
244,194
244,195
244,196
244,197
244,222
244,223
244,224
244,234
244,235
244,236
244,240
244,241
244,242
244,243
244,244
244,245
244,258
244,259
244,260
244,261
244,262
244,263
244,363
244,364
244,365
245,192
245,193
245,194
245,195
245,196
245,197
245,222
245,223
245,224
245,234
245,235
245,236
245,240
245,241
245,242
245,243
245,244
245,245
245,258
245,259
245,260
245,261
245,262
245,263
245,363
245,364
245,365
246,186
246,187
246,188
246,216
246,217
246,218
246,246
246,247
246,248
246,249
246,250
246,251
246,300
246,301
246,302
247,186
247,187
247,188
247,216
247,217
247,218
247,246
247,247
247,248
247,249
247,250
247,251
247,300
247,301
247,302
248,186
248,187
248,188
248,216
248,217
248,218
248,246
248,247
248,248
248,249
248,250
248,251
248,300
248,301
248,302
249,186
249,187
249,188
249,246
249,247
249,248
249,249
249,250
249,251
249,252
249,253
249,254
249,300
249,301
249,302
249,339
249,340
249,341
250,186
250,187
250,188
250,246
250,247
250,248
250,249
250,250
250,251
250,252
250,253
250,254
250,300
250,301
250,302
250,339
250,340
250,341
251,186
251,187
251,188
251,246
251,247
251,248
251,249
251,250
251,251
251,252
251,253
251,254
251,300
251,301
251,302
251,339
251,340
251,341
252,186
252,187
252,188
252,189
252,190
252,191
252,249
252,250
252,251
252,252
252,253
252,254
252,255
252,256
252,257
252,339
252,340
252,341
252,348
252,349
252,350
253,186
253,187
253,188
253,189
253,190
253,191
253,249
253,250
253,251
253,252
253,253
253,254
253,255
253,256
253,257
253,339
253,340
253,341
253,348
253,349
253,350
254,186
254,187
254,188
254,189
254,190
254,191
254,249
254,250
254,251
254,252
254,253
254,254
254,255
254,256
254,257
254,339
254,340
254,341
254,348
254,349
254,350
255,189
255,190
255,191
255,252
255,253
255,254
255,255
255,256
255,257
255,258
255,259
255,260
255,348
255,349
255,350
255,366
255,367
255,368
256,189
256,190
256,191
256,252
256,253
256,254
256,255
256,256
256,257
256,258
256,259
256,260
256,348
256,349
256,350
256,366
256,367
256,368
257,189
257,190
257,191
257,252
257,253
257,254
257,255
257,256
257,257
257,258
257,259
257,260
257,348
257,349
257,350
257,366
257,367
257,368
258,189
258,190
258,191
258,192
258,193
258,194
258,240
258,241
258,242
258,243
258,244
258,245
258,255
258,256
258,257
258,258
258,259
258,260
258,261
258,262
258,263
258,363
258,364
258,365
258,366
258,367
258,368
259,189
259,190
259,191
259,192
259,193
259,194
259,240
259,241
259,242
259,243
259,244
259,245
259,255
259,256
259,257
259,258
259,259
259,260
259,261
259,262
259,263
259,363
259,364
259,365
259,366
259,367
259,368
260,189
260,190
260,191
260,192
260,193
260,194
260,240
260,241
260,242
260,243
260,244
260,245
260,255
260,256
260,257
260,258
260,259
260,260
260,261
260,262
260,263
260,363
260,364
260,365
260,366
260,367
260,368
261,192
261,193
261,194
261,195
261,196
261,197
261,243
261,244
261,245
261,258
261,259
261,260
261,261
261,262
261,263
261,264
261,265
261,266
261,360
261,361
261,362
261,363
261,364
261,365
262,192
262,193
262,194
262,195
262,196
262,197
262,243
262,244
262,245
262,258
262,259
262,260
262,261
262,262
262,263
262,264
262,265
262,266
262,360
262,361
262,362
262,363
262,364
262,365
263,192
263,193
263,194
263,195
263,196
263,197
263,243
263,244
263,245
263,258
263,259
263,260
263,261
263,262
263,263
263,264
263,265
263,266
263,360
263,361
263,362
263,363
263,364
263,365
264,147
264,148
264,149
264,183
264,184
264,185
264,195
264,196
264,197
264,261
264,262
264,263
264,264
264,265
264,266
264,267
264,268
264,269
264,360
264,361
264,362
265,147
265,148
265,149
265,183
265,184
265,185
265,195
265,196
265,197
265,261
265,262
265,263
265,264
265,265
265,266
265,267
265,268
265,269
265,360
265,361
265,362
266,147
266,148
266,149
266,183
266,184
266,185
266,195
266,196
266,197
266,261
266,262
266,263
266,264
266,265
266,266
266,267
266,268
266,269
266,360
266,361
266,362
267,147
267,148
267,149
267,150
267,151
267,152
267,264
267,265
267,266
267,267
267,268
267,269
267,360
267,361
267,362
267,369
267,370
267,371
267,627
267,628
267,629
268,147
268,148
268,149
268,150
268,151
268,152
268,264
268,265
268,266
268,267
268,268
268,269
268,360
268,361
268,362
268,369
268,370
268,371
268,627
268,628
268,629
269,147
269,148
269,149
269,150
269,151
269,152
269,264
269,265
269,266
269,267
269,268
269,269
269,360
269,361
269,362
269,369
269,370
269,371
269,627
269,628
269,629
270,270
270,271
270,272
270,273
270,274
270,275
270,291
270,292
270,293
270,342
270,343
270,344
270,345
270,346
270,347
271,270
271,271
271,272
271,273
271,274
271,275
271,291
271,292
271,293
271,342
271,343
271,344
271,345
271,346
271,347
272,270
272,271
272,272
272,273
272,274
272,275
272,291
272,292
272,293
272,342
272,343
272,344
272,345
272,346
272,347
273,204
273,205
273,206
273,207
273,208
273,209
273,210
273,211
273,212
273,237
273,238
273,239
273,270
273,271
273,272
273,273
273,274
273,275
273,276
273,277
273,278
273,291
273,292
273,293
273,294
273,295
273,296
273,345
273,346
273,347
274,204
274,205
274,206
274,207
274,208
274,209
274,210
274,211
274,212
274,237
274,238
274,239
274,270
274,271
274,272
274,273
274,274
274,275
274,276
274,277
274,278
274,291
274,292
274,293
274,294
274,295
274,296
274,345
274,346
274,347
275,204
275,205
275,206
275,207
275,208
275,209
275,210
275,211
275,212
275,237
275,238
275,239
275,270
275,271
275,272
275,273
275,274
275,275
275,276
275,277
275,278
275,291
275,292
275,293
275,294
275,295
275,296
275,345
275,346
275,347
276,201
276,202
276,203
276,204
276,205
276,206
276,237
276,238
276,239
276,273
276,274
276,275
276,276
276,277
276,278
276,279
276,280
276,281
276,345
276,346
276,347
276,351
276,352
276,353
277,201
277,202
277,203
277,204
277,205
277,206
277,237
277,238
277,239
277,273
277,274
277,275
277,276
277,277
277,278
277,279
277,280
277,281
277,345
277,346
277,347
277,351
277,352
277,353
278,201
278,202
278,203
278,204
278,205
278,206
278,237
278,238
278,239
278,273
278,274
278,275
278,276
278,277
278,278
278,279
278,280
278,281
278,345
278,346
278,347
278,351
278,352
278,353
279,198
279,199
279,200
279,201
279,202
279,203
279,276
279,277
279,278
279,279
279,280
279,281
279,282
279,283
279,284
279,351
279,352
279,353
279,354
279,355
279,356
280,198
280,199
280,200
280,201
280,202
280,203
280,276
280,277
280,278
280,279
280,280
280,281
280,282
280,283
280,284
280,351
280,352
280,353
280,354
280,355
280,356
281,198
281,199
281,200
281,201
281,202
281,203
281,276
281,277
281,278
281,279
281,280
281,281
281,282
281,283
281,284
281,351
281,352
281,353
281,354
281,355
281,356
282,198
282,199
282,200
282,279
282,280
282,281
282,282
282,283
282,284
282,285
282,286
282,287
282,354
282,355
282,356
282,357
282,358
282,359
283,198
283,199
283,200
283,279
283,280
283,281
283,282
283,283
283,284
283,285
283,286
283,287
283,354
283,355
283,356
283,357
283,358
283,359
284,198
284,199
284,200
284,279
284,280
284,281
284,282
284,283
284,284
284,285
284,286
284,287
284,354
284,355
284,356
284,357
284,358
284,359
285,171
285,172
285,173
285,198
285,199
285,200
285,282
285,283
285,284
285,285
285,286
285,287
285,288
285,289
285,290
285,357
285,358
285,359
285,372
285,373
285,374
286,171
286,172
286,173
286,198
286,199
286,200
286,282
286,283
286,284
286,285
286,286
286,287
286,288
286,289
286,290
286,357
286,358
286,359
286,372
286,373
286,374
287,171
287,172
287,173
287,198
287,199
287,200
287,282
287,283
287,284
287,285
287,286
287,287
287,288
287,289
287,290
287,357
287,358
287,359
287,372
287,373
287,374
288,165
288,166
288,167
288,168
288,169
288,170
288,171
288,172
288,173
288,285
288,286
288,287
288,288
288,289
288,290
288,372
288,373
288,374
288,621
288,622
288,623
289,165
289,166
289,167
289,168
289,169
289,170
289,171
289,172
289,173
289,285
289,286
289,287
289,288
289,289
289,290
289,372
289,373
289,374
289,621
289,622
289,623
290,165
290,166
290,167
290,168
290,169
290,170
290,171
290,172
290,173
290,285
290,286
290,287
290,288
290,289
290,290
290,372
290,373
290,374
290,621
290,622
290,623
291,207
291,208
291,209
291,270
291,271
291,272
291,273
291,274
291,275
291,291
291,292
291,293
291,294
291,295
291,296
292,207
292,208
292,209
292,270
292,271
292,272
292,273
292,274
292,275
292,291
292,292
292,293
292,294
292,295
292,296
293,207
293,208
293,209
293,270
293,271
293,272
293,273
293,274
293,275
293,291
293,292
293,293
293,294
293,295
293,296
294,207
294,208
294,209
294,210
294,211
294,212
294,273
294,274
294,275
294,291
294,292
294,293
294,294
294,295
294,296
294,297
294,298
294,299
295,207
295,208
295,209
295,210
295,211
295,212
295,273
295,274
295,275
295,291
295,292
295,293
295,294
295,295
295,296
295,297
295,298
295,299
296,207
296,208
296,209
296,210
296,211
296,212
296,273
296,274
296,275
296,291
296,292
296,293
296,294
296,295
296,296
296,297
296,298
296,299
297,210
297,211
297,212
297,213
297,214
297,215
297,294
297,295
297,296
297,297
297,298
297,299
297,300
297,301
297,302
298,210
298,211
298,212
298,213
298,214
298,215
298,294
298,295
298,296
298,297
298,298
298,299
298,300
298,301
298,302
299,210
299,211
299,212
299,213
299,214
299,215
299,294
299,295
299,296
299,297
299,298
299,299
299,300
299,301
299,302
300,213
300,214
300,215
300,216
300,217
300,218
300,246
300,247
300,248
300,249
300,250
300,251
300,297
300,298
300,299
300,300
300,301
300,302
300,339
300,340
300,341
301,213
301,214
301,215
301,216
301,217
301,218
301,246
301,247
301,248
301,249
301,250
301,251
301,297
301,298
301,299
301,300
301,301
301,302
301,339
301,340
301,341
302,213
302,214
302,215
302,216
302,217
302,218
302,246
302,247
302,248
302,249
302,250
302,251
302,297
302,298
302,299
302,300
302,301
302,302
302,339
302,340
302,341
303,114
303,115
303,116
303,117
303,118
303,119
303,120
303,121
303,122
303,303
303,304
303,305
303,306
303,307
303,308
303,330
303,331
303,332
303,375
303,376
303,377
304,114
304,115
304,116
304,117
304,118
304,119
304,120
304,121
304,122
304,303
304,304
304,305
304,306
304,307
304,308
304,330
304,331
304,332
304,375
304,376
304,377
305,114
305,115
305,116
305,117
305,118
305,119
305,120
305,121
305,122
305,303
305,304
305,305
305,306
305,307
305,308
305,330
305,331
305,332
305,375
305,376
305,377
306,120
306,121
306,122
306,123
306,124
306,125
306,303
306,304
306,305
306,306
306,307
306,308
306,309
306,310
306,311
306,375
306,376
306,377
306,378
306,379
306,380
307,120
307,121
307,122
307,123
307,124
307,125
307,303
307,304
307,305
307,306
307,307
307,308
307,309
307,310
307,311
307,375
307,376
307,377
307,378
307,379
307,380
308,120
308,121
308,122
308,123
308,124
308,125
308,303
308,304
308,305
308,306
308,307
308,308
308,309
308,310
308,311
308,375
308,376
308,377
308,378
308,379
308,380
309,123
309,124
309,125
309,126
309,127
309,128
309,306
309,307
309,308
309,309
309,310
309,311
309,312
309,313
309,314
309,378
309,379
309,380
309,381
309,382
309,383
310,123
310,124
310,125
310,126
310,127
310,128
310,306
310,307
310,308
310,309
310,310
310,311
310,312
310,313
310,314
310,378
310,379
310,380
310,381
310,382
310,383
311,123
311,124
311,125
311,126
311,127
311,128
311,306
311,307
311,308
311,309
311,310
311,311
311,312
311,313
311,314
311,378
311,379
311,380
311,381
311,382
311,383
312,126
312,127
312,128
312,129
312,130
312,131
312,309
312,310
312,311
312,312
312,313
312,314
312,336
312,337
312,338
312,381
312,382
312,383
312,402
312,403
312,404
313,126
313,127
313,128
313,129
313,130
313,131
313,309
313,310
313,311
313,312
313,313
313,314
313,336
313,337
313,338
313,381
313,382
313,383
313,402
313,403
313,404
314,126
314,127
314,128
314,129
314,130
314,131
314,309
314,310
314,311
314,312
314,313
314,314
314,336
314,337
314,338
314,381
314,382
314,383
314,402
314,403
314,404
315,105
315,106
315,107
315,108
315,109
315,110
315,111
315,112
315,113
315,315
315,316
315,317
315,318
315,319
315,320
315,333
315,334
315,335
315,384
315,385
315,386
316,105
316,106
316,107
316,108
316,109
316,110
316,111
316,112
316,113
316,315
316,316
316,317
316,318
316,319
316,320
316,333
316,334
316,335
316,384
316,385
316,386
317,105
317,106
317,107
317,108
317,109
317,110
317,111
317,112
317,113
317,315
317,316
317,317
317,318
317,319
317,320
317,333
317,334
317,335
317,384
317,385
317,386
318,102
318,103
318,104
318,105
318,106
318,107
318,315
318,316
318,317
318,318
318,319
318,320
318,321
318,322
318,323
318,384
318,385
318,386
318,387
318,388
318,389
319,102
319,103
319,104
319,105
319,106
319,107
319,315
319,316
319,317
319,318
319,319
319,320
319,321
319,322
319,323
319,384
319,385
319,386
319,387
319,388
319,389
320,102
320,103
320,104
320,105
320,106
320,107
320,315
320,316
320,317
320,318
320,319
320,320
320,321
320,322
320,323
320,384
320,385
320,386
320,387
320,388
320,389
321,99
321,100
321,101
321,102
321,103
321,104
321,318
321,319
321,320
321,321
321,322
321,323
321,324
321,325
321,326
321,387
321,388
321,389
321,390
321,391
321,392
322,99
322,100
322,101
322,102
322,103
322,104
322,318
322,319
322,320
322,321
322,322
322,323
322,324
322,325
322,326
322,387
322,388
322,389
322,390
322,391
322,392
323,99
323,100
323,101
323,102
323,103
323,104
323,318
323,319
323,320
323,321
323,322
323,323
323,324
323,325
323,326
323,387
323,388
323,389
323,390
323,391
323,392
324,96
324,97
324,98
324,99
324,100
324,101
324,321
324,322
324,323
324,324
324,325
324,326
324,327
324,328
324,329
324,390
324,391
324,392
324,393
324,394
324,395
325,96
325,97
325,98
325,99
325,100
325,101
325,321
325,322
325,323
325,324
325,325
325,326
325,327
325,328
325,329
325,390
325,391
325,392
325,393
325,394
325,395
326,96
326,97
326,98
326,99
326,100
326,101
326,321
326,322
326,323
326,324
326,325
326,326
326,327
326,328
326,329
326,390
326,391
326,392
326,393
326,394
326,395
327,93
327,94
327,95
327,96
327,97
327,98
327,144
327,145
327,146
327,324
327,325
327,326
327,327
327,328
327,329
327,393
327,394
327,395
328,93
328,94
328,95
328,96
328,97
328,98
328,144
328,145
328,146
328,324
328,325
328,326
328,327
328,328
328,329
328,393
328,394
328,395
329,93
329,94
329,95
329,96
329,97
329,98
329,144
329,145
329,146
329,324
329,325
329,326
329,327
329,328
329,329
329,393
329,394
329,395
330,114
330,115
330,116
330,138
330,139
330,140
330,303
330,304
330,305
330,330
330,331
330,332
330,375
330,376
330,377
330,396
330,397
330,398
331,114
331,115
331,116
331,138
331,139
331,140
331,303
331,304
331,305
331,330
331,331
331,332
331,375
331,376
331,377
331,396
331,397
331,398
332,114
332,115
332,116
332,138
332,139
332,140
332,303
332,304
332,305
332,330
332,331
332,332
332,375
332,376
332,377
332,396
332,397
332,398
333,111
333,112
333,113
333,315
333,316
333,317
333,333
333,334
333,335
333,384
333,385
333,386
333,399
333,400
333,401
334,111
334,112
334,113
334,315
334,316
334,317
334,333
334,334
334,335
334,384
334,385
334,386
334,399
334,400
334,401
335,111
335,112
335,113
335,315
335,316
335,317
335,333
335,334
335,335
335,384
335,385
335,386
335,399
335,400
335,401
336,129
336,130
336,131
336,132
336,133
336,134
336,312
336,313
336,314
336,336
336,337
336,338
336,402
336,403
336,404
337,129
337,130
337,131
337,132
337,133
337,134
337,312
337,313
337,314
337,336
337,337
337,338
337,402
337,403
337,404
338,129
338,130
338,131
338,132
338,133
338,134
338,312
338,313
338,314
338,336
338,337
338,338
338,402
338,403
338,404
339,249
339,250
339,251
339,252
339,253
339,254
339,300
339,301
339,302
339,339
339,340
339,341
339,348
339,349
339,350
339,405
339,406
339,407
340,249
340,250
340,251
340,252
340,253
340,254
340,300
340,301
340,302
340,339
340,340
340,341
340,348
340,349
340,350
340,405
340,406
340,407
341,249
341,250
341,251
341,252
341,253
341,254
341,300
341,301
341,302
341,339
341,340
341,341
341,348
341,349
341,350
341,405
341,406
341,407
342,270
342,271
342,272
342,342
342,343
342,344
342,345
342,346
342,347
342,408
342,409
342,410
342,411
342,412
342,413
343,270
343,271
343,272
343,342
343,343
343,344
343,345
343,346
343,347
343,408
343,409
343,410
343,411
343,412
343,413
344,270
344,271
344,272
344,342
344,343
344,344
344,345
344,346
344,347
344,408
344,409
344,410
344,411
344,412
344,413
345,270
345,271
345,272
345,273
345,274
345,275
345,276
345,277
345,278
345,342
345,343
345,344
345,345
345,346
345,347
345,351
345,352
345,353
345,411
345,412
345,413
346,270
346,271
346,272
346,273
346,274
346,275
346,276
346,277
346,278
346,342
346,343
346,344
346,345
346,346
346,347
346,351
346,352
346,353
346,411
346,412
346,413
347,270
347,271
347,272
347,273
347,274
347,275
347,276
347,277
347,278
347,342
347,343
347,344
347,345
347,346
347,347
347,351
347,352
347,353
347,411
347,412
347,413
348,252
348,253
348,254
348,255
348,256
348,257
348,339
348,340
348,341
348,348
348,349
348,350
348,366
348,367
348,368
348,405
348,406
348,407
348,414
348,415
348,416
349,252
349,253
349,254
349,255
349,256
349,257
349,339
349,340
349,341
349,348
349,349
349,350
349,366
349,367
349,368
349,405
349,406
349,407
349,414
349,415
349,416
350,252
350,253
350,254
350,255
350,256
350,257
350,339
350,340
350,341
350,348
350,349
350,350
350,366
350,367
350,368
350,405
350,406
350,407
350,414
350,415
350,416
351,276
351,277
351,278
351,279
351,280
351,281
351,345
351,346
351,347
351,351
351,352
351,353
351,354
351,355
351,356
351,411
351,412
351,413
351,417
351,418
351,419
352,276
352,277
352,278
352,279
352,280
352,281
352,345
352,346
352,347
352,351
352,352
352,353
352,354
352,355
352,356
352,411
352,412
352,413
352,417
352,418
352,419
353,276
353,277
353,278
353,279
353,280
353,281
353,345
353,346
353,347
353,351
353,352
353,353
353,354
353,355
353,356
353,411
353,412
353,413
353,417
353,418
353,419
354,279
354,280
354,281
354,282
354,283
354,284
354,351
354,352
354,353
354,354
354,355
354,356
354,357
354,358
354,359
354,417
354,418
354,419
354,420
354,421
354,422
355,279
355,280
355,281
355,282
355,283
355,284
355,351
355,352
355,353
355,354
355,355
355,356
355,357
355,358
355,359
355,417
355,418
355,419
355,420
355,421
355,422
356,279
356,280
356,281
356,282
356,283
356,284
356,351
356,352
356,353
356,354
356,355
356,356
356,357
356,358
356,359
356,417
356,418
356,419
356,420
356,421
356,422
357,282
357,283
357,284
357,285
357,286
357,287
357,354
357,355
357,356
357,357
357,358
357,359
357,372
357,373
357,374
357,420
357,421
357,422
357,432
357,433
357,434
358,282
358,283
358,284
358,285
358,286
358,287
358,354
358,355
358,356
358,357
358,358
358,359
358,372
358,373
358,374
358,420
358,421
358,422
358,432
358,433
358,434
359,282
359,283
359,284
359,285
359,286
359,287
359,354
359,355
359,356
359,357
359,358
359,359
359,372
359,373
359,374
359,420
359,421
359,422
359,432
359,433
359,434
360,261
360,262
360,263
360,264
360,265
360,266
360,267
360,268
360,269
360,360
360,361
360,362
360,363
360,364
360,365
360,369
360,370
360,371
360,423
360,424
360,425
361,261
361,262
361,263
361,264
361,265
361,266
361,267
361,268
361,269
361,360
361,361
361,362
361,363
361,364
361,365
361,369
361,370
361,371
361,423
361,424
361,425
362,261
362,262
362,263
362,264
362,265
362,266
362,267
362,268
362,269
362,360
362,361
362,362
362,363
362,364
362,365
362,369
362,370
362,371
362,423
362,424
362,425
363,243
363,244
363,245
363,258
363,259
363,260
363,261
363,262
363,263
363,360
363,361
363,362
363,363
363,364
363,365
363,366
363,367
363,368
363,423
363,424
363,425
363,426
363,427
363,428
364,243
364,244
364,245
364,258
364,259
364,260
364,261
364,262
364,263
364,360
364,361
364,362
364,363
364,364
364,365
364,366
364,367
364,368
364,423
364,424
364,425
364,426
364,427
364,428
365,243
365,244
365,245
365,258
365,259
365,260
365,261
365,262
365,263
365,360
365,361
365,362
365,363
365,364
365,365
365,366
365,367
365,368
365,423
365,424
365,425
365,426
365,427
365,428
366,255
366,256
366,257
366,258
366,259
366,260
366,348
366,349
366,350
366,363
366,364
366,365
366,366
366,367
366,368
366,414
366,415
366,416
366,426
366,427
366,428
367,255
367,256
367,257
367,258
367,259
367,260
367,348
367,349
367,350
367,363
367,364
367,365
367,366
367,367
367,368
367,414
367,415
367,416
367,426
367,427
367,428
368,255
368,256
368,257
368,258
368,259
368,260
368,348
368,349
368,350
368,363
368,364
368,365
368,366
368,367
368,368
368,414
368,415
368,416
368,426
368,427
368,428
369,267
369,268
369,269
369,360
369,361
369,362
369,369
369,370
369,371
369,423
369,424
369,425
369,429
369,430
369,431
369,627
369,628
369,629
369,630
369,631
369,632
370,267
370,268
370,269
370,360
370,361
370,362
370,369
370,370
370,371
370,423
370,424
370,425
370,429
370,430
370,431
370,627
370,628
370,629
370,630
370,631
370,632
371,267
371,268
371,269
371,360
371,361
371,362
371,369
371,370
371,371
371,423
371,424
371,425
371,429
371,430
371,431
371,627
371,628
371,629
371,630
371,631
371,632
372,285
372,286
372,287
372,288
372,289
372,290
372,357
372,358
372,359
372,372
372,373
372,374
372,432
372,433
372,434
372,618
372,619
372,620
372,621
372,622
372,623
373,285
373,286
373,287
373,288
373,289
373,290
373,357
373,358
373,359
373,372
373,373
373,374
373,432
373,433
373,434
373,618
373,619
373,620
373,621
373,622
373,623
374,285
374,286
374,287
374,288
374,289
374,290
374,357
374,358
374,359
374,372
374,373
374,374
374,432
374,433
374,434
374,618
374,619
374,620
374,621
374,622
374,623
375,303
375,304
375,305
375,306
375,307
375,308
375,330
375,331
375,332
375,375
375,376
375,377
375,378
375,379
375,380
375,396
375,397
375,398
376,303
376,304
376,305
376,306
376,307
376,308
376,330
376,331
376,332
376,375
376,376
376,377
376,378
376,379
376,380
376,396
376,397
376,398
377,303
377,304
377,305
377,306
377,307
377,308
377,330
377,331
377,332
377,375
377,376
377,377
377,378
377,379
377,380
377,396
377,397
377,398
378,306
378,307
378,308
378,309
378,310
378,311
378,375
378,376
378,377
378,378
378,379
378,380
378,381
378,382
378,383
379,306
379,307
379,308
379,309
379,310
379,311
379,375
379,376
379,377
379,378
379,379
379,380
379,381
379,382
379,383
380,306
380,307
380,308
380,309
380,310
380,311
380,375
380,376
380,377
380,378
380,379
380,380
380,381
380,382
380,383
381,309
381,310
381,311
381,312
381,313
381,314
381,378
381,379
381,380
381,381
381,382
381,383
381,402
381,403
381,404
382,309
382,310
382,311
382,312
382,313
382,314
382,378
382,379
382,380
382,381
382,382
382,383
382,402
382,403
382,404
383,309
383,310
383,311
383,312
383,313
383,314
383,378
383,379
383,380
383,381
383,382
383,383
383,402
383,403
383,404
384,315
384,316
384,317
384,318
384,319
384,320
384,333
384,334
384,335
384,384
384,385
384,386
384,387
384,388
384,389
384,399
384,400
384,401
385,315
385,316
385,317
385,318
385,319
385,320
385,333
385,334
385,335
385,384
385,385
385,386
385,387
385,388
385,389
385,399
385,400
385,401
386,315
386,316
386,317
386,318
386,319
386,320
386,333
386,334
386,335
386,384
386,385
386,386
386,387
386,388
386,389
386,399
386,400
386,401
387,318
387,319
387,320
387,321
387,322
387,323
387,384
387,385
387,386
387,387
387,388
387,389
387,390
387,391
387,392
388,318
388,319
388,320
388,321
388,322
388,323
388,384
388,385
388,386
388,387
388,388
388,389
388,390
388,391
388,392
389,318
389,319
389,320
389,321
389,322
389,323
389,384
389,385
389,386
389,387
389,388
389,389
389,390
389,391
389,392
390,321
390,322
390,323
390,324
390,325
390,326
390,387
390,388
390,389
390,390
390,391
390,392
390,393
390,394
390,395
391,321
391,322
391,323
391,324
391,325
391,326
391,387
391,388
391,389
391,390
391,391
391,392
391,393
391,394
391,395
392,321
392,322
392,323
392,324
392,325
392,326
392,387
392,388
392,389
392,390
392,391
392,392
392,393
392,394
392,395
393,324
393,325
393,326
393,327
393,328
393,329
393,390
393,391
393,392
393,393
393,394
393,395
394,324
394,325
394,326
394,327
394,328
394,329
394,390
394,391
394,392
394,393
394,394
394,395
395,324
395,325
395,326
395,327
395,328
395,329
395,390
395,391
395,392
395,393
395,394
395,395
396,330
396,331
396,332
396,375
396,376
396,377
396,396
396,397
396,398
397,330
397,331
397,332
397,375
397,376
397,377
397,396
397,397
397,398
398,330
398,331
398,332
398,375
398,376
398,377
398,396
398,397
398,398
399,333
399,334
399,335
399,384
399,385
399,386
399,399
399,400
399,401
400,333
400,334
400,335
400,384
400,385
400,386
400,399
400,400
400,401
401,333
401,334
401,335
401,384
401,385
401,386
401,399
401,400
401,401
402,312
402,313
402,314
402,336
402,337
402,338
402,381
402,382
402,383
402,402
402,403
402,404
403,312
403,313
403,314
403,336
403,337
403,338
403,381
403,382
403,383
403,402
403,403
403,404
404,312
404,313
404,314
404,336
404,337
404,338
404,381
404,382
404,383
404,402
404,403
404,404
405,339
405,340
405,341
405,348
405,349
405,350
405,405
405,406
405,407
405,414
405,415
405,416
406,339
406,340
406,341
406,348
406,349
406,350
406,405
406,406
406,407
406,414
406,415
406,416
407,339
407,340
407,341
407,348
407,349
407,350
407,405
407,406
407,407
407,414
407,415
407,416
408,342
408,343
408,344
408,408
408,409
408,410
408,411
408,412
408,413
409,342
409,343
409,344
409,408
409,409
409,410
409,411
409,412
409,413
410,342
410,343
410,344
410,408
410,409
410,410
410,411
410,412
410,413
411,342
411,343
411,344
411,345
411,346
411,347
411,351
411,352
411,353
411,408
411,409
411,410
411,411
411,412
411,413
411,417
411,418
411,419
412,342
412,343
412,344
412,345
412,346
412,347
412,351
412,352
412,353
412,408
412,409
412,410
412,411
412,412
412,413
412,417
412,418
412,419
413,342
413,343
413,344
413,345
413,346
413,347
413,351
413,352
413,353
413,408
413,409
413,410
413,411
413,412
413,413
413,417
413,418
413,419
414,348
414,349
414,350
414,366
414,367
414,368
414,405
414,406
414,407
414,414
414,415
414,416
414,426
414,427
414,428
415,348
415,349
415,350
415,366
415,367
415,368
415,405
415,406
415,407
415,414
415,415
415,416
415,426
415,427
415,428
416,348
416,349
416,350
416,366
416,367
416,368
416,405
416,406
416,407
416,414
416,415
416,416
416,426
416,427
416,428
417,351
417,352
417,353
417,354
417,355
417,356
417,411
417,412
417,413
417,417
417,418
417,419
417,420
417,421
417,422
418,351
418,352
418,353
418,354
418,355
418,356
418,411
418,412
418,413
418,417
418,418
418,419
418,420
418,421
418,422
419,351
419,352
419,353
419,354
419,355
419,356
419,411
419,412
419,413
419,417
419,418
419,419
419,420
419,421
419,422
420,354
420,355
420,356
420,357
420,358
420,359
420,417
420,418
420,419
420,420
420,421
420,422
420,432
420,433
420,434
421,354
421,355
421,356
421,357
421,358
421,359
421,417
421,418
421,419
421,420
421,421
421,422
421,432
421,433
421,434
422,354
422,355
422,356
422,357
422,358
422,359
422,417
422,418
422,419
422,420
422,421
422,422
422,432
422,433
422,434
423,360
423,361
423,362
423,363
423,364
423,365
423,369
423,370
423,371
423,423
423,424
423,425
423,426
423,427
423,428
423,429
423,430
423,431
424,360
424,361
424,362
424,363
424,364
424,365
424,369
424,370
424,371
424,423
424,424
424,425
424,426
424,427
424,428
424,429
424,430
424,431
425,360
425,361
425,362
425,363
425,364
425,365
425,369
425,370
425,371
425,423
425,424
425,425
425,426
425,427
425,428
425,429
425,430
425,431
426,363
426,364
426,365
426,366
426,367
426,368
426,414
426,415
426,416
426,423
426,424
426,425
426,426
426,427
426,428
427,363
427,364
427,365
427,366
427,367
427,368
427,414
427,415
427,416
427,423
427,424
427,425
427,426
427,427
427,428
428,363
428,364
428,365
428,366
428,367
428,368
428,414
428,415
428,416
428,423
428,424
428,425
428,426
428,427
428,428
429,369
429,370
429,371
429,423
429,424
429,425
429,429
429,430
429,431
429,630
429,631
429,632
430,369
430,370
430,371
430,423
430,424
430,425
430,429
430,430
430,431
430,630
430,631
430,632
431,369
431,370
431,371
431,423
431,424
431,425
431,429
431,430
431,431
431,630
431,631
431,632
432,357
432,358
432,359
432,372
432,373
432,374
432,420
432,421
432,422
432,432
432,433
432,434
432,618
432,619
432,620
433,357
433,358
433,359
433,372
433,373
433,374
433,420
433,421
433,422
433,432
433,433
433,434
433,618
433,619
433,620
434,357
434,358
434,359
434,372
434,373
434,374
434,420
434,421
434,422
434,432
434,433
434,434
434,618
434,619
434,620
435,435
435,436
435,437
435,438
435,439
435,440
435,645
435,646
435,647
435,648
435,649
435,650
436,435
436,436
436,437
436,438
436,439
436,440
436,645
436,646
436,647
436,648
436,649
436,650
437,435
437,436
437,437
437,438
437,439
437,440
437,645
437,646
437,647
437,648
437,649
437,650
438,435
438,436
438,437
438,438
438,439
438,440
438,441
438,442
438,443
438,648
438,649
438,650
438,657
438,658
438,659
439,435
439,436
439,437
439,438
439,439
439,440
439,441
439,442
439,443
439,648
439,649
439,650
439,657
439,658
439,659
440,435
440,436
440,437
440,438
440,439
440,440
440,441
440,442
440,443
440,648
440,649
440,650
440,657
440,658
440,659
441,438
441,439
441,440
441,441
441,442
441,443
441,444
441,445
441,446
441,657
441,658
441,659
441,669
441,670
441,671
442,438
442,439
442,440
442,441
442,442
442,443
442,444
442,445
442,446
442,657
442,658
442,659
442,669
442,670
442,671
443,438
443,439
443,440
443,441
443,442
443,443
443,444
443,445
443,446
443,657
443,658
443,659
443,669
443,670
443,671
444,441
444,442
444,443
444,444
444,445
444,446
444,447
444,448
444,449
444,669
444,670
444,671
444,693
444,694
444,695
445,441
445,442
445,443
445,444
445,445
445,446
445,447
445,448
445,449
445,669
445,670
445,671
445,693
445,694
445,695
446,441
446,442
446,443
446,444
446,445
446,446
446,447
446,448
446,449
446,669
446,670
446,671
446,693
446,694
446,695
447,444
447,445
447,446
447,447
447,448
447,449
447,450
447,451
447,452
447,693
447,694
447,695
447,696
447,697
447,698
448,444
448,445
448,446
448,447
448,448
448,449
448,450
448,451
448,452
448,693
448,694
448,695
448,696
448,697
448,698
449,444
449,445
449,446
449,447
449,448
449,449
449,450
449,451
449,452
449,693
449,694
449,695
449,696
449,697
449,698
450,447
450,448
450,449
450,450
450,451
450,452
450,453
450,454
450,455
450,696
450,697
450,698
450,699
450,700
450,701
451,447
451,448
451,449
451,450
451,451
451,452
451,453
451,454
451,455
451,696
451,697
451,698
451,699
451,700
451,701
452,447
452,448
452,449
452,450
452,451
452,452
452,453
452,454
452,455
452,696
452,697
452,698
452,699
452,700
452,701
453,450
453,451
453,452
453,453
453,454
453,455
453,456
453,457
453,458
453,699
453,700
453,701
453,702
453,703
453,704
454,450
454,451
454,452
454,453
454,454
454,455
454,456
454,457
454,458
454,699
454,700
454,701
454,702
454,703
454,704
455,450
455,451
455,452
455,453
455,454
455,455
455,456
455,457
455,458
455,699
455,700
455,701
455,702
455,703
455,704
456,453
456,454
456,455
456,456
456,457
456,458
456,459
456,460
456,461
456,702
456,703
456,704
456,705
456,706
456,707
457,453
457,454
457,455
457,456
457,457
457,458
457,459
457,460
457,461
457,702
457,703
457,704
457,705
457,706
457,707
458,453
458,454
458,455
458,456
458,457
458,458
458,459
458,460
458,461
458,702
458,703
458,704
458,705
458,706
458,707
459,456
459,457
459,458
459,459
459,460
459,461
459,462
459,463
459,464
459,465
459,466
459,467
459,705
459,706
459,707
460,456
460,457
460,458
460,459
460,460
460,461
460,462
460,463
460,464
460,465
460,466
460,467
460,705
460,706
460,707
461,456
461,457
461,458
461,459
461,460
461,461
461,462
461,463
461,464
461,465
461,466
461,467
461,705
461,706
461,707
462,459
462,460
462,461
462,462
462,463
462,464
462,465
462,466
462,467
463,459
463,460
463,461
463,462
463,463
463,464
463,465
463,466
463,467
464,459
464,460
464,461
464,462
464,463
464,464
464,465
464,466
464,467
465,459
465,460
465,461
465,462
465,463
465,464
465,465
465,466
465,467
465,468
465,469
465,470
465,705
465,706
465,707
465,708
465,709
465,710
466,459
466,460
466,461
466,462
466,463
466,464
466,465
466,466
466,467
466,468
466,469
466,470
466,705
466,706
466,707
466,708
466,709
466,710
467,459
467,460
467,461
467,462
467,463
467,464
467,465
467,466
467,467
467,468
467,469
467,470
467,705
467,706
467,707
467,708
467,709
467,710
468,465
468,466
468,467
468,468
468,469
468,470
468,471
468,472
468,473
468,708
468,709
468,710
468,711
468,712
468,713
469,465
469,466
469,467
469,468
469,469
469,470
469,471
469,472
469,473
469,708
469,709
469,710
469,711
469,712
469,713
470,465
470,466
470,467
470,468
470,469
470,470
470,471
470,472
470,473
470,708
470,709
470,710
470,711
470,712
470,713
471,468
471,469
471,470
471,471
471,472
471,473
471,474
471,475
471,476
471,711
471,712
471,713
471,735
471,736
471,737
472,468
472,469
472,470
472,471
472,472
472,473
472,474
472,475
472,476
472,711
472,712
472,713
472,735
472,736
472,737
473,468
473,469
473,470
473,471
473,472
473,473
473,474
473,475
473,476
473,711
473,712
473,713
473,735
473,736
473,737
474,471
474,472
474,473
474,474
474,475
474,476
474,477
474,478
474,479
474,735
474,736
474,737
474,813
474,814
474,815
475,471
475,472
475,473
475,474
475,475
475,476
475,477
475,478
475,479
475,735
475,736
475,737
475,813
475,814
475,815
476,471
476,472
476,473
476,474
476,475
476,476
476,477
476,478
476,479
476,735
476,736
476,737
476,813
476,814
476,815
477,474
477,475
477,476
477,477
477,478
477,479
477,480
477,481
477,482
477,810
477,811
477,812
477,813
477,814
477,815
478,474
478,475
478,476
478,477
478,478
478,479
478,480
478,481
478,482
478,810
478,811
478,812
478,813
478,814
478,815
479,474
479,475
479,476
479,477
479,478
479,479
479,480
479,481
479,482
479,810
479,811
479,812
479,813
479,814
479,815
480,477
480,478
480,479
480,480
480,481
480,482
480,483
480,484
480,485
480,807
480,808
480,809
480,810
480,811
480,812
481,477
481,478
481,479
481,480
481,481
481,482
481,483
481,484
481,485
481,807
481,808
481,809
481,810
481,811
481,812
482,477
482,478
482,479
482,480
482,481
482,482
482,483
482,484
482,485
482,807
482,808
482,809
482,810
482,811
482,812
483,480
483,481
483,482
483,483
483,484
483,485
483,486
483,487
483,488
483,804
483,805
483,806
483,807
483,808
483,809
484,480
484,481
484,482
484,483
484,484
484,485
484,486
484,487
484,488
484,804
484,805
484,806
484,807
484,808
484,809
485,480
485,481
485,482
485,483
485,484
485,485
485,486
485,487
485,488
485,804
485,805
485,806
485,807
485,808
485,809
486,483
486,484
486,485
486,486
486,487
486,488
486,489
486,490
486,491
486,492
486,493
486,494
486,801
486,802
486,803
486,804
486,805
486,806
487,483
487,484
487,485
487,486
487,487
487,488
487,489
487,490
487,491
487,492
487,493
487,494
487,801
487,802
487,803
487,804
487,805
487,806
488,483
488,484
488,485
488,486
488,487
488,488
488,489
488,490
488,491
488,492
488,493
488,494
488,801
488,802
488,803
488,804
488,805
488,806
489,486
489,487
489,488
489,489
489,490
489,491
489,492
489,493
489,494
489,3579
489,3580
489,3581
490,486
490,487
490,488
490,489
490,490
490,491
490,492
490,493
490,494
490,3579
490,3580
490,3581
491,486
491,487
491,488
491,489
491,490
491,491
491,492
491,493
491,494
491,3579
491,3580
491,3581
492,486
492,487
492,488
492,489
492,490
492,491
492,492
492,493
492,494
492,495
492,496
492,497
492,801
492,802
492,803
492,3576
492,3577
492,3578
492,3579
492,3580
492,3581
493,486
493,487
493,488
493,489
493,490
493,491
493,492
493,493
493,494
493,495
493,496
493,497
493,801
493,802
493,803
493,3576
493,3577
493,3578
493,3579
493,3580
493,3581
494,486
494,487
494,488
494,489
494,490
494,491
494,492
494,493
494,494
494,495
494,496
494,497
494,801
494,802
494,803
494,3576
494,3577
494,3578
494,3579
494,3580
494,3581
495,492
495,493
495,494
495,495
495,496
495,497
495,498
495,499
495,500
495,798
495,799
495,800
495,801
495,802
495,803
495,3573
495,3574
495,3575
495,3576
495,3577
495,3578
496,492
496,493
496,494
496,495
496,496
496,497
496,498
496,499
496,500
496,798
496,799
496,800
496,801
496,802
496,803
496,3573
496,3574
496,3575
496,3576
496,3577
496,3578
497,492
497,493
497,494
497,495
497,496
497,497
497,498
497,499
497,500
497,798
497,799
497,800
497,801
497,802
497,803
497,3573
497,3574
497,3575
497,3576
497,3577
497,3578
498,495
498,496
498,497
498,498
498,499
498,500
498,501
498,502
498,503
498,795
498,796
498,797
498,798
498,799
498,800
498,3570
498,3571
498,3572
498,3573
498,3574
498,3575
499,495
499,496
499,497
499,498
499,499
499,500
499,501
499,502
499,503
499,795
499,796
499,797
499,798
499,799
499,800
499,3570
499,3571
499,3572
499,3573
499,3574
499,3575
500,495
500,496
500,497
500,498
500,499
500,500
500,501
500,502
500,503
500,795
500,796
500,797
500,798
500,799
500,800
500,3570
500,3571
500,3572
500,3573
500,3574
500,3575
501,498
501,499
501,500
501,501
501,502
501,503
501,504
501,505
501,506
501,792
501,793
501,794
501,795
501,796
501,797
501,3567
501,3568
501,3569
501,3570
501,3571
501,3572
502,498
502,499
502,500
502,501
502,502
502,503
502,504
502,505
502,506
502,792
502,793
502,794
502,795
502,796
502,797
502,3567
502,3568
502,3569
502,3570
502,3571
502,3572
503,498
503,499
503,500
503,501
503,502
503,503
503,504
503,505
503,506
503,792
503,793
503,794
503,795
503,796
503,797
503,3567
503,3568
503,3569
503,3570
503,3571
503,3572
504,501
504,502
504,503
504,504
504,505
504,506
504,507
504,508
504,509
504,789
504,790
504,791
504,792
504,793
504,794
504,3564
504,3565
504,3566
504,3567
504,3568
504,3569
505,501
505,502
505,503
505,504
505,505
505,506
505,507
505,508
505,509
505,789
505,790
505,791
505,792
505,793
505,794
505,3564
505,3565
505,3566
505,3567
505,3568
505,3569
506,501
506,502
506,503
506,504
506,505
506,506
506,507
506,508
506,509
506,789
506,790
506,791
506,792
506,793
506,794
506,3564
506,3565
506,3566
506,3567
506,3568
506,3569
507,504
507,505
507,506
507,507
507,508
507,509
507,510
507,511
507,512
507,786
507,787
507,788
507,789
507,790
507,791
507,3564
507,3565
507,3566
508,504
508,505
508,506
508,507
508,508
508,509
508,510
508,511
508,512
508,786
508,787
508,788
508,789
508,790
508,791
508,3564
508,3565
508,3566
509,504
509,505
509,506
509,507
509,508
509,509
509,510
509,511
509,512
509,786
509,787
509,788
509,789
509,790
509,791
509,3564
509,3565
509,3566
510,507
510,508
510,509
510,510
510,511
510,512
510,513
510,514
510,515
510,783
510,784
510,785
510,786
510,787
510,788
510,3561
510,3562
510,3563
510,3564
510,3565
510,3566
511,507
511,508
511,509
511,510
511,511
511,512
511,513
511,514
511,515
511,783
511,784
511,785
511,786
511,787
511,788
511,3561
511,3562
511,3563
511,3564
511,3565
511,3566
512,507
512,508
512,509
512,510
512,511
512,512
512,513
512,514
512,515
512,783
512,784
512,785
512,786
512,787
512,788
512,3561
512,3562
512,3563
512,3564
512,3565
512,3566
513,510
513,511
513,512
513,513
513,514
513,515
513,516
513,517
513,518
513,780
513,781
513,782
513,783
513,784
513,785
513,3558
513,3559
513,3560
513,3561
513,3562
513,3563
514,510
514,511
514,512
514,513
514,514
514,515
514,516
514,517
514,518
514,780
514,781
514,782
514,783
514,784
514,785
514,3558
514,3559
514,3560
514,3561
514,3562
514,3563
515,510
515,511
515,512
515,513
515,514
515,515
515,516
515,517
515,518
515,780
515,781
515,782
515,783
515,784
515,785
515,3558
515,3559
515,3560
515,3561
515,3562
515,3563
516,513
516,514
516,515
516,516
516,517
516,518
516,519
516,520
516,521
516,777
516,778
516,779
516,780
516,781
516,782
516,3555
516,3556
516,3557
516,3558
516,3559
516,3560
517,513
517,514
517,515
517,516
517,517
517,518
517,519
517,520
517,521
517,777
517,778
517,779
517,780
517,781
517,782
517,3555
517,3556
517,3557
517,3558
517,3559
517,3560
518,513
518,514
518,515
518,516
518,517
518,518
518,519
518,520
518,521
518,777
518,778
518,779
518,780
518,781
518,782
518,3555
518,3556
518,3557
518,3558
518,3559
518,3560
519,516
519,517
519,518
519,519
519,520
519,521
519,522
519,523
519,524
519,774
519,775
519,776
519,777
519,778
519,779
519,3552
519,3553
519,3554
519,3555
519,3556
519,3557
520,516
520,517
520,518
520,519
520,520
520,521
520,522
520,523
520,524
520,774
520,775
520,776
520,777
520,778
520,779
520,3552
520,3553
520,3554
520,3555
520,3556
520,3557
521,516
521,517
521,518
521,519
521,520
521,521
521,522
521,523
521,524
521,774
521,775
521,776
521,777
521,778
521,779
521,3552
521,3553
521,3554
521,3555
521,3556
521,3557
522,519
522,520
522,521
522,522
522,523
522,524
522,525
522,526
522,527
522,771
522,772
522,773
522,774
522,775
522,776
522,3549
522,3550
522,3551
522,3552
522,3553
522,3554
523,519
523,520
523,521
523,522
523,523
523,524
523,525
523,526
523,527
523,771
523,772
523,773
523,774
523,775
523,776
523,3549
523,3550
523,3551
523,3552
523,3553
523,3554
524,519
524,520
524,521
524,522
524,523
524,524
524,525
524,526
524,527
524,771
524,772
524,773
524,774
524,775
524,776
524,3549
524,3550
524,3551
524,3552
524,3553
524,3554
525,522
525,523
525,524
525,525
525,526
525,527
525,528
525,529
525,530
525,768
525,769
525,770
525,771
525,772
525,773
525,3546
525,3547
525,3548
525,3549
525,3550
525,3551
526,522
526,523
526,524
526,525
526,526
526,527
526,528
526,529
526,530
526,768
526,769
526,770
526,771
526,772
526,773
526,3546
526,3547
526,3548
526,3549
526,3550
526,3551
527,522
527,523
527,524
527,525
527,526
527,527
527,528
527,529
527,530
527,768
527,769
527,770
527,771
527,772
527,773
527,3546
527,3547
527,3548
527,3549
527,3550
527,3551
528,525
528,526
528,527
528,528
528,529
528,530
528,531
528,532
528,533
528,765
528,766
528,767
528,768
528,769
528,770
528,3546
528,3547
528,3548
529,525
529,526
529,527
529,528
529,529
529,530
529,531
529,532
529,533
529,765
529,766
529,767
529,768
529,769
529,770
529,3546
529,3547
529,3548
530,525
530,526
530,527
530,528
530,529
530,530
530,531
530,532
530,533
530,765
530,766
530,767
530,768
530,769
530,770
530,3546
530,3547
530,3548
531,528
531,529
531,530
531,531
531,532
531,533
531,534
531,535
531,536
531,762
531,763
531,764
531,765
531,766
531,767
531,3543
531,3544
531,3545
531,3546
531,3547
531,3548
532,528
532,529
532,530
532,531
532,532
532,533
532,534
532,535
532,536
532,762
532,763
532,764
532,765
532,766
532,767
532,3543
532,3544
532,3545
532,3546
532,3547
532,3548
533,528
533,529
533,530
533,531
533,532
533,533
533,534
533,535
533,536
533,762
533,763
533,764
533,765
533,766
533,767
533,3543
533,3544
533,3545
533,3546
533,3547
533,3548
534,531
534,532
534,533
534,534
534,535
534,536
534,537
534,538
534,539
534,759
534,760
534,761
534,762
534,763
534,764
534,3540
534,3541
534,3542
534,3543
534,3544
534,3545
535,531
535,532
535,533
535,534
535,535
535,536
535,537
535,538
535,539
535,759
535,760
535,761
535,762
535,763
535,764
535,3540
535,3541
535,3542
535,3543
535,3544
535,3545
536,531
536,532
536,533
536,534
536,535
536,536
536,537
536,538
536,539
536,759
536,760
536,761
536,762
536,763
536,764
536,3540
536,3541
536,3542
536,3543
536,3544
536,3545
537,534
537,535
537,536
537,537
537,538
537,539
537,540
537,541
537,542
537,756
537,757
537,758
537,759
537,760
537,761
537,3537
537,3538
537,3539
537,3540
537,3541
537,3542
538,534
538,535
538,536
538,537
538,538
538,539
538,540
538,541
538,542
538,756
538,757
538,758
538,759
538,760
538,761
538,3537
538,3538
538,3539
538,3540
538,3541
538,3542
539,534
539,535
539,536
539,537
539,538
539,539
539,540
539,541
539,542
539,756
539,757
539,758
539,759
539,760
539,761
539,3537
539,3538
539,3539
539,3540
539,3541
539,3542
540,537
540,538
540,539
540,540
540,541
540,542
540,543
540,544
540,545
540,753
540,754
540,755
540,756
540,757
540,758
540,3534
540,3535
540,3536
540,3537
540,3538
540,3539
541,537
541,538
541,539
541,540
541,541
541,542
541,543
541,544
541,545
541,753
541,754
541,755
541,756
541,757
541,758
541,3534
541,3535
541,3536
541,3537
541,3538
541,3539
542,537
542,538
542,539
542,540
542,541
542,542
542,543
542,544
542,545
542,753
542,754
542,755
542,756
542,757
542,758
542,3534
542,3535
542,3536
542,3537
542,3538
542,3539
543,540
543,541
543,542
543,543
543,544
543,545
543,546
543,547
543,548
543,549
543,550
543,551
543,750
543,751
543,752
543,753
543,754
543,755
543,3531
543,3532
543,3533
543,3534
543,3535
543,3536
544,540
544,541
544,542
544,543
544,544
544,545
544,546
544,547
544,548
544,549
544,550
544,551
544,750
544,751
544,752
544,753
544,754
544,755
544,3531
544,3532
544,3533
544,3534
544,3535
544,3536
545,540
545,541
545,542
545,543
545,544
545,545
545,546
545,547
545,548
545,549
545,550
545,551
545,750
545,751
545,752
545,753
545,754
545,755
545,3531
545,3532
545,3533
545,3534
545,3535
545,3536
546,543
546,544
546,545
546,546
546,547
546,548
546,549
546,550
546,551
546,3531
546,3532
546,3533
547,543
547,544
547,545
547,546
547,547
547,548
547,549
547,550
547,551
547,3531
547,3532
547,3533
548,543
548,544
548,545
548,546
548,547
548,548
548,549
548,550
548,551
548,3531
548,3532
548,3533
549,543
549,544
549,545
549,546
549,547
549,548
549,549
549,550
549,551
549,552
549,553
549,554
549,750
549,751
549,752
550,543
550,544
550,545
550,546
550,547
550,548
550,549
550,550
550,551
550,552
550,553
550,554
550,750
550,751
550,752
551,543
551,544
551,545
551,546
551,547
551,548
551,549
551,550
551,551
551,552
551,553
551,554
551,750
551,751
551,752
552,549
552,550
552,551
552,552
552,553
552,554
552,555
552,556
552,557
552,747
552,748
552,749
552,750
552,751
552,752
553,549
553,550
553,551
553,552
553,553
553,554
553,555
553,556
553,557
553,747
553,748
553,749
553,750
553,751
553,752
554,549
554,550
554,551
554,552
554,553
554,554
554,555
554,556
554,557
554,747
554,748
554,749
554,750
554,751
554,752
555,552
555,553
555,554
555,555
555,556
555,557
555,558
555,559
555,560
555,744
555,745
555,746
555,747
555,748
555,749
556,552
556,553
556,554
556,555
556,556
556,557
556,558
556,559
556,560
556,744
556,745
556,746
556,747
556,748
556,749
557,552
557,553
557,554
557,555
557,556
557,557
557,558
557,559
557,560
557,744
557,745
557,746
557,747
557,748
557,749
558,555
558,556
558,557
558,558
558,559
558,560
558,561
558,562
558,563
558,741
558,742
558,743
558,744
558,745
558,746
559,555
559,556
559,557
559,558
559,559
559,560
559,561
559,562
559,563
559,741
559,742
559,743
559,744
559,745
559,746
560,555
560,556
560,557
560,558
560,559
560,560
560,561
560,562
560,563
560,741
560,742
560,743
560,744
560,745
560,746
561,558
561,559
561,560
561,561
561,562
561,563
561,564
561,565
561,566
561,738
561,739
561,740
561,741
561,742
561,743
562,558
562,559
562,560
562,561
562,562
562,563
562,564
562,565
562,566
562,738
562,739
562,740
562,741
562,742
562,743
563,558
563,559
563,560
563,561
563,562
563,563
563,564
563,565
563,566
563,738
563,739
563,740
563,741
563,742
563,743
564,561
564,562
564,563
564,564
564,565
564,566
564,567
564,568
564,569
564,690
564,691
564,692
564,738
564,739
564,740
565,561
565,562
565,563
565,564
565,565
565,566
565,567
565,568
565,569
565,690
565,691
565,692
565,738
565,739
565,740
566,561
566,562
566,563
566,564
566,565
566,566
566,567
566,568
566,569
566,690
566,691
566,692
566,738
566,739
566,740
567,564
567,565
567,566
567,567
567,568
567,569
567,570
567,571
567,572
567,687
567,688
567,689
567,690
567,691
567,692
568,564
568,565
568,566
568,567
568,568
568,569
568,570
568,571
568,572
568,687
568,688
568,689
568,690
568,691
568,692
569,564
569,565
569,566
569,567
569,568
569,569
569,570
569,571
569,572
569,687
569,688
569,689
569,690
569,691
569,692
570,567
570,568
570,569
570,570
570,571
570,572
570,573
570,574
570,575
570,576
570,577
570,578
570,684
570,685
570,686
570,687
570,688
570,689
571,567
571,568
571,569
571,570
571,571
571,572
571,573
571,574
571,575
571,576
571,577
571,578
571,684
571,685
571,686
571,687
571,688
571,689
572,567
572,568
572,569
572,570
572,571
572,572
572,573
572,574
572,575
572,576
572,577
572,578
572,684
572,685
572,686
572,687
572,688
572,689
573,570
573,571
573,572
573,573
573,574
573,575
573,576
573,577
573,578
574,570
574,571
574,572
574,573
574,574
574,575
574,576
574,577
574,578
575,570
575,571
575,572
575,573
575,574
575,575
575,576
575,577
575,578
576,570
576,571
576,572
576,573
576,574
576,575
576,576
576,577
576,578
576,579
576,580
576,581
576,684
576,685
576,686
577,570
577,571
577,572
577,573
577,574
577,575
577,576
577,577
577,578
577,579
577,580
577,581
577,684
577,685
577,686
578,570
578,571
578,572
578,573
578,574
578,575
578,576
578,577
578,578
578,579
578,580
578,581
578,684
578,685
578,686
579,576
579,577
579,578
579,579
579,580
579,581
579,582
579,583
579,584
579,681
579,682
579,683
579,684
579,685
579,686
580,576
580,577
580,578
580,579
580,580
580,581
580,582
580,583
580,584
580,681
580,682
580,683
580,684
580,685
580,686
581,576
581,577
581,578
581,579
581,580
581,581
581,582
581,583
581,584
581,681
581,682
581,683
581,684
581,685
581,686
582,579
582,580
582,581
582,582
582,583
582,584
582,585
582,586
582,587
582,678
582,679
582,680
582,681
582,682
582,683
583,579
583,580
583,581
583,582
583,583
583,584
583,585
583,586
583,587
583,678
583,679
583,680
583,681
583,682
583,683
584,579
584,580
584,581
584,582
584,583
584,584
584,585
584,586
584,587
584,678
584,679
584,680
584,681
584,682
584,683
585,582
585,583
585,584
585,585
585,586
585,587
585,588
585,589
585,590
585,675
585,676
585,677
585,678
585,679
585,680
586,582
586,583
586,584
586,585
586,586
586,587
586,588
586,589
586,590
586,675
586,676
586,677
586,678
586,679
586,680
587,582
587,583
587,584
587,585
587,586
587,587
587,588
587,589
587,590
587,675
587,676
587,677
587,678
587,679
587,680
588,585
588,586
588,587
588,588
588,589
588,590
588,591
588,592
588,593
588,672
588,673
588,674
588,675
588,676
588,677
589,585
589,586
589,587
589,588
589,589
589,590
589,591
589,592
589,593
589,672
589,673
589,674
589,675
589,676
589,677
590,585
590,586
590,587
590,588
590,589
590,590
590,591
590,592
590,593
590,672
590,673
590,674
590,675
590,676
590,677
591,588
591,589
591,590
591,591
591,592
591,593
591,594
591,595
591,596
591,666
591,667
591,668
591,672
591,673
591,674
592,588
592,589
592,590
592,591
592,592
592,593
592,594
592,595
592,596
592,666
592,667
592,668
592,672
592,673
592,674
593,588
593,589
593,590
593,591
593,592
593,593
593,594
593,595
593,596
593,666
593,667
593,668
593,672
593,673
593,674
594,591
594,592
594,593
594,594
594,595
594,596
594,597
594,598
594,599
594,654
594,655
594,656
594,666
594,667
594,668
595,591
595,592
595,593
595,594
595,595
595,596
595,597
595,598
595,599
595,654
595,655
595,656
595,666
595,667
595,668
596,591
596,592
596,593
596,594
596,595
596,596
596,597
596,598
596,599
596,654
596,655
596,656
596,666
596,667
596,668
597,594
597,595
597,596
597,597
597,598
597,599
597,600
597,601
597,602
597,651
597,652
597,653
597,654
597,655
597,656
598,594
598,595
598,596
598,597
598,598
598,599
598,600
598,601
598,602
598,651
598,652
598,653
598,654
598,655
598,656
599,594
599,595
599,596
599,597
599,598
599,599
599,600
599,601
599,602
599,651
599,652
599,653
599,654
599,655
599,656
600,597
600,598
600,599
600,600
600,601
600,602
600,603
600,604
600,605
600,651
600,652
600,653
600,3897
600,3898
600,3899
601,597
601,598
601,599
601,600
601,601
601,602
601,603
601,604
601,605
601,651
601,652
601,653
601,3897
601,3898
601,3899
602,597
602,598
602,599
602,600
602,601
602,602
602,603
602,604
602,605
602,651
602,652
602,653
602,3897
602,3898
602,3899
603,600
603,601
603,602
603,603
603,604
603,605
603,606
603,607
603,608
603,651
603,652
603,653
603,663
603,664
603,665
603,3897
603,3898
603,3899
604,600
604,601
604,602
604,603
604,604
604,605
604,606
604,607
604,608
604,651
604,652
604,653
604,663
604,664
604,665
604,3897
604,3898
604,3899
605,600
605,601
605,602
605,603
605,604
605,605
605,606
605,607
605,608
605,651
605,652
605,653
605,663
605,664
605,665
605,3897
605,3898
605,3899
606,603
606,604
606,605
606,606
606,607
606,608
606,609
606,610
606,611
606,663
606,664
606,665
606,714
606,715
606,716
607,603
607,604
607,605
607,606
607,607
607,608
607,609
607,610
607,611
607,663
607,664
607,665
607,714
607,715
607,716
608,603
608,604
608,605
608,606
608,607
608,608
608,609
608,610
608,611
608,663
608,664
608,665
608,714
608,715
608,716
609,606
609,607
609,608
609,609
609,610
609,611
609,612
609,613
609,614
609,714
609,715
609,716
609,732
609,733
609,734
610,606
610,607
610,608
610,609
610,610
610,611
610,612
610,613
610,614
610,714
610,715
610,716
610,732
610,733
610,734
611,606
611,607
611,608
611,609
611,610
611,611
611,612
611,613
611,614
611,714
611,715
611,716
611,732
611,733
611,734
612,609
612,610
612,611
612,612
612,613
612,614
612,615
612,616
612,617
612,732
612,733
612,734
612,816
612,817
612,818
613,609
613,610
613,611
613,612
613,613
613,614
613,615
613,616
613,617
613,732
613,733
613,734
613,816
613,817
613,818
614,609
614,610
614,611
614,612
614,613
614,614
614,615
614,616
614,617
614,732
614,733
614,734
614,816
614,817
614,818
615,612
615,613
615,614
615,615
615,616
615,617
615,618
615,619
615,620
615,816
615,817
615,818
615,819
615,820
615,821
616,612
616,613
616,614
616,615
616,616
616,617
616,618
616,619
616,620
616,816
616,817
616,818
616,819
616,820
616,821
617,612
617,613
617,614
617,615
617,616
617,617
617,618
617,619
617,620
617,816
617,817
617,818
617,819
617,820
617,821
618,372
618,373
618,374
618,432
618,433
618,434
618,615
618,616
618,617
618,618
618,619
618,620
618,621
618,622
618,623
618,819
618,820
618,821
618,822
618,823
618,824
619,372
619,373
619,374
619,432
619,433
619,434
619,615
619,616
619,617
619,618
619,619
619,620
619,621
619,622
619,623
619,819
619,820
619,821
619,822
619,823
619,824
620,372
620,373
620,374
620,432
620,433
620,434
620,615
620,616
620,617
620,618
620,619
620,620
620,621
620,622
620,623
620,819
620,820
620,821
620,822
620,823
620,824
621,156
621,157
621,158
621,159
621,160
621,161
621,162
621,163
621,164
621,165
621,166
621,167
621,168
621,169
621,170
621,288
621,289
621,290
621,372
621,373
621,374
621,618
621,619
621,620
621,621
621,622
621,623
621,624
621,625
621,626
621,774
621,775
621,776
621,822
621,823
621,824
621,825
621,826
621,827
621,834
621,835
621,836
622,156
622,157
622,158
622,159
622,160
622,161
622,162
622,163
622,164
622,165
622,166
622,167
622,168
622,169
622,170
622,288
622,289
622,290
622,372
622,373
622,374
622,618
622,619
622,620
622,621
622,622
622,623
622,624
622,625
622,626
622,774
622,775
622,776
622,822
622,823
622,824
622,825
622,826
622,827
622,834
622,835
622,836
623,156
623,157
623,158
623,159
623,160
623,161
623,162
623,163
623,164
623,165
623,166
623,167
623,168
623,169
623,170
623,288
623,289
623,290
623,372
623,373
623,374
623,618
623,619
623,620
623,621
623,622
623,623
623,624
623,625
623,626
623,774
623,775
623,776
623,822
623,823
623,824
623,825
623,826
623,827
623,834
623,835
623,836
624,150
624,151
624,152
624,153
624,154
624,155
624,156
624,157
624,158
624,621
624,622
624,623
624,624
624,625
624,626
624,627
624,628
624,629
624,825
624,826
624,827
624,828
624,829
624,830
625,150
625,151
625,152
625,153
625,154
625,155
625,156
625,157
625,158
625,621
625,622
625,623
625,624
625,625
625,626
625,627
625,628
625,629
625,825
625,826
625,827
625,828
625,829
625,830
626,150
626,151
626,152
626,153
626,154
626,155
626,156
626,157
626,158
626,621
626,622
626,623
626,624
626,625
626,626
626,627
626,628
626,629
626,825
626,826
626,827
626,828
626,829
626,830
627,147
627,148
627,149
627,150
627,151
627,152
627,267
627,268
627,269
627,369
627,370
627,371
627,624
627,625
627,626
627,627
627,628
627,629
627,630
627,631
627,632
627,729
627,730
627,731
627,828
627,829
627,830
627,831
627,832
627,833
628,147
628,148
628,149
628,150
628,151
628,152
628,267
628,268
628,269
628,369
628,370
628,371
628,624
628,625
628,626
628,627
628,628
628,629
628,630
628,631
628,632
628,729
628,730
628,731
628,828
628,829
628,830
628,831
628,832
628,833
629,147
629,148
629,149
629,150
629,151
629,152
629,267
629,268
629,269
629,369
629,370
629,371
629,624
629,625
629,626
629,627
629,628
629,629
629,630
629,631
629,632
629,729
629,730
629,731
629,828
629,829
629,830
629,831
629,832
629,833
630,369
630,370
630,371
630,429
630,430
630,431
630,627
630,628
630,629
630,630
630,631
630,632
630,633
630,634
630,635
630,726
630,727
630,728
630,729
630,730
630,731
631,369
631,370
631,371
631,429
631,430
631,431
631,627
631,628
631,629
631,630
631,631
631,632
631,633
631,634
631,635
631,726
631,727
631,728
631,729
631,730
631,731
632,369
632,370
632,371
632,429
632,430
632,431
632,627
632,628
632,629
632,630
632,631
632,632
632,633
632,634
632,635
632,726
632,727
632,728
632,729
632,730
632,731
633,630
633,631
633,632
633,633
633,634
633,635
633,636
633,637
633,638
633,723
633,724
633,725
633,726
633,727
633,728
634,630
634,631
634,632
634,633
634,634
634,635
634,636
634,637
634,638
634,723
634,724
634,725
634,726
634,727
634,728
635,630
635,631
635,632
635,633
635,634
635,635
635,636
635,637
635,638
635,723
635,724
635,725
635,726
635,727
635,728
636,633
636,634
636,635
636,636
636,637
636,638
636,639
636,640
636,641
636,720
636,721
636,722
636,723
636,724
636,725
637,633
637,634
637,635
637,636
637,637
637,638
637,639
637,640
637,641
637,720
637,721
637,722
637,723
637,724
637,725
638,633
638,634
638,635
638,636
638,637
638,638
638,639
638,640
638,641
638,720
638,721
638,722
638,723
638,724
638,725
639,636
639,637
639,638
639,639
639,640
639,641
639,642
639,643
639,644
639,717
639,718
639,719
639,720
639,721
639,722
640,636
640,637
640,638
640,639
640,640
640,641
640,642
640,643
640,644
640,717
640,718
640,719
640,720
640,721
640,722
641,636
641,637
641,638
641,639
641,640
641,641
641,642
641,643
641,644
641,717
641,718
641,719
641,720
641,721
641,722
642,639
642,640
642,641
642,642
642,643
642,644
642,645
642,646
642,647
642,660
642,661
642,662
642,717
642,718
642,719
643,639
643,640
643,641
643,642
643,643
643,644
643,645
643,646
643,647
643,660
643,661
643,662
643,717
643,718
643,719
644,639
644,640
644,641
644,642
644,643
644,644
644,645
644,646
644,647
644,660
644,661
644,662
644,717
644,718
644,719
645,435
645,436
645,437
645,642
645,643
645,644
645,645
645,646
645,647
645,648
645,649
645,650
645,660
645,661
645,662
646,435
646,436
646,437
646,642
646,643
646,644
646,645
646,646
646,647
646,648
646,649
646,650
646,660
646,661
646,662
647,435
647,436
647,437
647,642
647,643
647,644
647,645
647,646
647,647
647,648
647,649
647,650
647,660
647,661
647,662
648,435
648,436
648,437
648,438
648,439
648,440
648,645
648,646
648,647
648,648
648,649
648,650
648,657
648,658
648,659
648,660
648,661
648,662
649,435
649,436
649,437
649,438
649,439
649,440
649,645
649,646
649,647
649,648
649,649
649,650
649,657
649,658
649,659
649,660
649,661
649,662
650,435
650,436
650,437
650,438
650,439
650,440
650,645
650,646
650,647
650,648
650,649
650,650
650,657
650,658
650,659
650,660
650,661
650,662
651,597
651,598
651,599
651,600
651,601
651,602
651,603
651,604
651,605
651,651
651,652
651,653
651,654
651,655
651,656
651,663
651,664
651,665
652,597
652,598
652,599
652,600
652,601
652,602
652,603
652,604
652,605
652,651
652,652
652,653
652,654
652,655
652,656
652,663
652,664
652,665
653,597
653,598
653,599
653,600
653,601
653,602
653,603
653,604
653,605
653,651
653,652
653,653
653,654
653,655
653,656
653,663
653,664
653,665
654,594
654,595
654,596
654,597
654,598
654,599
654,651
654,652
654,653
654,654
654,655
654,656
654,663
654,664
654,665
654,666
654,667
654,668
654,900
654,901
654,902
655,594
655,595
655,596
655,597
655,598
655,599
655,651
655,652
655,653
655,654
655,655
655,656
655,663
655,664
655,665
655,666
655,667
655,668
655,900
655,901
655,902
656,594
656,595
656,596
656,597
656,598
656,599
656,651
656,652
656,653
656,654
656,655
656,656
656,663
656,664
656,665
656,666
656,667
656,668
656,900
656,901
656,902
657,438
657,439
657,440
657,441
657,442
657,443
657,648
657,649
657,650
657,657
657,658
657,659
657,660
657,661
657,662
657,669
657,670
657,671
657,879
657,880
657,881
658,438
658,439
658,440
658,441
658,442
658,443
658,648
658,649
658,650
658,657
658,658
658,659
658,660
658,661
658,662
658,669
658,670
658,671
658,879
658,880
658,881
659,438
659,439
659,440
659,441
659,442
659,443
659,648
659,649
659,650
659,657
659,658
659,659
659,660
659,661
659,662
659,669
659,670
659,671
659,879
659,880
659,881
660,642
660,643
660,644
660,645
660,646
660,647
660,648
660,649
660,650
660,657
660,658
660,659
660,660
660,661
660,662
660,717
660,718
660,719
660,879
660,880
660,881
661,642
661,643
661,644
661,645
661,646
661,647
661,648
661,649
661,650
661,657
661,658
661,659
661,660
661,661
661,662
661,717
661,718
661,719
661,879
661,880
661,881
662,642
662,643
662,644
662,645
662,646
662,647
662,648
662,649
662,650
662,657
662,658
662,659
662,660
662,661
662,662
662,717
662,718
662,719
662,879
662,880
662,881
663,603
663,604
663,605
663,606
663,607
663,608
663,651
663,652
663,653
663,654
663,655
663,656
663,663
663,664
663,665
663,714
663,715
663,716
663,900
663,901
663,902
664,603
664,604
664,605
664,606
664,607
664,608
664,651
664,652
664,653
664,654
664,655
664,656
664,663
664,664
664,665
664,714
664,715
664,716
664,900
664,901
664,902
665,603
665,604
665,605
665,606
665,607
665,608
665,651
665,652
665,653
665,654
665,655
665,656
665,663
665,664
665,665
665,714
665,715
665,716
665,900
665,901
665,902
666,591
666,592
666,593
666,594
666,595
666,596
666,654
666,655
666,656
666,666
666,667
666,668
666,672
666,673
666,674
666,891
666,892
666,893
666,900
666,901
666,902
667,591
667,592
667,593
667,594
667,595
667,596
667,654
667,655
667,656
667,666
667,667
667,668
667,672
667,673
667,674
667,891
667,892
667,893
667,900
667,901
667,902
668,591
668,592
668,593
668,594
668,595
668,596
668,654
668,655
668,656
668,666
668,667
668,668
668,672
668,673
668,674
668,891
668,892
668,893
668,900
668,901
668,902
669,441
669,442
669,443
669,444
669,445
669,446
669,657
669,658
669,659
669,669
669,670
669,671
669,693
669,694
669,695
669,873
669,874
669,875
669,879
669,880
669,881
670,441
670,442
670,443
670,444
670,445
670,446
670,657
670,658
670,659
670,669
670,670
670,671
670,693
670,694
670,695
670,873
670,874
670,875
670,879
670,880
670,881
671,441
671,442
671,443
671,444
671,445
671,446
671,657
671,658
671,659
671,669
671,670
671,671
671,693
671,694
671,695
671,873
671,874
671,875
671,879
671,880
671,881
672,588
672,589
672,590
672,591
672,592
672,593
672,666
672,667
672,668
672,672
672,673
672,674
672,675
672,676
672,677
672,885
672,886
672,887
672,891
672,892
672,893
673,588
673,589
673,590
673,591
673,592
673,593
673,666
673,667
673,668
673,672
673,673
673,674
673,675
673,676
673,677
673,885
673,886
673,887
673,891
673,892
673,893
674,588
674,589
674,590
674,591
674,592
674,593
674,666
674,667
674,668
674,672
674,673
674,674
674,675
674,676
674,677
674,885
674,886
674,887
674,891
674,892
674,893
675,585
675,586
675,587
675,588
675,589
675,590
675,672
675,673
675,674
675,675
675,676
675,677
675,678
675,679
675,680
675,882
675,883
675,884
675,885
675,886
675,887
676,585
676,586
676,587
676,588
676,589
676,590
676,672
676,673
676,674
676,675
676,676
676,677
676,678
676,679
676,680
676,882
676,883
676,884
676,885
676,886
676,887
677,585
677,586
677,587
677,588
677,589
677,590
677,672
677,673
677,674
677,675
677,676
677,677
677,678
677,679
677,680
677,882
677,883
677,884
677,885
677,886
677,887
678,582
678,583
678,584
678,585
678,586
678,587
678,675
678,676
678,677
678,678
678,679
678,680
678,681
678,682
678,683
678,876
678,877
678,878
678,882
678,883
678,884
679,582
679,583
679,584
679,585
679,586
679,587
679,675
679,676
679,677
679,678
679,679
679,680
679,681
679,682
679,683
679,876
679,877
679,878
679,882
679,883
679,884
680,582
680,583
680,584
680,585
680,586
680,587
680,675
680,676
680,677
680,678
680,679
680,680
680,681
680,682
680,683
680,876
680,877
680,878
680,882
680,883
680,884
681,579
681,580
681,581
681,582
681,583
681,584
681,678
681,679
681,680
681,681
681,682
681,683
681,684
681,685
681,686
681,870
681,871
681,872
681,876
681,877
681,878
682,579
682,580
682,581
682,582
682,583
682,584
682,678
682,679
682,680
682,681
682,682
682,683
682,684
682,685
682,686
682,870
682,871
682,872
682,876
682,877
682,878
683,579
683,580
683,581
683,582
683,583
683,584
683,678
683,679
683,680
683,681
683,682
683,683
683,684
683,685
683,686
683,870
683,871
683,872
683,876
683,877
683,878
684,570
684,571
684,572
684,576
684,577
684,578
684,579
684,580
684,581
684,681
684,682
684,683
684,684
684,685
684,686
684,687
684,688
684,689
684,870
684,871
684,872
685,570
685,571
685,572
685,576
685,577
685,578
685,579
685,580
685,581
685,681
685,682
685,683
685,684
685,685
685,686
685,687
685,688
685,689
685,870
685,871
685,872
686,570
686,571
686,572
686,576
686,577
686,578
686,579
686,580
686,581
686,681
686,682
686,683
686,684
686,685
686,686
686,687
686,688
686,689
686,870
686,871
686,872
687,567
687,568
687,569
687,570
687,571
687,572
687,684
687,685
687,686
687,687
687,688
687,689
687,690
687,691
687,692
687,870
687,871
687,872
688,567
688,568
688,569
688,570
688,571
688,572
688,684
688,685
688,686
688,687
688,688
688,689
688,690
688,691
688,692
688,870
688,871
688,872
689,567
689,568
689,569
689,570
689,571
689,572
689,684
689,685
689,686
689,687
689,688
689,689
689,690
689,691
689,692
689,870
689,871
689,872
690,564
690,565
690,566
690,567
690,568
690,569
690,687
690,688
690,689
690,690
690,691
690,692
690,738
690,739
690,740
690,870
690,871
690,872
690,975
690,976
690,977
691,564
691,565
691,566
691,567
691,568
691,569
691,687
691,688
691,689
691,690
691,691
691,692
691,738
691,739
691,740
691,870
691,871
691,872
691,975
691,976
691,977
692,564
692,565
692,566
692,567
692,568
692,569
692,687
692,688
692,689
692,690
692,691
692,692
692,738
692,739
692,740
692,870
692,871
692,872
692,975
692,976
692,977
693,444
693,445
693,446
693,447
693,448
693,449
693,669
693,670
693,671
693,693
693,694
693,695
693,696
693,697
693,698
693,867
693,868
693,869
693,873
693,874
693,875
694,444
694,445
694,446
694,447
694,448
694,449
694,669
694,670
694,671
694,693
694,694
694,695
694,696
694,697
694,698
694,867
694,868
694,869
694,873
694,874
694,875
695,444
695,445
695,446
695,447
695,448
695,449
695,669
695,670
695,671
695,693
695,694
695,695
695,696
695,697
695,698
695,867
695,868
695,869
695,873
695,874
695,875
696,447
696,448
696,449
696,450
696,451
696,452
696,693
696,694
696,695
696,696
696,697
696,698
696,699
696,700
696,701
696,864
696,865
696,866
696,867
696,868
696,869
697,447
697,448
697,449
697,450
697,451
697,452
697,693
697,694
697,695
697,696
697,697
697,698
697,699
697,700
697,701
697,864
697,865
697,866
697,867
697,868
697,869
698,447
698,448
698,449
698,450
698,451
698,452
698,693
698,694
698,695
698,696
698,697
698,698
698,699
698,700
698,701
698,864
698,865
698,866
698,867
698,868
698,869
699,450
699,451
699,452
699,453
699,454
699,455
699,696
699,697
699,698
699,699
699,700
699,701
699,702
699,703
699,704
699,858
699,859
699,860
699,864
699,865
699,866
700,450
700,451
700,452
700,453
700,454
700,455
700,696
700,697
700,698
700,699
700,700
700,701
700,702
700,703
700,704
700,858
700,859
700,860
700,864
700,865
700,866
701,450
701,451
701,452
701,453
701,454
701,455
701,696
701,697
701,698
701,699
701,700
701,701
701,702
701,703
701,704
701,858
701,859
701,860
701,864
701,865
701,866
702,453
702,454
702,455
702,456
702,457
702,458
702,699
702,700
702,701
702,702
702,703
702,704
702,705
702,706
702,707
702,852
702,853
702,854
702,858
702,859
702,860
703,453
703,454
703,455
703,456
703,457
703,458
703,699
703,700
703,701
703,702
703,703
703,704
703,705
703,706
703,707
703,852
703,853
703,854
703,858
703,859
703,860
704,453
704,454
704,455
704,456
704,457
704,458
704,699
704,700
704,701
704,702
704,703
704,704
704,705
704,706
704,707
704,852
704,853
704,854
704,858
704,859
704,860
705,456
705,457
705,458
705,459
705,460
705,461
705,465
705,466
705,467
705,702
705,703
705,704
705,705
705,706
705,707
705,708
705,709
705,710
705,852
705,853
705,854
706,456
706,457
706,458
706,459
706,460
706,461
706,465
706,466
706,467
706,702
706,703
706,704
706,705
706,706
706,707
706,708
706,709
706,710
706,852
706,853
706,854
707,456
707,457
707,458
707,459
707,460
707,461
707,465
707,466
707,467
707,702
707,703
707,704
707,705
707,706
707,707
707,708
707,709
707,710
707,852
707,853
707,854
708,465
708,466
708,467
708,468
708,469
708,470
708,705
708,706
708,707
708,708
708,709
708,710
708,711
708,712
708,713
708,852
708,853
708,854
709,465
709,466
709,467
709,468
709,469
709,470
709,705
709,706
709,707
709,708
709,709
709,710
709,711
709,712
709,713
709,852
709,853
709,854
710,465
710,466
710,467
710,468
710,469
710,470
710,705
710,706
710,707
710,708
710,709
710,710
710,711
710,712
710,713
710,852
710,853
710,854
711,468
711,469
711,470
711,471
711,472
711,473
711,708
711,709
711,710
711,711
711,712
711,713
711,735
711,736
711,737
711,852
711,853
711,854
711,912
711,913
711,914
712,468
712,469
712,470
712,471
712,472
712,473
712,708
712,709
712,710
712,711
712,712
712,713
712,735
712,736
712,737
712,852
712,853
712,854
712,912
712,913
712,914
713,468
713,469
713,470
713,471
713,472
713,473
713,708
713,709
713,710
713,711
713,712
713,713
713,735
713,736
713,737
713,852
713,853
713,854
713,912
713,913
713,914
714,606
714,607
714,608
714,609
714,610
714,611
714,663
714,664
714,665
714,714
714,715
714,716
714,732
714,733
714,734
714,900
714,901
714,902
714,909
714,910
714,911
715,606
715,607
715,608
715,609
715,610
715,611
715,663
715,664
715,665
715,714
715,715
715,716
715,732
715,733
715,734
715,900
715,901
715,902
715,909
715,910
715,911
716,606
716,607
716,608
716,609
716,610
716,611
716,663
716,664
716,665
716,714
716,715
716,716
716,732
716,733
716,734
716,900
716,901
716,902
716,909
716,910
716,911
717,639
717,640
717,641
717,642
717,643
717,644
717,660
717,661
717,662
717,717
717,718
717,719
717,720
717,721
717,722
717,879
717,880
717,881
717,888
717,889
717,890
718,639
718,640
718,641
718,642
718,643
718,644
718,660
718,661
718,662
718,717
718,718
718,719
718,720
718,721
718,722
718,879
718,880
718,881
718,888
718,889
718,890
719,639
719,640
719,641
719,642
719,643
719,644
719,660
719,661
719,662
719,717
719,718
719,719
719,720
719,721
719,722
719,879
719,880
719,881
719,888
719,889
719,890
720,636
720,637
720,638
720,639
720,640
720,641
720,717
720,718
720,719
720,720
720,721
720,722
720,723
720,724
720,725
720,888
720,889
720,890
720,918
720,919
720,920
721,636
721,637
721,638
721,639
721,640
721,641
721,717
721,718
721,719
721,720
721,721
721,722
721,723
721,724
721,725
721,888
721,889
721,890
721,918
721,919
721,920
722,636
722,637
722,638
722,639
722,640
722,641
722,717
722,718
722,719
722,720
722,721
722,722
722,723
722,724
722,725
722,888
722,889
722,890
722,918
722,919
722,920
723,633
723,634
723,635
723,636
723,637
723,638
723,720
723,721
723,722
723,723
723,724
723,725
723,726
723,727
723,728
723,918
723,919
723,920
723,924
723,925
723,926
724,633
724,634
724,635
724,636
724,637
724,638
724,720
724,721
724,722
724,723
724,724
724,725
724,726
724,727
724,728
724,918
724,919
724,920
724,924
724,925
724,926
725,633
725,634
725,635
725,636
725,637
725,638
725,720
725,721
725,722
725,723
725,724
725,725
725,726
725,727
725,728
725,918
725,919
725,920
725,924
725,925
725,926
726,630
726,631
726,632
726,633
726,634
726,635
726,723
726,724
726,725
726,726
726,727
726,728
726,729
726,730
726,731
726,924
726,925
726,926
726,930
726,931
726,932
727,630
727,631
727,632
727,633
727,634
727,635
727,723
727,724
727,725
727,726
727,727
727,728
727,729
727,730
727,731
727,924
727,925
727,926
727,930
727,931
727,932
728,630
728,631
728,632
728,633
728,634
728,635
728,723
728,724
728,725
728,726
728,727
728,728
728,729
728,730
728,731
728,924
728,925
728,926
728,930
728,931
728,932
729,627
729,628
729,629
729,630
729,631
729,632
729,726
729,727
729,728
729,729
729,730
729,731
729,831
729,832
729,833
729,843
729,844
729,845
729,930
729,931
729,932
730,627
730,628
730,629
730,630
730,631
730,632
730,726
730,727
730,728
730,729
730,730
730,731
730,831
730,832
730,833
730,843
730,844
730,845
730,930
730,931
730,932
731,627
731,628
731,629
731,630
731,631
731,632
731,726
731,727
731,728
731,729
731,730
731,731
731,831
731,832
731,833
731,843
731,844
731,845
731,930
731,931
731,932
732,609
732,610
732,611
732,612
732,613
732,614
732,714
732,715
732,716
732,732
732,733
732,734
732,816
732,817
732,818
732,909
732,910
732,911
732,915
732,916
732,917
733,609
733,610
733,611
733,612
733,613
733,614
733,714
733,715
733,716
733,732
733,733
733,734
733,816
733,817
733,818
733,909
733,910
733,911
733,915
733,916
733,917
734,609
734,610
734,611
734,612
734,613
734,614
734,714
734,715
734,716
734,732
734,733
734,734
734,816
734,817
734,818
734,909
734,910
734,911
734,915
734,916
734,917
735,471
735,472
735,473
735,474
735,475
735,476
735,711
735,712
735,713
735,735
735,736
735,737
735,813
735,814
735,815
735,912
735,913
735,914
735,1017
735,1018
735,1019
735,1020
735,1021
735,1022
736,471
736,472
736,473
736,474
736,475
736,476
736,711
736,712
736,713
736,735
736,736
736,737
736,813
736,814
736,815
736,912
736,913
736,914
736,1017
736,1018
736,1019
736,1020
736,1021
736,1022
737,471
737,472
737,473
737,474
737,475
737,476
737,711
737,712
737,713
737,735
737,736
737,737
737,813
737,814
737,815
737,912
737,913
737,914
737,1017
737,1018
737,1019
737,1020
737,1021
737,1022
738,561
738,562
738,563
738,564
738,565
738,566
738,690
738,691
738,692
738,738
738,739
738,740
738,741
738,742
738,743
738,969
738,970
738,971
738,975
738,976
738,977
739,561
739,562
739,563
739,564
739,565
739,566
739,690
739,691
739,692
739,738
739,739
739,740
739,741
739,742
739,743
739,969
739,970
739,971
739,975
739,976
739,977
740,561
740,562
740,563
740,564
740,565
740,566
740,690
740,691
740,692
740,738
740,739
740,740
740,741
740,742
740,743
740,969
740,970
740,971
740,975
740,976
740,977
741,558
741,559
741,560
741,561
741,562
741,563
741,738
741,739
741,740
741,741
741,742
741,743
741,744
741,745
741,746
741,969
741,970
741,971
741,1047
741,1048
741,1049
742,558
742,559
742,560
742,561
742,562
742,563
742,738
742,739
742,740
742,741
742,742
742,743
742,744
742,745
742,746
742,969
742,970
742,971
742,1047
742,1048
742,1049
743,558
743,559
743,560
743,561
743,562
743,563
743,738
743,739
743,740
743,741
743,742
743,743
743,744
743,745
743,746
743,969
743,970
743,971
743,1047
743,1048
743,1049
744,555
744,556
744,557
744,558
744,559
744,560
744,741
744,742
744,743
744,744
744,745
744,746
744,747
744,748
744,749
744,951
744,952
744,953
744,1047
744,1048
744,1049
745,555
745,556
745,557
745,558
745,559
745,560
745,741
745,742
745,743
745,744
745,745
745,746
745,747
745,748
745,749
745,951
745,952
745,953
745,1047
745,1048
745,1049
746,555
746,556
746,557
746,558
746,559
746,560
746,741
746,742
746,743
746,744
746,745
746,746
746,747
746,748
746,749
746,951
746,952
746,953
746,1047
746,1048
746,1049
747,552
747,553
747,554
747,555
747,556
747,557
747,744
747,745
747,746
747,747
747,748
747,749
747,750
747,751
747,752
747,861
747,862
747,863
747,951
747,952
747,953
748,552
748,553
748,554
748,555
748,556
748,557
748,744
748,745
748,746
748,747
748,748
748,749
748,750
748,751
748,752
748,861
748,862
748,863
748,951
748,952
748,953
749,552
749,553
749,554
749,555
749,556
749,557
749,744
749,745
749,746
749,747
749,748
749,749
749,750
749,751
749,752
749,861
749,862
749,863
749,951
749,952
749,953
750,543
750,544
750,545
750,549
750,550
750,551
750,552
750,553
750,554
750,747
750,748
750,749
750,750
750,751
750,752
750,753
750,754
750,755
750,861
750,862
750,863
751,543
751,544
751,545
751,549
751,550
751,551
751,552
751,553
751,554
751,747
751,748
751,749
751,750
751,751
751,752
751,753
751,754
751,755
751,861
751,862
751,863
752,543
752,544
752,545
752,549
752,550
752,551
752,552
752,553
752,554
752,747
752,748
752,749
752,750
752,751
752,752
752,753
752,754
752,755
752,861
752,862
752,863
753,540
753,541
753,542
753,543
753,544
753,545
753,750
753,751
753,752
753,753
753,754
753,755
753,756
753,757
753,758
753,861
753,862
753,863
754,540
754,541
754,542
754,543
754,544
754,545
754,750
754,751
754,752
754,753
754,754
754,755
754,756
754,757
754,758
754,861
754,862
754,863
755,540
755,541
755,542
755,543
755,544
755,545
755,750
755,751
755,752
755,753
755,754
755,755
755,756
755,757
755,758
755,861
755,862
755,863
756,537
756,538
756,539
756,540
756,541
756,542
756,753
756,754
756,755
756,756
756,757
756,758
756,759
756,760
756,761
756,855
756,856
756,857
756,861
756,862
756,863
757,537
757,538
757,539
757,540
757,541
757,542
757,753
757,754
757,755
757,756
757,757
757,758
757,759
757,760
757,761
757,855
757,856
757,857
757,861
757,862
757,863
758,537
758,538
758,539
758,540
758,541
758,542
758,753
758,754
758,755
758,756
758,757
758,758
758,759
758,760
758,761
758,855
758,856
758,857
758,861
758,862
758,863
759,534
759,535
759,536
759,537
759,538
759,539
759,756
759,757
759,758
759,759
759,760
759,761
759,762
759,763
759,764
759,849
759,850
759,851
759,855
759,856
759,857
760,534
760,535
760,536
760,537
760,538
760,539
760,756
760,757
760,758
760,759
760,760
760,761
760,762
760,763
760,764
760,849
760,850
760,851
760,855
760,856
760,857
761,534
761,535
761,536
761,537
761,538
761,539
761,756
761,757
761,758
761,759
761,760
761,761
761,762
761,763
761,764
761,849
761,850
761,851
761,855
761,856
761,857
762,531
762,532
762,533
762,534
762,535
762,536
762,759
762,760
762,761
762,762
762,763
762,764
762,765
762,766
762,767
762,846
762,847
762,848
762,849
762,850
762,851
763,531
763,532
763,533
763,534
763,535
763,536
763,759
763,760
763,761
763,762
763,763
763,764
763,765
763,766
763,767
763,846
763,847
763,848
763,849
763,850
763,851
764,531
764,532
764,533
764,534
764,535
764,536
764,759
764,760
764,761
764,762
764,763
764,764
764,765
764,766
764,767
764,846
764,847
764,848
764,849
764,850
764,851
765,528
765,529
765,530
765,531
765,532
765,533
765,762
765,763
765,764
765,765
765,766
765,767
765,768
765,769
765,770
765,840
765,841
765,842
765,846
765,847
765,848
766,528
766,529
766,530
766,531
766,532
766,533
766,762
766,763
766,764
766,765
766,766
766,767
766,768
766,769
766,770
766,840
766,841
766,842
766,846
766,847
766,848
767,528
767,529
767,530
767,531
767,532
767,533
767,762
767,763
767,764
767,765
767,766
767,767
767,768
767,769
767,770
767,840
767,841
767,842
767,846
767,847
767,848
768,525
768,526
768,527
768,528
768,529
768,530
768,765
768,766
768,767
768,768
768,769
768,770
768,771
768,772
768,773
768,837
768,838
768,839
768,840
768,841
768,842
769,525
769,526
769,527
769,528
769,529
769,530
769,765
769,766
769,767
769,768
769,769
769,770
769,771
769,772
769,773
769,837
769,838
769,839
769,840
769,841
769,842
770,525
770,526
770,527
770,528
770,529
770,530
770,765
770,766
770,767
770,768
770,769
770,770
770,771
770,772
770,773
770,837
770,838
770,839
770,840
770,841
770,842
771,522
771,523
771,524
771,525
771,526
771,527
771,768
771,769
771,770
771,771
771,772
771,773
771,774
771,775
771,776
771,834
771,835
771,836
771,837
771,838
771,839
772,522
772,523
772,524
772,525
772,526
772,527
772,768
772,769
772,770
772,771
772,772
772,773
772,774
772,775
772,776
772,834
772,835
772,836
772,837
772,838
772,839
773,522
773,523
773,524
773,525
773,526
773,527
773,768
773,769
773,770
773,771
773,772
773,773
773,774
773,775
773,776
773,834
773,835
773,836
773,837
773,838
773,839
774,519
774,520
774,521
774,522
774,523
774,524
774,621
774,622
774,623
774,771
774,772
774,773
774,774
774,775
774,776
774,777
774,778
774,779
774,825
774,826
774,827
774,834
774,835
774,836
775,519
775,520
775,521
775,522
775,523
775,524
775,621
775,622
775,623
775,771
775,772
775,773
775,774
775,775
775,776
775,777
775,778
775,779
775,825
775,826
775,827
775,834
775,835
775,836
776,519
776,520
776,521
776,522
776,523
776,524
776,621
776,622
776,623
776,771
776,772
776,773
776,774
776,775
776,776
776,777
776,778
776,779
776,825
776,826
776,827
776,834
776,835
776,836
777,516
777,517
777,518
777,519
777,520
777,521
777,774
777,775
777,776
777,777
777,778
777,779
777,780
777,781
777,782
777,825
777,826
777,827
777,828
777,829
777,830
777,3555
777,3556
777,3557
778,516
778,517
778,518
778,519
778,520
778,521
778,774
778,775
778,776
778,777
778,778
778,779
778,780
778,781
778,782
778,825
778,826
778,827
778,828
778,829
778,830
778,3555
778,3556
778,3557
779,516
779,517
779,518
779,519
779,520
779,521
779,774
779,775
779,776
779,777
779,778
779,779
779,780
779,781
779,782
779,825
779,826
779,827
779,828
779,829
779,830
779,3555
779,3556
779,3557
780,513
780,514
780,515
780,516
780,517
780,518
780,777
780,778
780,779
780,780
780,781
780,782
780,783
780,784
780,785
780,828
780,829
780,830
780,831
780,832
780,833
780,3558
780,3559
780,3560
781,513
781,514
781,515
781,516
781,517
781,518
781,777
781,778
781,779
781,780
781,781
781,782
781,783
781,784
781,785
781,828
781,829
781,830
781,831
781,832
781,833
781,3558
781,3559
781,3560
782,513
782,514
782,515
782,516
782,517
782,518
782,777
782,778
782,779
782,780
782,781
782,782
782,783
782,784
782,785
782,828
782,829
782,830
782,831
782,832
782,833
782,3558
782,3559
782,3560
783,510
783,511
783,512
783,513
783,514
783,515
783,780
783,781
783,782
783,783
783,784
783,785
783,786
783,787
783,788
783,831
783,832
783,833
783,843
783,844
783,845
784,510
784,511
784,512
784,513
784,514
784,515
784,780
784,781
784,782
784,783
784,784
784,785
784,786
784,787
784,788
784,831
784,832
784,833
784,843
784,844
784,845
785,510
785,511
785,512
785,513
785,514
785,515
785,780
785,781
785,782
785,783
785,784
785,785
785,786
785,787
785,788
785,831
785,832
785,833
785,843
785,844
785,845
786,507
786,508
786,509
786,510
786,511
786,512
786,783
786,784
786,785
786,786
786,787
786,788
786,789
786,790
786,791
786,843
786,844
786,845
786,954
786,955
786,956
787,507
787,508
787,509
787,510
787,511
787,512
787,783
787,784
787,785
787,786
787,787
787,788
787,789
787,790
787,791
787,843
787,844
787,845
787,954
787,955
787,956
788,507
788,508
788,509
788,510
788,511
788,512
788,783
788,784
788,785
788,786
788,787
788,788
788,789
788,790
788,791
788,843
788,844
788,845
788,954
788,955
788,956
789,504
789,505
789,506
789,507
789,508
789,509
789,786
789,787
789,788
789,789
789,790
789,791
789,792
789,793
789,794
789,954
789,955
789,956
789,960
789,961
789,962
790,504
790,505
790,506
790,507
790,508
790,509
790,786
790,787
790,788
790,789
790,790
790,791
790,792
790,793
790,794
790,954
790,955
790,956
790,960
790,961
790,962
791,504
791,505
791,506
791,507
791,508
791,509
791,786
791,787
791,788
791,789
791,790
791,791
791,792
791,793
791,794
791,954
791,955
791,956
791,960
791,961
791,962
792,501
792,502
792,503
792,504
792,505
792,506
792,789
792,790
792,791
792,792
792,793
792,794
792,795
792,796
792,797
792,960
792,961
792,962
792,972
792,973
792,974
793,501
793,502
793,503
793,504
793,505
793,506
793,789
793,790
793,791
793,792
793,793
793,794
793,795
793,796
793,797
793,960
793,961
793,962
793,972
793,973
793,974
794,501
794,502
794,503
794,504
794,505
794,506
794,789
794,790
794,791
794,792
794,793
794,794
794,795
794,796
794,797
794,960
794,961
794,962
794,972
794,973
794,974
795,498
795,499
795,500
795,501
795,502
795,503
795,792
795,793
795,794
795,795
795,796
795,797
795,798
795,799
795,800
795,972
795,973
795,974
795,978
795,979
795,980
796,498
796,499
796,500
796,501
796,502
796,503
796,792
796,793
796,794
796,795
796,796
796,797
796,798
796,799
796,800
796,972
796,973
796,974
796,978
796,979
796,980
797,498
797,499
797,500
797,501
797,502
797,503
797,792
797,793
797,794
797,795
797,796
797,797
797,798
797,799
797,800
797,972
797,973
797,974
797,978
797,979
797,980
798,495
798,496
798,497
798,498
798,499
798,500
798,795
798,796
798,797
798,798
798,799
798,800
798,801
798,802
798,803
798,978
798,979
798,980
798,981
798,982
798,983
799,495
799,496
799,497
799,498
799,499
799,500
799,795
799,796
799,797
799,798
799,799
799,800
799,801
799,802
799,803
799,978
799,979
799,980
799,981
799,982
799,983
800,495
800,496
800,497
800,498
800,499
800,500
800,795
800,796
800,797
800,798
800,799
800,800
800,801
800,802
800,803
800,978
800,979
800,980
800,981
800,982
800,983
801,486
801,487
801,488
801,492
801,493
801,494
801,495
801,496
801,497
801,798
801,799
801,800
801,801
801,802
801,803
801,804
801,805
801,806
801,981
801,982
801,983
801,3576
801,3577
801,3578
802,486
802,487
802,488
802,492
802,493
802,494
802,495
802,496
802,497
802,798
802,799
802,800
802,801
802,802
802,803
802,804
802,805
802,806
802,981
802,982
802,983
802,3576
802,3577
802,3578
803,486
803,487
803,488
803,492
803,493
803,494
803,495
803,496
803,497
803,798
803,799
803,800
803,801
803,802
803,803
803,804
803,805
803,806
803,981
803,982
803,983
803,3576
803,3577
803,3578
804,483
804,484
804,485
804,486
804,487
804,488
804,801
804,802
804,803
804,804
804,805
804,806
804,807
804,808
804,809
804,981
804,982
804,983
805,483
805,484
805,485
805,486
805,487
805,488
805,801
805,802
805,803
805,804
805,805
805,806
805,807
805,808
805,809
805,981
805,982
805,983
806,483
806,484
806,485
806,486
806,487
806,488
806,801
806,802
806,803
806,804
806,805
806,806
806,807
806,808
806,809
806,981
806,982
806,983
807,480
807,481
807,482
807,483
807,484
807,485
807,804
807,805
807,806
807,807
807,808
807,809
807,810
807,811
807,812
807,981
807,982
807,983
807,1044
807,1045
807,1046
808,480
808,481
808,482
808,483
808,484
808,485
808,804
808,805
808,806
808,807
808,808
808,809
808,810
808,811
808,812
808,981
808,982
808,983
808,1044
808,1045
808,1046
809,480
809,481
809,482
809,483
809,484
809,485
809,804
809,805
809,806
809,807
809,808
809,809
809,810
809,811
809,812
809,981
809,982
809,983
809,1044
809,1045
809,1046
810,477
810,478
810,479
810,480
810,481
810,482
810,807
810,808
810,809
810,810
810,811
810,812
810,813
810,814
810,815
810,1023
810,1024
810,1025
810,1044
810,1045
810,1046
811,477
811,478
811,479
811,480
811,481
811,482
811,807
811,808
811,809
811,810
811,811
811,812
811,813
811,814
811,815
811,1023
811,1024
811,1025
811,1044
811,1045
811,1046
812,477
812,478
812,479
812,480
812,481
812,482
812,807
812,808
812,809
812,810
812,811
812,812
812,813
812,814
812,815
812,1023
812,1024
812,1025
812,1044
812,1045
812,1046
813,474
813,475
813,476
813,477
813,478
813,479
813,735
813,736
813,737
813,810
813,811
813,812
813,813
813,814
813,815
813,1020
813,1021
813,1022
813,1023
813,1024
813,1025
814,474
814,475
814,476
814,477
814,478
814,479
814,735
814,736
814,737
814,810
814,811
814,812
814,813
814,814
814,815
814,1020
814,1021
814,1022
814,1023
814,1024
814,1025
815,474
815,475
815,476
815,477
815,478
815,479
815,735
815,736
815,737
815,810
815,811
815,812
815,813
815,814
815,815
815,1020
815,1021
815,1022
815,1023
815,1024
815,1025
816,612
816,613
816,614
816,615
816,616
816,617
816,732
816,733
816,734
816,816
816,817
816,818
816,819
816,820
816,821
816,915
816,916
816,917
816,921
816,922
816,923
817,612
817,613
817,614
817,615
817,616
817,617
817,732
817,733
817,734
817,816
817,817
817,818
817,819
817,820
817,821
817,915
817,916
817,917
817,921
817,922
817,923
818,612
818,613
818,614
818,615
818,616
818,617
818,732
818,733
818,734
818,816
818,817
818,818
818,819
818,820
818,821
818,915
818,916
818,917
818,921
818,922
818,923
819,615
819,616
819,617
819,618
819,619
819,620
819,816
819,817
819,818
819,819
819,820
819,821
819,822
819,823
819,824
819,921
819,922
819,923
819,927
819,928
819,929
820,615
820,616
820,617
820,618
820,619
820,620
820,816
820,817
820,818
820,819
820,820
820,821
820,822
820,823
820,824
820,921
820,922
820,923
820,927
820,928
820,929
821,615
821,616
821,617
821,618
821,619
821,620
821,816
821,817
821,818
821,819
821,820
821,821
821,822
821,823
821,824
821,921
821,922
821,923
821,927
821,928
821,929
822,618
822,619
822,620
822,621
822,622
822,623
822,819
822,820
822,821
822,822
822,823
822,824
822,834
822,835
822,836
822,837
822,838
822,839
822,927
822,928
822,929
823,618
823,619
823,620
823,621
823,622
823,623
823,819
823,820
823,821
823,822
823,823
823,824
823,834
823,835
823,836
823,837
823,838
823,839
823,927
823,928
823,929
824,618
824,619
824,620
824,621
824,622
824,623
824,819
824,820
824,821
824,822
824,823
824,824
824,834
824,835
824,836
824,837
824,838
824,839
824,927
824,928
824,929
825,621
825,622
825,623
825,624
825,625
825,626
825,774
825,775
825,776
825,777
825,778
825,779
825,825
825,826
825,827
825,828
825,829
825,830
826,621
826,622
826,623
826,624
826,625
826,626
826,774
826,775
826,776
826,777
826,778
826,779
826,825
826,826
826,827
826,828
826,829
826,830
827,621
827,622
827,623
827,624
827,625
827,626
827,774
827,775
827,776
827,777
827,778
827,779
827,825
827,826
827,827
827,828
827,829
827,830
828,624
828,625
828,626
828,627
828,628
828,629
828,777
828,778
828,779
828,780
828,781
828,782
828,825
828,826
828,827
828,828
828,829
828,830
828,831
828,832
828,833
829,624
829,625
829,626
829,627
829,628
829,629
829,777
829,778
829,779
829,780
829,781
829,782
829,825
829,826
829,827
829,828
829,829
829,830
829,831
829,832
829,833
830,624
830,625
830,626
830,627
830,628
830,629
830,777
830,778
830,779
830,780
830,781
830,782
830,825
830,826
830,827
830,828
830,829
830,830
830,831
830,832
830,833
831,627
831,628
831,629
831,729
831,730
831,731
831,780
831,781
831,782
831,783
831,784
831,785
831,828
831,829
831,830
831,831
831,832
831,833
831,843
831,844
831,845
832,627
832,628
832,629
832,729
832,730
832,731
832,780
832,781
832,782
832,783
832,784
832,785
832,828
832,829
832,830
832,831
832,832
832,833
832,843
832,844
832,845
833,627
833,628
833,629
833,729
833,730
833,731
833,780
833,781
833,782
833,783
833,784
833,785
833,828
833,829
833,830
833,831
833,832
833,833
833,843
833,844
833,845
834,621
834,622
834,623
834,771
834,772
834,773
834,774
834,775
834,776
834,822
834,823
834,824
834,834
834,835
834,836
834,837
834,838
834,839
835,621
835,622
835,623
835,771
835,772
835,773
835,774
835,775
835,776
835,822
835,823
835,824
835,834
835,835
835,836
835,837
835,838
835,839
836,621
836,622
836,623
836,771
836,772
836,773
836,774
836,775
836,776
836,822
836,823
836,824
836,834
836,835
836,836
836,837
836,838
836,839
837,768
837,769
837,770
837,771
837,772
837,773
837,822
837,823
837,824
837,834
837,835
837,836
837,837
837,838
837,839
837,840
837,841
837,842
837,927
837,928
837,929
838,768
838,769
838,770
838,771
838,772
838,773
838,822
838,823
838,824
838,834
838,835
838,836
838,837
838,838
838,839
838,840
838,841
838,842
838,927
838,928
838,929
839,768
839,769
839,770
839,771
839,772
839,773
839,822
839,823
839,824
839,834
839,835
839,836
839,837
839,838
839,839
839,840
839,841
839,842
839,927
839,928
839,929
840,765
840,766
840,767
840,768
840,769
840,770
840,837
840,838
840,839
840,840
840,841
840,842
840,846
840,847
840,848
840,927
840,928
840,929
840,933
840,934
840,935
841,765
841,766
841,767
841,768
841,769
841,770
841,837
841,838
841,839
841,840
841,841
841,842
841,846
841,847
841,848
841,927
841,928
841,929
841,933
841,934
841,935
842,765
842,766
842,767
842,768
842,769
842,770
842,837
842,838
842,839
842,840
842,841
842,842
842,846
842,847
842,848
842,927
842,928
842,929
842,933
842,934
842,935
843,729
843,730
843,731
843,783
843,784
843,785
843,786
843,787
843,788
843,831
843,832
843,833
843,843
843,844
843,845
843,930
843,931
843,932
843,954
843,955
843,956
844,729
844,730
844,731
844,783
844,784
844,785
844,786
844,787
844,788
844,831
844,832
844,833
844,843
844,844
844,845
844,930
844,931
844,932
844,954
844,955
844,956
845,729
845,730
845,731
845,783
845,784
845,785
845,786
845,787
845,788
845,831
845,832
845,833
845,843
845,844
845,845
845,930
845,931
845,932
845,954
845,955
845,956
846,762
846,763
846,764
846,765
846,766
846,767
846,840
846,841
846,842
846,846
846,847
846,848
846,849
846,850
846,851
846,933
846,934
846,935
846,939
846,940
846,941
847,762
847,763
847,764
847,765
847,766
847,767
847,840
847,841
847,842
847,846
847,847
847,848
847,849
847,850
847,851
847,933
847,934
847,935
847,939
847,940
847,941
848,762
848,763
848,764
848,765
848,766
848,767
848,840
848,841
848,842
848,846
848,847
848,848
848,849
848,850
848,851
848,933
848,934
848,935
848,939
848,940
848,941
849,759
849,760
849,761
849,762
849,763
849,764
849,846
849,847
849,848
849,849
849,850
849,851
849,855
849,856
849,857
849,939
849,940
849,941
849,945
849,946
849,947
850,759
850,760
850,761
850,762
850,763
850,764
850,846
850,847
850,848
850,849
850,850
850,851
850,855
850,856
850,857
850,939
850,940
850,941
850,945
850,946
850,947
851,759
851,760
851,761
851,762
851,763
851,764
851,846
851,847
851,848
851,849
851,850
851,851
851,855
851,856
851,857
851,939
851,940
851,941
851,945
851,946
851,947
852,702
852,703
852,704
852,705
852,706
852,707
852,708
852,709
852,710
852,711
852,712
852,713
852,852
852,853
852,854
852,858
852,859
852,860
852,912
852,913
852,914
853,702
853,703
853,704
853,705
853,706
853,707
853,708
853,709
853,710
853,711
853,712
853,713
853,852
853,853
853,854
853,858
853,859
853,860
853,912
853,913
853,914
854,702
854,703
854,704
854,705
854,706
854,707
854,708
854,709
854,710
854,711
854,712
854,713
854,852
854,853
854,854
854,858
854,859
854,860
854,912
854,913
854,914
855,756
855,757
855,758
855,759
855,760
855,761
855,849
855,850
855,851
855,855
855,856
855,857
855,861
855,862
855,863
855,945
855,946
855,947
855,951
855,952
855,953
856,756
856,757
856,758
856,759
856,760
856,761
856,849
856,850
856,851
856,855
856,856
856,857
856,861
856,862
856,863
856,945
856,946
856,947
856,951
856,952
856,953
857,756
857,757
857,758
857,759
857,760
857,761
857,849
857,850
857,851
857,855
857,856
857,857
857,861
857,862
857,863
857,945
857,946
857,947
857,951
857,952
857,953
858,699
858,700
858,701
858,702
858,703
858,704
858,852
858,853
858,854
858,858
858,859
858,860
858,864
858,865
858,866
858,906
858,907
858,908
858,912
858,913
858,914
859,699
859,700
859,701
859,702
859,703
859,704
859,852
859,853
859,854
859,858
859,859
859,860
859,864
859,865
859,866
859,906
859,907
859,908
859,912
859,913
859,914
860,699
860,700
860,701
860,702
860,703
860,704
860,852
860,853
860,854
860,858
860,859
860,860
860,864
860,865
860,866
860,906
860,907
860,908
860,912
860,913
860,914
861,747
861,748
861,749
861,750
861,751
861,752
861,753
861,754
861,755
861,756
861,757
861,758
861,855
861,856
861,857
861,861
861,862
861,863
861,951
861,952
861,953
862,747
862,748
862,749
862,750
862,751
862,752
862,753
862,754
862,755
862,756
862,757
862,758
862,855
862,856
862,857
862,861
862,862
862,863
862,951
862,952
862,953
863,747
863,748
863,749
863,750
863,751
863,752
863,753
863,754
863,755
863,756
863,757
863,758
863,855
863,856
863,857
863,861
863,862
863,863
863,951
863,952
863,953
864,696
864,697
864,698
864,699
864,700
864,701
864,858
864,859
864,860
864,864
864,865
864,866
864,867
864,868
864,869
864,903
864,904
864,905
864,906
864,907
864,908
865,696
865,697
865,698
865,699
865,700
865,701
865,858
865,859
865,860
865,864
865,865
865,866
865,867
865,868
865,869
865,903
865,904
865,905
865,906
865,907
865,908
866,696
866,697
866,698
866,699
866,700
866,701
866,858
866,859
866,860
866,864
866,865
866,866
866,867
866,868
866,869
866,903
866,904
866,905
866,906
866,907
866,908
867,693
867,694
867,695
867,696
867,697
867,698
867,864
867,865
867,866
867,867
867,868
867,869
867,873
867,874
867,875
867,897
867,898
867,899
867,903
867,904
867,905
868,693
868,694
868,695
868,696
868,697
868,698
868,864
868,865
868,866
868,867
868,868
868,869
868,873
868,874
868,875
868,897
868,898
868,899
868,903
868,904
868,905
869,693
869,694
869,695
869,696
869,697
869,698
869,864
869,865
869,866
869,867
869,868
869,869
869,873
869,874
869,875
869,897
869,898
869,899
869,903
869,904
869,905
870,681
870,682
870,683
870,684
870,685
870,686
870,687
870,688
870,689
870,690
870,691
870,692
870,870
870,871
870,872
870,876
870,877
870,878
870,975
870,976
870,977
871,681
871,682
871,683
871,684
871,685
871,686
871,687
871,688
871,689
871,690
871,691
871,692
871,870
871,871
871,872
871,876
871,877
871,878
871,975
871,976
871,977
872,681
872,682
872,683
872,684
872,685
872,686
872,687
872,688
872,689
872,690
872,691
872,692
872,870
872,871
872,872
872,876
872,877
872,878
872,975
872,976
872,977
873,669
873,670
873,671
873,693
873,694
873,695
873,867
873,868
873,869
873,873
873,874
873,875
873,879
873,880
873,881
873,894
873,895
873,896
873,897
873,898
873,899
874,669
874,670
874,671
874,693
874,694
874,695
874,867
874,868
874,869
874,873
874,874
874,875
874,879
874,880
874,881
874,894
874,895
874,896
874,897
874,898
874,899
875,669
875,670
875,671
875,693
875,694
875,695
875,867
875,868
875,869
875,873
875,874
875,875
875,879
875,880
875,881
875,894
875,895
875,896
875,897
875,898
875,899
876,678
876,679
876,680
876,681
876,682
876,683
876,870
876,871
876,872
876,876
876,877
876,878
876,882
876,883
876,884
876,975
876,976
876,977
876,990
876,991
876,992
877,678
877,679
877,680
877,681
877,682
877,683
877,870
877,871
877,872
877,876
877,877
877,878
877,882
877,883
877,884
877,975
877,976
877,977
877,990
877,991
877,992
878,678
878,679
878,680
878,681
878,682
878,683
878,870
878,871
878,872
878,876
878,877
878,878
878,882
878,883
878,884
878,975
878,976
878,977
878,990
878,991
878,992
879,657
879,658
879,659
879,660
879,661
879,662
879,669
879,670
879,671
879,717
879,718
879,719
879,873
879,874
879,875
879,879
879,880
879,881
879,888
879,889
879,890
879,894
879,895
879,896
880,657
880,658
880,659
880,660
880,661
880,662
880,669
880,670
880,671
880,717
880,718
880,719
880,873
880,874
880,875
880,879
880,880
880,881
880,888
880,889
880,890
880,894
880,895
880,896
881,657
881,658
881,659
881,660
881,661
881,662
881,669
881,670
881,671
881,717
881,718
881,719
881,873
881,874
881,875
881,879
881,880
881,881
881,888
881,889
881,890
881,894
881,895
881,896
882,675
882,676
882,677
882,678
882,679
882,680
882,876
882,877
882,878
882,882
882,883
882,884
882,885
882,886
882,887
882,990
882,991
882,992
882,996
882,997
882,998
883,675
883,676
883,677
883,678
883,679
883,680
883,876
883,877
883,878
883,882
883,883
883,884
883,885
883,886
883,887
883,990
883,991
883,992
883,996
883,997
883,998
884,675
884,676
884,677
884,678
884,679
884,680
884,876
884,877
884,878
884,882
884,883
884,884
884,885
884,886
884,887
884,990
884,991
884,992
884,996
884,997
884,998
885,672
885,673
885,674
885,675
885,676
885,677
885,882
885,883
885,884
885,885
885,886
885,887
885,891
885,892
885,893
885,996
885,997
885,998
885,1002
885,1003
885,1004
886,672
886,673
886,674
886,675
886,676
886,677
886,882
886,883
886,884
886,885
886,886
886,887
886,891
886,892
886,893
886,996
886,997
886,998
886,1002
886,1003
886,1004
887,672
887,673
887,674
887,675
887,676
887,677
887,882
887,883
887,884
887,885
887,886
887,887
887,891
887,892
887,893
887,996
887,997
887,998
887,1002
887,1003
887,1004
888,717
888,718
888,719
888,720
888,721
888,722
888,879
888,880
888,881
888,888
888,889
888,890
888,894
888,895
888,896
888,918
888,919
888,920
888,936
888,937
888,938
889,717
889,718
889,719
889,720
889,721
889,722
889,879
889,880
889,881
889,888
889,889
889,890
889,894
889,895
889,896
889,918
889,919
889,920
889,936
889,937
889,938
890,717
890,718
890,719
890,720
890,721
890,722
890,879
890,880
890,881
890,888
890,889
890,890
890,894
890,895
890,896
890,918
890,919
890,920
890,936
890,937
890,938
891,666
891,667
891,668
891,672
891,673
891,674
891,885
891,886
891,887
891,891
891,892
891,893
891,900
891,901
891,902
891,909
891,910
891,911
891,1002
891,1003
891,1004
892,666
892,667
892,668
892,672
892,673
892,674
892,885
892,886
892,887
892,891
892,892
892,893
892,900
892,901
892,902
892,909
892,910
892,911
892,1002
892,1003
892,1004
893,666
893,667
893,668
893,672
893,673
893,674
893,885
893,886
893,887
893,891
893,892
893,893
893,900
893,901
893,902
893,909
893,910
893,911
893,1002
893,1003
893,1004
894,873
894,874
894,875
894,879
894,880
894,881
894,888
894,889
894,890
894,894
894,895
894,896
894,897
894,898
894,899
894,936
894,937
894,938
895,873
895,874
895,875
895,879
895,880
895,881
895,888
895,889
895,890
895,894
895,895
895,896
895,897
895,898
895,899
895,936
895,937
895,938
896,873
896,874
896,875
896,879
896,880
896,881
896,888
896,889
896,890
896,894
896,895
896,896
896,897
896,898
896,899
896,936
896,937
896,938
897,867
897,868
897,869
897,873
897,874
897,875
897,894
897,895
897,896
897,897
897,898
897,899
897,903
897,904
897,905
897,936
897,937
897,938
897,999
897,1000
897,1001
897,1005
897,1006
897,1007
898,867
898,868
898,869
898,873
898,874
898,875
898,894
898,895
898,896
898,897
898,898
898,899
898,903
898,904
898,905
898,936
898,937
898,938
898,999
898,1000
898,1001
898,1005
898,1006
898,1007
899,867
899,868
899,869
899,873
899,874
899,875
899,894
899,895
899,896
899,897
899,898
899,899
899,903
899,904
899,905
899,936
899,937
899,938
899,999
899,1000
899,1001
899,1005
899,1006
899,1007
900,654
900,655
900,656
900,663
900,664
900,665
900,666
900,667
900,668
900,714
900,715
900,716
900,891
900,892
900,893
900,900
900,901
900,902
900,909
900,910
900,911
901,654
901,655
901,656
901,663
901,664
901,665
901,666
901,667
901,668
901,714
901,715
901,716
901,891
901,892
901,893
901,900
901,901
901,902
901,909
901,910
901,911
902,654
902,655
902,656
902,663
902,664
902,665
902,666
902,667
902,668
902,714
902,715
902,716
902,891
902,892
902,893
902,900
902,901
902,902
902,909
902,910
902,911
903,864
903,865
903,866
903,867
903,868
903,869
903,897
903,898
903,899
903,903
903,904
903,905
903,906
903,907
903,908
903,1005
903,1006
903,1007
903,1008
903,1009
903,1010
904,864
904,865
904,866
904,867
904,868
904,869
904,897
904,898
904,899
904,903
904,904
904,905
904,906
904,907
904,908
904,1005
904,1006
904,1007
904,1008
904,1009
904,1010
905,864
905,865
905,866
905,867
905,868
905,869
905,897
905,898
905,899
905,903
905,904
905,905
905,906
905,907
905,908
905,1005
905,1006
905,1007
905,1008
905,1009
905,1010
906,858
906,859
906,860
906,864
906,865
906,866
906,903
906,904
906,905
906,906
906,907
906,908
906,912
906,913
906,914
906,1008
906,1009
906,1010
906,1017
906,1018
906,1019
907,858
907,859
907,860
907,864
907,865
907,866
907,903
907,904
907,905
907,906
907,907
907,908
907,912
907,913
907,914
907,1008
907,1009
907,1010
907,1017
907,1018
907,1019
908,858
908,859
908,860
908,864
908,865
908,866
908,903
908,904
908,905
908,906
908,907
908,908
908,912
908,913
908,914
908,1008
908,1009
908,1010
908,1017
908,1018
908,1019
909,714
909,715
909,716
909,732
909,733
909,734
909,891
909,892
909,893
909,900
909,901
909,902
909,909
909,910
909,911
909,915
909,916
909,917
909,1002
909,1003
909,1004
909,1011
909,1012
909,1013
910,714
910,715
910,716
910,732
910,733
910,734
910,891
910,892
910,893
910,900
910,901
910,902
910,909
910,910
910,911
910,915
910,916
910,917
910,1002
910,1003
910,1004
910,1011
910,1012
910,1013
911,714
911,715
911,716
911,732
911,733
911,734
911,891
911,892
911,893
911,900
911,901
911,902
911,909
911,910
911,911
911,915
911,916
911,917
911,1002
911,1003
911,1004
911,1011
911,1012
911,1013
912,711
912,712
912,713
912,735
912,736
912,737
912,852
912,853
912,854
912,858
912,859
912,860
912,906
912,907
912,908
912,912
912,913
912,914
912,1017
912,1018
912,1019
913,711
913,712
913,713
913,735
913,736
913,737
913,852
913,853
913,854
913,858
913,859
913,860
913,906
913,907
913,908
913,912
913,913
913,914
913,1017
913,1018
913,1019
914,711
914,712
914,713
914,735
914,736
914,737
914,852
914,853
914,854
914,858
914,859
914,860
914,906
914,907
914,908
914,912
914,913
914,914
914,1017
914,1018
914,1019
915,732
915,733
915,734
915,816
915,817
915,818
915,909
915,910
915,911
915,915
915,916
915,917
915,921
915,922
915,923
915,984
915,985
915,986
915,1011
915,1012
915,1013
916,732
916,733
916,734
916,816
916,817
916,818
916,909
916,910
916,911
916,915
916,916
916,917
916,921
916,922
916,923
916,984
916,985
916,986
916,1011
916,1012
916,1013
917,732
917,733
917,734
917,816
917,817
917,818
917,909
917,910
917,911
917,915
917,916
917,917
917,921
917,922
917,923
917,984
917,985
917,986
917,1011
917,1012
917,1013
918,720
918,721
918,722
918,723
918,724
918,725
918,888
918,889
918,890
918,918
918,919
918,920
918,924
918,925
918,926
918,936
918,937
918,938
918,942
918,943
918,944
919,720
919,721
919,722
919,723
919,724
919,725
919,888
919,889
919,890
919,918
919,919
919,920
919,924
919,925
919,926
919,936
919,937
919,938
919,942
919,943
919,944
920,720
920,721
920,722
920,723
920,724
920,725
920,888
920,889
920,890
920,918
920,919
920,920
920,924
920,925
920,926
920,936
920,937
920,938
920,942
920,943
920,944
921,816
921,817
921,818
921,819
921,820
921,821
921,915
921,916
921,917
921,921
921,922
921,923
921,927
921,928
921,929
921,933
921,934
921,935
921,984
921,985
921,986
922,816
922,817
922,818
922,819
922,820
922,821
922,915
922,916
922,917
922,921
922,922
922,923
922,927
922,928
922,929
922,933
922,934
922,935
922,984
922,985
922,986
923,816
923,817
923,818
923,819
923,820
923,821
923,915
923,916
923,917
923,921
923,922
923,923
923,927
923,928
923,929
923,933
923,934
923,935
923,984
923,985
923,986
924,723
924,724
924,725
924,726
924,727
924,728
924,918
924,919
924,920
924,924
924,925
924,926
924,930
924,931
924,932
924,942
924,943
924,944
924,948
924,949
924,950
925,723
925,724
925,725
925,726
925,727
925,728
925,918
925,919
925,920
925,924
925,925
925,926
925,930
925,931
925,932
925,942
925,943
925,944
925,948
925,949
925,950
926,723
926,724
926,725
926,726
926,727
926,728
926,918
926,919
926,920
926,924
926,925
926,926
926,930
926,931
926,932
926,942
926,943
926,944
926,948
926,949
926,950
927,819
927,820
927,821
927,822
927,823
927,824
927,837
927,838
927,839
927,840
927,841
927,842
927,921
927,922
927,923
927,927
927,928
927,929
927,933
927,934
927,935
928,819
928,820
928,821
928,822
928,823
928,824
928,837
928,838
928,839
928,840
928,841
928,842
928,921
928,922
928,923
928,927
928,928
928,929
928,933
928,934
928,935
929,819
929,820
929,821
929,822
929,823
929,824
929,837
929,838
929,839
929,840
929,841
929,842
929,921
929,922
929,923
929,927
929,928
929,929
929,933
929,934
929,935
930,726
930,727
930,728
930,729
930,730
930,731
930,843
930,844
930,845
930,924
930,925
930,926
930,930
930,931
930,932
930,948
930,949
930,950
930,954
930,955
930,956
931,726
931,727
931,728
931,729
931,730
931,731
931,843
931,844
931,845
931,924
931,925
931,926
931,930
931,931
931,932
931,948
931,949
931,950
931,954
931,955
931,956
932,726
932,727
932,728
932,729
932,730
932,731
932,843
932,844
932,845
932,924
932,925
932,926
932,930
932,931
932,932
932,948
932,949
932,950
932,954
932,955
932,956
933,840
933,841
933,842
933,846
933,847
933,848
933,921
933,922
933,923
933,927
933,928
933,929
933,933
933,934
933,935
933,939
933,940
933,941
933,984
933,985
933,986
934,840
934,841
934,842
934,846
934,847
934,848
934,921
934,922
934,923
934,927
934,928
934,929
934,933
934,934
934,935
934,939
934,940
934,941
934,984
934,985
934,986
935,840
935,841
935,842
935,846
935,847
935,848
935,921
935,922
935,923
935,927
935,928
935,929
935,933
935,934
935,935
935,939
935,940
935,941
935,984
935,985
935,986
936,888
936,889
936,890
936,894
936,895
936,896
936,897
936,898
936,899
936,918
936,919
936,920
936,936
936,937
936,938
936,942
936,943
936,944
936,999
936,1000
936,1001
937,888
937,889
937,890
937,894
937,895
937,896
937,897
937,898
937,899
937,918
937,919
937,920
937,936
937,937
937,938
937,942
937,943
937,944
937,999
937,1000
937,1001
938,888
938,889
938,890
938,894
938,895
938,896
938,897
938,898
938,899
938,918
938,919
938,920
938,936
938,937
938,938
938,942
938,943
938,944
938,999
938,1000
938,1001
939,846
939,847
939,848
939,849
939,850
939,851
939,933
939,934
939,935
939,939
939,940
939,941
939,945
939,946
939,947
939,966
939,967
939,968
939,984
939,985
939,986
940,846
940,847
940,848
940,849
940,850
940,851
940,933
940,934
940,935
940,939
940,940
940,941
940,945
940,946
940,947
940,966
940,967
940,968
940,984
940,985
940,986
941,846
941,847
941,848
941,849
941,850
941,851
941,933
941,934
941,935
941,939
941,940
941,941
941,945
941,946
941,947
941,966
941,967
941,968
941,984
941,985
941,986
942,918
942,919
942,920
942,924
942,925
942,926
942,936
942,937
942,938
942,942
942,943
942,944
942,948
942,949
942,950
942,993
942,994
942,995
942,999
942,1000
942,1001
943,918
943,919
943,920
943,924
943,925
943,926
943,936
943,937
943,938
943,942
943,943
943,944
943,948
943,949
943,950
943,993
943,994
943,995
943,999
943,1000
943,1001
944,918
944,919
944,920
944,924
944,925
944,926
944,936
944,937
944,938
944,942
944,943
944,944
944,948
944,949
944,950
944,993
944,994
944,995
944,999
944,1000
944,1001
945,849
945,850
945,851
945,855
945,856
945,857
945,939
945,940
945,941
945,945
945,946
945,947
945,951
945,952
945,953
945,963
945,964
945,965
945,966
945,967
945,968
946,849
946,850
946,851
946,855
946,856
946,857
946,939
946,940
946,941
946,945
946,946
946,947
946,951
946,952
946,953
946,963
946,964
946,965
946,966
946,967
946,968
947,849
947,850
947,851
947,855
947,856
947,857
947,939
947,940
947,941
947,945
947,946
947,947
947,951
947,952
947,953
947,963
947,964
947,965
947,966
947,967
947,968
948,924
948,925
948,926
948,930
948,931
948,932
948,942
948,943
948,944
948,948
948,949
948,950
948,954
948,955
948,956
948,960
948,961
948,962
948,987
948,988
948,989
948,993
948,994
948,995
949,924
949,925
949,926
949,930
949,931
949,932
949,942
949,943
949,944
949,948
949,949
949,950
949,954
949,955
949,956
949,960
949,961
949,962
949,987
949,988
949,989
949,993
949,994
949,995
950,924
950,925
950,926
950,930
950,931
950,932
950,942
950,943
950,944
950,948
950,949
950,950
950,954
950,955
950,956
950,960
950,961
950,962
950,987
950,988
950,989
950,993
950,994
950,995
951,744
951,745
951,746
951,747
951,748
951,749
951,855
951,856
951,857
951,861
951,862
951,863
951,945
951,946
951,947
951,951
951,952
951,953
951,963
951,964
951,965
951,1047
951,1048
951,1049
952,744
952,745
952,746
952,747
952,748
952,749
952,855
952,856
952,857
952,861
952,862
952,863
952,945
952,946
952,947
952,951
952,952
952,953
952,963
952,964
952,965
952,1047
952,1048
952,1049
953,744
953,745
953,746
953,747
953,748
953,749
953,855
953,856
953,857
953,861
953,862
953,863
953,945
953,946
953,947
953,951
953,952
953,953
953,963
953,964
953,965
953,1047
953,1048
953,1049
954,786
954,787
954,788
954,789
954,790
954,791
954,843
954,844
954,845
954,930
954,931
954,932
954,948
954,949
954,950
954,954
954,955
954,956
954,960
954,961
954,962
955,786
955,787
955,788
955,789
955,790
955,791
955,843
955,844
955,845
955,930
955,931
955,932
955,948
955,949
955,950
955,954
955,955
955,956
955,960
955,961
955,962
956,786
956,787
956,788
956,789
956,790
956,791
956,843
956,844
956,845
956,930
956,931
956,932
956,948
956,949
956,950
956,954
956,955
956,956
956,960
956,961
956,962
957,957
957,958
957,959
957,963
957,964
957,965
957,966
957,967
957,968
957,969
957,970
957,971
957,990
957,991
957,992
957,1047
957,1048
957,1049
957,1050
957,1051
957,1052
958,957
958,958
958,959
958,963
958,964
958,965
958,966
958,967
958,968
958,969
958,970
958,971
958,990
958,991
958,992
958,1047
958,1048
958,1049
958,1050
958,1051
958,1052
959,957
959,958
959,959
959,963
959,964
959,965
959,966
959,967
959,968
959,969
959,970
959,971
959,990
959,991
959,992
959,1047
959,1048
959,1049
959,1050
959,1051
959,1052
960,789
960,790
960,791
960,792
960,793
960,794
960,948
960,949
960,950
960,954
960,955
960,956
960,960
960,961
960,962
960,972
960,973
960,974
960,987
960,988
960,989
961,789
961,790
961,791
961,792
961,793
961,794
961,948
961,949
961,950
961,954
961,955
961,956
961,960
961,961
961,962
961,972
961,973
961,974
961,987
961,988
961,989
962,789
962,790
962,791
962,792
962,793
962,794
962,948
962,949
962,950
962,954
962,955
962,956
962,960
962,961
962,962
962,972
962,973
962,974
962,987
962,988
962,989
963,945
963,946
963,947
963,951
963,952
963,953
963,957
963,958
963,959
963,963
963,964
963,965
963,966
963,967
963,968
963,1047
963,1048
963,1049
964,945
964,946
964,947
964,951
964,952
964,953
964,957
964,958
964,959
964,963
964,964
964,965
964,966
964,967
964,968
964,1047
964,1048
964,1049
965,945
965,946
965,947
965,951
965,952
965,953
965,957
965,958
965,959
965,963
965,964
965,965
965,966
965,967
965,968
965,1047
965,1048
965,1049
966,939
966,940
966,941
966,945
966,946
966,947
966,957
966,958
966,959
966,963
966,964
966,965
966,966
966,967
966,968
966,984
966,985
966,986
966,1050
966,1051
966,1052
967,939
967,940
967,941
967,945
967,946
967,947
967,957
967,958
967,959
967,963
967,964
967,965
967,966
967,967
967,968
967,984
967,985
967,986
967,1050
967,1051
967,1052
968,939
968,940
968,941
968,945
968,946
968,947
968,957
968,958
968,959
968,963
968,964
968,965
968,966
968,967
968,968
968,984
968,985
968,986
968,1050
968,1051
968,1052
969,738
969,739
969,740
969,741
969,742
969,743
969,957
969,958
969,959
969,969
969,970
969,971
969,975
969,976
969,977
969,990
969,991
969,992
969,1047
969,1048
969,1049
970,738
970,739
970,740
970,741
970,742
970,743
970,957
970,958
970,959
970,969
970,970
970,971
970,975
970,976
970,977
970,990
970,991
970,992
970,1047
970,1048
970,1049
971,738
971,739
971,740
971,741
971,742
971,743
971,957
971,958
971,959
971,969
971,970
971,971
971,975
971,976
971,977
971,990
971,991
971,992
971,1047
971,1048
971,1049
972,792
972,793
972,794
972,795
972,796
972,797
972,960
972,961
972,962
972,972
972,973
972,974
972,978
972,979
972,980
972,987
972,988
972,989
972,1026
972,1027
972,1028
973,792
973,793
973,794
973,795
973,796
973,797
973,960
973,961
973,962
973,972
973,973
973,974
973,978
973,979
973,980
973,987
973,988
973,989
973,1026
973,1027
973,1028
974,792
974,793
974,794
974,795
974,796
974,797
974,960
974,961
974,962
974,972
974,973
974,974
974,978
974,979
974,980
974,987
974,988
974,989
974,1026
974,1027
974,1028
975,690
975,691
975,692
975,738
975,739
975,740
975,870
975,871
975,872
975,876
975,877
975,878
975,969
975,970
975,971
975,975
975,976
975,977
975,990
975,991
975,992
976,690
976,691
976,692
976,738
976,739
976,740
976,870
976,871
976,872
976,876
976,877
976,878
976,969
976,970
976,971
976,975
976,976
976,977
976,990
976,991
976,992
977,690
977,691
977,692
977,738
977,739
977,740
977,870
977,871
977,872
977,876
977,877
977,878
977,969
977,970
977,971
977,975
977,976
977,977
977,990
977,991
977,992
978,795
978,796
978,797
978,798
978,799
978,800
978,972
978,973
978,974
978,978
978,979
978,980
978,981
978,982
978,983
978,1026
978,1027
978,1028
978,1044
978,1045
978,1046
979,795
979,796
979,797
979,798
979,799
979,800
979,972
979,973
979,974
979,978
979,979
979,980
979,981
979,982
979,983
979,1026
979,1027
979,1028
979,1044
979,1045
979,1046
980,795
980,796
980,797
980,798
980,799
980,800
980,972
980,973
980,974
980,978
980,979
980,980
980,981
980,982
980,983
980,1026
980,1027
980,1028
980,1044
980,1045
980,1046
981,798
981,799
981,800
981,801
981,802
981,803
981,804
981,805
981,806
981,807
981,808
981,809
981,978
981,979
981,980
981,981
981,982
981,983
981,1044
981,1045
981,1046
982,798
982,799
982,800
982,801
982,802
982,803
982,804
982,805
982,806
982,807
982,808
982,809
982,978
982,979
982,980
982,981
982,982
982,983
982,1044
982,1045
982,1046
983,798
983,799
983,800
983,801
983,802
983,803
983,804
983,805
983,806
983,807
983,808
983,809
983,978
983,979
983,980
983,981
983,982
983,983
983,1044
983,1045
983,1046
984,915
984,916
984,917
984,921
984,922
984,923
984,933
984,934
984,935
984,939
984,940
984,941
984,966
984,967
984,968
984,984
984,985
984,986
984,1011
984,1012
984,1013
984,1050
984,1051
984,1052
985,915
985,916
985,917
985,921
985,922
985,923
985,933
985,934
985,935
985,939
985,940
985,941
985,966
985,967
985,968
985,984
985,985
985,986
985,1011
985,1012
985,1013
985,1050
985,1051
985,1052
986,915
986,916
986,917
986,921
986,922
986,923
986,933
986,934
986,935
986,939
986,940
986,941
986,966
986,967
986,968
986,984
986,985
986,986
986,1011
986,1012
986,1013
986,1050
986,1051
986,1052
987,948
987,949
987,950
987,960
987,961
987,962
987,972
987,973
987,974
987,987
987,988
987,989
987,993
987,994
987,995
987,1026
987,1027
987,1028
987,1029
987,1030
987,1031
988,948
988,949
988,950
988,960
988,961
988,962
988,972
988,973
988,974
988,987
988,988
988,989
988,993
988,994
988,995
988,1026
988,1027
988,1028
988,1029
988,1030
988,1031
989,948
989,949
989,950
989,960
989,961
989,962
989,972
989,973
989,974
989,987
989,988
989,989
989,993
989,994
989,995
989,1026
989,1027
989,1028
989,1029
989,1030
989,1031
990,876
990,877
990,878
990,882
990,883
990,884
990,957
990,958
990,959
990,969
990,970
990,971
990,975
990,976
990,977
990,990
990,991
990,992
990,996
990,997
990,998
990,1050
990,1051
990,1052
991,876
991,877
991,878
991,882
991,883
991,884
991,957
991,958
991,959
991,969
991,970
991,971
991,975
991,976
991,977
991,990
991,991
991,992
991,996
991,997
991,998
991,1050
991,1051
991,1052
992,876
992,877
992,878
992,882
992,883
992,884
992,957
992,958
992,959
992,969
992,970
992,971
992,975
992,976
992,977
992,990
992,991
992,992
992,996
992,997
992,998
992,1050
992,1051
992,1052
993,942
993,943
993,944
993,948
993,949
993,950
993,987
993,988
993,989
993,993
993,994
993,995
993,999
993,1000
993,1001
993,1014
993,1015
993,1016
993,1029
993,1030
993,1031
993,1032
993,1033
993,1034
994,942
994,943
994,944
994,948
994,949
994,950
994,987
994,988
994,989
994,993
994,994
994,995
994,999
994,1000
994,1001
994,1014
994,1015
994,1016
994,1029
994,1030
994,1031
994,1032
994,1033
994,1034
995,942
995,943
995,944
995,948
995,949
995,950
995,987
995,988
995,989
995,993
995,994
995,995
995,999
995,1000
995,1001
995,1014
995,1015
995,1016
995,1029
995,1030
995,1031
995,1032
995,1033
995,1034
996,882
996,883
996,884
996,885
996,886
996,887
996,990
996,991
996,992
996,996
996,997
996,998
996,1002
996,1003
996,1004
996,1011
996,1012
996,1013
996,1050
996,1051
996,1052
997,882
997,883
997,884
997,885
997,886
997,887
997,990
997,991
997,992
997,996
997,997
997,998
997,1002
997,1003
997,1004
997,1011
997,1012
997,1013
997,1050
997,1051
997,1052
998,882
998,883
998,884
998,885
998,886
998,887
998,990
998,991
998,992
998,996
998,997
998,998
998,1002
998,1003
998,1004
998,1011
998,1012
998,1013
998,1050
998,1051
998,1052
999,897
999,898
999,899
999,936
999,937
999,938
999,942
999,943
999,944
999,993
999,994
999,995
999,999
999,1000
999,1001
999,1005
999,1006
999,1007
999,1014
999,1015
999,1016
1000,897
1000,898
1000,899
1000,936
1000,937
1000,938
1000,942
1000,943
1000,944
1000,993
1000,994
1000,995
1000,999
1000,1000
1000,1001
1000,1005
1000,1006
1000,1007
1000,1014
1000,1015
1000,1016
1001,897
1001,898
1001,899
1001,936
1001,937
1001,938
1001,942
1001,943
1001,944
1001,993
1001,994
1001,995
1001,999
1001,1000
1001,1001
1001,1005
1001,1006
1001,1007
1001,1014
1001,1015
1001,1016
1002,885
1002,886
1002,887
1002,891
1002,892
1002,893
1002,909
1002,910
1002,911
1002,996
1002,997
1002,998
1002,1002
1002,1003
1002,1004
1002,1011
1002,1012
1002,1013
1003,885
1003,886
1003,887
1003,891
1003,892
1003,893
1003,909
1003,910
1003,911
1003,996
1003,997
1003,998
1003,1002
1003,1003
1003,1004
1003,1011
1003,1012
1003,1013
1004,885
1004,886
1004,887
1004,891
1004,892
1004,893
1004,909
1004,910
1004,911
1004,996
1004,997
1004,998
1004,1002
1004,1003
1004,1004
1004,1011
1004,1012
1004,1013
1005,897
1005,898
1005,899
1005,903
1005,904
1005,905
1005,999
1005,1000
1005,1001
1005,1005
1005,1006
1005,1007
1005,1008
1005,1009
1005,1010
1005,1014
1005,1015
1005,1016
1006,897
1006,898
1006,899
1006,903
1006,904
1006,905
1006,999
1006,1000
1006,1001
1006,1005
1006,1006
1006,1007
1006,1008
1006,1009
1006,1010
1006,1014
1006,1015
1006,1016
1007,897
1007,898
1007,899
1007,903
1007,904
1007,905
1007,999
1007,1000
1007,1001
1007,1005
1007,1006
1007,1007
1007,1008
1007,1009
1007,1010
1007,1014
1007,1015
1007,1016
1008,903
1008,904
1008,905
1008,906
1008,907
1008,908
1008,1005
1008,1006
1008,1007
1008,1008
1008,1009
1008,1010
1008,1014
1008,1015
1008,1016
1008,1017
1008,1018
1008,1019
1008,1035
1008,1036
1008,1037
1009,903
1009,904
1009,905
1009,906
1009,907
1009,908
1009,1005
1009,1006
1009,1007
1009,1008
1009,1009
1009,1010
1009,1014
1009,1015
1009,1016
1009,1017
1009,1018
1009,1019
1009,1035
1009,1036
1009,1037
1010,903
1010,904
1010,905
1010,906
1010,907
1010,908
1010,1005
1010,1006
1010,1007
1010,1008
1010,1009
1010,1010
1010,1014
1010,1015
1010,1016
1010,1017
1010,1018
1010,1019
1010,1035
1010,1036
1010,1037
1011,909
1011,910
1011,911
1011,915
1011,916
1011,917
1011,984
1011,985
1011,986
1011,996
1011,997
1011,998
1011,1002
1011,1003
1011,1004
1011,1011
1011,1012
1011,1013
1011,1050
1011,1051
1011,1052
1012,909
1012,910
1012,911
1012,915
1012,916
1012,917
1012,984
1012,985
1012,986
1012,996
1012,997
1012,998
1012,1002
1012,1003
1012,1004
1012,1011
1012,1012
1012,1013
1012,1050
1012,1051
1012,1052
1013,909
1013,910
1013,911
1013,915
1013,916
1013,917
1013,984
1013,985
1013,986
1013,996
1013,997
1013,998
1013,1002
1013,1003
1013,1004
1013,1011
1013,1012
1013,1013
1013,1050
1013,1051
1013,1052
1014,993
1014,994
1014,995
1014,999
1014,1000
1014,1001
1014,1005
1014,1006
1014,1007
1014,1008
1014,1009
1014,1010
1014,1014
1014,1015
1014,1016
1014,1032
1014,1033
1014,1034
1014,1035
1014,1036
1014,1037
1015,993
1015,994
1015,995
1015,999
1015,1000
1015,1001
1015,1005
1015,1006
1015,1007
1015,1008
1015,1009
1015,1010
1015,1014
1015,1015
1015,1016
1015,1032
1015,1033
1015,1034
1015,1035
1015,1036
1015,1037
1016,993
1016,994
1016,995
1016,999
1016,1000
1016,1001
1016,1005
1016,1006
1016,1007
1016,1008
1016,1009
1016,1010
1016,1014
1016,1015
1016,1016
1016,1032
1016,1033
1016,1034
1016,1035
1016,1036
1016,1037
1017,735
1017,736
1017,737
1017,906
1017,907
1017,908
1017,912
1017,913
1017,914
1017,1008
1017,1009
1017,1010
1017,1017
1017,1018
1017,1019
1017,1020
1017,1021
1017,1022
1017,1035
1017,1036
1017,1037
1018,735
1018,736
1018,737
1018,906
1018,907
1018,908
1018,912
1018,913
1018,914
1018,1008
1018,1009
1018,1010
1018,1017
1018,1018
1018,1019
1018,1020
1018,1021
1018,1022
1018,1035
1018,1036
1018,1037
1019,735
1019,736
1019,737
1019,906
1019,907
1019,908
1019,912
1019,913
1019,914
1019,1008
1019,1009
1019,1010
1019,1017
1019,1018
1019,1019
1019,1020
1019,1021
1019,1022
1019,1035
1019,1036
1019,1037
1020,735
1020,736
1020,737
1020,813
1020,814
1020,815
1020,1017
1020,1018
1020,1019
1020,1020
1020,1021
1020,1022
1020,1023
1020,1024
1020,1025
1020,1035
1020,1036
1020,1037
1020,1038
1020,1039
1020,1040
1021,735
1021,736
1021,737
1021,813
1021,814
1021,815
1021,1017
1021,1018
1021,1019
1021,1020
1021,1021
1021,1022
1021,1023
1021,1024
1021,1025
1021,1035
1021,1036
1021,1037
1021,1038
1021,1039
1021,1040
1022,735
1022,736
1022,737
1022,813
1022,814
1022,815
1022,1017
1022,1018
1022,1019
1022,1020
1022,1021
1022,1022
1022,1023
1022,1024
1022,1025
1022,1035
1022,1036
1022,1037
1022,1038
1022,1039
1022,1040
1023,810
1023,811
1023,812
1023,813
1023,814
1023,815
1023,1020
1023,1021
1023,1022
1023,1023
1023,1024
1023,1025
1023,1038
1023,1039
1023,1040
1023,1041
1023,1042
1023,1043
1023,1044
1023,1045
1023,1046
1024,810
1024,811
1024,812
1024,813
1024,814
1024,815
1024,1020
1024,1021
1024,1022
1024,1023
1024,1024
1024,1025
1024,1038
1024,1039
1024,1040
1024,1041
1024,1042
1024,1043
1024,1044
1024,1045
1024,1046
1025,810
1025,811
1025,812
1025,813
1025,814
1025,815
1025,1020
1025,1021
1025,1022
1025,1023
1025,1024
1025,1025
1025,1038
1025,1039
1025,1040
1025,1041
1025,1042
1025,1043
1025,1044
1025,1045
1025,1046
1026,972
1026,973
1026,974
1026,978
1026,979
1026,980
1026,987
1026,988
1026,989
1026,1026
1026,1027
1026,1028
1026,1029
1026,1030
1026,1031
1026,1041
1026,1042
1026,1043
1026,1044
1026,1045
1026,1046
1027,972
1027,973
1027,974
1027,978
1027,979
1027,980
1027,987
1027,988
1027,989
1027,1026
1027,1027
1027,1028
1027,1029
1027,1030
1027,1031
1027,1041
1027,1042
1027,1043
1027,1044
1027,1045
1027,1046
1028,972
1028,973
1028,974
1028,978
1028,979
1028,980
1028,987
1028,988
1028,989
1028,1026
1028,1027
1028,1028
1028,1029
1028,1030
1028,1031
1028,1041
1028,1042
1028,1043
1028,1044
1028,1045
1028,1046
1029,987
1029,988
1029,989
1029,993
1029,994
1029,995
1029,1026
1029,1027
1029,1028
1029,1029
1029,1030
1029,1031
1029,1032
1029,1033
1029,1034
1029,1038
1029,1039
1029,1040
1029,1041
1029,1042
1029,1043
1030,987
1030,988
1030,989
1030,993
1030,994
1030,995
1030,1026
1030,1027
1030,1028
1030,1029
1030,1030
1030,1031
1030,1032
1030,1033
1030,1034
1030,1038
1030,1039
1030,1040
1030,1041
1030,1042
1030,1043
1031,987
1031,988
1031,989
1031,993
1031,994
1031,995
1031,1026
1031,1027
1031,1028
1031,1029
1031,1030
1031,1031
1031,1032
1031,1033
1031,1034
1031,1038
1031,1039
1031,1040
1031,1041
1031,1042
1031,1043
1032,993
1032,994
1032,995
1032,1014
1032,1015
1032,1016
1032,1029
1032,1030
1032,1031
1032,1032
1032,1033
1032,1034
1032,1035
1032,1036
1032,1037
1032,1038
1032,1039
1032,1040
1033,993
1033,994
1033,995
1033,1014
1033,1015
1033,1016
1033,1029
1033,1030
1033,1031
1033,1032
1033,1033
1033,1034
1033,1035
1033,1036
1033,1037
1033,1038
1033,1039
1033,1040
1034,993
1034,994
1034,995
1034,1014
1034,1015
1034,1016
1034,1029
1034,1030
1034,1031
1034,1032
1034,1033
1034,1034
1034,1035
1034,1036
1034,1037
1034,1038
1034,1039
1034,1040
1035,1008
1035,1009
1035,1010
1035,1014
1035,1015
1035,1016
1035,1017
1035,1018
1035,1019
1035,1020
1035,1021
1035,1022
1035,1032
1035,1033
1035,1034
1035,1035
1035,1036
1035,1037
1035,1038
1035,1039
1035,1040
1036,1008
1036,1009
1036,1010
1036,1014
1036,1015
1036,1016
1036,1017
1036,1018
1036,1019
1036,1020
1036,1021
1036,1022
1036,1032
1036,1033
1036,1034
1036,1035
1036,1036
1036,1037
1036,1038
1036,1039
1036,1040
1037,1008
1037,1009
1037,1010
1037,1014
1037,1015
1037,1016
1037,1017
1037,1018
1037,1019
1037,1020
1037,1021
1037,1022
1037,1032
1037,1033
1037,1034
1037,1035
1037,1036
1037,1037
1037,1038
1037,1039
1037,1040
1038,1020
1038,1021
1038,1022
1038,1023
1038,1024
1038,1025
1038,1029
1038,1030
1038,1031
1038,1032
1038,1033
1038,1034
1038,1035
1038,1036
1038,1037
1038,1038
1038,1039
1038,1040
1038,1041
1038,1042
1038,1043
1039,1020
1039,1021
1039,1022
1039,1023
1039,1024
1039,1025
1039,1029
1039,1030
1039,1031
1039,1032
1039,1033
1039,1034
1039,1035
1039,1036
1039,1037
1039,1038
1039,1039
1039,1040
1039,1041
1039,1042
1039,1043
1040,1020
1040,1021
1040,1022
1040,1023
1040,1024
1040,1025
1040,1029
1040,1030
1040,1031
1040,1032
1040,1033
1040,1034
1040,1035
1040,1036
1040,1037
1040,1038
1040,1039
1040,1040
1040,1041
1040,1042
1040,1043
1041,1023
1041,1024
1041,1025
1041,1026
1041,1027
1041,1028
1041,1029
1041,1030
1041,1031
1041,1038
1041,1039
1041,1040
1041,1041
1041,1042
1041,1043
1041,1044
1041,1045
1041,1046
1042,1023
1042,1024
1042,1025
1042,1026
1042,1027
1042,1028
1042,1029
1042,1030
1042,1031
1042,1038
1042,1039
1042,1040
1042,1041
1042,1042
1042,1043
1042,1044
1042,1045
1042,1046
1043,1023
1043,1024
1043,1025
1043,1026
1043,1027
1043,1028
1043,1029
1043,1030
1043,1031
1043,1038
1043,1039
1043,1040
1043,1041
1043,1042
1043,1043
1043,1044
1043,1045
1043,1046
1044,807
1044,808
1044,809
1044,810
1044,811
1044,812
1044,978
1044,979
1044,980
1044,981
1044,982
1044,983
1044,1023
1044,1024
1044,1025
1044,1026
1044,1027
1044,1028
1044,1041
1044,1042
1044,1043
1044,1044
1044,1045
1044,1046
1045,807
1045,808
1045,809
1045,810
1045,811
1045,812
1045,978
1045,979
1045,980
1045,981
1045,982
1045,983
1045,1023
1045,1024
1045,1025
1045,1026
1045,1027
1045,1028
1045,1041
1045,1042
1045,1043
1045,1044
1045,1045
1045,1046
1046,807
1046,808
1046,809
1046,810
1046,811
1046,812
1046,978
1046,979
1046,980
1046,981
1046,982
1046,983
1046,1023
1046,1024
1046,1025
1046,1026
1046,1027
1046,1028
1046,1041
1046,1042
1046,1043
1046,1044
1046,1045
1046,1046
1047,741
1047,742
1047,743
1047,744
1047,745
1047,746
1047,951
1047,952
1047,953
1047,957
1047,958
1047,959
1047,963
1047,964
1047,965
1047,969
1047,970
1047,971
1047,1047
1047,1048
1047,1049
1048,741
1048,742
1048,743
1048,744
1048,745
1048,746
1048,951
1048,952
1048,953
1048,957
1048,958
1048,959
1048,963
1048,964
1048,965
1048,969
1048,970
1048,971
1048,1047
1048,1048
1048,1049
1049,741
1049,742
1049,743
1049,744
1049,745
1049,746
1049,951
1049,952
1049,953
1049,957
1049,958
1049,959
1049,963
1049,964
1049,965
1049,969
1049,970
1049,971
1049,1047
1049,1048
1049,1049
1050,957
1050,958
1050,959
1050,966
1050,967
1050,968
1050,984
1050,985
1050,986
1050,990
1050,991
1050,992
1050,996
1050,997
1050,998
1050,1011
1050,1012
1050,1013
1050,1050
1050,1051
1050,1052
1051,957
1051,958
1051,959
1051,966
1051,967
1051,968
1051,984
1051,985
1051,986
1051,990
1051,991
1051,992
1051,996
1051,997
1051,998
1051,1011
1051,1012
1051,1013
1051,1050
1051,1051
1051,1052
1052,957
1052,958
1052,959
1052,966
1052,967
1052,968
1052,984
1052,985
1052,986
1052,990
1052,991
1052,992
1052,996
1052,997
1052,998
1052,1011
1052,1012
1052,1013
1052,1050
1052,1051
1052,1052
1053,1053
1053,1054
1053,1055
1053,1056
1053,1057
1053,1058
1053,1458
1053,1459
1053,1460
1053,3006
1053,3007
1053,3008
1054,1053
1054,1054
1054,1055
1054,1056
1054,1057
1054,1058
1054,1458
1054,1459
1054,1460
1054,3006
1054,3007
1054,3008
1055,1053
1055,1054
1055,1055
1055,1056
1055,1057
1055,1058
1055,1458
1055,1459
1055,1460
1055,3006
1055,3007
1055,3008
1056,1053
1056,1054
1056,1055
1056,1056
1056,1057
1056,1058
1056,1059
1056,1060
1056,1061
1056,3006
1056,3007
1056,3008
1057,1053
1057,1054
1057,1055
1057,1056
1057,1057
1057,1058
1057,1059
1057,1060
1057,1061
1057,3006
1057,3007
1057,3008
1058,1053
1058,1054
1058,1055
1058,1056
1058,1057
1058,1058
1058,1059
1058,1060
1058,1061
1058,3006
1058,3007
1058,3008
1059,1056
1059,1057
1059,1058
1059,1059
1059,1060
1059,1061
1059,1062
1059,1063
1059,1064
1059,2994
1059,2995
1059,2996
1059,3000
1059,3001
1059,3002
1059,3006
1059,3007
1059,3008
1060,1056
1060,1057
1060,1058
1060,1059
1060,1060
1060,1061
1060,1062
1060,1063
1060,1064
1060,2994
1060,2995
1060,2996
1060,3000
1060,3001
1060,3002
1060,3006
1060,3007
1060,3008
1061,1056
1061,1057
1061,1058
1061,1059
1061,1060
1061,1061
1061,1062
1061,1063
1061,1064
1061,2994
1061,2995
1061,2996
1061,3000
1061,3001
1061,3002
1061,3006
1061,3007
1061,3008
1062,1059
1062,1060
1062,1061
1062,1062
1062,1063
1062,1064
1062,1065
1062,1066
1062,1067
1062,3000
1062,3001
1062,3002
1063,1059
1063,1060
1063,1061
1063,1062
1063,1063
1063,1064
1063,1065
1063,1066
1063,1067
1063,3000
1063,3001
1063,3002
1064,1059
1064,1060
1064,1061
1064,1062
1064,1063
1064,1064
1064,1065
1064,1066
1064,1067
1064,3000
1064,3001
1064,3002
1065,1062
1065,1063
1065,1064
1065,1065
1065,1066
1065,1067
1065,1068
1065,1069
1065,1070
1065,2934
1065,2935
1065,2936
1065,3000
1065,3001
1065,3002
1066,1062
1066,1063
1066,1064
1066,1065
1066,1066
1066,1067
1066,1068
1066,1069
1066,1070
1066,2934
1066,2935
1066,2936
1066,3000
1066,3001
1066,3002
1067,1062
1067,1063
1067,1064
1067,1065
1067,1066
1067,1067
1067,1068
1067,1069
1067,1070
1067,2934
1067,2935
1067,2936
1067,3000
1067,3001
1067,3002
1068,1065
1068,1066
1068,1067
1068,1068
1068,1069
1068,1070
1068,1071
1068,1072
1068,1073
1068,2934
1068,2935
1068,2936
1068,2949
1068,2950
1068,2951
1068,2952
1068,2953
1068,2954
1069,1065
1069,1066
1069,1067
1069,1068
1069,1069
1069,1070
1069,1071
1069,1072
1069,1073
1069,2934
1069,2935
1069,2936
1069,2949
1069,2950
1069,2951
1069,2952
1069,2953
1069,2954
1070,1065
1070,1066
1070,1067
1070,1068
1070,1069
1070,1070
1070,1071
1070,1072
1070,1073
1070,2934
1070,2935
1070,2936
1070,2949
1070,2950
1070,2951
1070,2952
1070,2953
1070,2954
1071,1068
1071,1069
1071,1070
1071,1071
1071,1072
1071,1073
1071,1074
1071,1075
1071,1076
1071,2949
1071,2950
1071,2951
1072,1068
1072,1069
1072,1070
1072,1071
1072,1072
1072,1073
1072,1074
1072,1075
1072,1076
1072,2949
1072,2950
1072,2951
1073,1068
1073,1069
1073,1070
1073,1071
1073,1072
1073,1073
1073,1074
1073,1075
1073,1076
1073,2949
1073,2950
1073,2951
1074,1071
1074,1072
1074,1073
1074,1074
1074,1075
1074,1076
1074,1077
1074,1078
1074,1079
1074,2709
1074,2710
1074,2711
1074,2802
1074,2803
1074,2804
1074,2949
1074,2950
1074,2951
1075,1071
1075,1072
1075,1073
1075,1074
1075,1075
1075,1076
1075,1077
1075,1078
1075,1079
1075,2709
1075,2710
1075,2711
1075,2802
1075,2803
1075,2804
1075,2949
1075,2950
1075,2951
1076,1071
1076,1072
1076,1073
1076,1074
1076,1075
1076,1076
1076,1077
1076,1078
1076,1079
1076,2709
1076,2710
1076,2711
1076,2802
1076,2803
1076,2804
1076,2949
1076,2950
1076,2951
1077,1074
1077,1075
1077,1076
1077,1077
1077,1078
1077,1079
1077,1080
1077,1081
1077,1082
1077,2802
1077,2803
1077,2804
1078,1074
1078,1075
1078,1076
1078,1077
1078,1078
1078,1079
1078,1080
1078,1081
1078,1082
1078,2802
1078,2803
1078,2804
1079,1074
1079,1075
1079,1076
1079,1077
1079,1078
1079,1079
1079,1080
1079,1081
1079,1082
1079,2802
1079,2803
1079,2804
1080,1077
1080,1078
1080,1079
1080,1080
1080,1081
1080,1082
1080,1083
1080,1084
1080,1085
1080,2784
1080,2785
1080,2786
1080,2790
1080,2791
1080,2792
1080,2802
1080,2803
1080,2804
1081,1077
1081,1078
1081,1079
1081,1080
1081,1081
1081,1082
1081,1083
1081,1084
1081,1085
1081,2784
1081,2785
1081,2786
1081,2790
1081,2791
1081,2792
1081,2802
1081,2803
1081,2804
1082,1077
1082,1078
1082,1079
1082,1080
1082,1081
1082,1082
1082,1083
1082,1084
1082,1085
1082,2784
1082,2785
1082,2786
1082,2790
1082,2791
1082,2792
1082,2802
1082,2803
1082,2804
1083,1080
1083,1081
1083,1082
1083,1083
1083,1084
1083,1085
1083,1086
1083,1087
1083,1088
1083,2790
1083,2791
1083,2792
1084,1080
1084,1081
1084,1082
1084,1083
1084,1084
1084,1085
1084,1086
1084,1087
1084,1088
1084,2790
1084,2791
1084,2792
1085,1080
1085,1081
1085,1082
1085,1083
1085,1084
1085,1085
1085,1086
1085,1087
1085,1088
1085,2790
1085,2791
1085,2792
1086,1083
1086,1084
1086,1085
1086,1086
1086,1087
1086,1088
1086,1089
1086,1090
1086,1091
1086,2742
1086,2743
1086,2744
1086,2790
1086,2791
1086,2792
1087,1083
1087,1084
1087,1085
1087,1086
1087,1087
1087,1088
1087,1089
1087,1090
1087,1091
1087,2742
1087,2743
1087,2744
1087,2790
1087,2791
1087,2792
1088,1083
1088,1084
1088,1085
1088,1086
1088,1087
1088,1088
1088,1089
1088,1090
1088,1091
1088,2742
1088,2743
1088,2744
1088,2790
1088,2791
1088,2792
1089,1086
1089,1087
1089,1088
1089,1089
1089,1090
1089,1091
1089,1092
1089,1093
1089,1094
1089,2742
1089,2743
1089,2744
1089,2754
1089,2755
1089,2756
1089,2757
1089,2758
1089,2759
1090,1086
1090,1087
1090,1088
1090,1089
1090,1090
1090,1091
1090,1092
1090,1093
1090,1094
1090,2742
1090,2743
1090,2744
1090,2754
1090,2755
1090,2756
1090,2757
1090,2758
1090,2759
1091,1086
1091,1087
1091,1088
1091,1089
1091,1090
1091,1091
1091,1092
1091,1093
1091,1094
1091,2742
1091,2743
1091,2744
1091,2754
1091,2755
1091,2756
1091,2757
1091,2758
1091,2759
1092,1089
1092,1090
1092,1091
1092,1092
1092,1093
1092,1094
1092,1095
1092,1096
1092,1097
1092,2754
1092,2755
1092,2756
1093,1089
1093,1090
1093,1091
1093,1092
1093,1093
1093,1094
1093,1095
1093,1096
1093,1097
1093,2754
1093,2755
1093,2756
1094,1089
1094,1090
1094,1091
1094,1092
1094,1093
1094,1094
1094,1095
1094,1096
1094,1097
1094,2754
1094,2755
1094,2756
1095,1092
1095,1093
1095,1094
1095,1095
1095,1096
1095,1097
1095,1098
1095,1099
1095,1100
1095,2754
1095,2755
1095,2756
1096,1092
1096,1093
1096,1094
1096,1095
1096,1096
1096,1097
1096,1098
1096,1099
1096,1100
1096,2754
1096,2755
1096,2756
1097,1092
1097,1093
1097,1094
1097,1095
1097,1096
1097,1097
1097,1098
1097,1099
1097,1100
1097,2754
1097,2755
1097,2756
1098,1095
1098,1096
1098,1097
1098,1098
1098,1099
1098,1100
1098,1101
1098,1102
1098,1103
1098,2751
1098,2752
1098,2753
1098,2754
1098,2755
1098,2756
1099,1095
1099,1096
1099,1097
1099,1098
1099,1099
1099,1100
1099,1101
1099,1102
1099,1103
1099,2751
1099,2752
1099,2753
1099,2754
1099,2755
1099,2756
1100,1095
1100,1096
1100,1097
1100,1098
1100,1099
1100,1100
1100,1101
1100,1102
1100,1103
1100,2751
1100,2752
1100,2753
1100,2754
1100,2755
1100,2756
1101,1098
1101,1099
1101,1100
1101,1101
1101,1102
1101,1103
1101,1104
1101,1105
1101,1106
1101,2745
1101,2746
1101,2747
1101,2751
1101,2752
1101,2753
1102,1098
1102,1099
1102,1100
1102,1101
1102,1102
1102,1103
1102,1104
1102,1105
1102,1106
1102,2745
1102,2746
1102,2747
1102,2751
1102,2752
1102,2753
1103,1098
1103,1099
1103,1100
1103,1101
1103,1102
1103,1103
1103,1104
1103,1105
1103,1106
1103,2745
1103,2746
1103,2747
1103,2751
1103,2752
1103,2753
1104,1101
1104,1102
1104,1103
1104,1104
1104,1105
1104,1106
1104,1107
1104,1108
1104,1109
1104,2745
1104,2746
1104,2747
1104,2763
1104,2764
1104,2765
1105,1101
1105,1102
1105,1103
1105,1104
1105,1105
1105,1106
1105,1107
1105,1108
1105,1109
1105,2745
1105,2746
1105,2747
1105,2763
1105,2764
1105,2765
1106,1101
1106,1102
1106,1103
1106,1104
1106,1105
1106,1106
1106,1107
1106,1108
1106,1109
1106,2745
1106,2746
1106,2747
1106,2763
1106,2764
1106,2765
1107,1104
1107,1105
1107,1106
1107,1107
1107,1108
1107,1109
1107,1110
1107,1111
1107,1112
1107,2712
1107,2713
1107,2714
1107,2763
1107,2764
1107,2765
1108,1104
1108,1105
1108,1106
1108,1107
1108,1108
1108,1109
1108,1110
1108,1111
1108,1112
1108,2712
1108,2713
1108,2714
1108,2763
1108,2764
1108,2765
1109,1104
1109,1105
1109,1106
1109,1107
1109,1108
1109,1109
1109,1110
1109,1111
1109,1112
1109,2712
1109,2713
1109,2714
1109,2763
1109,2764
1109,2765
1110,1107
1110,1108
1110,1109
1110,1110
1110,1111
1110,1112
1110,1113
1110,1114
1110,1115
1110,2712
1110,2713
1110,2714
1110,2856
1110,2857
1110,2858
1111,1107
1111,1108
1111,1109
1111,1110
1111,1111
1111,1112
1111,1113
1111,1114
1111,1115
1111,2712
1111,2713
1111,2714
1111,2856
1111,2857
1111,2858
1112,1107
1112,1108
1112,1109
1112,1110
1112,1111
1112,1112
1112,1113
1112,1114
1112,1115
1112,2712
1112,2713
1112,2714
1112,2856
1112,2857
1112,2858
1113,1110
1113,1111
1113,1112
1113,1113
1113,1114
1113,1115
1113,1116
1113,1117
1113,1118
1113,2856
1113,2857
1113,2858
1113,2859
1113,2860
1113,2861
1114,1110
1114,1111
1114,1112
1114,1113
1114,1114
1114,1115
1114,1116
1114,1117
1114,1118
1114,2856
1114,2857
1114,2858
1114,2859
1114,2860
1114,2861
1115,1110
1115,1111
1115,1112
1115,1113
1115,1114
1115,1115
1115,1116
1115,1117
1115,1118
1115,2856
1115,2857
1115,2858
1115,2859
1115,2860
1115,2861
1116,1113
1116,1114
1116,1115
1116,1116
1116,1117
1116,1118
1116,1119
1116,1120
1116,1121
1116,2841
1116,2842
1116,2843
1116,2859
1116,2860
1116,2861
1117,1113
1117,1114
1117,1115
1117,1116
1117,1117
1117,1118
1117,1119
1117,1120
1117,1121
1117,2841
1117,2842
1117,2843
1117,2859
1117,2860
1117,2861
1118,1113
1118,1114
1118,1115
1118,1116
1118,1117
1118,1118
1118,1119
1118,1120
1118,1121
1118,2841
1118,2842
1118,2843
1118,2859
1118,2860
1118,2861
1119,1116
1119,1117
1119,1118
1119,1119
1119,1120
1119,1121
1119,1122
1119,1123
1119,1124
1119,2841
1119,2842
1119,2843
1119,2847
1119,2848
1119,2849
1120,1116
1120,1117
1120,1118
1120,1119
1120,1120
1120,1121
1120,1122
1120,1123
1120,1124
1120,2841
1120,2842
1120,2843
1120,2847
1120,2848
1120,2849
1121,1116
1121,1117
1121,1118
1121,1119
1121,1120
1121,1121
1121,1122
1121,1123
1121,1124
1121,2841
1121,2842
1121,2843
1121,2847
1121,2848
1121,2849
1122,1119
1122,1120
1122,1121
1122,1122
1122,1123
1122,1124
1122,1125
1122,1126
1122,1127
1122,2637
1122,2638
1122,2639
1122,2847
1122,2848
1122,2849
1123,1119
1123,1120
1123,1121
1123,1122
1123,1123
1123,1124
1123,1125
1123,1126
1123,1127
1123,2637
1123,2638
1123,2639
1123,2847
1123,2848
1123,2849
1124,1119
1124,1120
1124,1121
1124,1122
1124,1123
1124,1124
1124,1125
1124,1126
1124,1127
1124,2637
1124,2638
1124,2639
1124,2847
1124,2848
1124,2849
1125,1122
1125,1123
1125,1124
1125,1125
1125,1126
1125,1127
1125,1128
1125,1129
1125,1130
1125,2637
1125,2638
1125,2639
1125,3321
1125,3322
1125,3323
1126,1122
1126,1123
1126,1124
1126,1125
1126,1126
1126,1127
1126,1128
1126,1129
1126,1130
1126,2637
1126,2638
1126,2639
1126,3321
1126,3322
1126,3323
1127,1122
1127,1123
1127,1124
1127,1125
1127,1126
1127,1127
1127,1128
1127,1129
1127,1130
1127,2637
1127,2638
1127,2639
1127,3321
1127,3322
1127,3323
1128,1125
1128,1126
1128,1127
1128,1128
1128,1129
1128,1130
1128,1131
1128,1132
1128,1133
1128,3309
1128,3310
1128,3311
1128,3321
1128,3322
1128,3323
1129,1125
1129,1126
1129,1127
1129,1128
1129,1129
1129,1130
1129,1131
1129,1132
1129,1133
1129,3309
1129,3310
1129,3311
1129,3321
1129,3322
1129,3323
1130,1125
1130,1126
1130,1127
1130,1128
1130,1129
1130,1130
1130,1131
1130,1132
1130,1133
1130,3309
1130,3310
1130,3311
1130,3321
1130,3322
1130,3323
1131,1128
1131,1129
1131,1130
1131,1131
1131,1132
1131,1133
1131,1134
1131,1135
1131,1136
1131,3309
1131,3310
1131,3311
1131,3336
1131,3337
1131,3338
1132,1128
1132,1129
1132,1130
1132,1131
1132,1132
1132,1133
1132,1134
1132,1135
1132,1136
1132,3309
1132,3310
1132,3311
1132,3336
1132,3337
1132,3338
1133,1128
1133,1129
1133,1130
1133,1131
1133,1132
1133,1133
1133,1134
1133,1135
1133,1136
1133,3309
1133,3310
1133,3311
1133,3336
1133,3337
1133,3338
1134,1131
1134,1132
1134,1133
1134,1134
1134,1135
1134,1136
1134,1137
1134,1138
1134,1139
1134,3333
1134,3334
1134,3335
1134,3336
1134,3337
1134,3338
1135,1131
1135,1132
1135,1133
1135,1134
1135,1135
1135,1136
1135,1137
1135,1138
1135,1139
1135,3333
1135,3334
1135,3335
1135,3336
1135,3337
1135,3338
1136,1131
1136,1132
1136,1133
1136,1134
1136,1135
1136,1136
1136,1137
1136,1138
1136,1139
1136,3333
1136,3334
1136,3335
1136,3336
1136,3337
1136,3338
1137,1134
1137,1135
1137,1136
1137,1137
1137,1138
1137,1139
1137,1140
1137,1141
1137,1142
1137,3198
1137,3199
1137,3200
1137,3333
1137,3334
1137,3335
1138,1134
1138,1135
1138,1136
1138,1137
1138,1138
1138,1139
1138,1140
1138,1141
1138,1142
1138,3198
1138,3199
1138,3200
1138,3333
1138,3334
1138,3335
1139,1134
1139,1135
1139,1136
1139,1137
1139,1138
1139,1139
1139,1140
1139,1141
1139,1142
1139,3198
1139,3199
1139,3200
1139,3333
1139,3334
1139,3335
1140,1137
1140,1138
1140,1139
1140,1140
1140,1141
1140,1142
1140,1143
1140,1144
1140,1145
1140,3198
1140,3199
1140,3200
1140,3249
1140,3250
1140,3251
1141,1137
1141,1138
1141,1139
1141,1140
1141,1141
1141,1142
1141,1143
1141,1144
1141,1145
1141,3198
1141,3199
1141,3200
1141,3249
1141,3250
1141,3251
1142,1137
1142,1138
1142,1139
1142,1140
1142,1141
1142,1142
1142,1143
1142,1144
1142,1145
1142,3198
1142,3199
1142,3200
1142,3249
1142,3250
1142,3251
1143,1140
1143,1141
1143,1142
1143,1143
1143,1144
1143,1145
1143,1146
1143,1147
1143,1148
1143,3237
1143,3238
1143,3239
1143,3249
1143,3250
1143,3251
1144,1140
1144,1141
1144,1142
1144,1143
1144,1144
1144,1145
1144,1146
1144,1147
1144,1148
1144,3237
1144,3238
1144,3239
1144,3249
1144,3250
1144,3251
1145,1140
1145,1141
1145,1142
1145,1143
1145,1144
1145,1145
1145,1146
1145,1147
1145,1148
1145,3237
1145,3238
1145,3239
1145,3249
1145,3250
1145,3251
1146,1143
1146,1144
1146,1145
1146,1146
1146,1147
1146,1148
1146,1149
1146,1150
1146,1151
1146,3237
1146,3238
1146,3239
1146,3264
1146,3265
1146,3266
1147,1143
1147,1144
1147,1145
1147,1146
1147,1147
1147,1148
1147,1149
1147,1150
1147,1151
1147,3237
1147,3238
1147,3239
1147,3264
1147,3265
1147,3266
1148,1143
1148,1144
1148,1145
1148,1146
1148,1147
1148,1148
1148,1149
1148,1150
1148,1151
1148,3237
1148,3238
1148,3239
1148,3264
1148,3265
1148,3266
1149,1146
1149,1147
1149,1148
1149,1149
1149,1150
1149,1151
1149,1152
1149,1153
1149,1154
1149,3261
1149,3262
1149,3263
1149,3264
1149,3265
1149,3266
1150,1146
1150,1147
1150,1148
1150,1149
1150,1150
1150,1151
1150,1152
1150,1153
1150,1154
1150,3261
1150,3262
1150,3263
1150,3264
1150,3265
1150,3266
1151,1146
1151,1147
1151,1148
1151,1149
1151,1150
1151,1151
1151,1152
1151,1153
1151,1154
1151,3261
1151,3262
1151,3263
1151,3264
1151,3265
1151,3266
1152,1149
1152,1150
1152,1151
1152,1152
1152,1153
1152,1154
1152,1155
1152,1156
1152,1157
1152,1497
1152,1498
1152,1499
1152,3261
1152,3262
1152,3263
1153,1149
1153,1150
1153,1151
1153,1152
1153,1153
1153,1154
1153,1155
1153,1156
1153,1157
1153,1497
1153,1498
1153,1499
1153,3261
1153,3262
1153,3263
1154,1149
1154,1150
1154,1151
1154,1152
1154,1153
1154,1154
1154,1155
1154,1156
1154,1157
1154,1497
1154,1498
1154,1499
1154,3261
1154,3262
1154,3263
1155,1152
1155,1153
1155,1154
1155,1155
1155,1156
1155,1157
1155,1158
1155,1159
1155,1160
1155,1497
1155,1498
1155,1499
1155,2562
1155,2563
1155,2564
1156,1152
1156,1153
1156,1154
1156,1155
1156,1156
1156,1157
1156,1158
1156,1159
1156,1160
1156,1497
1156,1498
1156,1499
1156,2562
1156,2563
1156,2564
1157,1152
1157,1153
1157,1154
1157,1155
1157,1156
1157,1157
1157,1158
1157,1159
1157,1160
1157,1497
1157,1498
1157,1499
1157,2562
1157,2563
1157,2564
1158,1155
1158,1156
1158,1157
1158,1158
1158,1159
1158,1160
1158,1161
1158,1162
1158,1163
1158,2556
1158,2557
1158,2558
1158,2562
1158,2563
1158,2564
1159,1155
1159,1156
1159,1157
1159,1158
1159,1159
1159,1160
1159,1161
1159,1162
1159,1163
1159,2556
1159,2557
1159,2558
1159,2562
1159,2563
1159,2564
1160,1155
1160,1156
1160,1157
1160,1158
1160,1159
1160,1160
1160,1161
1160,1162
1160,1163
1160,2556
1160,2557
1160,2558
1160,2562
1160,2563
1160,2564
1161,1158
1161,1159
1161,1160
1161,1161
1161,1162
1161,1163
1161,1164
1161,1165
1161,1166
1161,2529
1161,2530
1161,2531
1161,2556
1161,2557
1161,2558
1162,1158
1162,1159
1162,1160
1162,1161
1162,1162
1162,1163
1162,1164
1162,1165
1162,1166
1162,2529
1162,2530
1162,2531
1162,2556
1162,2557
1162,2558
1163,1158
1163,1159
1163,1160
1163,1161
1163,1162
1163,1163
1163,1164
1163,1165
1163,1166
1163,2529
1163,2530
1163,2531
1163,2556
1163,2557
1163,2558
1164,1161
1164,1162
1164,1163
1164,1164
1164,1165
1164,1166
1164,1167
1164,1168
1164,1169
1164,2529
1164,2530
1164,2531
1164,2607
1164,2608
1164,2609
1165,1161
1165,1162
1165,1163
1165,1164
1165,1165
1165,1166
1165,1167
1165,1168
1165,1169
1165,2529
1165,2530
1165,2531
1165,2607
1165,2608
1165,2609
1166,1161
1166,1162
1166,1163
1166,1164
1166,1165
1166,1166
1166,1167
1166,1168
1166,1169
1166,2529
1166,2530
1166,2531
1166,2607
1166,2608
1166,2609
1167,1164
1167,1165
1167,1166
1167,1167
1167,1168
1167,1169
1167,1170
1167,1171
1167,1172
1167,2595
1167,2596
1167,2597
1167,2607
1167,2608
1167,2609
1168,1164
1168,1165
1168,1166
1168,1167
1168,1168
1168,1169
1168,1170
1168,1171
1168,1172
1168,2595
1168,2596
1168,2597
1168,2607
1168,2608
1168,2609
1169,1164
1169,1165
1169,1166
1169,1167
1169,1168
1169,1169
1169,1170
1169,1171
1169,1172
1169,2595
1169,2596
1169,2597
1169,2607
1169,2608
1169,2609
1170,1167
1170,1168
1170,1169
1170,1170
1170,1171
1170,1172
1170,1173
1170,1174
1170,1175
1170,2595
1170,2596
1170,2597
1170,2601
1170,2602
1170,2603
1171,1167
1171,1168
1171,1169
1171,1170
1171,1171
1171,1172
1171,1173
1171,1174
1171,1175
1171,2595
1171,2596
1171,2597
1171,2601
1171,2602
1171,2603
1172,1167
1172,1168
1172,1169
1172,1170
1172,1171
1172,1172
1172,1173
1172,1174
1172,1175
1172,2595
1172,2596
1172,2597
1172,2601
1172,2602
1172,2603
1173,1170
1173,1171
1173,1172
1173,1173
1173,1174
1173,1175
1173,1176
1173,1177
1173,1178
1173,2151
1173,2152
1173,2153
1173,2601
1173,2602
1173,2603
1174,1170
1174,1171
1174,1172
1174,1173
1174,1174
1174,1175
1174,1176
1174,1177
1174,1178
1174,2151
1174,2152
1174,2153
1174,2601
1174,2602
1174,2603
1175,1170
1175,1171
1175,1172
1175,1173
1175,1174
1175,1175
1175,1176
1175,1177
1175,1178
1175,2151
1175,2152
1175,2153
1175,2601
1175,2602
1175,2603
1176,1173
1176,1174
1176,1175
1176,1176
1176,1177
1176,1178
1176,1179
1176,1180
1176,1181
1176,2151
1176,2152
1176,2153
1176,2271
1176,2272
1176,2273
1177,1173
1177,1174
1177,1175
1177,1176
1177,1177
1177,1178
1177,1179
1177,1180
1177,1181
1177,2151
1177,2152
1177,2153
1177,2271
1177,2272
1177,2273
1178,1173
1178,1174
1178,1175
1178,1176
1178,1177
1178,1178
1178,1179
1178,1180
1178,1181
1178,2151
1178,2152
1178,2153
1178,2271
1178,2272
1178,2273
1179,1176
1179,1177
1179,1178
1179,1179
1179,1180
1179,1181
1179,1182
1179,1183
1179,1184
1179,2259
1179,2260
1179,2261
1179,2271
1179,2272
1179,2273
1180,1176
1180,1177
1180,1178
1180,1179
1180,1180
1180,1181
1180,1182
1180,1183
1180,1184
1180,2259
1180,2260
1180,2261
1180,2271
1180,2272
1180,2273
1181,1176
1181,1177
1181,1178
1181,1179
1181,1180
1181,1181
1181,1182
1181,1183
1181,1184
1181,2259
1181,2260
1181,2261
1181,2271
1181,2272
1181,2273
1182,1179
1182,1180
1182,1181
1182,1182
1182,1183
1182,1184
1182,1185
1182,1186
1182,1187
1182,2259
1182,2260
1182,2261
1182,2286
1182,2287
1182,2288
1183,1179
1183,1180
1183,1181
1183,1182
1183,1183
1183,1184
1183,1185
1183,1186
1183,1187
1183,2259
1183,2260
1183,2261
1183,2286
1183,2287
1183,2288
1184,1179
1184,1180
1184,1181
1184,1182
1184,1183
1184,1184
1184,1185
1184,1186
1184,1187
1184,2259
1184,2260
1184,2261
1184,2286
1184,2287
1184,2288
1185,1182
1185,1183
1185,1184
1185,1185
1185,1186
1185,1187
1185,1188
1185,1189
1185,1190
1185,2283
1185,2284
1185,2285
1185,2286
1185,2287
1185,2288
1186,1182
1186,1183
1186,1184
1186,1185
1186,1186
1186,1187
1186,1188
1186,1189
1186,1190
1186,2283
1186,2284
1186,2285
1186,2286
1186,2287
1186,2288
1187,1182
1187,1183
1187,1184
1187,1185
1187,1186
1187,1187
1187,1188
1187,1189
1187,1190
1187,2283
1187,2284
1187,2285
1187,2286
1187,2287
1187,2288
1188,1185
1188,1186
1188,1187
1188,1188
1188,1189
1188,1190
1188,1191
1188,1192
1188,1193
1188,2187
1188,2188
1188,2189
1188,2283
1188,2284
1188,2285
1189,1185
1189,1186
1189,1187
1189,1188
1189,1189
1189,1190
1189,1191
1189,1192
1189,1193
1189,2187
1189,2188
1189,2189
1189,2283
1189,2284
1189,2285
1190,1185
1190,1186
1190,1187
1190,1188
1190,1189
1190,1190
1190,1191
1190,1192
1190,1193
1190,2187
1190,2188
1190,2189
1190,2283
1190,2284
1190,2285
1191,1188
1191,1189
1191,1190
1191,1191
1191,1192
1191,1193
1191,1194
1191,1195
1191,1196
1191,2187
1191,2188
1191,2189
1191,2205
1191,2206
1191,2207
1192,1188
1192,1189
1192,1190
1192,1191
1192,1192
1192,1193
1192,1194
1192,1195
1192,1196
1192,2187
1192,2188
1192,2189
1192,2205
1192,2206
1192,2207
1193,1188
1193,1189
1193,1190
1193,1191
1193,1192
1193,1193
1193,1194
1193,1195
1193,1196
1193,2187
1193,2188
1193,2189
1193,2205
1193,2206
1193,2207
1194,1191
1194,1192
1194,1193
1194,1194
1194,1195
1194,1196
1194,1197
1194,1198
1194,1199
1194,2199
1194,2200
1194,2201
1194,2205
1194,2206
1194,2207
1195,1191
1195,1192
1195,1193
1195,1194
1195,1195
1195,1196
1195,1197
1195,1198
1195,1199
1195,2199
1195,2200
1195,2201
1195,2205
1195,2206
1195,2207
1196,1191
1196,1192
1196,1193
1196,1194
1196,1195
1196,1196
1196,1197
1196,1198
1196,1199
1196,2199
1196,2200
1196,2201
1196,2205
1196,2206
1196,2207
1197,1194
1197,1195
1197,1196
1197,1197
1197,1198
1197,1199
1197,1200
1197,1201
1197,1202
1197,1533
1197,1534
1197,1535
1197,2199
1197,2200
1197,2201
1198,1194
1198,1195
1198,1196
1198,1197
1198,1198
1198,1199
1198,1200
1198,1201
1198,1202
1198,1533
1198,1534
1198,1535
1198,2199
1198,2200
1198,2201
1199,1194
1199,1195
1199,1196
1199,1197
1199,1198
1199,1199
1199,1200
1199,1201
1199,1202
1199,1533
1199,1534
1199,1535
1199,2199
1199,2200
1199,2201
1200,1197
1200,1198
1200,1199
1200,1200
1200,1201
1200,1202
1200,1203
1200,1204
1200,1205
1200,1533
1200,1534
1200,1535
1200,1974
1200,1975
1200,1976
1201,1197
1201,1198
1201,1199
1201,1200
1201,1201
1201,1202
1201,1203
1201,1204
1201,1205
1201,1533
1201,1534
1201,1535
1201,1974
1201,1975
1201,1976
1202,1197
1202,1198
1202,1199
1202,1200
1202,1201
1202,1202
1202,1203
1202,1204
1202,1205
1202,1533
1202,1534
1202,1535
1202,1974
1202,1975
1202,1976
1203,1200
1203,1201
1203,1202
1203,1203
1203,1204
1203,1205
1203,1206
1203,1207
1203,1208
1203,1968
1203,1969
1203,1970
1203,1974
1203,1975
1203,1976
1204,1200
1204,1201
1204,1202
1204,1203
1204,1204
1204,1205
1204,1206
1204,1207
1204,1208
1204,1968
1204,1969
1204,1970
1204,1974
1204,1975
1204,1976
1205,1200
1205,1201
1205,1202
1205,1203
1205,1204
1205,1205
1205,1206
1205,1207
1205,1208
1205,1968
1205,1969
1205,1970
1205,1974
1205,1975
1205,1976
1206,1203
1206,1204
1206,1205
1206,1206
1206,1207
1206,1208
1206,1209
1206,1210
1206,1211
1206,1968
1206,1969
1206,1970
1206,1983
1206,1984
1206,1985
1207,1203
1207,1204
1207,1205
1207,1206
1207,1207
1207,1208
1207,1209
1207,1210
1207,1211
1207,1968
1207,1969
1207,1970
1207,1983
1207,1984
1207,1985
1208,1203
1208,1204
1208,1205
1208,1206
1208,1207
1208,1208
1208,1209
1208,1210
1208,1211
1208,1968
1208,1969
1208,1970
1208,1983
1208,1984
1208,1985
1209,1206
1209,1207
1209,1208
1209,1209
1209,1210
1209,1211
1209,1212
1209,1213
1209,1214
1209,1980
1209,1981
1209,1982
1209,1983
1209,1984
1209,1985
1210,1206
1210,1207
1210,1208
1210,1209
1210,1210
1210,1211
1210,1212
1210,1213
1210,1214
1210,1980
1210,1981
1210,1982
1210,1983
1210,1984
1210,1985
1211,1206
1211,1207
1211,1208
1211,1209
1211,1210
1211,1211
1211,1212
1211,1213
1211,1214
1211,1980
1211,1981
1211,1982
1211,1983
1211,1984
1211,1985
1212,1209
1212,1210
1212,1211
1212,1212
1212,1213
1212,1214
1212,1215
1212,1216
1212,1217
1212,1887
1212,1888
1212,1889
1212,1980
1212,1981
1212,1982
1213,1209
1213,1210
1213,1211
1213,1212
1213,1213
1213,1214
1213,1215
1213,1216
1213,1217
1213,1887
1213,1888
1213,1889
1213,1980
1213,1981
1213,1982
1214,1209
1214,1210
1214,1211
1214,1212
1214,1213
1214,1214
1214,1215
1214,1216
1214,1217
1214,1887
1214,1888
1214,1889
1214,1980
1214,1981
1214,1982
1215,1212
1215,1213
1215,1214
1215,1215
1215,1216
1215,1217
1215,1218
1215,1219
1215,1220
1215,1887
1215,1888
1215,1889
1215,1923
1215,1924
1215,1925
1216,1212
1216,1213
1216,1214
1216,1215
1216,1216
1216,1217
1216,1218
1216,1219
1216,1220
1216,1887
1216,1888
1216,1889
1216,1923
1216,1924
1216,1925
1217,1212
1217,1213
1217,1214
1217,1215
1217,1216
1217,1217
1217,1218
1217,1219
1217,1220
1217,1887
1217,1888
1217,1889
1217,1923
1217,1924
1217,1925
1218,1215
1218,1216
1218,1217
1218,1218
1218,1219
1218,1220
1218,1221
1218,1222
1218,1223
1218,1917
1218,1918
1218,1919
1218,1923
1218,1924
1218,1925
1219,1215
1219,1216
1219,1217
1219,1218
1219,1219
1219,1220
1219,1221
1219,1222
1219,1223
1219,1917
1219,1918
1219,1919
1219,1923
1219,1924
1219,1925
1220,1215
1220,1216
1220,1217
1220,1218
1220,1219
1220,1220
1220,1221
1220,1222
1220,1223
1220,1917
1220,1918
1220,1919
1220,1923
1220,1924
1220,1925
1221,1218
1221,1219
1221,1220
1221,1221
1221,1222
1221,1223
1221,1224
1221,1225
1221,1226
1221,1917
1221,1918
1221,1919
1221,1929
1221,1930
1221,1931
1222,1218
1222,1219
1222,1220
1222,1221
1222,1222
1222,1223
1222,1224
1222,1225
1222,1226
1222,1917
1222,1918
1222,1919
1222,1929
1222,1930
1222,1931
1223,1218
1223,1219
1223,1220
1223,1221
1223,1222
1223,1223
1223,1224
1223,1225
1223,1226
1223,1917
1223,1918
1223,1919
1223,1929
1223,1930
1223,1931
1224,1221
1224,1222
1224,1223
1224,1224
1224,1225
1224,1226
1224,1227
1224,1228
1224,1229
1224,1566
1224,1567
1224,1568
1224,1929
1224,1930
1224,1931
1225,1221
1225,1222
1225,1223
1225,1224
1225,1225
1225,1226
1225,1227
1225,1228
1225,1229
1225,1566
1225,1567
1225,1568
1225,1929
1225,1930
1225,1931
1226,1221
1226,1222
1226,1223
1226,1224
1226,1225
1226,1226
1226,1227
1226,1228
1226,1229
1226,1566
1226,1567
1226,1568
1226,1929
1226,1930
1226,1931
1227,1224
1227,1225
1227,1226
1227,1227
1227,1228
1227,1229
1227,1230
1227,1231
1227,1232
1227,1566
1227,1567
1227,1568
1227,1728
1227,1729
1227,1730
1228,1224
1228,1225
1228,1226
1228,1227
1228,1228
1228,1229
1228,1230
1228,1231
1228,1232
1228,1566
1228,1567
1228,1568
1228,1728
1228,1729
1228,1730
1229,1224
1229,1225
1229,1226
1229,1227
1229,1228
1229,1229
1229,1230
1229,1231
1229,1232
1229,1566
1229,1567
1229,1568
1229,1728
1229,1729
1229,1730
1230,1227
1230,1228
1230,1229
1230,1230
1230,1231
1230,1232
1230,1233
1230,1234
1230,1235
1230,1725
1230,1726
1230,1727
1230,1728
1230,1729
1230,1730
1231,1227
1231,1228
1231,1229
1231,1230
1231,1231
1231,1232
1231,1233
1231,1234
1231,1235
1231,1725
1231,1726
1231,1727
1231,1728
1231,1729
1231,1730
1232,1227
1232,1228
1232,1229
1232,1230
1232,1231
1232,1232
1232,1233
1232,1234
1232,1235
1232,1725
1232,1726
1232,1727
1232,1728
1232,1729
1232,1730
1233,1230
1233,1231
1233,1232
1233,1233
1233,1234
1233,1235
1233,1236
1233,1237
1233,1238
1233,1719
1233,1720
1233,1721
1233,1725
1233,1726
1233,1727
1234,1230
1234,1231
1234,1232
1234,1233
1234,1234
1234,1235
1234,1236
1234,1237
1234,1238
1234,1719
1234,1720
1234,1721
1234,1725
1234,1726
1234,1727
1235,1230
1235,1231
1235,1232
1235,1233
1235,1234
1235,1235
1235,1236
1235,1237
1235,1238
1235,1719
1235,1720
1235,1721
1235,1725
1235,1726
1235,1727
1236,1233
1236,1234
1236,1235
1236,1236
1236,1237
1236,1238
1236,1239
1236,1240
1236,1241
1236,1719
1236,1720
1236,1721
1236,1740
1236,1741
1236,1742
1237,1233
1237,1234
1237,1235
1237,1236
1237,1237
1237,1238
1237,1239
1237,1240
1237,1241
1237,1719
1237,1720
1237,1721
1237,1740
1237,1741
1237,1742
1238,1233
1238,1234
1238,1235
1238,1236
1238,1237
1238,1238
1238,1239
1238,1240
1238,1241
1238,1719
1238,1720
1238,1721
1238,1740
1238,1741
1238,1742
1239,1236
1239,1237
1239,1238
1239,1239
1239,1240
1239,1241
1239,1242
1239,1243
1239,1244
1239,1737
1239,1738
1239,1739
1239,1740
1239,1741
1239,1742
1240,1236
1240,1237
1240,1238
1240,1239
1240,1240
1240,1241
1240,1242
1240,1243
1240,1244
1240,1737
1240,1738
1240,1739
1240,1740
1240,1741
1240,1742
1241,1236
1241,1237
1241,1238
1241,1239
1241,1240
1241,1241
1241,1242
1241,1243
1241,1244
1241,1737
1241,1738
1241,1739
1241,1740
1241,1741
1241,1742
1242,1239
1242,1240
1242,1241
1242,1242
1242,1243
1242,1244
1242,1245
1242,1246
1242,1247
1242,1605
1242,1606
1242,1607
1242,1737
1242,1738
1242,1739
1243,1239
1243,1240
1243,1241
1243,1242
1243,1243
1243,1244
1243,1245
1243,1246
1243,1247
1243,1605
1243,1606
1243,1607
1243,1737
1243,1738
1243,1739
1244,1239
1244,1240
1244,1241
1244,1242
1244,1243
1244,1244
1244,1245
1244,1246
1244,1247
1244,1605
1244,1606
1244,1607
1244,1737
1244,1738
1244,1739
1245,1242
1245,1243
1245,1244
1245,1245
1245,1246
1245,1247
1245,1248
1245,1249
1245,1250
1245,1605
1245,1606
1245,1607
1245,1647
1245,1648
1245,1649
1246,1242
1246,1243
1246,1244
1246,1245
1246,1246
1246,1247
1246,1248
1246,1249
1246,1250
1246,1605
1246,1606
1246,1607
1246,1647
1246,1648
1246,1649
1247,1242
1247,1243
1247,1244
1247,1245
1247,1246
1247,1247
1247,1248
1247,1249
1247,1250
1247,1605
1247,1606
1247,1607
1247,1647
1247,1648
1247,1649
1248,1245
1248,1246
1248,1247
1248,1248
1248,1249
1248,1250
1248,1251
1248,1252
1248,1253
1248,1647
1248,1648
1248,1649
1248,1650
1248,1651
1248,1652
1249,1245
1249,1246
1249,1247
1249,1248
1249,1249
1249,1250
1249,1251
1249,1252
1249,1253
1249,1647
1249,1648
1249,1649
1249,1650
1249,1651
1249,1652
1250,1245
1250,1246
1250,1247
1250,1248
1250,1249
1250,1250
1250,1251
1250,1252
1250,1253
1250,1647
1250,1648
1250,1649
1250,1650
1250,1651
1250,1652
1251,1248
1251,1249
1251,1250
1251,1251
1251,1252
1251,1253
1251,1254
1251,1255
1251,1256
1251,1626
1251,1627
1251,1628
1251,1650
1251,1651
1251,1652
1252,1248
1252,1249
1252,1250
1252,1251
1252,1252
1252,1253
1252,1254
1252,1255
1252,1256
1252,1626
1252,1627
1252,1628
1252,1650
1252,1651
1252,1652
1253,1248
1253,1249
1253,1250
1253,1251
1253,1252
1253,1253
1253,1254
1253,1255
1253,1256
1253,1626
1253,1627
1253,1628
1253,1650
1253,1651
1253,1652
1254,1251
1254,1252
1254,1253
1254,1254
1254,1255
1254,1256
1254,1257
1254,1258
1254,1259
1254,1626
1254,1627
1254,1628
1254,1638
1254,1639
1254,1640
1255,1251
1255,1252
1255,1253
1255,1254
1255,1255
1255,1256
1255,1257
1255,1258
1255,1259
1255,1626
1255,1627
1255,1628
1255,1638
1255,1639
1255,1640
1256,1251
1256,1252
1256,1253
1256,1254
1256,1255
1256,1256
1256,1257
1256,1258
1256,1259
1256,1626
1256,1627
1256,1628
1256,1638
1256,1639
1256,1640
1257,1254
1257,1255
1257,1256
1257,1257
1257,1258
1257,1259
1257,1260
1257,1261
1257,1262
1257,1632
1257,1633
1257,1634
1257,1638
1257,1639
1257,1640
1258,1254
1258,1255
1258,1256
1258,1257
1258,1258
1258,1259
1258,1260
1258,1261
1258,1262
1258,1632
1258,1633
1258,1634
1258,1638
1258,1639
1258,1640
1259,1254
1259,1255
1259,1256
1259,1257
1259,1258
1259,1259
1259,1260
1259,1261
1259,1262
1259,1632
1259,1633
1259,1634
1259,1638
1259,1639
1259,1640
1260,1257
1260,1258
1260,1259
1260,1260
1260,1261
1260,1262
1260,1263
1260,1264
1260,1265
1260,1266
1260,1267
1260,1268
1260,1629
1260,1630
1260,1631
1260,1632
1260,1633
1260,1634
1261,1257
1261,1258
1261,1259
1261,1260
1261,1261
1261,1262
1261,1263
1261,1264
1261,1265
1261,1266
1261,1267
1261,1268
1261,1629
1261,1630
1261,1631
1261,1632
1261,1633
1261,1634
1262,1257
1262,1258
1262,1259
1262,1260
1262,1261
1262,1262
1262,1263
1262,1264
1262,1265
1262,1266
1262,1267
1262,1268
1262,1629
1262,1630
1262,1631
1262,1632
1262,1633
1262,1634
1263,1260
1263,1261
1263,1262
1263,1263
1263,1264
1263,1265
1263,1266
1263,1267
1263,1268
1264,1260
1264,1261
1264,1262
1264,1263
1264,1264
1264,1265
1264,1266
1264,1267
1264,1268
1265,1260
1265,1261
1265,1262
1265,1263
1265,1264
1265,1265
1265,1266
1265,1267
1265,1268
1266,1260
1266,1261
1266,1262
1266,1263
1266,1264
1266,1265
1266,1266
1266,1267
1266,1268
1266,1269
1266,1270
1266,1271
1266,1629
1266,1630
1266,1631
1267,1260
1267,1261
1267,1262
1267,1263
1267,1264
1267,1265
1267,1266
1267,1267
1267,1268
1267,1269
1267,1270
1267,1271
1267,1629
1267,1630
1267,1631
1268,1260
1268,1261
1268,1262
1268,1263
1268,1264
1268,1265
1268,1266
1268,1267
1268,1268
1268,1269
1268,1270
1268,1271
1268,1629
1268,1630
1268,1631
1269,1266
1269,1267
1269,1268
1269,1269
1269,1270
1269,1271
1269,1272
1269,1273
1269,1274
1269,1608
1269,1609
1269,1610
1269,1629
1269,1630
1269,1631
1270,1266
1270,1267
1270,1268
1270,1269
1270,1270
1270,1271
1270,1272
1270,1273
1270,1274
1270,1608
1270,1609
1270,1610
1270,1629
1270,1630
1270,1631
1271,1266
1271,1267
1271,1268
1271,1269
1271,1270
1271,1271
1271,1272
1271,1273
1271,1274
1271,1608
1271,1609
1271,1610
1271,1629
1271,1630
1271,1631
1272,1269
1272,1270
1272,1271
1272,1272
1272,1273
1272,1274
1272,1275
1272,1276
1272,1277
1272,1608
1272,1609
1272,1610
1272,1662
1272,1663
1272,1664
1272,1665
1272,1666
1272,1667
1273,1269
1273,1270
1273,1271
1273,1272
1273,1273
1273,1274
1273,1275
1273,1276
1273,1277
1273,1608
1273,1609
1273,1610
1273,1662
1273,1663
1273,1664
1273,1665
1273,1666
1273,1667
1274,1269
1274,1270
1274,1271
1274,1272
1274,1273
1274,1274
1274,1275
1274,1276
1274,1277
1274,1608
1274,1609
1274,1610
1274,1662
1274,1663
1274,1664
1274,1665
1274,1666
1274,1667
1275,1272
1275,1273
1275,1274
1275,1275
1275,1276
1275,1277
1275,1278
1275,1279
1275,1280
1275,1662
1275,1663
1275,1664
1276,1272
1276,1273
1276,1274
1276,1275
1276,1276
1276,1277
1276,1278
1276,1279
1276,1280
1276,1662
1276,1663
1276,1664
1277,1272
1277,1273
1277,1274
1277,1275
1277,1276
1277,1277
1277,1278
1277,1279
1277,1280
1277,1662
1277,1663
1277,1664
1278,1275
1278,1276
1278,1277
1278,1278
1278,1279
1278,1280
1278,1281
1278,1282
1278,1283
1278,1569
1278,1570
1278,1571
1278,1662
1278,1663
1278,1664
1279,1275
1279,1276
1279,1277
1279,1278
1279,1279
1279,1280
1279,1281
1279,1282
1279,1283
1279,1569
1279,1570
1279,1571
1279,1662
1279,1663
1279,1664
1280,1275
1280,1276
1280,1277
1280,1278
1280,1279
1280,1280
1280,1281
1280,1282
1280,1283
1280,1569
1280,1570
1280,1571
1280,1662
1280,1663
1280,1664
1281,1278
1281,1279
1281,1280
1281,1281
1281,1282
1281,1283
1281,1284
1281,1285
1281,1286
1281,1569
1281,1570
1281,1571
1281,1812
1281,1813
1281,1814
1282,1278
1282,1279
1282,1280
1282,1281
1282,1282
1282,1283
1282,1284
1282,1285
1282,1286
1282,1569
1282,1570
1282,1571
1282,1812
1282,1813
1282,1814
1283,1278
1283,1279
1283,1280
1283,1281
1283,1282
1283,1283
1283,1284
1283,1285
1283,1286
1283,1569
1283,1570
1283,1571
1283,1812
1283,1813
1283,1814
1284,1281
1284,1282
1284,1283
1284,1284
1284,1285
1284,1286
1284,1287
1284,1288
1284,1289
1284,1806
1284,1807
1284,1808
1284,1812
1284,1813
1284,1814
1285,1281
1285,1282
1285,1283
1285,1284
1285,1285
1285,1286
1285,1287
1285,1288
1285,1289
1285,1806
1285,1807
1285,1808
1285,1812
1285,1813
1285,1814
1286,1281
1286,1282
1286,1283
1286,1284
1286,1285
1286,1286
1286,1287
1286,1288
1286,1289
1286,1806
1286,1807
1286,1808
1286,1812
1286,1813
1286,1814
1287,1284
1287,1285
1287,1286
1287,1287
1287,1288
1287,1289
1287,1290
1287,1291
1287,1292
1287,1773
1287,1774
1287,1775
1287,1806
1287,1807
1287,1808
1288,1284
1288,1285
1288,1286
1288,1287
1288,1288
1288,1289
1288,1290
1288,1291
1288,1292
1288,1773
1288,1774
1288,1775
1288,1806
1288,1807
1288,1808
1289,1284
1289,1285
1289,1286
1289,1287
1289,1288
1289,1289
1289,1290
1289,1291
1289,1292
1289,1773
1289,1774
1289,1775
1289,1806
1289,1807
1289,1808
1290,1287
1290,1288
1290,1289
1290,1290
1290,1291
1290,1292
1290,1293
1290,1294
1290,1295
1290,1773
1290,1774
1290,1775
1290,1788
1290,1789
1290,1790
1291,1287
1291,1288
1291,1289
1291,1290
1291,1291
1291,1292
1291,1293
1291,1294
1291,1295
1291,1773
1291,1774
1291,1775
1291,1788
1291,1789
1291,1790
1292,1287
1292,1288
1292,1289
1292,1290
1292,1291
1292,1292
1292,1293
1292,1294
1292,1295
1292,1773
1292,1774
1292,1775
1292,1788
1292,1789
1292,1790
1293,1290
1293,1291
1293,1292
1293,1293
1293,1294
1293,1295
1293,1296
1293,1297
1293,1298
1293,1782
1293,1783
1293,1784
1293,1788
1293,1789
1293,1790
1294,1290
1294,1291
1294,1292
1294,1293
1294,1294
1294,1295
1294,1296
1294,1297
1294,1298
1294,1782
1294,1783
1294,1784
1294,1788
1294,1789
1294,1790
1295,1290
1295,1291
1295,1292
1295,1293
1295,1294
1295,1295
1295,1296
1295,1297
1295,1298
1295,1782
1295,1783
1295,1784
1295,1788
1295,1789
1295,1790
1296,1293
1296,1294
1296,1295
1296,1296
1296,1297
1296,1298
1296,1299
1296,1300
1296,1301
1296,1782
1296,1783
1296,1784
1297,1293
1297,1294
1297,1295
1297,1296
1297,1297
1297,1298
1297,1299
1297,1300
1297,1301
1297,1782
1297,1783
1297,1784
1298,1293
1298,1294
1298,1295
1298,1296
1298,1297
1298,1298
1298,1299
1298,1300
1298,1301
1298,1782
1298,1783
1298,1784
1299,1296
1299,1297
1299,1298
1299,1299
1299,1300
1299,1301
1299,1302
1299,1303
1299,1304
1299,1776
1299,1777
1299,1778
1299,1782
1299,1783
1299,1784
1300,1296
1300,1297
1300,1298
1300,1299
1300,1300
1300,1301
1300,1302
1300,1303
1300,1304
1300,1776
1300,1777
1300,1778
1300,1782
1300,1783
1300,1784
1301,1296
1301,1297
1301,1298
1301,1299
1301,1300
1301,1301
1301,1302
1301,1303
1301,1304
1301,1776
1301,1777
1301,1778
1301,1782
1301,1783
1301,1784
1302,1299
1302,1300
1302,1301
1302,1302
1302,1303
1302,1304
1302,1305
1302,1306
1302,1307
1302,1776
1302,1777
1302,1778
1302,1791
1302,1792
1302,1793
1303,1299
1303,1300
1303,1301
1303,1302
1303,1303
1303,1304
1303,1305
1303,1306
1303,1307
1303,1776
1303,1777
1303,1778
1303,1791
1303,1792
1303,1793
1304,1299
1304,1300
1304,1301
1304,1302
1304,1303
1304,1304
1304,1305
1304,1306
1304,1307
1304,1776
1304,1777
1304,1778
1304,1791
1304,1792
1304,1793
1305,1302
1305,1303
1305,1304
1305,1305
1305,1306
1305,1307
1305,1308
1305,1309
1305,1310
1305,1749
1305,1750
1305,1751
1305,1791
1305,1792
1305,1793
1306,1302
1306,1303
1306,1304
1306,1305
1306,1306
1306,1307
1306,1308
1306,1309
1306,1310
1306,1749
1306,1750
1306,1751
1306,1791
1306,1792
1306,1793
1307,1302
1307,1303
1307,1304
1307,1305
1307,1306
1307,1307
1307,1308
1307,1309
1307,1310
1307,1749
1307,1750
1307,1751
1307,1791
1307,1792
1307,1793
1308,1305
1308,1306
1308,1307
1308,1308
1308,1309
1308,1310
1308,1311
1308,1312
1308,1313
1308,1749
1308,1750
1308,1751
1308,1845
1308,1846
1308,1847
1309,1305
1309,1306
1309,1307
1309,1308
1309,1309
1309,1310
1309,1311
1309,1312
1309,1313
1309,1749
1309,1750
1309,1751
1309,1845
1309,1846
1309,1847
1310,1305
1310,1306
1310,1307
1310,1308
1310,1309
1310,1310
1310,1311
1310,1312
1310,1313
1310,1749
1310,1750
1310,1751
1310,1845
1310,1846
1310,1847
1311,1308
1311,1309
1311,1310
1311,1311
1311,1312
1311,1313
1311,1314
1311,1315
1311,1316
1311,1839
1311,1840
1311,1841
1311,1845
1311,1846
1311,1847
1312,1308
1312,1309
1312,1310
1312,1311
1312,1312
1312,1313
1312,1314
1312,1315
1312,1316
1312,1839
1312,1840
1312,1841
1312,1845
1312,1846
1312,1847
1313,1308
1313,1309
1313,1310
1313,1311
1313,1312
1313,1313
1313,1314
1313,1315
1313,1316
1313,1839
1313,1840
1313,1841
1313,1845
1313,1846
1313,1847
1314,1311
1314,1312
1314,1313
1314,1314
1314,1315
1314,1316
1314,1317
1314,1318
1314,1319
1314,1536
1314,1537
1314,1538
1314,1839
1314,1840
1314,1841
1315,1311
1315,1312
1315,1313
1315,1314
1315,1315
1315,1316
1315,1317
1315,1318
1315,1319
1315,1536
1315,1537
1315,1538
1315,1839
1315,1840
1315,1841
1316,1311
1316,1312
1316,1313
1316,1314
1316,1315
1316,1316
1316,1317
1316,1318
1316,1319
1316,1536
1316,1537
1316,1538
1316,1839
1316,1840
1316,1841
1317,1314
1317,1315
1317,1316
1317,1317
1317,1318
1317,1319
1317,1320
1317,1321
1317,1322
1317,1536
1317,1537
1317,1538
1317,2040
1317,2041
1317,2042
1318,1314
1318,1315
1318,1316
1318,1317
1318,1318
1318,1319
1318,1320
1318,1321
1318,1322
1318,1536
1318,1537
1318,1538
1318,2040
1318,2041
1318,2042
1319,1314
1319,1315
1319,1316
1319,1317
1319,1318
1319,1319
1319,1320
1319,1321
1319,1322
1319,1536
1319,1537
1319,1538
1319,2040
1319,2041
1319,2042
1320,1317
1320,1318
1320,1319
1320,1320
1320,1321
1320,1322
1320,1323
1320,1324
1320,1325
1320,2040
1320,2041
1320,2042
1320,2043
1320,2044
1320,2045
1321,1317
1321,1318
1321,1319
1321,1320
1321,1321
1321,1322
1321,1323
1321,1324
1321,1325
1321,2040
1321,2041
1321,2042
1321,2043
1321,2044
1321,2045
1322,1317
1322,1318
1322,1319
1322,1320
1322,1321
1322,1322
1322,1323
1322,1324
1322,1325
1322,2040
1322,2041
1322,2042
1322,2043
1322,2044
1322,2045
1323,1320
1323,1321
1323,1322
1323,1323
1323,1324
1323,1325
1323,1326
1323,1327
1323,1328
1323,1992
1323,1993
1323,1994
1323,2043
1323,2044
1323,2045
1324,1320
1324,1321
1324,1322
1324,1323
1324,1324
1324,1325
1324,1326
1324,1327
1324,1328
1324,1992
1324,1993
1324,1994
1324,2043
1324,2044
1324,2045
1325,1320
1325,1321
1325,1322
1325,1323
1325,1324
1325,1325
1325,1326
1325,1327
1325,1328
1325,1992
1325,1993
1325,1994
1325,2043
1325,2044
1325,2045
1326,1323
1326,1324
1326,1325
1326,1326
1326,1327
1326,1328
1326,1329
1326,1330
1326,1331
1326,1992
1326,1993
1326,1994
1326,2064
1326,2065
1326,2066
1327,1323
1327,1324
1327,1325
1327,1326
1327,1327
1327,1328
1327,1329
1327,1330
1327,1331
1327,1992
1327,1993
1327,1994
1327,2064
1327,2065
1327,2066
1328,1323
1328,1324
1328,1325
1328,1326
1328,1327
1328,1328
1328,1329
1328,1330
1328,1331
1328,1992
1328,1993
1328,1994
1328,2064
1328,2065
1328,2066
1329,1326
1329,1327
1329,1328
1329,1329
1329,1330
1329,1331
1329,1332
1329,1333
1329,1334
1329,2058
1329,2059
1329,2060
1329,2064
1329,2065
1329,2066
1330,1326
1330,1327
1330,1328
1330,1329
1330,1330
1330,1331
1330,1332
1330,1333
1330,1334
1330,2058
1330,2059
1330,2060
1330,2064
1330,2065
1330,2066
1331,1326
1331,1327
1331,1328
1331,1329
1331,1330
1331,1331
1331,1332
1331,1333
1331,1334
1331,2058
1331,2059
1331,2060
1331,2064
1331,2065
1331,2066
1332,1329
1332,1330
1332,1331
1332,1332
1332,1333
1332,1334
1332,1335
1332,1336
1332,1337
1332,2058
1332,2059
1332,2060
1332,2073
1332,2074
1332,2075
1333,1329
1333,1330
1333,1331
1333,1332
1333,1333
1333,1334
1333,1335
1333,1336
1333,1337
1333,2058
1333,2059
1333,2060
1333,2073
1333,2074
1333,2075
1334,1329
1334,1330
1334,1331
1334,1332
1334,1333
1334,1334
1334,1335
1334,1336
1334,1337
1334,2058
1334,2059
1334,2060
1334,2073
1334,2074
1334,2075
1335,1332
1335,1333
1335,1334
1335,1335
1335,1336
1335,1337
1335,1338
1335,1339
1335,1340
1335,1500
1335,1501
1335,1502
1335,2073
1335,2074
1335,2075
1336,1332
1336,1333
1336,1334
1336,1335
1336,1336
1336,1337
1336,1338
1336,1339
1336,1340
1336,1500
1336,1501
1336,1502
1336,2073
1336,2074
1336,2075
1337,1332
1337,1333
1337,1334
1337,1335
1337,1336
1337,1337
1337,1338
1337,1339
1337,1340
1337,1500
1337,1501
1337,1502
1337,2073
1337,2074
1337,2075
1338,1335
1338,1336
1338,1337
1338,1338
1338,1339
1338,1340
1338,1341
1338,1342
1338,1343
1338,1500
1338,1501
1338,1502
1338,2328
1338,2329
1338,2330
1339,1335
1339,1336
1339,1337
1339,1338
1339,1339
1339,1340
1339,1341
1339,1342
1339,1343
1339,1500
1339,1501
1339,1502
1339,2328
1339,2329
1339,2330
1340,1335
1340,1336
1340,1337
1340,1338
1340,1339
1340,1340
1340,1341
1340,1342
1340,1343
1340,1500
1340,1501
1340,1502
1340,2328
1340,2329
1340,2330
1341,1338
1341,1339
1341,1340
1341,1341
1341,1342
1341,1343
1341,1344
1341,1345
1341,1346
1341,2322
1341,2323
1341,2324
1341,2328
1341,2329
1341,2330
1342,1338
1342,1339
1342,1340
1342,1341
1342,1342
1342,1343
1342,1344
1342,1345
1342,1346
1342,2322
1342,2323
1342,2324
1342,2328
1342,2329
1342,2330
1343,1338
1343,1339
1343,1340
1343,1341
1343,1342
1343,1343
1343,1344
1343,1345
1343,1346
1343,2322
1343,2323
1343,2324
1343,2328
1343,2329
1343,2330
1344,1341
1344,1342
1344,1343
1344,1344
1344,1345
1344,1346
1344,1347
1344,1348
1344,1349
1344,2295
1344,2296
1344,2297
1344,2322
1344,2323
1344,2324
1345,1341
1345,1342
1345,1343
1345,1344
1345,1345
1345,1346
1345,1347
1345,1348
1345,1349
1345,2295
1345,2296
1345,2297
1345,2322
1345,2323
1345,2324
1346,1341
1346,1342
1346,1343
1346,1344
1346,1345
1346,1346
1346,1347
1346,1348
1346,1349
1346,2295
1346,2296
1346,2297
1346,2322
1346,2323
1346,2324
1347,1344
1347,1345
1347,1346
1347,1347
1347,1348
1347,1349
1347,1350
1347,1351
1347,1352
1347,2295
1347,2296
1347,2297
1347,2373
1347,2374
1347,2375
1348,1344
1348,1345
1348,1346
1348,1347
1348,1348
1348,1349
1348,1350
1348,1351
1348,1352
1348,2295
1348,2296
1348,2297
1348,2373
1348,2374
1348,2375
1349,1344
1349,1345
1349,1346
1349,1347
1349,1348
1349,1349
1349,1350
1349,1351
1349,1352
1349,2295
1349,2296
1349,2297
1349,2373
1349,2374
1349,2375
1350,1347
1350,1348
1350,1349
1350,1350
1350,1351
1350,1352
1350,1353
1350,1354
1350,1355
1350,2361
1350,2362
1350,2363
1350,2373
1350,2374
1350,2375
1351,1347
1351,1348
1351,1349
1351,1350
1351,1351
1351,1352
1351,1353
1351,1354
1351,1355
1351,2361
1351,2362
1351,2363
1351,2373
1351,2374
1351,2375
1352,1347
1352,1348
1352,1349
1352,1350
1352,1351
1352,1352
1352,1353
1352,1354
1352,1355
1352,2361
1352,2362
1352,2363
1352,2373
1352,2374
1352,2375
1353,1350
1353,1351
1353,1352
1353,1353
1353,1354
1353,1355
1353,1356
1353,1357
1353,1358
1353,2361
1353,2362
1353,2363
1353,2367
1353,2368
1353,2369
1354,1350
1354,1351
1354,1352
1354,1353
1354,1354
1354,1355
1354,1356
1354,1357
1354,1358
1354,2361
1354,2362
1354,2363
1354,2367
1354,2368
1354,2369
1355,1350
1355,1351
1355,1352
1355,1353
1355,1354
1355,1355
1355,1356
1355,1357
1355,1358
1355,2361
1355,2362
1355,2363
1355,2367
1355,2368
1355,2369
1356,1353
1356,1354
1356,1355
1356,1356
1356,1357
1356,1358
1356,1359
1356,1360
1356,1361
1356,2115
1356,2116
1356,2117
1356,2367
1356,2368
1356,2369
1357,1353
1357,1354
1357,1355
1357,1356
1357,1357
1357,1358
1357,1359
1357,1360
1357,1361
1357,2115
1357,2116
1357,2117
1357,2367
1357,2368
1357,2369
1358,1353
1358,1354
1358,1355
1358,1356
1358,1357
1358,1358
1358,1359
1358,1360
1358,1361
1358,2115
1358,2116
1358,2117
1358,2367
1358,2368
1358,2369
1359,1356
1359,1357
1359,1358
1359,1359
1359,1360
1359,1361
1359,1362
1359,1363
1359,1364
1359,2115
1359,2116
1359,2117
1359,2514
1359,2515
1359,2516
1360,1356
1360,1357
1360,1358
1360,1359
1360,1360
1360,1361
1360,1362
1360,1363
1360,1364
1360,2115
1360,2116
1360,2117
1360,2514
1360,2515
1360,2516
1361,1356
1361,1357
1361,1358
1361,1359
1361,1360
1361,1361
1361,1362
1361,1363
1361,1364
1361,2115
1361,2116
1361,2117
1361,2514
1361,2515
1361,2516
1362,1359
1362,1360
1362,1361
1362,1362
1362,1363
1362,1364
1362,1365
1362,1366
1362,1367
1362,2502
1362,2503
1362,2504
1362,2514
1362,2515
1362,2516
1363,1359
1363,1360
1363,1361
1363,1362
1363,1363
1363,1364
1363,1365
1363,1366
1363,1367
1363,2502
1363,2503
1363,2504
1363,2514
1363,2515
1363,2516
1364,1359
1364,1360
1364,1361
1364,1362
1364,1363
1364,1364
1364,1365
1364,1366
1364,1367
1364,2502
1364,2503
1364,2504
1364,2514
1364,2515
1364,2516
1365,1362
1365,1363
1365,1364
1365,1365
1365,1366
1365,1367
1365,1368
1365,1369
1365,1370
1365,2502
1365,2503
1365,2504
1365,2523
1365,2524
1365,2525
1366,1362
1366,1363
1366,1364
1366,1365
1366,1366
1366,1367
1366,1368
1366,1369
1366,1370
1366,2502
1366,2503
1366,2504
1366,2523
1366,2524
1366,2525
1367,1362
1367,1363
1367,1364
1367,1365
1367,1366
1367,1367
1367,1368
1367,1369
1367,1370
1367,2502
1367,2503
1367,2504
1367,2523
1367,2524
1367,2525
1368,1365
1368,1366
1368,1367
1368,1368
1368,1369
1368,1370
1368,1371
1368,1372
1368,1373
1368,2436
1368,2437
1368,2438
1368,2523
1368,2524
1368,2525
1369,1365
1369,1366
1369,1367
1369,1368
1369,1369
1369,1370
1369,1371
1369,1372
1369,1373
1369,2436
1369,2437
1369,2438
1369,2523
1369,2524
1369,2525
1370,1365
1370,1366
1370,1367
1370,1368
1370,1369
1370,1370
1370,1371
1370,1372
1370,1373
1370,2436
1370,2437
1370,2438
1370,2523
1370,2524
1370,2525
1371,1368
1371,1369
1371,1370
1371,1371
1371,1372
1371,1373
1371,1374
1371,1375
1371,1376
1371,2436
1371,2437
1371,2438
1371,2469
1371,2470
1371,2471
1372,1368
1372,1369
1372,1370
1372,1371
1372,1372
1372,1373
1372,1374
1372,1375
1372,1376
1372,2436
1372,2437
1372,2438
1372,2469
1372,2470
1372,2471
1373,1368
1373,1369
1373,1370
1373,1371
1373,1372
1373,1373
1373,1374
1373,1375
1373,1376
1373,2436
1373,2437
1373,2438
1373,2469
1373,2470
1373,2471
1374,1371
1374,1372
1374,1373
1374,1374
1374,1375
1374,1376
1374,1377
1374,1378
1374,1379
1374,2469
1374,2470
1374,2471
1374,2472
1374,2473
1374,2474
1375,1371
1375,1372
1375,1373
1375,1374
1375,1375
1375,1376
1375,1377
1375,1378
1375,1379
1375,2469
1375,2470
1375,2471
1375,2472
1375,2473
1375,2474
1376,1371
1376,1372
1376,1373
1376,1374
1376,1375
1376,1376
1376,1377
1376,1378
1376,1379
1376,2469
1376,2470
1376,2471
1376,2472
1376,2473
1376,2474
1377,1374
1377,1375
1377,1376
1377,1377
1377,1378
1377,1379
1377,1380
1377,1381
1377,1382
1377,1461
1377,1462
1377,1463
1377,2472
1377,2473
1377,2474
1378,1374
1378,1375
1378,1376
1378,1377
1378,1378
1378,1379
1378,1380
1378,1381
1378,1382
1378,1461
1378,1462
1378,1463
1378,2472
1378,2473
1378,2474
1379,1374
1379,1375
1379,1376
1379,1377
1379,1378
1379,1379
1379,1380
1379,1381
1379,1382
1379,1461
1379,1462
1379,1463
1379,2472
1379,2473
1379,2474
1380,1377
1380,1378
1380,1379
1380,1380
1380,1381
1380,1382
1380,1383
1380,1384
1380,1385
1380,1461
1380,1462
1380,1463
1380,3504
1380,3505
1380,3506
1381,1377
1381,1378
1381,1379
1381,1380
1381,1381
1381,1382
1381,1383
1381,1384
1381,1385
1381,1461
1381,1462
1381,1463
1381,3504
1381,3505
1381,3506
1382,1377
1382,1378
1382,1379
1382,1380
1382,1381
1382,1382
1382,1383
1382,1384
1382,1385
1382,1461
1382,1462
1382,1463
1382,3504
1382,3505
1382,3506
1383,1380
1383,1381
1383,1382
1383,1383
1383,1384
1383,1385
1383,1386
1383,1387
1383,1388
1383,3501
1383,3502
1383,3503
1383,3504
1383,3505
1383,3506
1384,1380
1384,1381
1384,1382
1384,1383
1384,1384
1384,1385
1384,1386
1384,1387
1384,1388
1384,3501
1384,3502
1384,3503
1384,3504
1384,3505
1384,3506
1385,1380
1385,1381
1385,1382
1385,1383
1385,1384
1385,1385
1385,1386
1385,1387
1385,1388
1385,3501
1385,3502
1385,3503
1385,3504
1385,3505
1385,3506
1386,1383
1386,1384
1386,1385
1386,1386
1386,1387
1386,1388
1386,1389
1386,1390
1386,1391
1386,3486
1386,3487
1386,3488
1386,3501
1386,3502
1386,3503
1387,1383
1387,1384
1387,1385
1387,1386
1387,1387
1387,1388
1387,1389
1387,1390
1387,1391
1387,3486
1387,3487
1387,3488
1387,3501
1387,3502
1387,3503
1388,1383
1388,1384
1388,1385
1388,1386
1388,1387
1388,1388
1388,1389
1388,1390
1388,1391
1388,3486
1388,3487
1388,3488
1388,3501
1388,3502
1388,3503
1389,1386
1389,1387
1389,1388
1389,1389
1389,1390
1389,1391
1389,1392
1389,1393
1389,1394
1389,3486
1389,3487
1389,3488
1389,3522
1389,3523
1389,3524
1390,1386
1390,1387
1390,1388
1390,1389
1390,1390
1390,1391
1390,1392
1390,1393
1390,1394
1390,3486
1390,3487
1390,3488
1390,3522
1390,3523
1390,3524
1391,1386
1391,1387
1391,1388
1391,1389
1391,1390
1391,1391
1391,1392
1391,1393
1391,1394
1391,3486
1391,3487
1391,3488
1391,3522
1391,3523
1391,3524
1392,1389
1392,1390
1392,1391
1392,1392
1392,1393
1392,1394
1392,1395
1392,1396
1392,1397
1392,3519
1392,3520
1392,3521
1392,3522
1392,3523
1392,3524
1393,1389
1393,1390
1393,1391
1393,1392
1393,1393
1393,1394
1393,1395
1393,1396
1393,1397
1393,3519
1393,3520
1393,3521
1393,3522
1393,3523
1393,3524
1394,1389
1394,1390
1394,1391
1394,1392
1394,1393
1394,1394
1394,1395
1394,1396
1394,1397
1394,3519
1394,3520
1394,3521
1394,3522
1394,3523
1394,3524
1395,1392
1395,1393
1395,1394
1395,1395
1395,1396
1395,1397
1395,1398
1395,1399
1395,1400
1395,3360
1395,3361
1395,3362
1395,3519
1395,3520
1395,3521
1396,1392
1396,1393
1396,1394
1396,1395
1396,1396
1396,1397
1396,1398
1396,1399
1396,1400
1396,3360
1396,3361
1396,3362
1396,3519
1396,3520
1396,3521
1397,1392
1397,1393
1397,1394
1397,1395
1397,1396
1397,1397
1397,1398
1397,1399
1397,1400
1397,3360
1397,3361
1397,3362
1397,3519
1397,3520
1397,3521
1398,1395
1398,1396
1398,1397
1398,1398
1398,1399
1398,1400
1398,1401
1398,1402
1398,1403
1398,3360
1398,3361
1398,3362
1398,3411
1398,3412
1398,3413
1399,1395
1399,1396
1399,1397
1399,1398
1399,1399
1399,1400
1399,1401
1399,1402
1399,1403
1399,3360
1399,3361
1399,3362
1399,3411
1399,3412
1399,3413
1400,1395
1400,1396
1400,1397
1400,1398
1400,1399
1400,1400
1400,1401
1400,1402
1400,1403
1400,3360
1400,3361
1400,3362
1400,3411
1400,3412
1400,3413
1401,1398
1401,1399
1401,1400
1401,1401
1401,1402
1401,1403
1401,1404
1401,1405
1401,1406
1401,3399
1401,3400
1401,3401
1401,3411
1401,3412
1401,3413
1402,1398
1402,1399
1402,1400
1402,1401
1402,1402
1402,1403
1402,1404
1402,1405
1402,1406
1402,3399
1402,3400
1402,3401
1402,3411
1402,3412
1402,3413
1403,1398
1403,1399
1403,1400
1403,1401
1403,1402
1403,1403
1403,1404
1403,1405
1403,1406
1403,3399
1403,3400
1403,3401
1403,3411
1403,3412
1403,3413
1404,1401
1404,1402
1404,1403
1404,1404
1404,1405
1404,1406
1404,1407
1404,1408
1404,1409
1404,3399
1404,3400
1404,3401
1404,3426
1404,3427
1404,3428
1405,1401
1405,1402
1405,1403
1405,1404
1405,1405
1405,1406
1405,1407
1405,1408
1405,1409
1405,3399
1405,3400
1405,3401
1405,3426
1405,3427
1405,3428
1406,1401
1406,1402
1406,1403
1406,1404
1406,1405
1406,1406
1406,1407
1406,1408
1406,1409
1406,3399
1406,3400
1406,3401
1406,3426
1406,3427
1406,3428
1407,1404
1407,1405
1407,1406
1407,1407
1407,1408
1407,1409
1407,1410
1407,1411
1407,1412
1407,3423
1407,3424
1407,3425
1407,3426
1407,3427
1407,3428
1408,1404
1408,1405
1408,1406
1408,1407
1408,1408
1408,1409
1408,1410
1408,1411
1408,1412
1408,3423
1408,3424
1408,3425
1408,3426
1408,3427
1408,3428
1409,1404
1409,1405
1409,1406
1409,1407
1409,1408
1409,1409
1409,1410
1409,1411
1409,1412
1409,3423
1409,3424
1409,3425
1409,3426
1409,3427
1409,3428
1410,1407
1410,1408
1410,1409
1410,1410
1410,1411
1410,1412
1410,1413
1410,1414
1410,1415
1410,2673
1410,2674
1410,2675
1410,3423
1410,3424
1410,3425
1411,1407
1411,1408
1411,1409
1411,1410
1411,1411
1411,1412
1411,1413
1411,1414
1411,1415
1411,2673
1411,2674
1411,2675
1411,3423
1411,3424
1411,3425
1412,1407
1412,1408
1412,1409
1412,1410
1412,1411
1412,1412
1412,1413
1412,1414
1412,1415
1412,2673
1412,2674
1412,2675
1412,3423
1412,3424
1412,3425
1413,1410
1413,1411
1413,1412
1413,1413
1413,1414
1413,1415
1413,1416
1413,1417
1413,1418
1413,2673
1413,2674
1413,2675
1413,3120
1413,3121
1413,3122
1414,1410
1414,1411
1414,1412
1414,1413
1414,1414
1414,1415
1414,1416
1414,1417
1414,1418
1414,2673
1414,2674
1414,2675
1414,3120
1414,3121
1414,3122
1415,1410
1415,1411
1415,1412
1415,1413
1415,1414
1415,1415
1415,1416
1415,1417
1415,1418
1415,2673
1415,2674
1415,2675
1415,3120
1415,3121
1415,3122
1416,1413
1416,1414
1416,1415
1416,1416
1416,1417
1416,1418
1416,1419
1416,1420
1416,1421
1416,3117
1416,3118
1416,3119
1416,3120
1416,3121
1416,3122
1417,1413
1417,1414
1417,1415
1417,1416
1417,1417
1417,1418
1417,1419
1417,1420
1417,1421
1417,3117
1417,3118
1417,3119
1417,3120
1417,3121
1417,3122
1418,1413
1418,1414
1418,1415
1418,1416
1418,1417
1418,1418
1418,1419
1418,1420
1418,1421
1418,3117
1418,3118
1418,3119
1418,3120
1418,3121
1418,3122
1419,1416
1419,1417
1419,1418
1419,1419
1419,1420
1419,1421
1419,1422
1419,1423
1419,1424
1419,3102
1419,3103
1419,3104
1419,3117
1419,3118
1419,3119
1420,1416
1420,1417
1420,1418
1420,1419
1420,1420
1420,1421
1420,1422
1420,1423
1420,1424
1420,3102
1420,3103
1420,3104
1420,3117
1420,3118
1420,3119
1421,1416
1421,1417
1421,1418
1421,1419
1421,1420
1421,1421
1421,1422
1421,1423
1421,1424
1421,3102
1421,3103
1421,3104
1421,3117
1421,3118
1421,3119
1422,1419
1422,1420
1422,1421
1422,1422
1422,1423
1422,1424
1422,1425
1422,1426
1422,1427
1422,3102
1422,3103
1422,3104
1422,3144
1422,3145
1422,3146
1423,1419
1423,1420
1423,1421
1423,1422
1423,1423
1423,1424
1423,1425
1423,1426
1423,1427
1423,3102
1423,3103
1423,3104
1423,3144
1423,3145
1423,3146
1424,1419
1424,1420
1424,1421
1424,1422
1424,1423
1424,1424
1424,1425
1424,1426
1424,1427
1424,3102
1424,3103
1424,3104
1424,3144
1424,3145
1424,3146
1425,1422
1425,1423
1425,1424
1425,1425
1425,1426
1425,1427
1425,1428
1425,1429
1425,1430
1425,3138
1425,3139
1425,3140
1425,3144
1425,3145
1425,3146
1426,1422
1426,1423
1426,1424
1426,1425
1426,1426
1426,1427
1426,1428
1426,1429
1426,1430
1426,3138
1426,3139
1426,3140
1426,3144
1426,3145
1426,3146
1427,1422
1427,1423
1427,1424
1427,1425
1427,1426
1427,1427
1427,1428
1427,1429
1427,1430
1427,3138
1427,3139
1427,3140
1427,3144
1427,3145
1427,3146
1428,1425
1428,1426
1428,1427
1428,1428
1428,1429
1428,1430
1428,1431
1428,1432
1428,1433
1428,3138
1428,3139
1428,3140
1428,3141
1428,3142
1428,3143
1429,1425
1429,1426
1429,1427
1429,1428
1429,1429
1429,1430
1429,1431
1429,1432
1429,1433
1429,3138
1429,3139
1429,3140
1429,3141
1429,3142
1429,3143
1430,1425
1430,1426
1430,1427
1430,1428
1430,1429
1430,1430
1430,1431
1430,1432
1430,1433
1430,3138
1430,3139
1430,3140
1430,3141
1430,3142
1430,3143
1431,1428
1431,1429
1431,1430
1431,1431
1431,1432
1431,1433
1431,1434
1431,1435
1431,1436
1431,2913
1431,2914
1431,2915
1431,3141
1431,3142
1431,3143
1432,1428
1432,1429
1432,1430
1432,1431
1432,1432
1432,1433
1432,1434
1432,1435
1432,1436
1432,2913
1432,2914
1432,2915
1432,3141
1432,3142
1432,3143
1433,1428
1433,1429
1433,1430
1433,1431
1433,1432
1433,1433
1433,1434
1433,1435
1433,1436
1433,2913
1433,2914
1433,2915
1433,3141
1433,3142
1433,3143
1434,1431
1434,1432
1434,1433
1434,1434
1434,1435
1434,1436
1434,1437
1434,1438
1434,1439
1434,2913
1434,2914
1434,2915
1434,3042
1434,3043
1434,3044
1435,1431
1435,1432
1435,1433
1435,1434
1435,1435
1435,1436
1435,1437
1435,1438
1435,1439
1435,2913
1435,2914
1435,2915
1435,3042
1435,3043
1435,3044
1436,1431
1436,1432
1436,1433
1436,1434
1436,1435
1436,1436
1436,1437
1436,1438
1436,1439
1436,2913
1436,2914
1436,2915
1436,3042
1436,3043
1436,3044
1437,1434
1437,1435
1437,1436
1437,1437
1437,1438
1437,1439
1437,1440
1437,1441
1437,1442
1437,3039
1437,3040
1437,3041
1437,3042
1437,3043
1437,3044
1438,1434
1438,1435
1438,1436
1438,1437
1438,1438
1438,1439
1438,1440
1438,1441
1438,1442
1438,3039
1438,3040
1438,3041
1438,3042
1438,3043
1438,3044
1439,1434
1439,1435
1439,1436
1439,1437
1439,1438
1439,1439
1439,1440
1439,1441
1439,1442
1439,3039
1439,3040
1439,3041
1439,3042
1439,3043
1439,3044
1440,1437
1440,1438
1440,1439
1440,1440
1440,1441
1440,1442
1440,1443
1440,1444
1440,1445
1440,3039
1440,3040
1440,3041
1440,3045
1440,3046
1440,3047
1441,1437
1441,1438
1441,1439
1441,1440
1441,1441
1441,1442
1441,1443
1441,1444
1441,1445
1441,3039
1441,3040
1441,3041
1441,3045
1441,3046
1441,3047
1442,1437
1442,1438
1442,1439
1442,1440
1442,1441
1442,1442
1442,1443
1442,1444
1442,1445
1442,3039
1442,3040
1442,3041
1442,3045
1442,3046
1442,3047
1443,1440
1443,1441
1443,1442
1443,1443
1443,1444
1443,1445
1443,1446
1443,1447
1443,1448
1443,2979
1443,2980
1443,2981
1443,3045
1443,3046
1443,3047
1444,1440
1444,1441
1444,1442
1444,1443
1444,1444
1444,1445
1444,1446
1444,1447
1444,1448
1444,2979
1444,2980
1444,2981
1444,3045
1444,3046
1444,3047
1445,1440
1445,1441
1445,1442
1445,1443
1445,1444
1445,1445
1445,1446
1445,1447
1445,1448
1445,2979
1445,2980
1445,2981
1445,3045
1445,3046
1445,3047
1446,1443
1446,1444
1446,1445
1446,1446
1446,1447
1446,1448
1446,1449
1446,1450
1446,1451
1446,2979
1446,2980
1446,2981
1446,3018
1446,3019
1446,3020
1447,1443
1447,1444
1447,1445
1447,1446
1447,1447
1447,1448
1447,1449
1447,1450
1447,1451
1447,2979
1447,2980
1447,2981
1447,3018
1447,3019
1447,3020
1448,1443
1448,1444
1448,1445
1448,1446
1448,1447
1448,1448
1448,1449
1448,1450
1448,1451
1448,2979
1448,2980
1448,2981
1448,3018
1448,3019
1448,3020
1449,1446
1449,1447
1449,1448
1449,1449
1449,1450
1449,1451
1449,1452
1449,1453
1449,1454
1449,2988
1449,2989
1449,2990
1449,3018
1449,3019
1449,3020
1450,1446
1450,1447
1450,1448
1450,1449
1450,1450
1450,1451
1450,1452
1450,1453
1450,1454
1450,2988
1450,2989
1450,2990
1450,3018
1450,3019
1450,3020
1451,1446
1451,1447
1451,1448
1451,1449
1451,1450
1451,1451
1451,1452
1451,1453
1451,1454
1451,2988
1451,2989
1451,2990
1451,3018
1451,3019
1451,3020
1452,1449
1452,1450
1452,1451
1452,1452
1452,1453
1452,1454
1452,1455
1452,1456
1452,1457
1452,2988
1452,2989
1452,2990
1452,3009
1452,3010
1452,3011
1453,1449
1453,1450
1453,1451
1453,1452
1453,1453
1453,1454
1453,1455
1453,1456
1453,1457
1453,2988
1453,2989
1453,2990
1453,3009
1453,3010
1453,3011
1454,1449
1454,1450
1454,1451
1454,1452
1454,1453
1454,1454
1454,1455
1454,1456
1454,1457
1454,2988
1454,2989
1454,2990
1454,3009
1454,3010
1454,3011
1455,1452
1455,1453
1455,1454
1455,1455
1455,1456
1455,1457
1455,1458
1455,1459
1455,1460
1455,3003
1455,3004
1455,3005
1455,3009
1455,3010
1455,3011
1456,1452
1456,1453
1456,1454
1456,1455
1456,1456
1456,1457
1456,1458
1456,1459
1456,1460
1456,3003
1456,3004
1456,3005
1456,3009
1456,3010
1456,3011
1457,1452
1457,1453
1457,1454
1457,1455
1457,1456
1457,1457
1457,1458
1457,1459
1457,1460
1457,3003
1457,3004
1457,3005
1457,3009
1457,3010
1457,3011
1458,1053
1458,1054
1458,1055
1458,1455
1458,1456
1458,1457
1458,1458
1458,1459
1458,1460
1458,3003
1458,3004
1458,3005
1458,3006
1458,3007
1458,3008
1459,1053
1459,1054
1459,1055
1459,1455
1459,1456
1459,1457
1459,1458
1459,1459
1459,1460
1459,3003
1459,3004
1459,3005
1459,3006
1459,3007
1459,3008
1460,1053
1460,1054
1460,1055
1460,1455
1460,1456
1460,1457
1460,1458
1460,1459
1460,1460
1460,3003
1460,3004
1460,3005
1460,3006
1460,3007
1460,3008
1461,1377
1461,1378
1461,1379
1461,1380
1461,1381
1461,1382
1461,1461
1461,1462
1461,1463
1461,1464
1461,1465
1461,1466
1461,2460
1461,2461
1461,2462
1461,2472
1461,2473
1461,2474
1461,3504
1461,3505
1461,3506
1462,1377
1462,1378
1462,1379
1462,1380
1462,1381
1462,1382
1462,1461
1462,1462
1462,1463
1462,1464
1462,1465
1462,1466
1462,2460
1462,2461
1462,2462
1462,2472
1462,2473
1462,2474
1462,3504
1462,3505
1462,3506
1463,1377
1463,1378
1463,1379
1463,1380
1463,1381
1463,1382
1463,1461
1463,1462
1463,1463
1463,1464
1463,1465
1463,1466
1463,2460
1463,2461
1463,2462
1463,2472
1463,2473
1463,2474
1463,3504
1463,3505
1463,3506
1464,1461
1464,1462
1464,1463
1464,1464
1464,1465
1464,1466
1464,1467
1464,1468
1464,1469
1464,2460
1464,2461
1464,2462
1464,2466
1464,2467
1464,2468
1464,3498
1464,3499
1464,3500
1464,3504
1464,3505
1464,3506
1465,1461
1465,1462
1465,1463
1465,1464
1465,1465
1465,1466
1465,1467
1465,1468
1465,1469
1465,2460
1465,2461
1465,2462
1465,2466
1465,2467
1465,2468
1465,3498
1465,3499
1465,3500
1465,3504
1465,3505
1465,3506
1466,1461
1466,1462
1466,1463
1466,1464
1466,1465
1466,1466
1466,1467
1466,1468
1466,1469
1466,2460
1466,2461
1466,2462
1466,2466
1466,2467
1466,2468
1466,3498
1466,3499
1466,3500
1466,3504
1466,3505
1466,3506
1467,1464
1467,1465
1467,1466
1467,1467
1467,1468
1467,1469
1467,1470
1467,1471
1467,1472
1467,2442
1467,2443
1467,2444
1467,2466
1467,2467
1467,2468
1467,3498
1467,3499
1467,3500
1467,3510
1467,3511
1467,3512
1468,1464
1468,1465
1468,1466
1468,1467
1468,1468
1468,1469
1468,1470
1468,1471
1468,1472
1468,2442
1468,2443
1468,2444
1468,2466
1468,2467
1468,2468
1468,3498
1468,3499
1468,3500
1468,3510
1468,3511
1468,3512
1469,1464
1469,1465
1469,1466
1469,1467
1469,1468
1469,1469
1469,1470
1469,1471
1469,1472
1469,2442
1469,2443
1469,2444
1469,2466
1469,2467
1469,2468
1469,3498
1469,3499
1469,3500
1469,3510
1469,3511
1469,3512
1470,1467
1470,1468
1470,1469
1470,1470
1470,1471
1470,1472
1470,1473
1470,1474
1470,1475
1470,2442
1470,2443
1470,2444
1470,2451
1470,2452
1470,2453
1470,3435
1470,3436
1470,3437
1470,3510
1470,3511
1470,3512
1471,1467
1471,1468
1471,1469
1471,1470
1471,1471
1471,1472
1471,1473
1471,1474
1471,1475
1471,2442
1471,2443
1471,2444
1471,2451
1471,2452
1471,2453
1471,3435
1471,3436
1471,3437
1471,3510
1471,3511
1471,3512
1472,1467
1472,1468
1472,1469
1472,1470
1472,1471
1472,1472
1472,1473
1472,1474
1472,1475
1472,2442
1472,2443
1472,2444
1472,2451
1472,2452
1472,2453
1472,3435
1472,3436
1472,3437
1472,3510
1472,3511
1472,3512
1473,1470
1473,1471
1473,1472
1473,1473
1473,1474
1473,1475
1473,1476
1473,1477
1473,1478
1473,2451
1473,2452
1473,2453
1473,2454
1473,2455
1473,2456
1473,3435
1473,3436
1473,3437
1473,3480
1473,3481
1473,3482
1474,1470
1474,1471
1474,1472
1474,1473
1474,1474
1474,1475
1474,1476
1474,1477
1474,1478
1474,2451
1474,2452
1474,2453
1474,2454
1474,2455
1474,2456
1474,3435
1474,3436
1474,3437
1474,3480
1474,3481
1474,3482
1475,1470
1475,1471
1475,1472
1475,1473
1475,1474
1475,1475
1475,1476
1475,1477
1475,1478
1475,2451
1475,2452
1475,2453
1475,2454
1475,2455
1475,2456
1475,3435
1475,3436
1475,3437
1475,3480
1475,3481
1475,3482
1476,1473
1476,1474
1476,1475
1476,1476
1476,1477
1476,1478
1476,1479
1476,1480
1476,1481
1476,2403
1476,2404
1476,2405
1476,2454
1476,2455
1476,2456
1476,3468
1476,3469
1476,3470
1476,3474
1476,3475
1476,3476
1476,3480
1476,3481
1476,3482
1477,1473
1477,1474
1477,1475
1477,1476
1477,1477
1477,1478
1477,1479
1477,1480
1477,1481
1477,2403
1477,2404
1477,2405
1477,2454
1477,2455
1477,2456
1477,3468
1477,3469
1477,3470
1477,3474
1477,3475
1477,3476
1477,3480
1477,3481
1477,3482
1478,1473
1478,1474
1478,1475
1478,1476
1478,1477
1478,1478
1478,1479
1478,1480
1478,1481
1478,2403
1478,2404
1478,2405
1478,2454
1478,2455
1478,2456
1478,3468
1478,3469
1478,3470
1478,3474
1478,3475
1478,3476
1478,3480
1478,3481
1478,3482
1479,1476
1479,1477
1479,1478
1479,1479
1479,1480
1479,1481
1479,1482
1479,1483
1479,1484
1479,2403
1479,2404
1479,2405
1479,2580
1479,2581
1479,2582
1479,3156
1479,3157
1479,3158
1479,3474
1479,3475
1479,3476
1480,1476
1480,1477
1480,1478
1480,1479
1480,1480
1480,1481
1480,1482
1480,1483
1480,1484
1480,2403
1480,2404
1480,2405
1480,2580
1480,2581
1480,2582
1480,3156
1480,3157
1480,3158
1480,3474
1480,3475
1480,3476
1481,1476
1481,1477
1481,1478
1481,1479
1481,1480
1481,1481
1481,1482
1481,1483
1481,1484
1481,2403
1481,2404
1481,2405
1481,2580
1481,2581
1481,2582
1481,3156
1481,3157
1481,3158
1481,3474
1481,3475
1481,3476
1482,1479
1482,1480
1482,1481
1482,1482
1482,1483
1482,1484
1482,1485
1482,1486
1482,1487
1482,2568
1482,2569
1482,2570
1482,2580
1482,2581
1482,2582
1482,3156
1482,3157
1482,3158
1482,3231
1482,3232
1482,3233
1483,1479
1483,1480
1483,1481
1483,1482
1483,1483
1483,1484
1483,1485
1483,1486
1483,1487
1483,2568
1483,2569
1483,2570
1483,2580
1483,2581
1483,2582
1483,3156
1483,3157
1483,3158
1483,3231
1483,3232
1483,3233
1484,1479
1484,1480
1484,1481
1484,1482
1484,1483
1484,1484
1484,1485
1484,1486
1484,1487
1484,2568
1484,2569
1484,2570
1484,2580
1484,2581
1484,2582
1484,3156
1484,3157
1484,3158
1484,3231
1484,3232
1484,3233
1485,1482
1485,1483
1485,1484
1485,1485
1485,1486
1485,1487
1485,1488
1485,1489
1485,1490
1485,2568
1485,2569
1485,2570
1485,2574
1485,2575
1485,2576
1485,3225
1485,3226
1485,3227
1485,3231
1485,3232
1485,3233
1486,1482
1486,1483
1486,1484
1486,1485
1486,1486
1486,1487
1486,1488
1486,1489
1486,1490
1486,2568
1486,2569
1486,2570
1486,2574
1486,2575
1486,2576
1486,3225
1486,3226
1486,3227
1486,3231
1486,3232
1486,3233
1487,1482
1487,1483
1487,1484
1487,1485
1487,1486
1487,1487
1487,1488
1487,1489
1487,1490
1487,2568
1487,2569
1487,2570
1487,2574
1487,2575
1487,2576
1487,3225
1487,3226
1487,3227
1487,3231
1487,3232
1487,3233
1488,1485
1488,1486
1488,1487
1488,1488
1488,1489
1488,1490
1488,1491
1488,1492
1488,1493
1488,2550
1488,2551
1488,2552
1488,2574
1488,2575
1488,2576
1488,3210
1488,3211
1488,3212
1488,3225
1488,3226
1488,3227
1489,1485
1489,1486
1489,1487
1489,1488
1489,1489
1489,1490
1489,1491
1489,1492
1489,1493
1489,2550
1489,2551
1489,2552
1489,2574
1489,2575
1489,2576
1489,3210
1489,3211
1489,3212
1489,3225
1489,3226
1489,3227
1490,1485
1490,1486
1490,1487
1490,1488
1490,1489
1490,1490
1490,1491
1490,1492
1490,1493
1490,2550
1490,2551
1490,2552
1490,2574
1490,2575
1490,2576
1490,3210
1490,3211
1490,3212
1490,3225
1490,3226
1490,3227
1491,1488
1491,1489
1491,1490
1491,1491
1491,1492
1491,1493
1491,1494
1491,1495
1491,1496
1491,2550
1491,2551
1491,2552
1491,2559
1491,2560
1491,2561
1491,3210
1491,3211
1491,3212
1491,3267
1491,3268
1491,3269
1492,1488
1492,1489
1492,1490
1492,1491
1492,1492
1492,1493
1492,1494
1492,1495
1492,1496
1492,2550
1492,2551
1492,2552
1492,2559
1492,2560
1492,2561
1492,3210
1492,3211
1492,3212
1492,3267
1492,3268
1492,3269
1493,1488
1493,1489
1493,1490
1493,1491
1493,1492
1493,1493
1493,1494
1493,1495
1493,1496
1493,2550
1493,2551
1493,2552
1493,2559
1493,2560
1493,2561
1493,3210
1493,3211
1493,3212
1493,3267
1493,3268
1493,3269
1494,1491
1494,1492
1494,1493
1494,1494
1494,1495
1494,1496
1494,1497
1494,1498
1494,1499
1494,2559
1494,2560
1494,2561
1494,2562
1494,2563
1494,2564
1494,3255
1494,3256
1494,3257
1494,3267
1494,3268
1494,3269
1495,1491
1495,1492
1495,1493
1495,1494
1495,1495
1495,1496
1495,1497
1495,1498
1495,1499
1495,2559
1495,2560
1495,2561
1495,2562
1495,2563
1495,2564
1495,3255
1495,3256
1495,3257
1495,3267
1495,3268
1495,3269
1496,1491
1496,1492
1496,1493
1496,1494
1496,1495
1496,1496
1496,1497
1496,1498
1496,1499
1496,2559
1496,2560
1496,2561
1496,2562
1496,2563
1496,2564
1496,3255
1496,3256
1496,3257
1496,3267
1496,3268
1496,3269
1497,1152
1497,1153
1497,1154
1497,1155
1497,1156
1497,1157
1497,1494
1497,1495
1497,1496
1497,1497
1497,1498
1497,1499
1497,2562
1497,2563
1497,2564
1497,3255
1497,3256
1497,3257
1497,3261
1497,3262
1497,3263
1498,1152
1498,1153
1498,1154
1498,1155
1498,1156
1498,1157
1498,1494
1498,1495
1498,1496
1498,1497
1498,1498
1498,1499
1498,2562
1498,2563
1498,2564
1498,3255
1498,3256
1498,3257
1498,3261
1498,3262
1498,3263
1499,1152
1499,1153
1499,1154
1499,1155
1499,1156
1499,1157
1499,1494
1499,1495
1499,1496
1499,1497
1499,1498
1499,1499
1499,2562
1499,2563
1499,2564
1499,3255
1499,3256
1499,3257
1499,3261
1499,3262
1499,3263
1500,1335
1500,1336
1500,1337
1500,1338
1500,1339
1500,1340
1500,1500
1500,1501
1500,1502
1500,1503
1500,1504
1500,1505
1500,2073
1500,2074
1500,2075
1500,2076
1500,2077
1500,2078
1500,2328
1500,2329
1500,2330
1501,1335
1501,1336
1501,1337
1501,1338
1501,1339
1501,1340
1501,1500
1501,1501
1501,1502
1501,1503
1501,1504
1501,1505
1501,2073
1501,2074
1501,2075
1501,2076
1501,2077
1501,2078
1501,2328
1501,2329
1501,2330
1502,1335
1502,1336
1502,1337
1502,1338
1502,1339
1502,1340
1502,1500
1502,1501
1502,1502
1502,1503
1502,1504
1502,1505
1502,2073
1502,2074
1502,2075
1502,2076
1502,2077
1502,2078
1502,2328
1502,2329
1502,2330
1503,1500
1503,1501
1503,1502
1503,1503
1503,1504
1503,1505
1503,1506
1503,1507
1503,1508
1503,2046
1503,2047
1503,2048
1503,2076
1503,2077
1503,2078
1503,2325
1503,2326
1503,2327
1503,2328
1503,2329
1503,2330
1504,1500
1504,1501
1504,1502
1504,1503
1504,1504
1504,1505
1504,1506
1504,1507
1504,1508
1504,2046
1504,2047
1504,2048
1504,2076
1504,2077
1504,2078
1504,2325
1504,2326
1504,2327
1504,2328
1504,2329
1504,2330
1505,1500
1505,1501
1505,1502
1505,1503
1505,1504
1505,1505
1505,1506
1505,1507
1505,1508
1505,2046
1505,2047
1505,2048
1505,2076
1505,2077
1505,2078
1505,2325
1505,2326
1505,2327
1505,2328
1505,2329
1505,2330
1506,1503
1506,1504
1506,1505
1506,1506
1506,1507
1506,1508
1506,1509
1506,1510
1506,1511
1506,2046
1506,2047
1506,2048
1506,2094
1506,2095
1506,2096
1506,2316
1506,2317
1506,2318
1506,2325
1506,2326
1506,2327
1507,1503
1507,1504
1507,1505
1507,1506
1507,1507
1507,1508
1507,1509
1507,1510
1507,1511
1507,2046
1507,2047
1507,2048
1507,2094
1507,2095
1507,2096
1507,2316
1507,2317
1507,2318
1507,2325
1507,2326
1507,2327
1508,1503
1508,1504
1508,1505
1508,1506
1508,1507
1508,1508
1508,1509
1508,1510
1508,1511
1508,2046
1508,2047
1508,2048
1508,2094
1508,2095
1508,2096
1508,2316
1508,2317
1508,2318
1508,2325
1508,2326
1508,2327
1509,1506
1509,1507
1509,1508
1509,1509
1509,1510
1509,1511
1509,1512
1509,1513
1509,1514
1509,2088
1509,2089
1509,2090
1509,2094
1509,2095
1509,2096
1509,2316
1509,2317
1509,2318
1509,2340
1509,2341
1509,2342
1510,1506
1510,1507
1510,1508
1510,1509
1510,1510
1510,1511
1510,1512
1510,1513
1510,1514
1510,2088
1510,2089
1510,2090
1510,2094
1510,2095
1510,2096
1510,2316
1510,2317
1510,2318
1510,2340
1510,2341
1510,2342
1511,1506
1511,1507
1511,1508
1511,1509
1511,1510
1511,1511
1511,1512
1511,1513
1511,1514
1511,2088
1511,2089
1511,2090
1511,2094
1511,2095
1511,2096
1511,2316
1511,2317
1511,2318
1511,2340
1511,2341
1511,2342
1512,1509
1512,1510
1512,1511
1512,1512
1512,1513
1512,1514
1512,1515
1512,1516
1512,1517
1512,2088
1512,2089
1512,2090
1512,2091
1512,2092
1512,2093
1512,2334
1512,2335
1512,2336
1512,2340
1512,2341
1512,2342
1513,1509
1513,1510
1513,1511
1513,1512
1513,1513
1513,1514
1513,1515
1513,1516
1513,1517
1513,2088
1513,2089
1513,2090
1513,2091
1513,2092
1513,2093
1513,2334
1513,2335
1513,2336
1513,2340
1513,2341
1513,2342
1514,1509
1514,1510
1514,1511
1514,1512
1514,1513
1514,1514
1514,1515
1514,1516
1514,1517
1514,2088
1514,2089
1514,2090
1514,2091
1514,2092
1514,2093
1514,2334
1514,2335
1514,2336
1514,2340
1514,2341
1514,2342
1515,1512
1515,1513
1515,1514
1515,1515
1515,1516
1515,1517
1515,1518
1515,1519
1515,1520
1515,1872
1515,1873
1515,1874
1515,2091
1515,2092
1515,2093
1515,2334
1515,2335
1515,2336
1515,2346
1515,2347
1515,2348
1516,1512
1516,1513
1516,1514
1516,1515
1516,1516
1516,1517
1516,1518
1516,1519
1516,1520
1516,1872
1516,1873
1516,1874
1516,2091
1516,2092
1516,2093
1516,2334
1516,2335
1516,2336
1516,2346
1516,2347
1516,2348
1517,1512
1517,1513
1517,1514
1517,1515
1517,1516
1517,1517
1517,1518
1517,1519
1517,1520
1517,1872
1517,1873
1517,1874
1517,2091
1517,2092
1517,2093
1517,2334
1517,2335
1517,2336
1517,2346
1517,2347
1517,2348
1518,1515
1518,1516
1518,1517
1518,1518
1518,1519
1518,1520
1518,1521
1518,1522
1518,1523
1518,1872
1518,1873
1518,1874
1518,1959
1518,1960
1518,1961
1518,2154
1518,2155
1518,2156
1518,2346
1518,2347
1518,2348
1519,1515
1519,1516
1519,1517
1519,1518
1519,1519
1519,1520
1519,1521
1519,1522
1519,1523
1519,1872
1519,1873
1519,1874
1519,1959
1519,1960
1519,1961
1519,2154
1519,2155
1519,2156
1519,2346
1519,2347
1519,2348
1520,1515
1520,1516
1520,1517
1520,1518
1520,1519
1520,1520
1520,1521
1520,1522
1520,1523
1520,1872
1520,1873
1520,1874
1520,1959
1520,1960
1520,1961
1520,2154
1520,2155
1520,2156
1520,2346
1520,2347
1520,2348
1521,1518
1521,1519
1521,1520
1521,1521
1521,1522
1521,1523
1521,1524
1521,1525
1521,1526
1521,1959
1521,1960
1521,1961
1521,1962
1521,1963
1521,1964
1521,2154
1521,2155
1521,2156
1521,2220
1521,2221
1521,2222
1522,1518
1522,1519
1522,1520
1522,1521
1522,1522
1522,1523
1522,1524
1522,1525
1522,1526
1522,1959
1522,1960
1522,1961
1522,1962
1522,1963
1522,1964
1522,2154
1522,2155
1522,2156
1522,2220
1522,2221
1522,2222
1523,1518
1523,1519
1523,1520
1523,1521
1523,1522
1523,1523
1523,1524
1523,1525
1523,1526
1523,1959
1523,1960
1523,1961
1523,1962
1523,1963
1523,1964
1523,2154
1523,2155
1523,2156
1523,2220
1523,2221
1523,2222
1524,1521
1524,1522
1524,1523
1524,1524
1524,1525
1524,1526
1524,1527
1524,1528
1524,1529
1524,1935
1524,1936
1524,1937
1524,1962
1524,1963
1524,1964
1524,2208
1524,2209
1524,2210
1524,2214
1524,2215
1524,2216
1524,2220
1524,2221
1524,2222
1525,1521
1525,1522
1525,1523
1525,1524
1525,1525
1525,1526
1525,1527
1525,1528
1525,1529
1525,1935
1525,1936
1525,1937
1525,1962
1525,1963
1525,1964
1525,2208
1525,2209
1525,2210
1525,2214
1525,2215
1525,2216
1525,2220
1525,2221
1525,2222
1526,1521
1526,1522
1526,1523
1526,1524
1526,1525
1526,1526
1526,1527
1526,1528
1526,1529
1526,1935
1526,1936
1526,1937
1526,1962
1526,1963
1526,1964
1526,2208
1526,2209
1526,2210
1526,2214
1526,2215
1526,2216
1526,2220
1526,2221
1526,2222
1527,1524
1527,1525
1527,1526
1527,1527
1527,1528
1527,1529
1527,1530
1527,1531
1527,1532
1527,1935
1527,1936
1527,1937
1527,1977
1527,1978
1527,1979
1527,2190
1527,2191
1527,2192
1527,2214
1527,2215
1527,2216
1528,1524
1528,1525
1528,1526
1528,1527
1528,1528
1528,1529
1528,1530
1528,1531
1528,1532
1528,1935
1528,1936
1528,1937
1528,1977
1528,1978
1528,1979
1528,2190
1528,2191
1528,2192
1528,2214
1528,2215
1528,2216
1529,1524
1529,1525
1529,1526
1529,1527
1529,1528
1529,1529
1529,1530
1529,1531
1529,1532
1529,1935
1529,1936
1529,1937
1529,1977
1529,1978
1529,1979
1529,2190
1529,2191
1529,2192
1529,2214
1529,2215
1529,2216
1530,1527
1530,1528
1530,1529
1530,1530
1530,1531
1530,1532
1530,1533
1530,1534
1530,1535
1530,1974
1530,1975
1530,1976
1530,1977
1530,1978
1530,1979
1530,2190
1530,2191
1530,2192
1530,2196
1530,2197
1530,2198
1531,1527
1531,1528
1531,1529
1531,1530
1531,1531
1531,1532
1531,1533
1531,1534
1531,1535
1531,1974
1531,1975
1531,1976
1531,1977
1531,1978
1531,1979
1531,2190
1531,2191
1531,2192
1531,2196
1531,2197
1531,2198
1532,1527
1532,1528
1532,1529
1532,1530
1532,1531
1532,1532
1532,1533
1532,1534
1532,1535
1532,1974
1532,1975
1532,1976
1532,1977
1532,1978
1532,1979
1532,2190
1532,2191
1532,2192
1532,2196
1532,2197
1532,2198
1533,1197
1533,1198
1533,1199
1533,1200
1533,1201
1533,1202
1533,1530
1533,1531
1533,1532
1533,1533
1533,1534
1533,1535
1533,1974
1533,1975
1533,1976
1533,2196
1533,2197
1533,2198
1533,2199
1533,2200
1533,2201
1534,1197
1534,1198
1534,1199
1534,1200
1534,1201
1534,1202
1534,1530
1534,1531
1534,1532
1534,1533
1534,1534
1534,1535
1534,1974
1534,1975
1534,1976
1534,2196
1534,2197
1534,2198
1534,2199
1534,2200
1534,2201
1535,1197
1535,1198
1535,1199
1535,1200
1535,1201
1535,1202
1535,1530
1535,1531
1535,1532
1535,1533
1535,1534
1535,1535
1535,1974
1535,1975
1535,1976
1535,2196
1535,2197
1535,2198
1535,2199
1535,2200
1535,2201
1536,1314
1536,1315
1536,1316
1536,1317
1536,1318
1536,1319
1536,1536
1536,1537
1536,1538
1536,1539
1536,1540
1536,1541
1536,1836
1536,1837
1536,1838
1536,1839
1536,1840
1536,1841
1536,2040
1536,2041
1536,2042
1537,1314
1537,1315
1537,1316
1537,1317
1537,1318
1537,1319
1537,1536
1537,1537
1537,1538
1537,1539
1537,1540
1537,1541
1537,1836
1537,1837
1537,1838
1537,1839
1537,1840
1537,1841
1537,2040
1537,2041
1537,2042
1538,1314
1538,1315
1538,1316
1538,1317
1538,1318
1538,1319
1538,1536
1538,1537
1538,1538
1538,1539
1538,1540
1538,1541
1538,1836
1538,1837
1538,1838
1538,1839
1538,1840
1538,1841
1538,2040
1538,2041
1538,2042
1539,1536
1539,1537
1539,1538
1539,1539
1539,1540
1539,1541
1539,1542
1539,1543
1539,1544
1539,1830
1539,1831
1539,1832
1539,1836
1539,1837
1539,1838
1539,2028
1539,2029
1539,2030
1539,2034
1539,2035
1539,2036
1539,2040
1539,2041
1539,2042
1540,1536
1540,1537
1540,1538
1540,1539
1540,1540
1540,1541
1540,1542
1540,1543
1540,1544
1540,1830
1540,1831
1540,1832
1540,1836
1540,1837
1540,1838
1540,2028
1540,2029
1540,2030
1540,2034
1540,2035
1540,2036
1540,2040
1540,2041
1540,2042
1541,1536
1541,1537
1541,1538
1541,1539
1541,1540
1541,1541
1541,1542
1541,1543
1541,1544
1541,1830
1541,1831
1541,1832
1541,1836
1541,1837
1541,1838
1541,2028
1541,2029
1541,2030
1541,2034
1541,2035
1541,2036
1541,2040
1541,2041
1541,2042
1542,1539
1542,1540
1542,1541
1542,1542
1542,1543
1542,1544
1542,1545
1542,1546
1542,1547
1542,1830
1542,1831
1542,1832
1542,1848
1542,1849
1542,1850
1542,2010
1542,2011
1542,2012
1542,2034
1542,2035
1542,2036
1543,1539
1543,1540
1543,1541
1543,1542
1543,1543
1543,1544
1543,1545
1543,1546
1543,1547
1543,1830
1543,1831
1543,1832
1543,1848
1543,1849
1543,1850
1543,2010
1543,2011
1543,2012
1543,2034
1543,2035
1543,2036
1544,1539
1544,1540
1544,1541
1544,1542
1544,1543
1544,1544
1544,1545
1544,1546
1544,1547
1544,1830
1544,1831
1544,1832
1544,1848
1544,1849
1544,1850
1544,2010
1544,2011
1544,2012
1544,2034
1544,2035
1544,2036
1545,1542
1545,1543
1545,1544
1545,1545
1545,1546
1545,1547
1545,1548
1545,1549
1545,1550
1545,1848
1545,1849
1545,1850
1545,1851
1545,1852
1545,1853
1545,2010
1545,2011
1545,2012
1545,2016
1545,2017
1545,2018
1546,1542
1546,1543
1546,1544
1546,1545
1546,1546
1546,1547
1546,1548
1546,1549
1546,1550
1546,1848
1546,1849
1546,1850
1546,1851
1546,1852
1546,1853
1546,2010
1546,2011
1546,2012
1546,2016
1546,2017
1546,2018
1547,1542
1547,1543
1547,1544
1547,1545
1547,1546
1547,1547
1547,1548
1547,1549
1547,1550
1547,1848
1547,1849
1547,1850
1547,1851
1547,1852
1547,1853
1547,2010
1547,2011
1547,2012
1547,2016
1547,2017
1547,2018
1548,1545
1548,1546
1548,1547
1548,1548
1548,1549
1548,1550
1548,1551
1548,1552
1548,1553
1548,1590
1548,1591
1548,1592
1548,1851
1548,1852
1548,1853
1548,2016
1548,2017
1548,2018
1548,2019
1548,2020
1548,2021
1549,1545
1549,1546
1549,1547
1549,1548
1549,1549
1549,1550
1549,1551
1549,1552
1549,1553
1549,1590
1549,1591
1549,1592
1549,1851
1549,1852
1549,1853
1549,2016
1549,2017
1549,2018
1549,2019
1549,2020
1549,2021
1550,1545
1550,1546
1550,1547
1550,1548
1550,1549
1550,1550
1550,1551
1550,1552
1550,1553
1550,1590
1550,1591
1550,1592
1550,1851
1550,1852
1550,1853
1550,2016
1550,2017
1550,2018
1550,2019
1550,2020
1550,2021
1551,1548
1551,1549
1551,1550
1551,1551
1551,1552
1551,1553
1551,1554
1551,1555
1551,1556
1551,1590
1551,1591
1551,1592
1551,1707
1551,1708
1551,1709
1551,1854
1551,1855
1551,1856
1551,2019
1551,2020
1551,2021
1552,1548
1552,1549
1552,1550
1552,1551
1552,1552
1552,1553
1552,1554
1552,1555
1552,1556
1552,1590
1552,1591
1552,1592
1552,1707
1552,1708
1552,1709
1552,1854
1552,1855
1552,1856
1552,2019
1552,2020
1552,2021
1553,1548
1553,1549
1553,1550
1553,1551
1553,1552
1553,1553
1553,1554
1553,1555
1553,1556
1553,1590
1553,1591
1553,1592
1553,1707
1553,1708
1553,1709
1553,1854
1553,1855
1553,1856
1553,2019
1553,2020
1553,2021
1554,1551
1554,1552
1554,1553
1554,1554
1554,1555
1554,1556
1554,1557
1554,1558
1554,1559
1554,1707
1554,1708
1554,1709
1554,1713
1554,1714
1554,1715
1554,1854
1554,1855
1554,1856
1554,1914
1554,1915
1554,1916
1555,1551
1555,1552
1555,1553
1555,1554
1555,1555
1555,1556
1555,1557
1555,1558
1555,1559
1555,1707
1555,1708
1555,1709
1555,1713
1555,1714
1555,1715
1555,1854
1555,1855
1555,1856
1555,1914
1555,1915
1555,1916
1556,1551
1556,1552
1556,1553
1556,1554
1556,1555
1556,1556
1556,1557
1556,1558
1556,1559
1556,1707
1556,1708
1556,1709
1556,1713
1556,1714
1556,1715
1556,1854
1556,1855
1556,1856
1556,1914
1556,1915
1556,1916
1557,1554
1557,1555
1557,1556
1557,1557
1557,1558
1557,1559
1557,1560
1557,1561
1557,1562
1557,1677
1557,1678
1557,1679
1557,1713
1557,1714
1557,1715
1557,1911
1557,1912
1557,1913
1557,1914
1557,1915
1557,1916
1558,1554
1558,1555
1558,1556
1558,1557
1558,1558
1558,1559
1558,1560
1558,1561
1558,1562
1558,1677
1558,1678
1558,1679
1558,1713
1558,1714
1558,1715
1558,1911
1558,1912
1558,1913
1558,1914
1558,1915
1558,1916
1559,1554
1559,1555
1559,1556
1559,1557
1559,1558
1559,1559
1559,1560
1559,1561
1559,1562
1559,1677
1559,1678
1559,1679
1559,1713
1559,1714
1559,1715
1559,1911
1559,1912
1559,1913
1559,1914
1559,1915
1559,1916
1560,1557
1560,1558
1560,1559
1560,1560
1560,1561
1560,1562
1560,1563
1560,1564
1560,1565
1560,1677
1560,1678
1560,1679
1560,1734
1560,1735
1560,1736
1560,1896
1560,1897
1560,1898
1560,1911
1560,1912
1560,1913
1561,1557
1561,1558
1561,1559
1561,1560
1561,1561
1561,1562
1561,1563
1561,1564
1561,1565
1561,1677
1561,1678
1561,1679
1561,1734
1561,1735
1561,1736
1561,1896
1561,1897
1561,1898
1561,1911
1561,1912
1561,1913
1562,1557
1562,1558
1562,1559
1562,1560
1562,1561
1562,1562
1562,1563
1562,1564
1562,1565
1562,1677
1562,1678
1562,1679
1562,1734
1562,1735
1562,1736
1562,1896
1562,1897
1562,1898
1562,1911
1562,1912
1562,1913
1563,1560
1563,1561
1563,1562
1563,1563
1563,1564
1563,1565
1563,1566
1563,1567
1563,1568
1563,1728
1563,1729
1563,1730
1563,1734
1563,1735
1563,1736
1563,1896
1563,1897
1563,1898
1563,1932
1563,1933
1563,1934
1564,1560
1564,1561
1564,1562
1564,1563
1564,1564
1564,1565
1564,1566
1564,1567
1564,1568
1564,1728
1564,1729
1564,1730
1564,1734
1564,1735
1564,1736
1564,1896
1564,1897
1564,1898
1564,1932
1564,1933
1564,1934
1565,1560
1565,1561
1565,1562
1565,1563
1565,1564
1565,1565
1565,1566
1565,1567
1565,1568
1565,1728
1565,1729
1565,1730
1565,1734
1565,1735
1565,1736
1565,1896
1565,1897
1565,1898
1565,1932
1565,1933
1565,1934
1566,1224
1566,1225
1566,1226
1566,1227
1566,1228
1566,1229
1566,1563
1566,1564
1566,1565
1566,1566
1566,1567
1566,1568
1566,1728
1566,1729
1566,1730
1566,1929
1566,1930
1566,1931
1566,1932
1566,1933
1566,1934
1567,1224
1567,1225
1567,1226
1567,1227
1567,1228
1567,1229
1567,1563
1567,1564
1567,1565
1567,1566
1567,1567
1567,1568
1567,1728
1567,1729
1567,1730
1567,1929
1567,1930
1567,1931
1567,1932
1567,1933
1567,1934
1568,1224
1568,1225
1568,1226
1568,1227
1568,1228
1568,1229
1568,1563
1568,1564
1568,1565
1568,1566
1568,1567
1568,1568
1568,1728
1568,1729
1568,1730
1568,1929
1568,1930
1568,1931
1568,1932
1568,1933
1568,1934
1569,1278
1569,1279
1569,1280
1569,1281
1569,1282
1569,1283
1569,1569
1569,1570
1569,1571
1569,1572
1569,1573
1569,1574
1569,1659
1569,1660
1569,1661
1569,1662
1569,1663
1569,1664
1569,1809
1569,1810
1569,1811
1569,1812
1569,1813
1569,1814
1570,1278
1570,1279
1570,1280
1570,1281
1570,1282
1570,1283
1570,1569
1570,1570
1570,1571
1570,1572
1570,1573
1570,1574
1570,1659
1570,1660
1570,1661
1570,1662
1570,1663
1570,1664
1570,1809
1570,1810
1570,1811
1570,1812
1570,1813
1570,1814
1571,1278
1571,1279
1571,1280
1571,1281
1571,1282
1571,1283
1571,1569
1571,1570
1571,1571
1571,1572
1571,1573
1571,1574
1571,1659
1571,1660
1571,1661
1571,1662
1571,1663
1571,1664
1571,1809
1571,1810
1571,1811
1571,1812
1571,1813
1571,1814
1572,1569
1572,1570
1572,1571
1572,1572
1572,1573
1572,1574
1572,1575
1572,1576
1572,1577
1572,1653
1572,1654
1572,1655
1572,1659
1572,1660
1572,1661
1572,1809
1572,1810
1572,1811
1572,1815
1572,1816
1572,1817
1573,1569
1573,1570
1573,1571
1573,1572
1573,1573
1573,1574
1573,1575
1573,1576
1573,1577
1573,1653
1573,1654
1573,1655
1573,1659
1573,1660
1573,1661
1573,1809
1573,1810
1573,1811
1573,1815
1573,1816
1573,1817
1574,1569
1574,1570
1574,1571
1574,1572
1574,1573
1574,1574
1574,1575
1574,1576
1574,1577
1574,1653
1574,1654
1574,1655
1574,1659
1574,1660
1574,1661
1574,1809
1574,1810
1574,1811
1574,1815
1574,1816
1574,1817
1575,1572
1575,1573
1575,1574
1575,1575
1575,1576
1575,1577
1575,1578
1575,1579
1575,1580
1575,1653
1575,1654
1575,1655
1575,1671
1575,1672
1575,1673
1575,1800
1575,1801
1575,1802
1575,1815
1575,1816
1575,1817
1576,1572
1576,1573
1576,1574
1576,1575
1576,1576
1576,1577
1576,1578
1576,1579
1576,1580
1576,1653
1576,1654
1576,1655
1576,1671
1576,1672
1576,1673
1576,1800
1576,1801
1576,1802
1576,1815
1576,1816
1576,1817
1577,1572
1577,1573
1577,1574
1577,1575
1577,1576
1577,1577
1577,1578
1577,1579
1577,1580
1577,1653
1577,1654
1577,1655
1577,1671
1577,1672
1577,1673
1577,1800
1577,1801
1577,1802
1577,1815
1577,1816
1577,1817
1578,1575
1578,1576
1578,1577
1578,1578
1578,1579
1578,1580
1578,1581
1578,1582
1578,1583
1578,1593
1578,1594
1578,1595
1578,1671
1578,1672
1578,1673
1578,1800
1578,1801
1578,1802
1578,1827
1578,1828
1578,1829
1579,1575
1579,1576
1579,1577
1579,1578
1579,1579
1579,1580
1579,1581
1579,1582
1579,1583
1579,1593
1579,1594
1579,1595
1579,1671
1579,1672
1579,1673
1579,1800
1579,1801
1579,1802
1579,1827
1579,1828
1579,1829
1580,1575
1580,1576
1580,1577
1580,1578
1580,1579
1580,1580
1580,1581
1580,1582
1580,1583
1580,1593
1580,1594
1580,1595
1580,1671
1580,1672
1580,1673
1580,1800
1580,1801
1580,1802
1580,1827
1580,1828
1580,1829
1581,1578
1581,1579
1581,1580
1581,1581
1581,1582
1581,1583
1581,1584
1581,1585
1581,1586
1581,1593
1581,1594
1581,1595
1581,1698
1581,1699
1581,1700
1581,1824
1581,1825
1581,1826
1581,1827
1581,1828
1581,1829
1582,1578
1582,1579
1582,1580
1582,1581
1582,1582
1582,1583
1582,1584
1582,1585
1582,1586
1582,1593
1582,1594
1582,1595
1582,1698
1582,1699
1582,1700
1582,1824
1582,1825
1582,1826
1582,1827
1582,1828
1582,1829
1583,1578
1583,1579
1583,1580
1583,1581
1583,1582
1583,1583
1583,1584
1583,1585
1583,1586
1583,1593
1583,1594
1583,1595
1583,1698
1583,1699
1583,1700
1583,1824
1583,1825
1583,1826
1583,1827
1583,1828
1583,1829
1584,1581
1584,1582
1584,1583
1584,1584
1584,1585
1584,1586
1584,1587
1584,1588
1584,1589
1584,1692
1584,1693
1584,1694
1584,1698
1584,1699
1584,1700
1584,1761
1584,1762
1584,1763
1584,1824
1584,1825
1584,1826
1585,1581
1585,1582
1585,1583
1585,1584
1585,1585
1585,1586
1585,1587
1585,1588
1585,1589
1585,1692
1585,1693
1585,1694
1585,1698
1585,1699
1585,1700
1585,1761
1585,1762
1585,1763
1585,1824
1585,1825
1585,1826
1586,1581
1586,1582
1586,1583
1586,1584
1586,1585
1586,1586
1586,1587
1586,1588
1586,1589
1586,1692
1586,1693
1586,1694
1586,1698
1586,1699
1586,1700
1586,1761
1586,1762
1586,1763
1586,1824
1586,1825
1586,1826
1587,1584
1587,1585
1587,1586
1587,1587
1587,1588
1587,1589
1587,1590
1587,1591
1587,1592
1587,1692
1587,1693
1587,1694
1587,1710
1587,1711
1587,1712
1587,1761
1587,1762
1587,1763
1587,1851
1587,1852
1587,1853
1588,1584
1588,1585
1588,1586
1588,1587
1588,1588
1588,1589
1588,1590
1588,1591
1588,1592
1588,1692
1588,1693
1588,1694
1588,1710
1588,1711
1588,1712
1588,1761
1588,1762
1588,1763
1588,1851
1588,1852
1588,1853
1589,1584
1589,1585
1589,1586
1589,1587
1589,1588
1589,1589
1589,1590
1589,1591
1589,1592
1589,1692
1589,1693
1589,1694
1589,1710
1589,1711
1589,1712
1589,1761
1589,1762
1589,1763
1589,1851
1589,1852
1589,1853
1590,1548
1590,1549
1590,1550
1590,1551
1590,1552
1590,1553
1590,1587
1590,1588
1590,1589
1590,1590
1590,1591
1590,1592
1590,1707
1590,1708
1590,1709
1590,1710
1590,1711
1590,1712
1590,1851
1590,1852
1590,1853
1591,1548
1591,1549
1591,1550
1591,1551
1591,1552
1591,1553
1591,1587
1591,1588
1591,1589
1591,1590
1591,1591
1591,1592
1591,1707
1591,1708
1591,1709
1591,1710
1591,1711
1591,1712
1591,1851
1591,1852
1591,1853
1592,1548
1592,1549
1592,1550
1592,1551
1592,1552
1592,1553
1592,1587
1592,1588
1592,1589
1592,1590
1592,1591
1592,1592
1592,1707
1592,1708
1592,1709
1592,1710
1592,1711
1592,1712
1592,1851
1592,1852
1592,1853
1593,1578
1593,1579
1593,1580
1593,1581
1593,1582
1593,1583
1593,1593
1593,1594
1593,1595
1593,1596
1593,1597
1593,1598
1593,1671
1593,1672
1593,1673
1593,1674
1593,1675
1593,1676
1593,1698
1593,1699
1593,1700
1594,1578
1594,1579
1594,1580
1594,1581
1594,1582
1594,1583
1594,1593
1594,1594
1594,1595
1594,1596
1594,1597
1594,1598
1594,1671
1594,1672
1594,1673
1594,1674
1594,1675
1594,1676
1594,1698
1594,1699
1594,1700
1595,1578
1595,1579
1595,1580
1595,1581
1595,1582
1595,1583
1595,1593
1595,1594
1595,1595
1595,1596
1595,1597
1595,1598
1595,1671
1595,1672
1595,1673
1595,1674
1595,1675
1595,1676
1595,1698
1595,1699
1595,1700
1596,1593
1596,1594
1596,1595
1596,1596
1596,1597
1596,1598
1596,1599
1596,1600
1596,1601
1596,1620
1596,1621
1596,1622
1596,1674
1596,1675
1596,1676
1596,1698
1596,1699
1596,1700
1596,1701
1596,1702
1596,1703
1597,1593
1597,1594
1597,1595
1597,1596
1597,1597
1597,1598
1597,1599
1597,1600
1597,1601
1597,1620
1597,1621
1597,1622
1597,1674
1597,1675
1597,1676
1597,1698
1597,1699
1597,1700
1597,1701
1597,1702
1597,1703
1598,1593
1598,1594
1598,1595
1598,1596
1598,1597
1598,1598
1598,1599
1598,1600
1598,1601
1598,1620
1598,1621
1598,1622
1598,1674
1598,1675
1598,1676
1598,1698
1598,1699
1598,1700
1598,1701
1598,1702
1598,1703
1599,1596
1599,1597
1599,1598
1599,1599
1599,1600
1599,1601
1599,1602
1599,1603
1599,1604
1599,1620
1599,1621
1599,1622
1599,1641
1599,1642
1599,1643
1599,1689
1599,1690
1599,1691
1599,1701
1599,1702
1599,1703
1600,1596
1600,1597
1600,1598
1600,1599
1600,1600
1600,1601
1600,1602
1600,1603
1600,1604
1600,1620
1600,1621
1600,1622
1600,1641
1600,1642
1600,1643
1600,1689
1600,1690
1600,1691
1600,1701
1600,1702
1600,1703
1601,1596
1601,1597
1601,1598
1601,1599
1601,1600
1601,1601
1601,1602
1601,1603
1601,1604
1601,1620
1601,1621
1601,1622
1601,1641
1601,1642
1601,1643
1601,1689
1601,1690
1601,1691
1601,1701
1601,1702
1601,1703
1602,1599
1602,1600
1602,1601
1602,1602
1602,1603
1602,1604
1602,1605
1602,1606
1602,1607
1602,1641
1602,1642
1602,1643
1602,1647
1602,1648
1602,1649
1602,1689
1602,1690
1602,1691
1602,1743
1602,1744
1602,1745
1603,1599
1603,1600
1603,1601
1603,1602
1603,1603
1603,1604
1603,1605
1603,1606
1603,1607
1603,1641
1603,1642
1603,1643
1603,1647
1603,1648
1603,1649
1603,1689
1603,1690
1603,1691
1603,1743
1603,1744
1603,1745
1604,1599
1604,1600
1604,1601
1604,1602
1604,1603
1604,1604
1604,1605
1604,1606
1604,1607
1604,1641
1604,1642
1604,1643
1604,1647
1604,1648
1604,1649
1604,1689
1604,1690
1604,1691
1604,1743
1604,1744
1604,1745
1605,1242
1605,1243
1605,1244
1605,1245
1605,1246
1605,1247
1605,1602
1605,1603
1605,1604
1605,1605
1605,1606
1605,1607
1605,1647
1605,1648
1605,1649
1605,1737
1605,1738
1605,1739
1605,1743
1605,1744
1605,1745
1606,1242
1606,1243
1606,1244
1606,1245
1606,1246
1606,1247
1606,1602
1606,1603
1606,1604
1606,1605
1606,1606
1606,1607
1606,1647
1606,1648
1606,1649
1606,1737
1606,1738
1606,1739
1606,1743
1606,1744
1606,1745
1607,1242
1607,1243
1607,1244
1607,1245
1607,1246
1607,1247
1607,1602
1607,1603
1607,1604
1607,1605
1607,1606
1607,1607
1607,1647
1607,1648
1607,1649
1607,1737
1607,1738
1607,1739
1607,1743
1607,1744
1607,1745
1608,1269
1608,1270
1608,1271
1608,1272
1608,1273
1608,1274
1608,1608
1608,1609
1608,1610
1608,1611
1608,1612
1608,1613
1608,1629
1608,1630
1608,1631
1608,1665
1608,1666
1608,1667
1609,1269
1609,1270
1609,1271
1609,1272
1609,1273
1609,1274
1609,1608
1609,1609
1609,1610
1609,1611
1609,1612
1609,1613
1609,1629
1609,1630
1609,1631
1609,1665
1609,1666
1609,1667
1610,1269
1610,1270
1610,1271
1610,1272
1610,1273
1610,1274
1610,1608
1610,1609
1610,1610
1610,1611
1610,1612
1610,1613
1610,1629
1610,1630
1610,1631
1610,1665
1610,1666
1610,1667
1611,1608
1611,1609
1611,1610
1611,1611
1611,1612
1611,1613
1611,1614
1611,1615
1611,1616
1611,1629
1611,1630
1611,1631
1611,1635
1611,1636
1611,1637
1611,1665
1611,1666
1611,1667
1611,1668
1611,1669
1611,1670
1612,1608
1612,1609
1612,1610
1612,1611
1612,1612
1612,1613
1612,1614
1612,1615
1612,1616
1612,1629
1612,1630
1612,1631
1612,1635
1612,1636
1612,1637
1612,1665
1612,1666
1612,1667
1612,1668
1612,1669
1612,1670
1613,1608
1613,1609
1613,1610
1613,1611
1613,1612
1613,1613
1613,1614
1613,1615
1613,1616
1613,1629
1613,1630
1613,1631
1613,1635
1613,1636
1613,1637
1613,1665
1613,1666
1613,1667
1613,1668
1613,1669
1613,1670
1614,1611
1614,1612
1614,1613
1614,1614
1614,1615
1614,1616
1614,1617
1614,1618
1614,1619
1614,1623
1614,1624
1614,1625
1614,1635
1614,1636
1614,1637
1614,1656
1614,1657
1614,1658
1614,1668
1614,1669
1614,1670
1615,1611
1615,1612
1615,1613
1615,1614
1615,1615
1615,1616
1615,1617
1615,1618
1615,1619
1615,1623
1615,1624
1615,1625
1615,1635
1615,1636
1615,1637
1615,1656
1615,1657
1615,1658
1615,1668
1615,1669
1615,1670
1616,1611
1616,1612
1616,1613
1616,1614
1616,1615
1616,1616
1616,1617
1616,1618
1616,1619
1616,1623
1616,1624
1616,1625
1616,1635
1616,1636
1616,1637
1616,1656
1616,1657
1616,1658
1616,1668
1616,1669
1616,1670
1617,1614
1617,1615
1617,1616
1617,1617
1617,1618
1617,1619
1617,1620
1617,1621
1617,1622
1617,1623
1617,1624
1617,1625
1617,1644
1617,1645
1617,1646
1617,1656
1617,1657
1617,1658
1617,1674
1617,1675
1617,1676
1618,1614
1618,1615
1618,1616
1618,1617
1618,1618
1618,1619
1618,1620
1618,1621
1618,1622
1618,1623
1618,1624
1618,1625
1618,1644
1618,1645
1618,1646
1618,1656
1618,1657
1618,1658
1618,1674
1618,1675
1618,1676
1619,1614
1619,1615
1619,1616
1619,1617
1619,1618
1619,1619
1619,1620
1619,1621
1619,1622
1619,1623
1619,1624
1619,1625
1619,1644
1619,1645
1619,1646
1619,1656
1619,1657
1619,1658
1619,1674
1619,1675
1619,1676
1620,1596
1620,1597
1620,1598
1620,1599
1620,1600
1620,1601
1620,1617
1620,1618
1620,1619
1620,1620
1620,1621
1620,1622
1620,1641
1620,1642
1620,1643
1620,1644
1620,1645
1620,1646
1620,1674
1620,1675
1620,1676
1621,1596
1621,1597
1621,1598
1621,1599
1621,1600
1621,1601
1621,1617
1621,1618
1621,1619
1621,1620
1621,1621
1621,1622
1621,1641
1621,1642
1621,1643
1621,1644
1621,1645
1621,1646
1621,1674
1621,1675
1621,1676
1622,1596
1622,1597
1622,1598
1622,1599
1622,1600
1622,1601
1622,1617
1622,1618
1622,1619
1622,1620
1622,1621
1622,1622
1622,1641
1622,1642
1622,1643
1622,1644
1622,1645
1622,1646
1622,1674
1622,1675
1622,1676
1623,1614
1623,1615
1623,1616
1623,1617
1623,1618
1623,1619
1623,1623
1623,1624
1623,1625
1623,1626
1623,1627
1623,1628
1623,1635
1623,1636
1623,1637
1623,1638
1623,1639
1623,1640
1623,1644
1623,1645
1623,1646
1624,1614
1624,1615
1624,1616
1624,1617
1624,1618
1624,1619
1624,1623
1624,1624
1624,1625
1624,1626
1624,1627
1624,1628
1624,1635
1624,1636
1624,1637
1624,1638
1624,1639
1624,1640
1624,1644
1624,1645
1624,1646
1625,1614
1625,1615
1625,1616
1625,1617
1625,1618
1625,1619
1625,1623
1625,1624
1625,1625
1625,1626
1625,1627
1625,1628
1625,1635
1625,1636
1625,1637
1625,1638
1625,1639
1625,1640
1625,1644
1625,1645
1625,1646
1626,1251
1626,1252
1626,1253
1626,1254
1626,1255
1626,1256
1626,1623
1626,1624
1626,1625
1626,1626
1626,1627
1626,1628
1626,1638
1626,1639
1626,1640
1626,1644
1626,1645
1626,1646
1626,1650
1626,1651
1626,1652
1627,1251
1627,1252
1627,1253
1627,1254
1627,1255
1627,1256
1627,1623
1627,1624
1627,1625
1627,1626
1627,1627
1627,1628
1627,1638
1627,1639
1627,1640
1627,1644
1627,1645
1627,1646
1627,1650
1627,1651
1627,1652
1628,1251
1628,1252
1628,1253
1628,1254
1628,1255
1628,1256
1628,1623
1628,1624
1628,1625
1628,1626
1628,1627
1628,1628
1628,1638
1628,1639
1628,1640
1628,1644
1628,1645
1628,1646
1628,1650
1628,1651
1628,1652
1629,1260
1629,1261
1629,1262
1629,1266
1629,1267
1629,1268
1629,1269
1629,1270
1629,1271
1629,1608
1629,1609
1629,1610
1629,1611
1629,1612
1629,1613
1629,1629
1629,1630
1629,1631
1629,1632
1629,1633
1629,1634
1629,1635
1629,1636
1629,1637
1630,1260
1630,1261
1630,1262
1630,1266
1630,1267
1630,1268
1630,1269
1630,1270
1630,1271
1630,1608
1630,1609
1630,1610
1630,1611
1630,1612
1630,1613
1630,1629
1630,1630
1630,1631
1630,1632
1630,1633
1630,1634
1630,1635
1630,1636
1630,1637
1631,1260
1631,1261
1631,1262
1631,1266
1631,1267
1631,1268
1631,1269
1631,1270
1631,1271
1631,1608
1631,1609
1631,1610
1631,1611
1631,1612
1631,1613
1631,1629
1631,1630
1631,1631
1631,1632
1631,1633
1631,1634
1631,1635
1631,1636
1631,1637
1632,1257
1632,1258
1632,1259
1632,1260
1632,1261
1632,1262
1632,1629
1632,1630
1632,1631
1632,1632
1632,1633
1632,1634
1632,1635
1632,1636
1632,1637
1632,1638
1632,1639
1632,1640
1633,1257
1633,1258
1633,1259
1633,1260
1633,1261
1633,1262
1633,1629
1633,1630
1633,1631
1633,1632
1633,1633
1633,1634
1633,1635
1633,1636
1633,1637
1633,1638
1633,1639
1633,1640
1634,1257
1634,1258
1634,1259
1634,1260
1634,1261
1634,1262
1634,1629
1634,1630
1634,1631
1634,1632
1634,1633
1634,1634
1634,1635
1634,1636
1634,1637
1634,1638
1634,1639
1634,1640
1635,1611
1635,1612
1635,1613
1635,1614
1635,1615
1635,1616
1635,1623
1635,1624
1635,1625
1635,1629
1635,1630
1635,1631
1635,1632
1635,1633
1635,1634
1635,1635
1635,1636
1635,1637
1635,1638
1635,1639
1635,1640
1636,1611
1636,1612
1636,1613
1636,1614
1636,1615
1636,1616
1636,1623
1636,1624
1636,1625
1636,1629
1636,1630
1636,1631
1636,1632
1636,1633
1636,1634
1636,1635
1636,1636
1636,1637
1636,1638
1636,1639
1636,1640
1637,1611
1637,1612
1637,1613
1637,1614
1637,1615
1637,1616
1637,1623
1637,1624
1637,1625
1637,1629
1637,1630
1637,1631
1637,1632
1637,1633
1637,1634
1637,1635
1637,1636
1637,1637
1637,1638
1637,1639
1637,1640
1638,1254
1638,1255
1638,1256
1638,1257
1638,1258
1638,1259
1638,1623
1638,1624
1638,1625
1638,1626
1638,1627
1638,1628
1638,1632
1638,1633
1638,1634
1638,1635
1638,1636
1638,1637
1638,1638
1638,1639
1638,1640
1639,1254
1639,1255
1639,1256
1639,1257
1639,1258
1639,1259
1639,1623
1639,1624
1639,1625
1639,1626
1639,1627
1639,1628
1639,1632
1639,1633
1639,1634
1639,1635
1639,1636
1639,1637
1639,1638
1639,1639
1639,1640
1640,1254
1640,1255
1640,1256
1640,1257
1640,1258
1640,1259
1640,1623
1640,1624
1640,1625
1640,1626
1640,1627
1640,1628
1640,1632
1640,1633
1640,1634
1640,1635
1640,1636
1640,1637
1640,1638
1640,1639
1640,1640
1641,1599
1641,1600
1641,1601
1641,1602
1641,1603
1641,1604
1641,1620
1641,1621
1641,1622
1641,1641
1641,1642
1641,1643
1641,1644
1641,1645
1641,1646
1641,1647
1641,1648
1641,1649
1641,1650
1641,1651
1641,1652
1642,1599
1642,1600
1642,1601
1642,1602
1642,1603
1642,1604
1642,1620
1642,1621
1642,1622
1642,1641
1642,1642
1642,1643
1642,1644
1642,1645
1642,1646
1642,1647
1642,1648
1642,1649
1642,1650
1642,1651
1642,1652
1643,1599
1643,1600
1643,1601
1643,1602
1643,1603
1643,1604
1643,1620
1643,1621
1643,1622
1643,1641
1643,1642
1643,1643
1643,1644
1643,1645
1643,1646
1643,1647
1643,1648
1643,1649
1643,1650
1643,1651
1643,1652
1644,1617
1644,1618
1644,1619
1644,1620
1644,1621
1644,1622
1644,1623
1644,1624
1644,1625
1644,1626
1644,1627
1644,1628
1644,1641
1644,1642
1644,1643
1644,1644
1644,1645
1644,1646
1644,1650
1644,1651
1644,1652
1645,1617
1645,1618
1645,1619
1645,1620
1645,1621
1645,1622
1645,1623
1645,1624
1645,1625
1645,1626
1645,1627
1645,1628
1645,1641
1645,1642
1645,1643
1645,1644
1645,1645
1645,1646
1645,1650
1645,1651
1645,1652
1646,1617
1646,1618
1646,1619
1646,1620
1646,1621
1646,1622
1646,1623
1646,1624
1646,1625
1646,1626
1646,1627
1646,1628
1646,1641
1646,1642
1646,1643
1646,1644
1646,1645
1646,1646
1646,1650
1646,1651
1646,1652
1647,1245
1647,1246
1647,1247
1647,1248
1647,1249
1647,1250
1647,1602
1647,1603
1647,1604
1647,1605
1647,1606
1647,1607
1647,1641
1647,1642
1647,1643
1647,1647
1647,1648
1647,1649
1647,1650
1647,1651
1647,1652
1648,1245
1648,1246
1648,1247
1648,1248
1648,1249
1648,1250
1648,1602
1648,1603
1648,1604
1648,1605
1648,1606
1648,1607
1648,1641
1648,1642
1648,1643
1648,1647
1648,1648
1648,1649
1648,1650
1648,1651
1648,1652
1649,1245
1649,1246
1649,1247
1649,1248
1649,1249
1649,1250
1649,1602
1649,1603
1649,1604
1649,1605
1649,1606
1649,1607
1649,1641
1649,1642
1649,1643
1649,1647
1649,1648
1649,1649
1649,1650
1649,1651
1649,1652
1650,1248
1650,1249
1650,1250
1650,1251
1650,1252
1650,1253
1650,1626
1650,1627
1650,1628
1650,1641
1650,1642
1650,1643
1650,1644
1650,1645
1650,1646
1650,1647
1650,1648
1650,1649
1650,1650
1650,1651
1650,1652
1651,1248
1651,1249
1651,1250
1651,1251
1651,1252
1651,1253
1651,1626
1651,1627
1651,1628
1651,1641
1651,1642
1651,1643
1651,1644
1651,1645
1651,1646
1651,1647
1651,1648
1651,1649
1651,1650
1651,1651
1651,1652
1652,1248
1652,1249
1652,1250
1652,1251
1652,1252
1652,1253
1652,1626
1652,1627
1652,1628
1652,1641
1652,1642
1652,1643
1652,1644
1652,1645
1652,1646
1652,1647
1652,1648
1652,1649
1652,1650
1652,1651
1652,1652
1653,1572
1653,1573
1653,1574
1653,1575
1653,1576
1653,1577
1653,1653
1653,1654
1653,1655
1653,1656
1653,1657
1653,1658
1653,1659
1653,1660
1653,1661
1653,1668
1653,1669
1653,1670
1653,1671
1653,1672
1653,1673
1654,1572
1654,1573
1654,1574
1654,1575
1654,1576
1654,1577
1654,1653
1654,1654
1654,1655
1654,1656
1654,1657
1654,1658
1654,1659
1654,1660
1654,1661
1654,1668
1654,1669
1654,1670
1654,1671
1654,1672
1654,1673
1655,1572
1655,1573
1655,1574
1655,1575
1655,1576
1655,1577
1655,1653
1655,1654
1655,1655
1655,1656
1655,1657
1655,1658
1655,1659
1655,1660
1655,1661
1655,1668
1655,1669
1655,1670
1655,1671
1655,1672
1655,1673
1656,1614
1656,1615
1656,1616
1656,1617
1656,1618
1656,1619
1656,1653
1656,1654
1656,1655
1656,1656
1656,1657
1656,1658
1656,1668
1656,1669
1656,1670
1656,1671
1656,1672
1656,1673
1656,1674
1656,1675
1656,1676
1657,1614
1657,1615
1657,1616
1657,1617
1657,1618
1657,1619
1657,1653
1657,1654
1657,1655
1657,1656
1657,1657
1657,1658
1657,1668
1657,1669
1657,1670
1657,1671
1657,1672
1657,1673
1657,1674
1657,1675
1657,1676
1658,1614
1658,1615
1658,1616
1658,1617
1658,1618
1658,1619
1658,1653
1658,1654
1658,1655
1658,1656
1658,1657
1658,1658
1658,1668
1658,1669
1658,1670
1658,1671
1658,1672
1658,1673
1658,1674
1658,1675
1658,1676
1659,1569
1659,1570
1659,1571
1659,1572
1659,1573
1659,1574
1659,1653
1659,1654
1659,1655
1659,1659
1659,1660
1659,1661
1659,1662
1659,1663
1659,1664
1659,1665
1659,1666
1659,1667
1659,1668
1659,1669
1659,1670
1660,1569
1660,1570
1660,1571
1660,1572
1660,1573
1660,1574
1660,1653
1660,1654
1660,1655
1660,1659
1660,1660
1660,1661
1660,1662
1660,1663
1660,1664
1660,1665
1660,1666
1660,1667
1660,1668
1660,1669
1660,1670
1661,1569
1661,1570
1661,1571
1661,1572
1661,1573
1661,1574
1661,1653
1661,1654
1661,1655
1661,1659
1661,1660
1661,1661
1661,1662
1661,1663
1661,1664
1661,1665
1661,1666
1661,1667
1661,1668
1661,1669
1661,1670
1662,1272
1662,1273
1662,1274
1662,1275
1662,1276
1662,1277
1662,1278
1662,1279
1662,1280
1662,1569
1662,1570
1662,1571
1662,1659
1662,1660
1662,1661
1662,1662
1662,1663
1662,1664
1662,1665
1662,1666
1662,1667
1663,1272
1663,1273
1663,1274
1663,1275
1663,1276
1663,1277
1663,1278
1663,1279
1663,1280
1663,1569
1663,1570
1663,1571
1663,1659
1663,1660
1663,1661
1663,1662
1663,1663
1663,1664
1663,1665
1663,1666
1663,1667
1664,1272
1664,1273
1664,1274
1664,1275
1664,1276
1664,1277
1664,1278
1664,1279
1664,1280
1664,1569
1664,1570
1664,1571
1664,1659
1664,1660
1664,1661
1664,1662
1664,1663
1664,1664
1664,1665
1664,1666
1664,1667
1665,1272
1665,1273
1665,1274
1665,1608
1665,1609
1665,1610
1665,1611
1665,1612
1665,1613
1665,1659
1665,1660
1665,1661
1665,1662
1665,1663
1665,1664
1665,1665
1665,1666
1665,1667
1665,1668
1665,1669
1665,1670
1666,1272
1666,1273
1666,1274
1666,1608
1666,1609
1666,1610
1666,1611
1666,1612
1666,1613
1666,1659
1666,1660
1666,1661
1666,1662
1666,1663
1666,1664
1666,1665
1666,1666
1666,1667
1666,1668
1666,1669
1666,1670
1667,1272
1667,1273
1667,1274
1667,1608
1667,1609
1667,1610
1667,1611
1667,1612
1667,1613
1667,1659
1667,1660
1667,1661
1667,1662
1667,1663
1667,1664
1667,1665
1667,1666
1667,1667
1667,1668
1667,1669
1667,1670
1668,1611
1668,1612
1668,1613
1668,1614
1668,1615
1668,1616
1668,1653
1668,1654
1668,1655
1668,1656
1668,1657
1668,1658
1668,1659
1668,1660
1668,1661
1668,1665
1668,1666
1668,1667
1668,1668
1668,1669
1668,1670
1669,1611
1669,1612
1669,1613
1669,1614
1669,1615
1669,1616
1669,1653
1669,1654
1669,1655
1669,1656
1669,1657
1669,1658
1669,1659
1669,1660
1669,1661
1669,1665
1669,1666
1669,1667
1669,1668
1669,1669
1669,1670
1670,1611
1670,1612
1670,1613
1670,1614
1670,1615
1670,1616
1670,1653
1670,1654
1670,1655
1670,1656
1670,1657
1670,1658
1670,1659
1670,1660
1670,1661
1670,1665
1670,1666
1670,1667
1670,1668
1670,1669
1670,1670
1671,1575
1671,1576
1671,1577
1671,1578
1671,1579
1671,1580
1671,1593
1671,1594
1671,1595
1671,1653
1671,1654
1671,1655
1671,1656
1671,1657
1671,1658
1671,1671
1671,1672
1671,1673
1671,1674
1671,1675
1671,1676
1672,1575
1672,1576
1672,1577
1672,1578
1672,1579
1672,1580
1672,1593
1672,1594
1672,1595
1672,1653
1672,1654
1672,1655
1672,1656
1672,1657
1672,1658
1672,1671
1672,1672
1672,1673
1672,1674
1672,1675
1672,1676
1673,1575
1673,1576
1673,1577
1673,1578
1673,1579
1673,1580
1673,1593
1673,1594
1673,1595
1673,1653
1673,1654
1673,1655
1673,1656
1673,1657
1673,1658
1673,1671
1673,1672
1673,1673
1673,1674
1673,1675
1673,1676
1674,1593
1674,1594
1674,1595
1674,1596
1674,1597
1674,1598
1674,1617
1674,1618
1674,1619
1674,1620
1674,1621
1674,1622
1674,1656
1674,1657
1674,1658
1674,1671
1674,1672
1674,1673
1674,1674
1674,1675
1674,1676
1675,1593
1675,1594
1675,1595
1675,1596
1675,1597
1675,1598
1675,1617
1675,1618
1675,1619
1675,1620
1675,1621
1675,1622
1675,1656
1675,1657
1675,1658
1675,1671
1675,1672
1675,1673
1675,1674
1675,1675
1675,1676
1676,1593
1676,1594
1676,1595
1676,1596
1676,1597
1676,1598
1676,1617
1676,1618
1676,1619
1676,1620
1676,1621
1676,1622
1676,1656
1676,1657
1676,1658
1676,1671
1676,1672
1676,1673
1676,1674
1676,1675
1676,1676
1677,1557
1677,1558
1677,1559
1677,1560
1677,1561
1677,1562
1677,1677
1677,1678
1677,1679
1677,1680
1677,1681
1677,1682
1677,1713
1677,1714
1677,1715
1677,1731
1677,1732
1677,1733
1677,1734
1677,1735
1677,1736
1678,1557
1678,1558
1678,1559
1678,1560
1678,1561
1678,1562
1678,1677
1678,1678
1678,1679
1678,1680
1678,1681
1678,1682
1678,1713
1678,1714
1678,1715
1678,1731
1678,1732
1678,1733
1678,1734
1678,1735
1678,1736
1679,1557
1679,1558
1679,1559
1679,1560
1679,1561
1679,1562
1679,1677
1679,1678
1679,1679
1679,1680
1679,1681
1679,1682
1679,1713
1679,1714
1679,1715
1679,1731
1679,1732
1679,1733
1679,1734
1679,1735
1679,1736
1680,1677
1680,1678
1680,1679
1680,1680
1680,1681
1680,1682
1680,1683
1680,1684
1680,1685
1680,1713
1680,1714
1680,1715
1680,1716
1680,1717
1680,1718
1680,1722
1680,1723
1680,1724
1680,1731
1680,1732
1680,1733
1681,1677
1681,1678
1681,1679
1681,1680
1681,1681
1681,1682
1681,1683
1681,1684
1681,1685
1681,1713
1681,1714
1681,1715
1681,1716
1681,1717
1681,1718
1681,1722
1681,1723
1681,1724
1681,1731
1681,1732
1681,1733
1682,1677
1682,1678
1682,1679
1682,1680
1682,1681
1682,1682
1682,1683
1682,1684
1682,1685
1682,1713
1682,1714
1682,1715
1682,1716
1682,1717
1682,1718
1682,1722
1682,1723
1682,1724
1682,1731
1682,1732
1682,1733
1683,1680
1683,1681
1683,1682
1683,1683
1683,1684
1683,1685
1683,1686
1683,1687
1683,1688
1683,1695
1683,1696
1683,1697
1683,1716
1683,1717
1683,1718
1683,1722
1683,1723
1683,1724
1683,1746
1683,1747
1683,1748
1684,1680
1684,1681
1684,1682
1684,1683
1684,1684
1684,1685
1684,1686
1684,1687
1684,1688
1684,1695
1684,1696
1684,1697
1684,1716
1684,1717
1684,1718
1684,1722
1684,1723
1684,1724
1684,1746
1684,1747
1684,1748
1685,1680
1685,1681
1685,1682
1685,1683
1685,1684
1685,1685
1685,1686
1685,1687
1685,1688
1685,1695
1685,1696
1685,1697
1685,1716
1685,1717
1685,1718
1685,1722
1685,1723
1685,1724
1685,1746
1685,1747
1685,1748
1686,1683
1686,1684
1686,1685
1686,1686
1686,1687
1686,1688
1686,1689
1686,1690
1686,1691
1686,1695
1686,1696
1686,1697
1686,1704
1686,1705
1686,1706
1686,1743
1686,1744
1686,1745
1686,1746
1686,1747
1686,1748
1687,1683
1687,1684
1687,1685
1687,1686
1687,1687
1687,1688
1687,1689
1687,1690
1687,1691
1687,1695
1687,1696
1687,1697
1687,1704
1687,1705
1687,1706
1687,1743
1687,1744
1687,1745
1687,1746
1687,1747
1687,1748
1688,1683
1688,1684
1688,1685
1688,1686
1688,1687
1688,1688
1688,1689
1688,1690
1688,1691
1688,1695
1688,1696
1688,1697
1688,1704
1688,1705
1688,1706
1688,1743
1688,1744
1688,1745
1688,1746
1688,1747
1688,1748
1689,1599
1689,1600
1689,1601
1689,1602
1689,1603
1689,1604
1689,1686
1689,1687
1689,1688
1689,1689
1689,1690
1689,1691
1689,1701
1689,1702
1689,1703
1689,1704
1689,1705
1689,1706
1689,1743
1689,1744
1689,1745
1690,1599
1690,1600
1690,1601
1690,1602
1690,1603
1690,1604
1690,1686
1690,1687
1690,1688
1690,1689
1690,1690
1690,1691
1690,1701
1690,1702
1690,1703
1690,1704
1690,1705
1690,1706
1690,1743
1690,1744
1690,1745
1691,1599
1691,1600
1691,1601
1691,1602
1691,1603
1691,1604
1691,1686
1691,1687
1691,1688
1691,1689
1691,1690
1691,1691
1691,1701
1691,1702
1691,1703
1691,1704
1691,1705
1691,1706
1691,1743
1691,1744
1691,1745
1692,1584
1692,1585
1692,1586
1692,1587
1692,1588
1692,1589
1692,1692
1692,1693
1692,1694
1692,1695
1692,1696
1692,1697
1692,1698
1692,1699
1692,1700
1692,1701
1692,1702
1692,1703
1692,1704
1692,1705
1692,1706
1692,1710
1692,1711
1692,1712
1693,1584
1693,1585
1693,1586
1693,1587
1693,1588
1693,1589
1693,1692
1693,1693
1693,1694
1693,1695
1693,1696
1693,1697
1693,1698
1693,1699
1693,1700
1693,1701
1693,1702
1693,1703
1693,1704
1693,1705
1693,1706
1693,1710
1693,1711
1693,1712
1694,1584
1694,1585
1694,1586
1694,1587
1694,1588
1694,1589
1694,1692
1694,1693
1694,1694
1694,1695
1694,1696
1694,1697
1694,1698
1694,1699
1694,1700
1694,1701
1694,1702
1694,1703
1694,1704
1694,1705
1694,1706
1694,1710
1694,1711
1694,1712
1695,1683
1695,1684
1695,1685
1695,1686
1695,1687
1695,1688
1695,1692
1695,1693
1695,1694
1695,1695
1695,1696
1695,1697
1695,1704
1695,1705
1695,1706
1695,1710
1695,1711
1695,1712
1695,1716
1695,1717
1695,1718
1696,1683
1696,1684
1696,1685
1696,1686
1696,1687
1696,1688
1696,1692
1696,1693
1696,1694
1696,1695
1696,1696
1696,1697
1696,1704
1696,1705
1696,1706
1696,1710
1696,1711
1696,1712
1696,1716
1696,1717
1696,1718
1697,1683
1697,1684
1697,1685
1697,1686
1697,1687
1697,1688
1697,1692
1697,1693
1697,1694
1697,1695
1697,1696
1697,1697
1697,1704
1697,1705
1697,1706
1697,1710
1697,1711
1697,1712
1697,1716
1697,1717
1697,1718
1698,1581
1698,1582
1698,1583
1698,1584
1698,1585
1698,1586
1698,1593
1698,1594
1698,1595
1698,1596
1698,1597
1698,1598
1698,1692
1698,1693
1698,1694
1698,1698
1698,1699
1698,1700
1698,1701
1698,1702
1698,1703
1699,1581
1699,1582
1699,1583
1699,1584
1699,1585
1699,1586
1699,1593
1699,1594
1699,1595
1699,1596
1699,1597
1699,1598
1699,1692
1699,1693
1699,1694
1699,1698
1699,1699
1699,1700
1699,1701
1699,1702
1699,1703
1700,1581
1700,1582
1700,1583
1700,1584
1700,1585
1700,1586
1700,1593
1700,1594
1700,1595
1700,1596
1700,1597
1700,1598
1700,1692
1700,1693
1700,1694
1700,1698
1700,1699
1700,1700
1700,1701
1700,1702
1700,1703
1701,1596
1701,1597
1701,1598
1701,1599
1701,1600
1701,1601
1701,1689
1701,1690
1701,1691
1701,1692
1701,1693
1701,1694
1701,1698
1701,1699
1701,1700
1701,1701
1701,1702
1701,1703
1701,1704
1701,1705
1701,1706
1702,1596
1702,1597
1702,1598
1702,1599
1702,1600
1702,1601
1702,1689
1702,1690
1702,1691
1702,1692
1702,1693
1702,1694
1702,1698
1702,1699
1702,1700
1702,1701
1702,1702
1702,1703
1702,1704
1702,1705
1702,1706
1703,1596
1703,1597
1703,1598
1703,1599
1703,1600
1703,1601
1703,1689
1703,1690
1703,1691
1703,1692
1703,1693
1703,1694
1703,1698
1703,1699
1703,1700
1703,1701
1703,1702
1703,1703
1703,1704
1703,1705
1703,1706
1704,1686
1704,1687
1704,1688
1704,1689
1704,1690
1704,1691
1704,1692
1704,1693
1704,1694
1704,1695
1704,1696
1704,1697
1704,1701
1704,1702
1704,1703
1704,1704
1704,1705
1704,1706
1705,1686
1705,1687
1705,1688
1705,1689
1705,1690
1705,1691
1705,1692
1705,1693
1705,1694
1705,1695
1705,1696
1705,1697
1705,1701
1705,1702
1705,1703
1705,1704
1705,1705
1705,1706
1706,1686
1706,1687
1706,1688
1706,1689
1706,1690
1706,1691
1706,1692
1706,1693
1706,1694
1706,1695
1706,1696
1706,1697
1706,1701
1706,1702
1706,1703
1706,1704
1706,1705
1706,1706
1707,1551
1707,1552
1707,1553
1707,1554
1707,1555
1707,1556
1707,1590
1707,1591
1707,1592
1707,1707
1707,1708
1707,1709
1707,1710
1707,1711
1707,1712
1707,1713
1707,1714
1707,1715
1707,1716
1707,1717
1707,1718
1708,1551
1708,1552
1708,1553
1708,1554
1708,1555
1708,1556
1708,1590
1708,1591
1708,1592
1708,1707
1708,1708
1708,1709
1708,1710
1708,1711
1708,1712
1708,1713
1708,1714
1708,1715
1708,1716
1708,1717
1708,1718
1709,1551
1709,1552
1709,1553
1709,1554
1709,1555
1709,1556
1709,1590
1709,1591
1709,1592
1709,1707
1709,1708
1709,1709
1709,1710
1709,1711
1709,1712
1709,1713
1709,1714
1709,1715
1709,1716
1709,1717
1709,1718
1710,1587
1710,1588
1710,1589
1710,1590
1710,1591
1710,1592
1710,1692
1710,1693
1710,1694
1710,1695
1710,1696
1710,1697
1710,1707
1710,1708
1710,1709
1710,1710
1710,1711
1710,1712
1710,1716
1710,1717
1710,1718
1711,1587
1711,1588
1711,1589
1711,1590
1711,1591
1711,1592
1711,1692
1711,1693
1711,1694
1711,1695
1711,1696
1711,1697
1711,1707
1711,1708
1711,1709
1711,1710
1711,1711
1711,1712
1711,1716
1711,1717
1711,1718
1712,1587
1712,1588
1712,1589
1712,1590
1712,1591
1712,1592
1712,1692
1712,1693
1712,1694
1712,1695
1712,1696
1712,1697
1712,1707
1712,1708
1712,1709
1712,1710
1712,1711
1712,1712
1712,1716
1712,1717
1712,1718
1713,1554
1713,1555
1713,1556
1713,1557
1713,1558
1713,1559
1713,1677
1713,1678
1713,1679
1713,1680
1713,1681
1713,1682
1713,1707
1713,1708
1713,1709
1713,1713
1713,1714
1713,1715
1713,1716
1713,1717
1713,1718
1714,1554
1714,1555
1714,1556
1714,1557
1714,1558
1714,1559
1714,1677
1714,1678
1714,1679
1714,1680
1714,1681
1714,1682
1714,1707
1714,1708
1714,1709
1714,1713
1714,1714
1714,1715
1714,1716
1714,1717
1714,1718
1715,1554
1715,1555
1715,1556
1715,1557
1715,1558
1715,1559
1715,1677
1715,1678
1715,1679
1715,1680
1715,1681
1715,1682
1715,1707
1715,1708
1715,1709
1715,1713
1715,1714
1715,1715
1715,1716
1715,1717
1715,1718
1716,1680
1716,1681
1716,1682
1716,1683
1716,1684
1716,1685
1716,1695
1716,1696
1716,1697
1716,1707
1716,1708
1716,1709
1716,1710
1716,1711
1716,1712
1716,1713
1716,1714
1716,1715
1716,1716
1716,1717
1716,1718
1717,1680
1717,1681
1717,1682
1717,1683
1717,1684
1717,1685
1717,1695
1717,1696
1717,1697
1717,1707
1717,1708
1717,1709
1717,1710
1717,1711
1717,1712
1717,1713
1717,1714
1717,1715
1717,1716
1717,1717
1717,1718
1718,1680
1718,1681
1718,1682
1718,1683
1718,1684
1718,1685
1718,1695
1718,1696
1718,1697
1718,1707
1718,1708
1718,1709
1718,1710
1718,1711
1718,1712
1718,1713
1718,1714
1718,1715
1718,1716
1718,1717
1718,1718
1719,1233
1719,1234
1719,1235
1719,1236
1719,1237
1719,1238
1719,1719
1719,1720
1719,1721
1719,1722
1719,1723
1719,1724
1719,1725
1719,1726
1719,1727
1719,1731
1719,1732
1719,1733
1719,1740
1719,1741
1719,1742
1720,1233
1720,1234
1720,1235
1720,1236
1720,1237
1720,1238
1720,1719
1720,1720
1720,1721
1720,1722
1720,1723
1720,1724
1720,1725
1720,1726
1720,1727
1720,1731
1720,1732
1720,1733
1720,1740
1720,1741
1720,1742
1721,1233
1721,1234
1721,1235
1721,1236
1721,1237
1721,1238
1721,1719
1721,1720
1721,1721
1721,1722
1721,1723
1721,1724
1721,1725
1721,1726
1721,1727
1721,1731
1721,1732
1721,1733
1721,1740
1721,1741
1721,1742
1722,1680
1722,1681
1722,1682
1722,1683
1722,1684
1722,1685
1722,1719
1722,1720
1722,1721
1722,1722
1722,1723
1722,1724
1722,1731
1722,1732
1722,1733
1722,1740
1722,1741
1722,1742
1722,1746
1722,1747
1722,1748
1723,1680
1723,1681
1723,1682
1723,1683
1723,1684
1723,1685
1723,1719
1723,1720
1723,1721
1723,1722
1723,1723
1723,1724
1723,1731
1723,1732
1723,1733
1723,1740
1723,1741
1723,1742
1723,1746
1723,1747
1723,1748
1724,1680
1724,1681
1724,1682
1724,1683
1724,1684
1724,1685
1724,1719
1724,1720
1724,1721
1724,1722
1724,1723
1724,1724
1724,1731
1724,1732
1724,1733
1724,1740
1724,1741
1724,1742
1724,1746
1724,1747
1724,1748
1725,1230
1725,1231
1725,1232
1725,1233
1725,1234
1725,1235
1725,1719
1725,1720
1725,1721
1725,1725
1725,1726
1725,1727
1725,1728
1725,1729
1725,1730
1725,1731
1725,1732
1725,1733
1725,1734
1725,1735
1725,1736
1726,1230
1726,1231
1726,1232
1726,1233
1726,1234
1726,1235
1726,1719
1726,1720
1726,1721
1726,1725
1726,1726
1726,1727
1726,1728
1726,1729
1726,1730
1726,1731
1726,1732
1726,1733
1726,1734
1726,1735
1726,1736
1727,1230
1727,1231
1727,1232
1727,1233
1727,1234
1727,1235
1727,1719
1727,1720
1727,1721
1727,1725
1727,1726
1727,1727
1727,1728
1727,1729
1727,1730
1727,1731
1727,1732
1727,1733
1727,1734
1727,1735
1727,1736
1728,1227
1728,1228
1728,1229
1728,1230
1728,1231
1728,1232
1728,1563
1728,1564
1728,1565
1728,1566
1728,1567
1728,1568
1728,1725
1728,1726
1728,1727
1728,1728
1728,1729
1728,1730
1728,1734
1728,1735
1728,1736
1729,1227
1729,1228
1729,1229
1729,1230
1729,1231
1729,1232
1729,1563
1729,1564
1729,1565
1729,1566
1729,1567
1729,1568
1729,1725
1729,1726
1729,1727
1729,1728
1729,1729
1729,1730
1729,1734
1729,1735
1729,1736
1730,1227
1730,1228
1730,1229
1730,1230
1730,1231
1730,1232
1730,1563
1730,1564
1730,1565
1730,1566
1730,1567
1730,1568
1730,1725
1730,1726
1730,1727
1730,1728
1730,1729
1730,1730
1730,1734
1730,1735
1730,1736
1731,1677
1731,1678
1731,1679
1731,1680
1731,1681
1731,1682
1731,1719
1731,1720
1731,1721
1731,1722
1731,1723
1731,1724
1731,1725
1731,1726
1731,1727
1731,1731
1731,1732
1731,1733
1731,1734
1731,1735
1731,1736
1732,1677
1732,1678
1732,1679
1732,1680
1732,1681
1732,1682
1732,1719
1732,1720
1732,1721
1732,1722
1732,1723
1732,1724
1732,1725
1732,1726
1732,1727
1732,1731
1732,1732
1732,1733
1732,1734
1732,1735
1732,1736
1733,1677
1733,1678
1733,1679
1733,1680
1733,1681
1733,1682
1733,1719
1733,1720
1733,1721
1733,1722
1733,1723
1733,1724
1733,1725
1733,1726
1733,1727
1733,1731
1733,1732
1733,1733
1733,1734
1733,1735
1733,1736
1734,1560
1734,1561
1734,1562
1734,1563
1734,1564
1734,1565
1734,1677
1734,1678
1734,1679
1734,1725
1734,1726
1734,1727
1734,1728
1734,1729
1734,1730
1734,1731
1734,1732
1734,1733
1734,1734
1734,1735
1734,1736
1735,1560
1735,1561
1735,1562
1735,1563
1735,1564
1735,1565
1735,1677
1735,1678
1735,1679
1735,1725
1735,1726
1735,1727
1735,1728
1735,1729
1735,1730
1735,1731
1735,1732
1735,1733
1735,1734
1735,1735
1735,1736
1736,1560
1736,1561
1736,1562
1736,1563
1736,1564
1736,1565
1736,1677
1736,1678
1736,1679
1736,1725
1736,1726
1736,1727
1736,1728
1736,1729
1736,1730
1736,1731
1736,1732
1736,1733
1736,1734
1736,1735
1736,1736
1737,1239
1737,1240
1737,1241
1737,1242
1737,1243
1737,1244
1737,1605
1737,1606
1737,1607
1737,1737
1737,1738
1737,1739
1737,1740
1737,1741
1737,1742
1737,1743
1737,1744
1737,1745
1737,1746
1737,1747
1737,1748
1738,1239
1738,1240
1738,1241
1738,1242
1738,1243
1738,1244
1738,1605
1738,1606
1738,1607
1738,1737
1738,1738
1738,1739
1738,1740
1738,1741
1738,1742
1738,1743
1738,1744
1738,1745
1738,1746
1738,1747
1738,1748
1739,1239
1739,1240
1739,1241
1739,1242
1739,1243
1739,1244
1739,1605
1739,1606
1739,1607
1739,1737
1739,1738
1739,1739
1739,1740
1739,1741
1739,1742
1739,1743
1739,1744
1739,1745
1739,1746
1739,1747
1739,1748
1740,1236
1740,1237
1740,1238
1740,1239
1740,1240
1740,1241
1740,1719
1740,1720
1740,1721
1740,1722
1740,1723
1740,1724
1740,1737
1740,1738
1740,1739
1740,1740
1740,1741
1740,1742
1740,1746
1740,1747
1740,1748
1741,1236
1741,1237
1741,1238
1741,1239
1741,1240
1741,1241
1741,1719
1741,1720
1741,1721
1741,1722
1741,1723
1741,1724
1741,1737
1741,1738
1741,1739
1741,1740
1741,1741
1741,1742
1741,1746
1741,1747
1741,1748
1742,1236
1742,1237
1742,1238
1742,1239
1742,1240
1742,1241
1742,1719
1742,1720
1742,1721
1742,1722
1742,1723
1742,1724
1742,1737
1742,1738
1742,1739
1742,1740
1742,1741
1742,1742
1742,1746
1742,1747
1742,1748
1743,1602
1743,1603
1743,1604
1743,1605
1743,1606
1743,1607
1743,1686
1743,1687
1743,1688
1743,1689
1743,1690
1743,1691
1743,1737
1743,1738
1743,1739
1743,1743
1743,1744
1743,1745
1743,1746
1743,1747
1743,1748
1744,1602
1744,1603
1744,1604
1744,1605
1744,1606
1744,1607
1744,1686
1744,1687
1744,1688
1744,1689
1744,1690
1744,1691
1744,1737
1744,1738
1744,1739
1744,1743
1744,1744
1744,1745
1744,1746
1744,1747
1744,1748
1745,1602
1745,1603
1745,1604
1745,1605
1745,1606
1745,1607
1745,1686
1745,1687
1745,1688
1745,1689
1745,1690
1745,1691
1745,1737
1745,1738
1745,1739
1745,1743
1745,1744
1745,1745
1745,1746
1745,1747
1745,1748
1746,1683
1746,1684
1746,1685
1746,1686
1746,1687
1746,1688
1746,1722
1746,1723
1746,1724
1746,1737
1746,1738
1746,1739
1746,1740
1746,1741
1746,1742
1746,1743
1746,1744
1746,1745
1746,1746
1746,1747
1746,1748
1747,1683
1747,1684
1747,1685
1747,1686
1747,1687
1747,1688
1747,1722
1747,1723
1747,1724
1747,1737
1747,1738
1747,1739
1747,1740
1747,1741
1747,1742
1747,1743
1747,1744
1747,1745
1747,1746
1747,1747
1747,1748
1748,1683
1748,1684
1748,1685
1748,1686
1748,1687
1748,1688
1748,1722
1748,1723
1748,1724
1748,1737
1748,1738
1748,1739
1748,1740
1748,1741
1748,1742
1748,1743
1748,1744
1748,1745
1748,1746
1748,1747
1748,1748
1749,1305
1749,1306
1749,1307
1749,1308
1749,1309
1749,1310
1749,1749
1749,1750
1749,1751
1749,1752
1749,1753
1749,1754
1749,1791
1749,1792
1749,1793
1749,1794
1749,1795
1749,1796
1749,1845
1749,1846
1749,1847
1750,1305
1750,1306
1750,1307
1750,1308
1750,1309
1750,1310
1750,1749
1750,1750
1750,1751
1750,1752
1750,1753
1750,1754
1750,1791
1750,1792
1750,1793
1750,1794
1750,1795
1750,1796
1750,1845
1750,1846
1750,1847
1751,1305
1751,1306
1751,1307
1751,1308
1751,1309
1751,1310
1751,1749
1751,1750
1751,1751
1751,1752
1751,1753
1751,1754
1751,1791
1751,1792
1751,1793
1751,1794
1751,1795
1751,1796
1751,1845
1751,1846
1751,1847
1752,1749
1752,1750
1752,1751
1752,1752
1752,1753
1752,1754
1752,1755
1752,1756
1752,1757
1752,1764
1752,1765
1752,1766
1752,1794
1752,1795
1752,1796
1752,1842
1752,1843
1752,1844
1752,1845
1752,1846
1752,1847
1753,1749
1753,1750
1753,1751
1753,1752
1753,1753
1753,1754
1753,1755
1753,1756
1753,1757
1753,1764
1753,1765
1753,1766
1753,1794
1753,1795
1753,1796
1753,1842
1753,1843
1753,1844
1753,1845
1753,1846
1753,1847
1754,1749
1754,1750
1754,1751
1754,1752
1754,1753
1754,1754
1754,1755
1754,1756
1754,1757
1754,1764
1754,1765
1754,1766
1754,1794
1754,1795
1754,1796
1754,1842
1754,1843
1754,1844
1754,1845
1754,1846
1754,1847
1755,1752
1755,1753
1755,1754
1755,1755
1755,1756
1755,1757
1755,1758
1755,1759
1755,1760
1755,1764
1755,1765
1755,1766
1755,1818
1755,1819
1755,1820
1755,1833
1755,1834
1755,1835
1755,1842
1755,1843
1755,1844
1756,1752
1756,1753
1756,1754
1756,1755
1756,1756
1756,1757
1756,1758
1756,1759
1756,1760
1756,1764
1756,1765
1756,1766
1756,1818
1756,1819
1756,1820
1756,1833
1756,1834
1756,1835
1756,1842
1756,1843
1756,1844
1757,1752
1757,1753
1757,1754
1757,1755
1757,1756
1757,1757
1757,1758
1757,1759
1757,1760
1757,1764
1757,1765
1757,1766
1757,1818
1757,1819
1757,1820
1757,1833
1757,1834
1757,1835
1757,1842
1757,1843
1757,1844
1758,1755
1758,1756
1758,1757
1758,1758
1758,1759
1758,1760
1758,1761
1758,1762
1758,1763
1758,1818
1758,1819
1758,1820
1758,1824
1758,1825
1758,1826
1758,1833
1758,1834
1758,1835
1758,1848
1758,1849
1758,1850
1759,1755
1759,1756
1759,1757
1759,1758
1759,1759
1759,1760
1759,1761
1759,1762
1759,1763
1759,1818
1759,1819
1759,1820
1759,1824
1759,1825
1759,1826
1759,1833
1759,1834
1759,1835
1759,1848
1759,1849
1759,1850
1760,1755
1760,1756
1760,1757
1760,1758
1760,1759
1760,1760
1760,1761
1760,1762
1760,1763
1760,1818
1760,1819
1760,1820
1760,1824
1760,1825
1760,1826
1760,1833
1760,1834
1760,1835
1760,1848
1760,1849
1760,1850
1761,1584
1761,1585
1761,1586
1761,1587
1761,1588
1761,1589
1761,1758
1761,1759
1761,1760
1761,1761
1761,1762
1761,1763
1761,1824
1761,1825
1761,1826
1761,1848
1761,1849
1761,1850
1761,1851
1761,1852
1761,1853
1762,1584
1762,1585
1762,1586
1762,1587
1762,1588
1762,1589
1762,1758
1762,1759
1762,1760
1762,1761
1762,1762
1762,1763
1762,1824
1762,1825
1762,1826
1762,1848
1762,1849
1762,1850
1762,1851
1762,1852
1762,1853
1763,1584
1763,1585
1763,1586
1763,1587
1763,1588
1763,1589
1763,1758
1763,1759
1763,1760
1763,1761
1763,1762
1763,1763
1763,1824
1763,1825
1763,1826
1763,1848
1763,1849
1763,1850
1763,1851
1763,1852
1763,1853
1764,1752
1764,1753
1764,1754
1764,1755
1764,1756
1764,1757
1764,1764
1764,1765
1764,1766
1764,1767
1764,1768
1764,1769
1764,1794
1764,1795
1764,1796
1764,1818
1764,1819
1764,1820
1764,1821
1764,1822
1764,1823
1765,1752
1765,1753
1765,1754
1765,1755
1765,1756
1765,1757
1765,1764
1765,1765
1765,1766
1765,1767
1765,1768
1765,1769
1765,1794
1765,1795
1765,1796
1765,1818
1765,1819
1765,1820
1765,1821
1765,1822
1765,1823
1766,1752
1766,1753
1766,1754
1766,1755
1766,1756
1766,1757
1766,1764
1766,1765
1766,1766
1766,1767
1766,1768
1766,1769
1766,1794
1766,1795
1766,1796
1766,1818
1766,1819
1766,1820
1766,1821
1766,1822
1766,1823
1767,1764
1767,1765
1767,1766
1767,1767
1767,1768
1767,1769
1767,1770
1767,1771
1767,1772
1767,1779
1767,1780
1767,1781
1767,1794
1767,1795
1767,1796
1767,1797
1767,1798
1767,1799
1767,1821
1767,1822
1767,1823
1768,1764
1768,1765
1768,1766
1768,1767
1768,1768
1768,1769
1768,1770
1768,1771
1768,1772
1768,1779
1768,1780
1768,1781
1768,1794
1768,1795
1768,1796
1768,1797
1768,1798
1768,1799
1768,1821
1768,1822
1768,1823
1769,1764
1769,1765
1769,1766
1769,1767
1769,1768
1769,1769
1769,1770
1769,1771
1769,1772
1769,1779
1769,1780
1769,1781
1769,1794
1769,1795
1769,1796
1769,1797
1769,1798
1769,1799
1769,1821
1769,1822
1769,1823
1770,1767
1770,1768
1770,1769
1770,1770
1770,1771
1770,1772
1770,1773
1770,1774
1770,1775
1770,1779
1770,1780
1770,1781
1770,1785
1770,1786
1770,1787
1770,1797
1770,1798
1770,1799
1770,1803
1770,1804
1770,1805
1771,1767
1771,1768
1771,1769
1771,1770
1771,1771
1771,1772
1771,1773
1771,1774
1771,1775
1771,1779
1771,1780
1771,1781
1771,1785
1771,1786
1771,1787
1771,1797
1771,1798
1771,1799
1771,1803
1771,1804
1771,1805
1772,1767
1772,1768
1772,1769
1772,1770
1772,1771
1772,1772
1772,1773
1772,1774
1772,1775
1772,1779
1772,1780
1772,1781
1772,1785
1772,1786
1772,1787
1772,1797
1772,1798
1772,1799
1772,1803
1772,1804
1772,1805
1773,1287
1773,1288
1773,1289
1773,1290
1773,1291
1773,1292
1773,1770
1773,1771
1773,1772
1773,1773
1773,1774
1773,1775
1773,1785
1773,1786
1773,1787
1773,1788
1773,1789
1773,1790
1773,1803
1773,1804
1773,1805
1773,1806
1773,1807
1773,1808
1774,1287
1774,1288
1774,1289
1774,1290
1774,1291
1774,1292
1774,1770
1774,1771
1774,1772
1774,1773
1774,1774
1774,1775
1774,1785
1774,1786
1774,1787
1774,1788
1774,1789
1774,1790
1774,1803
1774,1804
1774,1805
1774,1806
1774,1807
1774,1808
1775,1287
1775,1288
1775,1289
1775,1290
1775,1291
1775,1292
1775,1770
1775,1771
1775,1772
1775,1773
1775,1774
1775,1775
1775,1785
1775,1786
1775,1787
1775,1788
1775,1789
1775,1790
1775,1803
1775,1804
1775,1805
1775,1806
1775,1807
1775,1808
1776,1299
1776,1300
1776,1301
1776,1302
1776,1303
1776,1304
1776,1776
1776,1777
1776,1778
1776,1779
1776,1780
1776,1781
1776,1782
1776,1783
1776,1784
1776,1785
1776,1786
1776,1787
1776,1791
1776,1792
1776,1793
1777,1299
1777,1300
1777,1301
1777,1302
1777,1303
1777,1304
1777,1776
1777,1777
1777,1778
1777,1779
1777,1780
1777,1781
1777,1782
1777,1783
1777,1784
1777,1785
1777,1786
1777,1787
1777,1791
1777,1792
1777,1793
1778,1299
1778,1300
1778,1301
1778,1302
1778,1303
1778,1304
1778,1776
1778,1777
1778,1778
1778,1779
1778,1780
1778,1781
1778,1782
1778,1783
1778,1784
1778,1785
1778,1786
1778,1787
1778,1791
1778,1792
1778,1793
1779,1767
1779,1768
1779,1769
1779,1770
1779,1771
1779,1772
1779,1776
1779,1777
1779,1778
1779,1779
1779,1780
1779,1781
1779,1785
1779,1786
1779,1787
1779,1791
1779,1792
1779,1793
1779,1794
1779,1795
1779,1796
1780,1767
1780,1768
1780,1769
1780,1770
1780,1771
1780,1772
1780,1776
1780,1777
1780,1778
1780,1779
1780,1780
1780,1781
1780,1785
1780,1786
1780,1787
1780,1791
1780,1792
1780,1793
1780,1794
1780,1795
1780,1796
1781,1767
1781,1768
1781,1769
1781,1770
1781,1771
1781,1772
1781,1776
1781,1777
1781,1778
1781,1779
1781,1780
1781,1781
1781,1785
1781,1786
1781,1787
1781,1791
1781,1792
1781,1793
1781,1794
1781,1795
1781,1796
1782,1293
1782,1294
1782,1295
1782,1296
1782,1297
1782,1298
1782,1299
1782,1300
1782,1301
1782,1776
1782,1777
1782,1778
1782,1782
1782,1783
1782,1784
1782,1785
1782,1786
1782,1787
1782,1788
1782,1789
1782,1790
1783,1293
1783,1294
1783,1295
1783,1296
1783,1297
1783,1298
1783,1299
1783,1300
1783,1301
1783,1776
1783,1777
1783,1778
1783,1782
1783,1783
1783,1784
1783,1785
1783,1786
1783,1787
1783,1788
1783,1789
1783,1790
1784,1293
1784,1294
1784,1295
1784,1296
1784,1297
1784,1298
1784,1299
1784,1300
1784,1301
1784,1776
1784,1777
1784,1778
1784,1782
1784,1783
1784,1784
1784,1785
1784,1786
1784,1787
1784,1788
1784,1789
1784,1790
1785,1770
1785,1771
1785,1772
1785,1773
1785,1774
1785,1775
1785,1776
1785,1777
1785,1778
1785,1779
1785,1780
1785,1781
1785,1782
1785,1783
1785,1784
1785,1785
1785,1786
1785,1787
1785,1788
1785,1789
1785,1790
1786,1770
1786,1771
1786,1772
1786,1773
1786,1774
1786,1775
1786,1776
1786,1777
1786,1778
1786,1779
1786,1780
1786,1781
1786,1782
1786,1783
1786,1784
1786,1785
1786,1786
1786,1787
1786,1788
1786,1789
1786,1790
1787,1770
1787,1771
1787,1772
1787,1773
1787,1774
1787,1775
1787,1776
1787,1777
1787,1778
1787,1779
1787,1780
1787,1781
1787,1782
1787,1783
1787,1784
1787,1785
1787,1786
1787,1787
1787,1788
1787,1789
1787,1790
1788,1290
1788,1291
1788,1292
1788,1293
1788,1294
1788,1295
1788,1773
1788,1774
1788,1775
1788,1782
1788,1783
1788,1784
1788,1785
1788,1786
1788,1787
1788,1788
1788,1789
1788,1790
1789,1290
1789,1291
1789,1292
1789,1293
1789,1294
1789,1295
1789,1773
1789,1774
1789,1775
1789,1782
1789,1783
1789,1784
1789,1785
1789,1786
1789,1787
1789,1788
1789,1789
1789,1790
1790,1290
1790,1291
1790,1292
1790,1293
1790,1294
1790,1295
1790,1773
1790,1774
1790,1775
1790,1782
1790,1783
1790,1784
1790,1785
1790,1786
1790,1787
1790,1788
1790,1789
1790,1790
1791,1302
1791,1303
1791,1304
1791,1305
1791,1306
1791,1307
1791,1749
1791,1750
1791,1751
1791,1776
1791,1777
1791,1778
1791,1779
1791,1780
1791,1781
1791,1791
1791,1792
1791,1793
1791,1794
1791,1795
1791,1796
1792,1302
1792,1303
1792,1304
1792,1305
1792,1306
1792,1307
1792,1749
1792,1750
1792,1751
1792,1776
1792,1777
1792,1778
1792,1779
1792,1780
1792,1781
1792,1791
1792,1792
1792,1793
1792,1794
1792,1795
1792,1796
1793,1302
1793,1303
1793,1304
1793,1305
1793,1306
1793,1307
1793,1749
1793,1750
1793,1751
1793,1776
1793,1777
1793,1778
1793,1779
1793,1780
1793,1781
1793,1791
1793,1792
1793,1793
1793,1794
1793,1795
1793,1796
1794,1749
1794,1750
1794,1751
1794,1752
1794,1753
1794,1754
1794,1764
1794,1765
1794,1766
1794,1767
1794,1768
1794,1769
1794,1779
1794,1780
1794,1781
1794,1791
1794,1792
1794,1793
1794,1794
1794,1795
1794,1796
1795,1749
1795,1750
1795,1751
1795,1752
1795,1753
1795,1754
1795,1764
1795,1765
1795,1766
1795,1767
1795,1768
1795,1769
1795,1779
1795,1780
1795,1781
1795,1791
1795,1792
1795,1793
1795,1794
1795,1795
1795,1796
1796,1749
1796,1750
1796,1751
1796,1752
1796,1753
1796,1754
1796,1764
1796,1765
1796,1766
1796,1767
1796,1768
1796,1769
1796,1779
1796,1780
1796,1781
1796,1791
1796,1792
1796,1793
1796,1794
1796,1795
1796,1796
1797,1767
1797,1768
1797,1769
1797,1770
1797,1771
1797,1772
1797,1797
1797,1798
1797,1799
1797,1800
1797,1801
1797,1802
1797,1803
1797,1804
1797,1805
1797,1815
1797,1816
1797,1817
1797,1821
1797,1822
1797,1823
1798,1767
1798,1768
1798,1769
1798,1770
1798,1771
1798,1772
1798,1797
1798,1798
1798,1799
1798,1800
1798,1801
1798,1802
1798,1803
1798,1804
1798,1805
1798,1815
1798,1816
1798,1817
1798,1821
1798,1822
1798,1823
1799,1767
1799,1768
1799,1769
1799,1770
1799,1771
1799,1772
1799,1797
1799,1798
1799,1799
1799,1800
1799,1801
1799,1802
1799,1803
1799,1804
1799,1805
1799,1815
1799,1816
1799,1817
1799,1821
1799,1822
1799,1823
1800,1575
1800,1576
1800,1577
1800,1578
1800,1579
1800,1580
1800,1797
1800,1798
1800,1799
1800,1800
1800,1801
1800,1802
1800,1815
1800,1816
1800,1817
1800,1821
1800,1822
1800,1823
1800,1827
1800,1828
1800,1829
1801,1575
1801,1576
1801,1577
1801,1578
1801,1579
1801,1580
1801,1797
1801,1798
1801,1799
1801,1800
1801,1801
1801,1802
1801,1815
1801,1816
1801,1817
1801,1821
1801,1822
1801,1823
1801,1827
1801,1828
1801,1829
1802,1575
1802,1576
1802,1577
1802,1578
1802,1579
1802,1580
1802,1797
1802,1798
1802,1799
1802,1800
1802,1801
1802,1802
1802,1815
1802,1816
1802,1817
1802,1821
1802,1822
1802,1823
1802,1827
1802,1828
1802,1829
1803,1770
1803,1771
1803,1772
1803,1773
1803,1774
1803,1775
1803,1797
1803,1798
1803,1799
1803,1803
1803,1804
1803,1805
1803,1806
1803,1807
1803,1808
1803,1809
1803,1810
1803,1811
1803,1815
1803,1816
1803,1817
1804,1770
1804,1771
1804,1772
1804,1773
1804,1774
1804,1775
1804,1797
1804,1798
1804,1799
1804,1803
1804,1804
1804,1805
1804,1806
1804,1807
1804,1808
1804,1809
1804,1810
1804,1811
1804,1815
1804,1816
1804,1817
1805,1770
1805,1771
1805,1772
1805,1773
1805,1774
1805,1775
1805,1797
1805,1798
1805,1799
1805,1803
1805,1804
1805,1805
1805,1806
1805,1807
1805,1808
1805,1809
1805,1810
1805,1811
1805,1815
1805,1816
1805,1817
1806,1284
1806,1285
1806,1286
1806,1287
1806,1288
1806,1289
1806,1773
1806,1774
1806,1775
1806,1803
1806,1804
1806,1805
1806,1806
1806,1807
1806,1808
1806,1809
1806,1810
1806,1811
1806,1812
1806,1813
1806,1814
1807,1284
1807,1285
1807,1286
1807,1287
1807,1288
1807,1289
1807,1773
1807,1774
1807,1775
1807,1803
1807,1804
1807,1805
1807,1806
1807,1807
1807,1808
1807,1809
1807,1810
1807,1811
1807,1812
1807,1813
1807,1814
1808,1284
1808,1285
1808,1286
1808,1287
1808,1288
1808,1289
1808,1773
1808,1774
1808,1775
1808,1803
1808,1804
1808,1805
1808,1806
1808,1807
1808,1808
1808,1809
1808,1810
1808,1811
1808,1812
1808,1813
1808,1814
1809,1569
1809,1570
1809,1571
1809,1572
1809,1573
1809,1574
1809,1803
1809,1804
1809,1805
1809,1806
1809,1807
1809,1808
1809,1809
1809,1810
1809,1811
1809,1812
1809,1813
1809,1814
1809,1815
1809,1816
1809,1817
1810,1569
1810,1570
1810,1571
1810,1572
1810,1573
1810,1574
1810,1803
1810,1804
1810,1805
1810,1806
1810,1807
1810,1808
1810,1809
1810,1810
1810,1811
1810,1812
1810,1813
1810,1814
1810,1815
1810,1816
1810,1817
1811,1569
1811,1570
1811,1571
1811,1572
1811,1573
1811,1574
1811,1803
1811,1804
1811,1805
1811,1806
1811,1807
1811,1808
1811,1809
1811,1810
1811,1811
1811,1812
1811,1813
1811,1814
1811,1815
1811,1816
1811,1817
1812,1281
1812,1282
1812,1283
1812,1284
1812,1285
1812,1286
1812,1569
1812,1570
1812,1571
1812,1806
1812,1807
1812,1808
1812,1809
1812,1810
1812,1811
1812,1812
1812,1813
1812,1814
1813,1281
1813,1282
1813,1283
1813,1284
1813,1285
1813,1286
1813,1569
1813,1570
1813,1571
1813,1806
1813,1807
1813,1808
1813,1809
1813,1810
1813,1811
1813,1812
1813,1813
1813,1814
1814,1281
1814,1282
1814,1283
1814,1284
1814,1285
1814,1286
1814,1569
1814,1570
1814,1571
1814,1806
1814,1807
1814,1808
1814,1809
1814,1810
1814,1811
1814,1812
1814,1813
1814,1814
1815,1572
1815,1573
1815,1574
1815,1575
1815,1576
1815,1577
1815,1797
1815,1798
1815,1799
1815,1800
1815,1801
1815,1802
1815,1803
1815,1804
1815,1805
1815,1809
1815,1810
1815,1811
1815,1815
1815,1816
1815,1817
1816,1572
1816,1573
1816,1574
1816,1575
1816,1576
1816,1577
1816,1797
1816,1798
1816,1799
1816,1800
1816,1801
1816,1802
1816,1803
1816,1804
1816,1805
1816,1809
1816,1810
1816,1811
1816,1815
1816,1816
1816,1817
1817,1572
1817,1573
1817,1574
1817,1575
1817,1576
1817,1577
1817,1797
1817,1798
1817,1799
1817,1800
1817,1801
1817,1802
1817,1803
1817,1804
1817,1805
1817,1809
1817,1810
1817,1811
1817,1815
1817,1816
1817,1817
1818,1755
1818,1756
1818,1757
1818,1758
1818,1759
1818,1760
1818,1764
1818,1765
1818,1766
1818,1818
1818,1819
1818,1820
1818,1821
1818,1822
1818,1823
1818,1824
1818,1825
1818,1826
1818,1827
1818,1828
1818,1829
1819,1755
1819,1756
1819,1757
1819,1758
1819,1759
1819,1760
1819,1764
1819,1765
1819,1766
1819,1818
1819,1819
1819,1820
1819,1821
1819,1822
1819,1823
1819,1824
1819,1825
1819,1826
1819,1827
1819,1828
1819,1829
1820,1755
1820,1756
1820,1757
1820,1758
1820,1759
1820,1760
1820,1764
1820,1765
1820,1766
1820,1818
1820,1819
1820,1820
1820,1821
1820,1822
1820,1823
1820,1824
1820,1825
1820,1826
1820,1827
1820,1828
1820,1829
1821,1764
1821,1765
1821,1766
1821,1767
1821,1768
1821,1769
1821,1797
1821,1798
1821,1799
1821,1800
1821,1801
1821,1802
1821,1818
1821,1819
1821,1820
1821,1821
1821,1822
1821,1823
1821,1827
1821,1828
1821,1829
1822,1764
1822,1765
1822,1766
1822,1767
1822,1768
1822,1769
1822,1797
1822,1798
1822,1799
1822,1800
1822,1801
1822,1802
1822,1818
1822,1819
1822,1820
1822,1821
1822,1822
1822,1823
1822,1827
1822,1828
1822,1829
1823,1764
1823,1765
1823,1766
1823,1767
1823,1768
1823,1769
1823,1797
1823,1798
1823,1799
1823,1800
1823,1801
1823,1802
1823,1818
1823,1819
1823,1820
1823,1821
1823,1822
1823,1823
1823,1827
1823,1828
1823,1829
1824,1581
1824,1582
1824,1583
1824,1584
1824,1585
1824,1586
1824,1758
1824,1759
1824,1760
1824,1761
1824,1762
1824,1763
1824,1818
1824,1819
1824,1820
1824,1824
1824,1825
1824,1826
1824,1827
1824,1828
1824,1829
1825,1581
1825,1582
1825,1583
1825,1584
1825,1585
1825,1586
1825,1758
1825,1759
1825,1760
1825,1761
1825,1762
1825,1763
1825,1818
1825,1819
1825,1820
1825,1824
1825,1825
1825,1826
1825,1827
1825,1828
1825,1829
1826,1581
1826,1582
1826,1583
1826,1584
1826,1585
1826,1586
1826,1758
1826,1759
1826,1760
1826,1761
1826,1762
1826,1763
1826,1818
1826,1819
1826,1820
1826,1824
1826,1825
1826,1826
1826,1827
1826,1828
1826,1829
1827,1578
1827,1579
1827,1580
1827,1581
1827,1582
1827,1583
1827,1800
1827,1801
1827,1802
1827,1818
1827,1819
1827,1820
1827,1821
1827,1822
1827,1823
1827,1824
1827,1825
1827,1826
1827,1827
1827,1828
1827,1829
1828,1578
1828,1579
1828,1580
1828,1581
1828,1582
1828,1583
1828,1800
1828,1801
1828,1802
1828,1818
1828,1819
1828,1820
1828,1821
1828,1822
1828,1823
1828,1824
1828,1825
1828,1826
1828,1827
1828,1828
1828,1829
1829,1578
1829,1579
1829,1580
1829,1581
1829,1582
1829,1583
1829,1800
1829,1801
1829,1802
1829,1818
1829,1819
1829,1820
1829,1821
1829,1822
1829,1823
1829,1824
1829,1825
1829,1826
1829,1827
1829,1828
1829,1829
1830,1539
1830,1540
1830,1541
1830,1542
1830,1543
1830,1544
1830,1830
1830,1831
1830,1832
1830,1833
1830,1834
1830,1835
1830,1836
1830,1837
1830,1838
1830,1848
1830,1849
1830,1850
1831,1539
1831,1540
1831,1541
1831,1542
1831,1543
1831,1544
1831,1830
1831,1831
1831,1832
1831,1833
1831,1834
1831,1835
1831,1836
1831,1837
1831,1838
1831,1848
1831,1849
1831,1850
1832,1539
1832,1540
1832,1541
1832,1542
1832,1543
1832,1544
1832,1830
1832,1831
1832,1832
1832,1833
1832,1834
1832,1835
1832,1836
1832,1837
1832,1838
1832,1848
1832,1849
1832,1850
1833,1755
1833,1756
1833,1757
1833,1758
1833,1759
1833,1760
1833,1830
1833,1831
1833,1832
1833,1833
1833,1834
1833,1835
1833,1836
1833,1837
1833,1838
1833,1842
1833,1843
1833,1844
1833,1848
1833,1849
1833,1850
1834,1755
1834,1756
1834,1757
1834,1758
1834,1759
1834,1760
1834,1830
1834,1831
1834,1832
1834,1833
1834,1834
1834,1835
1834,1836
1834,1837
1834,1838
1834,1842
1834,1843
1834,1844
1834,1848
1834,1849
1834,1850
1835,1755
1835,1756
1835,1757
1835,1758
1835,1759
1835,1760
1835,1830
1835,1831
1835,1832
1835,1833
1835,1834
1835,1835
1835,1836
1835,1837
1835,1838
1835,1842
1835,1843
1835,1844
1835,1848
1835,1849
1835,1850
1836,1536
1836,1537
1836,1538
1836,1539
1836,1540
1836,1541
1836,1830
1836,1831
1836,1832
1836,1833
1836,1834
1836,1835
1836,1836
1836,1837
1836,1838
1836,1839
1836,1840
1836,1841
1836,1842
1836,1843
1836,1844
1837,1536
1837,1537
1837,1538
1837,1539
1837,1540
1837,1541
1837,1830
1837,1831
1837,1832
1837,1833
1837,1834
1837,1835
1837,1836
1837,1837
1837,1838
1837,1839
1837,1840
1837,1841
1837,1842
1837,1843
1837,1844
1838,1536
1838,1537
1838,1538
1838,1539
1838,1540
1838,1541
1838,1830
1838,1831
1838,1832
1838,1833
1838,1834
1838,1835
1838,1836
1838,1837
1838,1838
1838,1839
1838,1840
1838,1841
1838,1842
1838,1843
1838,1844
1839,1311
1839,1312
1839,1313
1839,1314
1839,1315
1839,1316
1839,1536
1839,1537
1839,1538
1839,1836
1839,1837
1839,1838
1839,1839
1839,1840
1839,1841
1839,1842
1839,1843
1839,1844
1839,1845
1839,1846
1839,1847
1840,1311
1840,1312
1840,1313
1840,1314
1840,1315
1840,1316
1840,1536
1840,1537
1840,1538
1840,1836
1840,1837
1840,1838
1840,1839
1840,1840
1840,1841
1840,1842
1840,1843
1840,1844
1840,1845
1840,1846
1840,1847
1841,1311
1841,1312
1841,1313
1841,1314
1841,1315
1841,1316
1841,1536
1841,1537
1841,1538
1841,1836
1841,1837
1841,1838
1841,1839
1841,1840
1841,1841
1841,1842
1841,1843
1841,1844
1841,1845
1841,1846
1841,1847
1842,1752
1842,1753
1842,1754
1842,1755
1842,1756
1842,1757
1842,1833
1842,1834
1842,1835
1842,1836
1842,1837
1842,1838
1842,1839
1842,1840
1842,1841
1842,1842
1842,1843
1842,1844
1842,1845
1842,1846
1842,1847
1843,1752
1843,1753
1843,1754
1843,1755
1843,1756
1843,1757
1843,1833
1843,1834
1843,1835
1843,1836
1843,1837
1843,1838
1843,1839
1843,1840
1843,1841
1843,1842
1843,1843
1843,1844
1843,1845
1843,1846
1843,1847
1844,1752
1844,1753
1844,1754
1844,1755
1844,1756
1844,1757
1844,1833
1844,1834
1844,1835
1844,1836
1844,1837
1844,1838
1844,1839
1844,1840
1844,1841
1844,1842
1844,1843
1844,1844
1844,1845
1844,1846
1844,1847
1845,1308
1845,1309
1845,1310
1845,1311
1845,1312
1845,1313
1845,1749
1845,1750
1845,1751
1845,1752
1845,1753
1845,1754
1845,1839
1845,1840
1845,1841
1845,1842
1845,1843
1845,1844
1845,1845
1845,1846
1845,1847
1846,1308
1846,1309
1846,1310
1846,1311
1846,1312
1846,1313
1846,1749
1846,1750
1846,1751
1846,1752
1846,1753
1846,1754
1846,1839
1846,1840
1846,1841
1846,1842
1846,1843
1846,1844
1846,1845
1846,1846
1846,1847
1847,1308
1847,1309
1847,1310
1847,1311
1847,1312
1847,1313
1847,1749
1847,1750
1847,1751
1847,1752
1847,1753
1847,1754
1847,1839
1847,1840
1847,1841
1847,1842
1847,1843
1847,1844
1847,1845
1847,1846
1847,1847
1848,1542
1848,1543
1848,1544
1848,1545
1848,1546
1848,1547
1848,1758
1848,1759
1848,1760
1848,1761
1848,1762
1848,1763
1848,1830
1848,1831
1848,1832
1848,1833
1848,1834
1848,1835
1848,1848
1848,1849
1848,1850
1848,1851
1848,1852
1848,1853
1849,1542
1849,1543
1849,1544
1849,1545
1849,1546
1849,1547
1849,1758
1849,1759
1849,1760
1849,1761
1849,1762
1849,1763
1849,1830
1849,1831
1849,1832
1849,1833
1849,1834
1849,1835
1849,1848
1849,1849
1849,1850
1849,1851
1849,1852
1849,1853
1850,1542
1850,1543
1850,1544
1850,1545
1850,1546
1850,1547
1850,1758
1850,1759
1850,1760
1850,1761
1850,1762
1850,1763
1850,1830
1850,1831
1850,1832
1850,1833
1850,1834
1850,1835
1850,1848
1850,1849
1850,1850
1850,1851
1850,1852
1850,1853
1851,1545
1851,1546
1851,1547
1851,1548
1851,1549
1851,1550
1851,1587
1851,1588
1851,1589
1851,1590
1851,1591
1851,1592
1851,1761
1851,1762
1851,1763
1851,1848
1851,1849
1851,1850
1851,1851
1851,1852
1851,1853
1852,1545
1852,1546
1852,1547
1852,1548
1852,1549
1852,1550
1852,1587
1852,1588
1852,1589
1852,1590
1852,1591
1852,1592
1852,1761
1852,1762
1852,1763
1852,1848
1852,1849
1852,1850
1852,1851
1852,1852
1852,1853
1853,1545
1853,1546
1853,1547
1853,1548
1853,1549
1853,1550
1853,1587
1853,1588
1853,1589
1853,1590
1853,1591
1853,1592
1853,1761
1853,1762
1853,1763
1853,1848
1853,1849
1853,1850
1853,1851
1853,1852
1853,1853
1854,1551
1854,1552
1854,1553
1854,1554
1854,1555
1854,1556
1854,1854
1854,1855
1854,1856
1854,1857
1854,1858
1854,1859
1854,1914
1854,1915
1854,1916
1854,2019
1854,2020
1854,2021
1854,2025
1854,2026
1854,2027
1855,1551
1855,1552
1855,1553
1855,1554
1855,1555
1855,1556
1855,1854
1855,1855
1855,1856
1855,1857
1855,1858
1855,1859
1855,1914
1855,1915
1855,1916
1855,2019
1855,2020
1855,2021
1855,2025
1855,2026
1855,2027
1856,1551
1856,1552
1856,1553
1856,1554
1856,1555
1856,1556
1856,1854
1856,1855
1856,1856
1856,1857
1856,1858
1856,1859
1856,1914
1856,1915
1856,1916
1856,2019
1856,2020
1856,2021
1856,2025
1856,2026
1856,2027
1857,1854
1857,1855
1857,1856
1857,1857
1857,1858
1857,1859
1857,1860
1857,1861
1857,1862
1857,1902
1857,1903
1857,1904
1857,1914
1857,1915
1857,1916
1857,2007
1857,2008
1857,2009
1857,2025
1857,2026
1857,2027
1858,1854
1858,1855
1858,1856
1858,1857
1858,1858
1858,1859
1858,1860
1858,1861
1858,1862
1858,1902
1858,1903
1858,1904
1858,1914
1858,1915
1858,1916
1858,2007
1858,2008
1858,2009
1858,2025
1858,2026
1858,2027
1859,1854
1859,1855
1859,1856
1859,1857
1859,1858
1859,1859
1859,1860
1859,1861
1859,1862
1859,1902
1859,1903
1859,1904
1859,1914
1859,1915
1859,1916
1859,2007
1859,2008
1859,2009
1859,2025
1859,2026
1859,2027
1860,1857
1860,1858
1860,1859
1860,1860
1860,1861
1860,1862
1860,1863
1860,1864
1860,1865
1860,1902
1860,1903
1860,1904
1860,1908
1860,1909
1860,1910
1860,2007
1860,2008
1860,2009
1860,2103
1860,2104
1860,2105
1861,1857
1861,1858
1861,1859
1861,1860
1861,1861
1861,1862
1861,1863
1861,1864
1861,1865
1861,1902
1861,1903
1861,1904
1861,1908
1861,1909
1861,1910
1861,2007
1861,2008
1861,2009
1861,2103
1861,2104
1861,2105
1862,1857
1862,1858
1862,1859
1862,1860
1862,1861
1862,1862
1862,1863
1862,1864
1862,1865
1862,1902
1862,1903
1862,1904
1862,1908
1862,1909
1862,1910
1862,2007
1862,2008
1862,2009
1862,2103
1862,2104
1862,2105
1863,1860
1863,1861
1863,1862
1863,1863
1863,1864
1863,1865
1863,1866
1863,1867
1863,1868
1863,1875
1863,1876
1863,1877
1863,1908
1863,1909
1863,1910
1863,2103
1863,2104
1863,2105
1863,2106
1863,2107
1863,2108
1864,1860
1864,1861
1864,1862
1864,1863
1864,1864
1864,1865
1864,1866
1864,1867
1864,1868
1864,1875
1864,1876
1864,1877
1864,1908
1864,1909
1864,1910
1864,2103
1864,2104
1864,2105
1864,2106
1864,2107
1864,2108
1865,1860
1865,1861
1865,1862
1865,1863
1865,1864
1865,1865
1865,1866
1865,1867
1865,1868
1865,1875
1865,1876
1865,1877
1865,1908
1865,1909
1865,1910
1865,2103
1865,2104
1865,2105
1865,2106
1865,2107
1865,2108
1866,1863
1866,1864
1866,1865
1866,1866
1866,1867
1866,1868
1866,1869
1866,1870
1866,1871
1866,1875
1866,1876
1866,1877
1866,1953
1866,1954
1866,1955
1866,2079
1866,2080
1866,2081
1866,2106
1866,2107
1866,2108
1867,1863
1867,1864
1867,1865
1867,1866
1867,1867
1867,1868
1867,1869
1867,1870
1867,1871
1867,1875
1867,1876
1867,1877
1867,1953
1867,1954
1867,1955
1867,2079
1867,2080
1867,2081
1867,2106
1867,2107
1867,2108
1868,1863
1868,1864
1868,1865
1868,1866
1868,1867
1868,1868
1868,1869
1868,1870
1868,1871
1868,1875
1868,1876
1868,1877
1868,1953
1868,1954
1868,1955
1868,2079
1868,2080
1868,2081
1868,2106
1868,2107
1868,2108
1869,1866
1869,1867
1869,1868
1869,1869
1869,1870
1869,1871
1869,1872
1869,1873
1869,1874
1869,1947
1869,1948
1869,1949
1869,1953
1869,1954
1869,1955
1869,2079
1869,2080
1869,2081
1869,2091
1869,2092
1869,2093
1870,1866
1870,1867
1870,1868
1870,1869
1870,1870
1870,1871
1870,1872
1870,1873
1870,1874
1870,1947
1870,1948
1870,1949
1870,1953
1870,1954
1870,1955
1870,2079
1870,2080
1870,2081
1870,2091
1870,2092
1870,2093
1871,1866
1871,1867
1871,1868
1871,1869
1871,1870
1871,1871
1871,1872
1871,1873
1871,1874
1871,1947
1871,1948
1871,1949
1871,1953
1871,1954
1871,1955
1871,2079
1871,2080
1871,2081
1871,2091
1871,2092
1871,2093
1872,1515
1872,1516
1872,1517
1872,1518
1872,1519
1872,1520
1872,1869
1872,1870
1872,1871
1872,1872
1872,1873
1872,1874
1872,1947
1872,1948
1872,1949
1872,1959
1872,1960
1872,1961
1872,2091
1872,2092
1872,2093
1873,1515
1873,1516
1873,1517
1873,1518
1873,1519
1873,1520
1873,1869
1873,1870
1873,1871
1873,1872
1873,1873
1873,1874
1873,1947
1873,1948
1873,1949
1873,1959
1873,1960
1873,1961
1873,2091
1873,2092
1873,2093
1874,1515
1874,1516
1874,1517
1874,1518
1874,1519
1874,1520
1874,1869
1874,1870
1874,1871
1874,1872
1874,1873
1874,1874
1874,1947
1874,1948
1874,1949
1874,1959
1874,1960
1874,1961
1874,2091
1874,2092
1874,2093
1875,1863
1875,1864
1875,1865
1875,1866
1875,1867
1875,1868
1875,1875
1875,1876
1875,1877
1875,1878
1875,1879
1875,1880
1875,1905
1875,1906
1875,1907
1875,1908
1875,1909
1875,1910
1875,1953
1875,1954
1875,1955
1876,1863
1876,1864
1876,1865
1876,1866
1876,1867
1876,1868
1876,1875
1876,1876
1876,1877
1876,1878
1876,1879
1876,1880
1876,1905
1876,1906
1876,1907
1876,1908
1876,1909
1876,1910
1876,1953
1876,1954
1876,1955
1877,1863
1877,1864
1877,1865
1877,1866
1877,1867
1877,1868
1877,1875
1877,1876
1877,1877
1877,1878
1877,1879
1877,1880
1877,1905
1877,1906
1877,1907
1877,1908
1877,1909
1877,1910
1877,1953
1877,1954
1877,1955
1878,1875
1878,1876
1878,1877
1878,1878
1878,1879
1878,1880
1878,1881
1878,1882
1878,1883
1878,1890
1878,1891
1878,1892
1878,1905
1878,1906
1878,1907
1878,1953
1878,1954
1878,1955
1878,1956
1878,1957
1878,1958
1879,1875
1879,1876
1879,1877
1879,1878
1879,1879
1879,1880
1879,1881
1879,1882
1879,1883
1879,1890
1879,1891
1879,1892
1879,1905
1879,1906
1879,1907
1879,1953
1879,1954
1879,1955
1879,1956
1879,1957
1879,1958
1880,1875
1880,1876
1880,1877
1880,1878
1880,1879
1880,1880
1880,1881
1880,1882
1880,1883
1880,1890
1880,1891
1880,1892
1880,1905
1880,1906
1880,1907
1880,1953
1880,1954
1880,1955
1880,1956
1880,1957
1880,1958
1881,1878
1881,1879
1881,1880
1881,1881
1881,1882
1881,1883
1881,1884
1881,1885
1881,1886
1881,1890
1881,1891
1881,1892
1881,1926
1881,1927
1881,1928
1881,1944
1881,1945
1881,1946
1881,1956
1881,1957
1881,1958
1882,1878
1882,1879
1882,1880
1882,1881
1882,1882
1882,1883
1882,1884
1882,1885
1882,1886
1882,1890
1882,1891
1882,1892
1882,1926
1882,1927
1882,1928
1882,1944
1882,1945
1882,1946
1882,1956
1882,1957
1882,1958
1883,1878
1883,1879
1883,1880
1883,1881
1883,1882
1883,1883
1883,1884
1883,1885
1883,1886
1883,1890
1883,1891
1883,1892
1883,1926
1883,1927
1883,1928
1883,1944
1883,1945
1883,1946
1883,1956
1883,1957
1883,1958
1884,1881
1884,1882
1884,1883
1884,1884
1884,1885
1884,1886
1884,1887
1884,1888
1884,1889
1884,1923
1884,1924
1884,1925
1884,1926
1884,1927
1884,1928
1884,1944
1884,1945
1884,1946
1884,1986
1884,1987
1884,1988
1885,1881
1885,1882
1885,1883
1885,1884
1885,1885
1885,1886
1885,1887
1885,1888
1885,1889
1885,1923
1885,1924
1885,1925
1885,1926
1885,1927
1885,1928
1885,1944
1885,1945
1885,1946
1885,1986
1885,1987
1885,1988
1886,1881
1886,1882
1886,1883
1886,1884
1886,1885
1886,1886
1886,1887
1886,1888
1886,1889
1886,1923
1886,1924
1886,1925
1886,1926
1886,1927
1886,1928
1886,1944
1886,1945
1886,1946
1886,1986
1886,1987
1886,1988
1887,1212
1887,1213
1887,1214
1887,1215
1887,1216
1887,1217
1887,1884
1887,1885
1887,1886
1887,1887
1887,1888
1887,1889
1887,1923
1887,1924
1887,1925
1887,1980
1887,1981
1887,1982
1887,1986
1887,1987
1887,1988
1888,1212
1888,1213
1888,1214
1888,1215
1888,1216
1888,1217
1888,1884
1888,1885
1888,1886
1888,1887
1888,1888
1888,1889
1888,1923
1888,1924
1888,1925
1888,1980
1888,1981
1888,1982
1888,1986
1888,1987
1888,1988
1889,1212
1889,1213
1889,1214
1889,1215
1889,1216
1889,1217
1889,1884
1889,1885
1889,1886
1889,1887
1889,1888
1889,1889
1889,1923
1889,1924
1889,1925
1889,1980
1889,1981
1889,1982
1889,1986
1889,1987
1889,1988
1890,1878
1890,1879
1890,1880
1890,1881
1890,1882
1890,1883
1890,1890
1890,1891
1890,1892
1890,1893
1890,1894
1890,1895
1890,1905
1890,1906
1890,1907
1890,1920
1890,1921
1890,1922
1890,1926
1890,1927
1890,1928
1891,1878
1891,1879
1891,1880
1891,1881
1891,1882
1891,1883
1891,1890
1891,1891
1891,1892
1891,1893
1891,1894
1891,1895
1891,1905
1891,1906
1891,1907
1891,1920
1891,1921
1891,1922
1891,1926
1891,1927
1891,1928
1892,1878
1892,1879
1892,1880
1892,1881
1892,1882
1892,1883
1892,1890
1892,1891
1892,1892
1892,1893
1892,1894
1892,1895
1892,1905
1892,1906
1892,1907
1892,1920
1892,1921
1892,1922
1892,1926
1892,1927
1892,1928
1893,1890
1893,1891
1893,1892
1893,1893
1893,1894
1893,1895
1893,1896
1893,1897
1893,1898
1893,1899
1893,1900
1893,1901
1893,1905
1893,1906
1893,1907
1893,1920
1893,1921
1893,1922
1893,1932
1893,1933
1893,1934
1894,1890
1894,1891
1894,1892
1894,1893
1894,1894
1894,1895
1894,1896
1894,1897
1894,1898
1894,1899
1894,1900
1894,1901
1894,1905
1894,1906
1894,1907
1894,1920
1894,1921
1894,1922
1894,1932
1894,1933
1894,1934
1895,1890
1895,1891
1895,1892
1895,1893
1895,1894
1895,1895
1895,1896
1895,1897
1895,1898
1895,1899
1895,1900
1895,1901
1895,1905
1895,1906
1895,1907
1895,1920
1895,1921
1895,1922
1895,1932
1895,1933
1895,1934
1896,1560
1896,1561
1896,1562
1896,1563
1896,1564
1896,1565
1896,1893
1896,1894
1896,1895
1896,1896
1896,1897
1896,1898
1896,1899
1896,1900
1896,1901
1896,1911
1896,1912
1896,1913
1896,1932
1896,1933
1896,1934
1897,1560
1897,1561
1897,1562
1897,1563
1897,1564
1897,1565
1897,1893
1897,1894
1897,1895
1897,1896
1897,1897
1897,1898
1897,1899
1897,1900
1897,1901
1897,1911
1897,1912
1897,1913
1897,1932
1897,1933
1897,1934
1898,1560
1898,1561
1898,1562
1898,1563
1898,1564
1898,1565
1898,1893
1898,1894
1898,1895
1898,1896
1898,1897
1898,1898
1898,1899
1898,1900
1898,1901
1898,1911
1898,1912
1898,1913
1898,1932
1898,1933
1898,1934
1899,1893
1899,1894
1899,1895
1899,1896
1899,1897
1899,1898
1899,1899
1899,1900
1899,1901
1899,1902
1899,1903
1899,1904
1899,1905
1899,1906
1899,1907
1899,1908
1899,1909
1899,1910
1899,1911
1899,1912
1899,1913
1900,1893
1900,1894
1900,1895
1900,1896
1900,1897
1900,1898
1900,1899
1900,1900
1900,1901
1900,1902
1900,1903
1900,1904
1900,1905
1900,1906
1900,1907
1900,1908
1900,1909
1900,1910
1900,1911
1900,1912
1900,1913
1901,1893
1901,1894
1901,1895
1901,1896
1901,1897
1901,1898
1901,1899
1901,1900
1901,1901
1901,1902
1901,1903
1901,1904
1901,1905
1901,1906
1901,1907
1901,1908
1901,1909
1901,1910
1901,1911
1901,1912
1901,1913
1902,1857
1902,1858
1902,1859
1902,1860
1902,1861
1902,1862
1902,1899
1902,1900
1902,1901
1902,1902
1902,1903
1902,1904
1902,1908
1902,1909
1902,1910
1902,1911
1902,1912
1902,1913
1902,1914
1902,1915
1902,1916
1903,1857
1903,1858
1903,1859
1903,1860
1903,1861
1903,1862
1903,1899
1903,1900
1903,1901
1903,1902
1903,1903
1903,1904
1903,1908
1903,1909
1903,1910
1903,1911
1903,1912
1903,1913
1903,1914
1903,1915
1903,1916
1904,1857
1904,1858
1904,1859
1904,1860
1904,1861
1904,1862
1904,1899
1904,1900
1904,1901
1904,1902
1904,1903
1904,1904
1904,1908
1904,1909
1904,1910
1904,1911
1904,1912
1904,1913
1904,1914
1904,1915
1904,1916
1905,1875
1905,1876
1905,1877
1905,1878
1905,1879
1905,1880
1905,1890
1905,1891
1905,1892
1905,1893
1905,1894
1905,1895
1905,1899
1905,1900
1905,1901
1905,1905
1905,1906
1905,1907
1905,1908
1905,1909
1905,1910
1906,1875
1906,1876
1906,1877
1906,1878
1906,1879
1906,1880
1906,1890
1906,1891
1906,1892
1906,1893
1906,1894
1906,1895
1906,1899
1906,1900
1906,1901
1906,1905
1906,1906
1906,1907
1906,1908
1906,1909
1906,1910
1907,1875
1907,1876
1907,1877
1907,1878
1907,1879
1907,1880
1907,1890
1907,1891
1907,1892
1907,1893
1907,1894
1907,1895
1907,1899
1907,1900
1907,1901
1907,1905
1907,1906
1907,1907
1907,1908
1907,1909
1907,1910
1908,1860
1908,1861
1908,1862
1908,1863
1908,1864
1908,1865
1908,1875
1908,1876
1908,1877
1908,1899
1908,1900
1908,1901
1908,1902
1908,1903
1908,1904
1908,1905
1908,1906
1908,1907
1908,1908
1908,1909
1908,1910
1909,1860
1909,1861
1909,1862
1909,1863
1909,1864
1909,1865
1909,1875
1909,1876
1909,1877
1909,1899
1909,1900
1909,1901
1909,1902
1909,1903
1909,1904
1909,1905
1909,1906
1909,1907
1909,1908
1909,1909
1909,1910
1910,1860
1910,1861
1910,1862
1910,1863
1910,1864
1910,1865
1910,1875
1910,1876
1910,1877
1910,1899
1910,1900
1910,1901
1910,1902
1910,1903
1910,1904
1910,1905
1910,1906
1910,1907
1910,1908
1910,1909
1910,1910
1911,1557
1911,1558
1911,1559
1911,1560
1911,1561
1911,1562
1911,1896
1911,1897
1911,1898
1911,1899
1911,1900
1911,1901
1911,1902
1911,1903
1911,1904
1911,1911
1911,1912
1911,1913
1911,1914
1911,1915
1911,1916
1912,1557
1912,1558
1912,1559
1912,1560
1912,1561
1912,1562
1912,1896
1912,1897
1912,1898
1912,1899
1912,1900
1912,1901
1912,1902
1912,1903
1912,1904
1912,1911
1912,1912
1912,1913
1912,1914
1912,1915
1912,1916
1913,1557
1913,1558
1913,1559
1913,1560
1913,1561
1913,1562
1913,1896
1913,1897
1913,1898
1913,1899
1913,1900
1913,1901
1913,1902
1913,1903
1913,1904
1913,1911
1913,1912
1913,1913
1913,1914
1913,1915
1913,1916
1914,1554
1914,1555
1914,1556
1914,1557
1914,1558
1914,1559
1914,1854
1914,1855
1914,1856
1914,1857
1914,1858
1914,1859
1914,1902
1914,1903
1914,1904
1914,1911
1914,1912
1914,1913
1914,1914
1914,1915
1914,1916
1915,1554
1915,1555
1915,1556
1915,1557
1915,1558
1915,1559
1915,1854
1915,1855
1915,1856
1915,1857
1915,1858
1915,1859
1915,1902
1915,1903
1915,1904
1915,1911
1915,1912
1915,1913
1915,1914
1915,1915
1915,1916
1916,1554
1916,1555
1916,1556
1916,1557
1916,1558
1916,1559
1916,1854
1916,1855
1916,1856
1916,1857
1916,1858
1916,1859
1916,1902
1916,1903
1916,1904
1916,1911
1916,1912
1916,1913
1916,1914
1916,1915
1916,1916
1917,1218
1917,1219
1917,1220
1917,1221
1917,1222
1917,1223
1917,1917
1917,1918
1917,1919
1917,1920
1917,1921
1917,1922
1917,1923
1917,1924
1917,1925
1917,1926
1917,1927
1917,1928
1917,1929
1917,1930
1917,1931
1918,1218
1918,1219
1918,1220
1918,1221
1918,1222
1918,1223
1918,1917
1918,1918
1918,1919
1918,1920
1918,1921
1918,1922
1918,1923
1918,1924
1918,1925
1918,1926
1918,1927
1918,1928
1918,1929
1918,1930
1918,1931
1919,1218
1919,1219
1919,1220
1919,1221
1919,1222
1919,1223
1919,1917
1919,1918
1919,1919
1919,1920
1919,1921
1919,1922
1919,1923
1919,1924
1919,1925
1919,1926
1919,1927
1919,1928
1919,1929
1919,1930
1919,1931
1920,1890
1920,1891
1920,1892
1920,1893
1920,1894
1920,1895
1920,1917
1920,1918
1920,1919
1920,1920
1920,1921
1920,1922
1920,1926
1920,1927
1920,1928
1920,1929
1920,1930
1920,1931
1920,1932
1920,1933
1920,1934
1921,1890
1921,1891
1921,1892
1921,1893
1921,1894
1921,1895
1921,1917
1921,1918
1921,1919
1921,1920
1921,1921
1921,1922
1921,1926
1921,1927
1921,1928
1921,1929
1921,1930
1921,1931
1921,1932
1921,1933
1921,1934
1922,1890
1922,1891
1922,1892
1922,1893
1922,1894
1922,1895
1922,1917
1922,1918
1922,1919
1922,1920
1922,1921
1922,1922
1922,1926
1922,1927
1922,1928
1922,1929
1922,1930
1922,1931
1922,1932
1922,1933
1922,1934
1923,1215
1923,1216
1923,1217
1923,1218
1923,1219
1923,1220
1923,1884
1923,1885
1923,1886
1923,1887
1923,1888
1923,1889
1923,1917
1923,1918
1923,1919
1923,1923
1923,1924
1923,1925
1923,1926
1923,1927
1923,1928
1924,1215
1924,1216
1924,1217
1924,1218
1924,1219
1924,1220
1924,1884
1924,1885
1924,1886
1924,1887
1924,1888
1924,1889
1924,1917
1924,1918
1924,1919
1924,1923
1924,1924
1924,1925
1924,1926
1924,1927
1924,1928
1925,1215
1925,1216
1925,1217
1925,1218
1925,1219
1925,1220
1925,1884
1925,1885
1925,1886
1925,1887
1925,1888
1925,1889
1925,1917
1925,1918
1925,1919
1925,1923
1925,1924
1925,1925
1925,1926
1925,1927
1925,1928
1926,1881
1926,1882
1926,1883
1926,1884
1926,1885
1926,1886
1926,1890
1926,1891
1926,1892
1926,1917
1926,1918
1926,1919
1926,1920
1926,1921
1926,1922
1926,1923
1926,1924
1926,1925
1926,1926
1926,1927
1926,1928
1927,1881
1927,1882
1927,1883
1927,1884
1927,1885
1927,1886
1927,1890
1927,1891
1927,1892
1927,1917
1927,1918
1927,1919
1927,1920
1927,1921
1927,1922
1927,1923
1927,1924
1927,1925
1927,1926
1927,1927
1927,1928
1928,1881
1928,1882
1928,1883
1928,1884
1928,1885
1928,1886
1928,1890
1928,1891
1928,1892
1928,1917
1928,1918
1928,1919
1928,1920
1928,1921
1928,1922
1928,1923
1928,1924
1928,1925
1928,1926
1928,1927
1928,1928
1929,1221
1929,1222
1929,1223
1929,1224
1929,1225
1929,1226
1929,1566
1929,1567
1929,1568
1929,1917
1929,1918
1929,1919
1929,1920
1929,1921
1929,1922
1929,1929
1929,1930
1929,1931
1929,1932
1929,1933
1929,1934
1930,1221
1930,1222
1930,1223
1930,1224
1930,1225
1930,1226
1930,1566
1930,1567
1930,1568
1930,1917
1930,1918
1930,1919
1930,1920
1930,1921
1930,1922
1930,1929
1930,1930
1930,1931
1930,1932
1930,1933
1930,1934
1931,1221
1931,1222
1931,1223
1931,1224
1931,1225
1931,1226
1931,1566
1931,1567
1931,1568
1931,1917
1931,1918
1931,1919
1931,1920
1931,1921
1931,1922
1931,1929
1931,1930
1931,1931
1931,1932
1931,1933
1931,1934
1932,1563
1932,1564
1932,1565
1932,1566
1932,1567
1932,1568
1932,1893
1932,1894
1932,1895
1932,1896
1932,1897
1932,1898
1932,1920
1932,1921
1932,1922
1932,1929
1932,1930
1932,1931
1932,1932
1932,1933
1932,1934
1933,1563
1933,1564
1933,1565
1933,1566
1933,1567
1933,1568
1933,1893
1933,1894
1933,1895
1933,1896
1933,1897
1933,1898
1933,1920
1933,1921
1933,1922
1933,1929
1933,1930
1933,1931
1933,1932
1933,1933
1933,1934
1934,1563
1934,1564
1934,1565
1934,1566
1934,1567
1934,1568
1934,1893
1934,1894
1934,1895
1934,1896
1934,1897
1934,1898
1934,1920
1934,1921
1934,1922
1934,1929
1934,1930
1934,1931
1934,1932
1934,1933
1934,1934
1935,1524
1935,1525
1935,1526
1935,1527
1935,1528
1935,1529
1935,1935
1935,1936
1935,1937
1935,1938
1935,1939
1935,1940
1935,1962
1935,1963
1935,1964
1935,1971
1935,1972
1935,1973
1935,1977
1935,1978
1935,1979
1936,1524
1936,1525
1936,1526
1936,1527
1936,1528
1936,1529
1936,1935
1936,1936
1936,1937
1936,1938
1936,1939
1936,1940
1936,1962
1936,1963
1936,1964
1936,1971
1936,1972
1936,1973
1936,1977
1936,1978
1936,1979
1937,1524
1937,1525
1937,1526
1937,1527
1937,1528
1937,1529
1937,1935
1937,1936
1937,1937
1937,1938
1937,1939
1937,1940
1937,1962
1937,1963
1937,1964
1937,1971
1937,1972
1937,1973
1937,1977
1937,1978
1937,1979
1938,1935
1938,1936
1938,1937
1938,1938
1938,1939
1938,1940
1938,1941
1938,1942
1938,1943
1938,1962
1938,1963
1938,1964
1938,1965
1938,1966
1938,1967
1938,1971
1938,1972
1938,1973
1938,1989
1938,1990
1938,1991
1939,1935
1939,1936
1939,1937
1939,1938
1939,1939
1939,1940
1939,1941
1939,1942
1939,1943
1939,1962
1939,1963
1939,1964
1939,1965
1939,1966
1939,1967
1939,1971
1939,1972
1939,1973
1939,1989
1939,1990
1939,1991
1940,1935
1940,1936
1940,1937
1940,1938
1940,1939
1940,1940
1940,1941
1940,1942
1940,1943
1940,1962
1940,1963
1940,1964
1940,1965
1940,1966
1940,1967
1940,1971
1940,1972
1940,1973
1940,1989
1940,1990
1940,1991
1941,1938
1941,1939
1941,1940
1941,1941
1941,1942
1941,1943
1941,1944
1941,1945
1941,1946
1941,1950
1941,1951
1941,1952
1941,1965
1941,1966
1941,1967
1941,1986
1941,1987
1941,1988
1941,1989
1941,1990
1941,1991
1942,1938
1942,1939
1942,1940
1942,1941
1942,1942
1942,1943
1942,1944
1942,1945
1942,1946
1942,1950
1942,1951
1942,1952
1942,1965
1942,1966
1942,1967
1942,1986
1942,1987
1942,1988
1942,1989
1942,1990
1942,1991
1943,1938
1943,1939
1943,1940
1943,1941
1943,1942
1943,1943
1943,1944
1943,1945
1943,1946
1943,1950
1943,1951
1943,1952
1943,1965
1943,1966
1943,1967
1943,1986
1943,1987
1943,1988
1943,1989
1943,1990
1943,1991
1944,1881
1944,1882
1944,1883
1944,1884
1944,1885
1944,1886
1944,1941
1944,1942
1944,1943
1944,1944
1944,1945
1944,1946
1944,1950
1944,1951
1944,1952
1944,1956
1944,1957
1944,1958
1944,1986
1944,1987
1944,1988
1945,1881
1945,1882
1945,1883
1945,1884
1945,1885
1945,1886
1945,1941
1945,1942
1945,1943
1945,1944
1945,1945
1945,1946
1945,1950
1945,1951
1945,1952
1945,1956
1945,1957
1945,1958
1945,1986
1945,1987
1945,1988
1946,1881
1946,1882
1946,1883
1946,1884
1946,1885
1946,1886
1946,1941
1946,1942
1946,1943
1946,1944
1946,1945
1946,1946
1946,1950
1946,1951
1946,1952
1946,1956
1946,1957
1946,1958
1946,1986
1946,1987
1946,1988
1947,1869
1947,1870
1947,1871
1947,1872
1947,1873
1947,1874
1947,1947
1947,1948
1947,1949
1947,1950
1947,1951
1947,1952
1947,1953
1947,1954
1947,1955
1947,1956
1947,1957
1947,1958
1947,1959
1947,1960
1947,1961
1948,1869
1948,1870
1948,1871
1948,1872
1948,1873
1948,1874
1948,1947
1948,1948
1948,1949
1948,1950
1948,1951
1948,1952
1948,1953
1948,1954
1948,1955
1948,1956
1948,1957
1948,1958
1948,1959
1948,1960
1948,1961
1949,1869
1949,1870
1949,1871
1949,1872
1949,1873
1949,1874
1949,1947
1949,1948
1949,1949
1949,1950
1949,1951
1949,1952
1949,1953
1949,1954
1949,1955
1949,1956
1949,1957
1949,1958
1949,1959
1949,1960
1949,1961
1950,1941
1950,1942
1950,1943
1950,1944
1950,1945
1950,1946
1950,1947
1950,1948
1950,1949
1950,1950
1950,1951
1950,1952
1950,1956
1950,1957
1950,1958
1950,1959
1950,1960
1950,1961
1950,1965
1950,1966
1950,1967
1951,1941
1951,1942
1951,1943
1951,1944
1951,1945
1951,1946
1951,1947
1951,1948
1951,1949
1951,1950
1951,1951
1951,1952
1951,1956
1951,1957
1951,1958
1951,1959
1951,1960
1951,1961
1951,1965
1951,1966
1951,1967
1952,1941
1952,1942
1952,1943
1952,1944
1952,1945
1952,1946
1952,1947
1952,1948
1952,1949
1952,1950
1952,1951
1952,1952
1952,1956
1952,1957
1952,1958
1952,1959
1952,1960
1952,1961
1952,1965
1952,1966
1952,1967
1953,1866
1953,1867
1953,1868
1953,1869
1953,1870
1953,1871
1953,1875
1953,1876
1953,1877
1953,1878
1953,1879
1953,1880
1953,1947
1953,1948
1953,1949
1953,1953
1953,1954
1953,1955
1953,1956
1953,1957
1953,1958
1954,1866
1954,1867
1954,1868
1954,1869
1954,1870
1954,1871
1954,1875
1954,1876
1954,1877
1954,1878
1954,1879
1954,1880
1954,1947
1954,1948
1954,1949
1954,1953
1954,1954
1954,1955
1954,1956
1954,1957
1954,1958
1955,1866
1955,1867
1955,1868
1955,1869
1955,1870
1955,1871
1955,1875
1955,1876
1955,1877
1955,1878
1955,1879
1955,1880
1955,1947
1955,1948
1955,1949
1955,1953
1955,1954
1955,1955
1955,1956
1955,1957
1955,1958
1956,1878
1956,1879
1956,1880
1956,1881
1956,1882
1956,1883
1956,1944
1956,1945
1956,1946
1956,1947
1956,1948
1956,1949
1956,1950
1956,1951
1956,1952
1956,1953
1956,1954
1956,1955
1956,1956
1956,1957
1956,1958
1957,1878
1957,1879
1957,1880
1957,1881
1957,1882
1957,1883
1957,1944
1957,1945
1957,1946
1957,1947
1957,1948
1957,1949
1957,1950
1957,1951
1957,1952
1957,1953
1957,1954
1957,1955
1957,1956
1957,1957
1957,1958
1958,1878
1958,1879
1958,1880
1958,1881
1958,1882
1958,1883
1958,1944
1958,1945
1958,1946
1958,1947
1958,1948
1958,1949
1958,1950
1958,1951
1958,1952
1958,1953
1958,1954
1958,1955
1958,1956
1958,1957
1958,1958
1959,1518
1959,1519
1959,1520
1959,1521
1959,1522
1959,1523
1959,1872
1959,1873
1959,1874
1959,1947
1959,1948
1959,1949
1959,1950
1959,1951
1959,1952
1959,1959
1959,1960
1959,1961
1959,1962
1959,1963
1959,1964
1959,1965
1959,1966
1959,1967
1960,1518
1960,1519
1960,1520
1960,1521
1960,1522
1960,1523
1960,1872
1960,1873
1960,1874
1960,1947
1960,1948
1960,1949
1960,1950
1960,1951
1960,1952
1960,1959
1960,1960
1960,1961
1960,1962
1960,1963
1960,1964
1960,1965
1960,1966
1960,1967
1961,1518
1961,1519
1961,1520
1961,1521
1961,1522
1961,1523
1961,1872
1961,1873
1961,1874
1961,1947
1961,1948
1961,1949
1961,1950
1961,1951
1961,1952
1961,1959
1961,1960
1961,1961
1961,1962
1961,1963
1961,1964
1961,1965
1961,1966
1961,1967
1962,1521
1962,1522
1962,1523
1962,1524
1962,1525
1962,1526
1962,1935
1962,1936
1962,1937
1962,1938
1962,1939
1962,1940
1962,1959
1962,1960
1962,1961
1962,1962
1962,1963
1962,1964
1962,1965
1962,1966
1962,1967
1963,1521
1963,1522
1963,1523
1963,1524
1963,1525
1963,1526
1963,1935
1963,1936
1963,1937
1963,1938
1963,1939
1963,1940
1963,1959
1963,1960
1963,1961
1963,1962
1963,1963
1963,1964
1963,1965
1963,1966
1963,1967
1964,1521
1964,1522
1964,1523
1964,1524
1964,1525
1964,1526
1964,1935
1964,1936
1964,1937
1964,1938
1964,1939
1964,1940
1964,1959
1964,1960
1964,1961
1964,1962
1964,1963
1964,1964
1964,1965
1964,1966
1964,1967
1965,1938
1965,1939
1965,1940
1965,1941
1965,1942
1965,1943
1965,1950
1965,1951
1965,1952
1965,1959
1965,1960
1965,1961
1965,1962
1965,1963
1965,1964
1965,1965
1965,1966
1965,1967
1966,1938
1966,1939
1966,1940
1966,1941
1966,1942
1966,1943
1966,1950
1966,1951
1966,1952
1966,1959
1966,1960
1966,1961
1966,1962
1966,1963
1966,1964
1966,1965
1966,1966
1966,1967
1967,1938
1967,1939
1967,1940
1967,1941
1967,1942
1967,1943
1967,1950
1967,1951
1967,1952
1967,1959
1967,1960
1967,1961
1967,1962
1967,1963
1967,1964
1967,1965
1967,1966
1967,1967
1968,1203
1968,1204
1968,1205
1968,1206
1968,1207
1968,1208
1968,1968
1968,1969
1968,1970
1968,1971
1968,1972
1968,1973
1968,1974
1968,1975
1968,1976
1968,1977
1968,1978
1968,1979
1968,1983
1968,1984
1968,1985
1969,1203
1969,1204
1969,1205
1969,1206
1969,1207
1969,1208
1969,1968
1969,1969
1969,1970
1969,1971
1969,1972
1969,1973
1969,1974
1969,1975
1969,1976
1969,1977
1969,1978
1969,1979
1969,1983
1969,1984
1969,1985
1970,1203
1970,1204
1970,1205
1970,1206
1970,1207
1970,1208
1970,1968
1970,1969
1970,1970
1970,1971
1970,1972
1970,1973
1970,1974
1970,1975
1970,1976
1970,1977
1970,1978
1970,1979
1970,1983
1970,1984
1970,1985
1971,1935
1971,1936
1971,1937
1971,1938
1971,1939
1971,1940
1971,1968
1971,1969
1971,1970
1971,1971
1971,1972
1971,1973
1971,1977
1971,1978
1971,1979
1971,1983
1971,1984
1971,1985
1971,1989
1971,1990
1971,1991
1972,1935
1972,1936
1972,1937
1972,1938
1972,1939
1972,1940
1972,1968
1972,1969
1972,1970
1972,1971
1972,1972
1972,1973
1972,1977
1972,1978
1972,1979
1972,1983
1972,1984
1972,1985
1972,1989
1972,1990
1972,1991
1973,1935
1973,1936
1973,1937
1973,1938
1973,1939
1973,1940
1973,1968
1973,1969
1973,1970
1973,1971
1973,1972
1973,1973
1973,1977
1973,1978
1973,1979
1973,1983
1973,1984
1973,1985
1973,1989
1973,1990
1973,1991
1974,1200
1974,1201
1974,1202
1974,1203
1974,1204
1974,1205
1974,1530
1974,1531
1974,1532
1974,1533
1974,1534
1974,1535
1974,1968
1974,1969
1974,1970
1974,1974
1974,1975
1974,1976
1974,1977
1974,1978
1974,1979
1975,1200
1975,1201
1975,1202
1975,1203
1975,1204
1975,1205
1975,1530
1975,1531
1975,1532
1975,1533
1975,1534
1975,1535
1975,1968
1975,1969
1975,1970
1975,1974
1975,1975
1975,1976
1975,1977
1975,1978
1975,1979
1976,1200
1976,1201
1976,1202
1976,1203
1976,1204
1976,1205
1976,1530
1976,1531
1976,1532
1976,1533
1976,1534
1976,1535
1976,1968
1976,1969
1976,1970
1976,1974
1976,1975
1976,1976
1976,1977
1976,1978
1976,1979
1977,1527
1977,1528
1977,1529
1977,1530
1977,1531
1977,1532
1977,1935
1977,1936
1977,1937
1977,1968
1977,1969
1977,1970
1977,1971
1977,1972
1977,1973
1977,1974
1977,1975
1977,1976
1977,1977
1977,1978
1977,1979
1978,1527
1978,1528
1978,1529
1978,1530
1978,1531
1978,1532
1978,1935
1978,1936
1978,1937
1978,1968
1978,1969
1978,1970
1978,1971
1978,1972
1978,1973
1978,1974
1978,1975
1978,1976
1978,1977
1978,1978
1978,1979
1979,1527
1979,1528
1979,1529
1979,1530
1979,1531
1979,1532
1979,1935
1979,1936
1979,1937
1979,1968
1979,1969
1979,1970
1979,1971
1979,1972
1979,1973
1979,1974
1979,1975
1979,1976
1979,1977
1979,1978
1979,1979
1980,1209
1980,1210
1980,1211
1980,1212
1980,1213
1980,1214
1980,1887
1980,1888
1980,1889
1980,1980
1980,1981
1980,1982
1980,1983
1980,1984
1980,1985
1980,1986
1980,1987
1980,1988
1980,1989
1980,1990
1980,1991
1981,1209
1981,1210
1981,1211
1981,1212
1981,1213
1981,1214
1981,1887
1981,1888
1981,1889
1981,1980
1981,1981
1981,1982
1981,1983
1981,1984
1981,1985
1981,1986
1981,1987
1981,1988
1981,1989
1981,1990
1981,1991
1982,1209
1982,1210
1982,1211
1982,1212
1982,1213
1982,1214
1982,1887
1982,1888
1982,1889
1982,1980
1982,1981
1982,1982
1982,1983
1982,1984
1982,1985
1982,1986
1982,1987
1982,1988
1982,1989
1982,1990
1982,1991
1983,1206
1983,1207
1983,1208
1983,1209
1983,1210
1983,1211
1983,1968
1983,1969
1983,1970
1983,1971
1983,1972
1983,1973
1983,1980
1983,1981
1983,1982
1983,1983
1983,1984
1983,1985
1983,1989
1983,1990
1983,1991
1984,1206
1984,1207
1984,1208
1984,1209
1984,1210
1984,1211
1984,1968
1984,1969
1984,1970
1984,1971
1984,1972
1984,1973
1984,1980
1984,1981
1984,1982
1984,1983
1984,1984
1984,1985
1984,1989
1984,1990
1984,1991
1985,1206
1985,1207
1985,1208
1985,1209
1985,1210
1985,1211
1985,1968
1985,1969
1985,1970
1985,1971
1985,1972
1985,1973
1985,1980
1985,1981
1985,1982
1985,1983
1985,1984
1985,1985
1985,1989
1985,1990
1985,1991
1986,1884
1986,1885
1986,1886
1986,1887
1986,1888
1986,1889
1986,1941
1986,1942
1986,1943
1986,1944
1986,1945
1986,1946
1986,1980
1986,1981
1986,1982
1986,1986
1986,1987
1986,1988
1986,1989
1986,1990
1986,1991
1987,1884
1987,1885
1987,1886
1987,1887
1987,1888
1987,1889
1987,1941
1987,1942
1987,1943
1987,1944
1987,1945
1987,1946
1987,1980
1987,1981
1987,1982
1987,1986
1987,1987
1987,1988
1987,1989
1987,1990
1987,1991
1988,1884
1988,1885
1988,1886
1988,1887
1988,1888
1988,1889
1988,1941
1988,1942
1988,1943
1988,1944
1988,1945
1988,1946
1988,1980
1988,1981
1988,1982
1988,1986
1988,1987
1988,1988
1988,1989
1988,1990
1988,1991
1989,1938
1989,1939
1989,1940
1989,1941
1989,1942
1989,1943
1989,1971
1989,1972
1989,1973
1989,1980
1989,1981
1989,1982
1989,1983
1989,1984
1989,1985
1989,1986
1989,1987
1989,1988
1989,1989
1989,1990
1989,1991
1990,1938
1990,1939
1990,1940
1990,1941
1990,1942
1990,1943
1990,1971
1990,1972
1990,1973
1990,1980
1990,1981
1990,1982
1990,1983
1990,1984
1990,1985
1990,1986
1990,1987
1990,1988
1990,1989
1990,1990
1990,1991
1991,1938
1991,1939
1991,1940
1991,1941
1991,1942
1991,1943
1991,1971
1991,1972
1991,1973
1991,1980
1991,1981
1991,1982
1991,1983
1991,1984
1991,1985
1991,1986
1991,1987
1991,1988
1991,1989
1991,1990
1991,1991
1992,1323
1992,1324
1992,1325
1992,1326
1992,1327
1992,1328
1992,1992
1992,1993
1992,1994
1992,1995
1992,1996
1992,1997
1992,2031
1992,2032
1992,2033
1992,2043
1992,2044
1992,2045
1992,2064
1992,2065
1992,2066
1993,1323
1993,1324
1993,1325
1993,1326
1993,1327
1993,1328
1993,1992
1993,1993
1993,1994
1993,1995
1993,1996
1993,1997
1993,2031
1993,2032
1993,2033
1993,2043
1993,2044
1993,2045
1993,2064
1993,2065
1993,2066
1994,1323
1994,1324
1994,1325
1994,1326
1994,1327
1994,1328
1994,1992
1994,1993
1994,1994
1994,1995
1994,1996
1994,1997
1994,2031
1994,2032
1994,2033
1994,2043
1994,2044
1994,2045
1994,2064
1994,2065
1994,2066
1995,1992
1995,1993
1995,1994
1995,1995
1995,1996
1995,1997
1995,1998
1995,1999
1995,2000
1995,2031
1995,2032
1995,2033
1995,2037
1995,2038
1995,2039
1995,2064
1995,2065
1995,2066
1995,2067
1995,2068
1995,2069
1996,1992
1996,1993
1996,1994
1996,1995
1996,1996
1996,1997
1996,1998
1996,1999
1996,2000
1996,2031
1996,2032
1996,2033
1996,2037
1996,2038
1996,2039
1996,2064
1996,2065
1996,2066
1996,2067
1996,2068
1996,2069
1997,1992
1997,1993
1997,1994
1997,1995
1997,1996
1997,1997
1997,1998
1997,1999
1997,2000
1997,2031
1997,2032
1997,2033
1997,2037
1997,2038
1997,2039
1997,2064
1997,2065
1997,2066
1997,2067
1997,2068
1997,2069
1998,1995
1998,1996
1998,1997
1998,1998
1998,1999
1998,2000
1998,2001
1998,2002
1998,2003
1998,2013
1998,2014
1998,2015
1998,2037
1998,2038
1998,2039
1998,2055
1998,2056
1998,2057
1998,2067
1998,2068
1998,2069
1999,1995
1999,1996
1999,1997
1999,1998
1999,1999
1999,2000
1999,2001
1999,2002
1999,2003
1999,2013
1999,2014
1999,2015
1999,2037
1999,2038
1999,2039
1999,2055
1999,2056
1999,2057
1999,2067
1999,2068
1999,2069
2000,1995
2000,1996
2000,1997
2000,1998
2000,1999
2000,2000
2000,2001
2000,2002
2000,2003
2000,2013
2000,2014
2000,2015
2000,2037
2000,2038
2000,2039
2000,2055
2000,2056
2000,2057
2000,2067
2000,2068
2000,2069
2001,1998
2001,1999
2001,2000
2001,2001
2001,2002
2001,2003
2001,2004
2001,2005
2001,2006
2001,2013
2001,2014
2001,2015
2001,2022
2001,2023
2001,2024
2001,2055
2001,2056
2001,2057
2001,2109
2001,2110
2001,2111
2002,1998
2002,1999
2002,2000
2002,2001
2002,2002
2002,2003
2002,2004
2002,2005
2002,2006
2002,2013
2002,2014
2002,2015
2002,2022
2002,2023
2002,2024
2002,2055
2002,2056
2002,2057
2002,2109
2002,2110
2002,2111
2003,1998
2003,1999
2003,2000
2003,2001
2003,2002
2003,2003
2003,2004
2003,2005
2003,2006
2003,2013
2003,2014
2003,2015
2003,2022
2003,2023
2003,2024
2003,2055
2003,2056
2003,2057
2003,2109
2003,2110
2003,2111
2004,2001
2004,2002
2004,2003
2004,2004
2004,2005
2004,2006
2004,2007
2004,2008
2004,2009
2004,2022
2004,2023
2004,2024
2004,2025
2004,2026
2004,2027
2004,2097
2004,2098
2004,2099
2004,2109
2004,2110
2004,2111
2005,2001
2005,2002
2005,2003
2005,2004
2005,2005
2005,2006
2005,2007
2005,2008
2005,2009
2005,2022
2005,2023
2005,2024
2005,2025
2005,2026
2005,2027
2005,2097
2005,2098
2005,2099
2005,2109
2005,2110
2005,2111
2006,2001
2006,2002
2006,2003
2006,2004
2006,2005
2006,2006
2006,2007
2006,2008
2006,2009
2006,2022
2006,2023
2006,2024
2006,2025
2006,2026
2006,2027
2006,2097
2006,2098
2006,2099
2006,2109
2006,2110
2006,2111
2007,1857
2007,1858
2007,1859
2007,1860
2007,1861
2007,1862
2007,2004
2007,2005
2007,2006
2007,2007
2007,2008
2007,2009
2007,2025
2007,2026
2007,2027
2007,2097
2007,2098
2007,2099
2007,2103
2007,2104
2007,2105
2008,1857
2008,1858
2008,1859
2008,1860
2008,1861
2008,1862
2008,2004
2008,2005
2008,2006
2008,2007
2008,2008
2008,2009
2008,2025
2008,2026
2008,2027
2008,2097
2008,2098
2008,2099
2008,2103
2008,2104
2008,2105
2009,1857
2009,1858
2009,1859
2009,1860
2009,1861
2009,1862
2009,2004
2009,2005
2009,2006
2009,2007
2009,2008
2009,2009
2009,2025
2009,2026
2009,2027
2009,2097
2009,2098
2009,2099
2009,2103
2009,2104
2009,2105
2010,1542
2010,1543
2010,1544
2010,1545
2010,1546
2010,1547
2010,2010
2010,2011
2010,2012
2010,2013
2010,2014
2010,2015
2010,2016
2010,2017
2010,2018
2010,2034
2010,2035
2010,2036
2010,2037
2010,2038
2010,2039
2011,1542
2011,1543
2011,1544
2011,1545
2011,1546
2011,1547
2011,2010
2011,2011
2011,2012
2011,2013
2011,2014
2011,2015
2011,2016
2011,2017
2011,2018
2011,2034
2011,2035
2011,2036
2011,2037
2011,2038
2011,2039
2012,1542
2012,1543
2012,1544
2012,1545
2012,1546
2012,1547
2012,2010
2012,2011
2012,2012
2012,2013
2012,2014
2012,2015
2012,2016
2012,2017
2012,2018
2012,2034
2012,2035
2012,2036
2012,2037
2012,2038
2012,2039
2013,1998
2013,1999
2013,2000
2013,2001
2013,2002
2013,2003
2013,2010
2013,2011
2013,2012
2013,2013
2013,2014
2013,2015
2013,2016
2013,2017
2013,2018
2013,2022
2013,2023
2013,2024
2013,2037
2013,2038
2013,2039
2014,1998
2014,1999
2014,2000
2014,2001
2014,2002
2014,2003
2014,2010
2014,2011
2014,2012
2014,2013
2014,2014
2014,2015
2014,2016
2014,2017
2014,2018
2014,2022
2014,2023
2014,2024
2014,2037
2014,2038
2014,2039
2015,1998
2015,1999
2015,2000
2015,2001
2015,2002
2015,2003
2015,2010
2015,2011
2015,2012
2015,2013
2015,2014
2015,2015
2015,2016
2015,2017
2015,2018
2015,2022
2015,2023
2015,2024
2015,2037
2015,2038
2015,2039
2016,1545
2016,1546
2016,1547
2016,1548
2016,1549
2016,1550
2016,2010
2016,2011
2016,2012
2016,2013
2016,2014
2016,2015
2016,2016
2016,2017
2016,2018
2016,2019
2016,2020
2016,2021
2016,2022
2016,2023
2016,2024
2017,1545
2017,1546
2017,1547
2017,1548
2017,1549
2017,1550
2017,2010
2017,2011
2017,2012
2017,2013
2017,2014
2017,2015
2017,2016
2017,2017
2017,2018
2017,2019
2017,2020
2017,2021
2017,2022
2017,2023
2017,2024
2018,1545
2018,1546
2018,1547
2018,1548
2018,1549
2018,1550
2018,2010
2018,2011
2018,2012
2018,2013
2018,2014
2018,2015
2018,2016
2018,2017
2018,2018
2018,2019
2018,2020
2018,2021
2018,2022
2018,2023
2018,2024
2019,1548
2019,1549
2019,1550
2019,1551
2019,1552
2019,1553
2019,1854
2019,1855
2019,1856
2019,2016
2019,2017
2019,2018
2019,2019
2019,2020
2019,2021
2019,2022
2019,2023
2019,2024
2019,2025
2019,2026
2019,2027
2020,1548
2020,1549
2020,1550
2020,1551
2020,1552
2020,1553
2020,1854
2020,1855
2020,1856
2020,2016
2020,2017
2020,2018
2020,2019
2020,2020
2020,2021
2020,2022
2020,2023
2020,2024
2020,2025
2020,2026
2020,2027
2021,1548
2021,1549
2021,1550
2021,1551
2021,1552
2021,1553
2021,1854
2021,1855
2021,1856
2021,2016
2021,2017
2021,2018
2021,2019
2021,2020
2021,2021
2021,2022
2021,2023
2021,2024
2021,2025
2021,2026
2021,2027
2022,2001
2022,2002
2022,2003
2022,2004
2022,2005
2022,2006
2022,2013
2022,2014
2022,2015
2022,2016
2022,2017
2022,2018
2022,2019
2022,2020
2022,2021
2022,2022
2022,2023
2022,2024
2022,2025
2022,2026
2022,2027
2023,2001
2023,2002
2023,2003
2023,2004
2023,2005
2023,2006
2023,2013
2023,2014
2023,2015
2023,2016
2023,2017
2023,2018
2023,2019
2023,2020
2023,2021
2023,2022
2023,2023
2023,2024
2023,2025
2023,2026
2023,2027
2024,2001
2024,2002
2024,2003
2024,2004
2024,2005
2024,2006
2024,2013
2024,2014
2024,2015
2024,2016
2024,2017
2024,2018
2024,2019
2024,2020
2024,2021
2024,2022
2024,2023
2024,2024
2024,2025
2024,2026
2024,2027
2025,1854
2025,1855
2025,1856
2025,1857
2025,1858
2025,1859
2025,2004
2025,2005
2025,2006
2025,2007
2025,2008
2025,2009
2025,2019
2025,2020
2025,2021
2025,2022
2025,2023
2025,2024
2025,2025
2025,2026
2025,2027
2026,1854
2026,1855
2026,1856
2026,1857
2026,1858
2026,1859
2026,2004
2026,2005
2026,2006
2026,2007
2026,2008
2026,2009
2026,2019
2026,2020
2026,2021
2026,2022
2026,2023
2026,2024
2026,2025
2026,2026
2026,2027
2027,1854
2027,1855
2027,1856
2027,1857
2027,1858
2027,1859
2027,2004
2027,2005
2027,2006
2027,2007
2027,2008
2027,2009
2027,2019
2027,2020
2027,2021
2027,2022
2027,2023
2027,2024
2027,2025
2027,2026
2027,2027
2028,1539
2028,1540
2028,1541
2028,2028
2028,2029
2028,2030
2028,2031
2028,2032
2028,2033
2028,2034
2028,2035
2028,2036
2028,2040
2028,2041
2028,2042
2028,2043
2028,2044
2028,2045
2029,1539
2029,1540
2029,1541
2029,2028
2029,2029
2029,2030
2029,2031
2029,2032
2029,2033
2029,2034
2029,2035
2029,2036
2029,2040
2029,2041
2029,2042
2029,2043
2029,2044
2029,2045
2030,1539
2030,1540
2030,1541
2030,2028
2030,2029
2030,2030
2030,2031
2030,2032
2030,2033
2030,2034
2030,2035
2030,2036
2030,2040
2030,2041
2030,2042
2030,2043
2030,2044
2030,2045
2031,1992
2031,1993
2031,1994
2031,1995
2031,1996
2031,1997
2031,2028
2031,2029
2031,2030
2031,2031
2031,2032
2031,2033
2031,2034
2031,2035
2031,2036
2031,2037
2031,2038
2031,2039
2031,2043
2031,2044
2031,2045
2032,1992
2032,1993
2032,1994
2032,1995
2032,1996
2032,1997
2032,2028
2032,2029
2032,2030
2032,2031
2032,2032
2032,2033
2032,2034
2032,2035
2032,2036
2032,2037
2032,2038
2032,2039
2032,2043
2032,2044
2032,2045
2033,1992
2033,1993
2033,1994
2033,1995
2033,1996
2033,1997
2033,2028
2033,2029
2033,2030
2033,2031
2033,2032
2033,2033
2033,2034
2033,2035
2033,2036
2033,2037
2033,2038
2033,2039
2033,2043
2033,2044
2033,2045
2034,1539
2034,1540
2034,1541
2034,1542
2034,1543
2034,1544
2034,2010
2034,2011
2034,2012
2034,2028
2034,2029
2034,2030
2034,2031
2034,2032
2034,2033
2034,2034
2034,2035
2034,2036
2034,2037
2034,2038
2034,2039
2035,1539
2035,1540
2035,1541
2035,1542
2035,1543
2035,1544
2035,2010
2035,2011
2035,2012
2035,2028
2035,2029
2035,2030
2035,2031
2035,2032
2035,2033
2035,2034
2035,2035
2035,2036
2035,2037
2035,2038
2035,2039
2036,1539
2036,1540
2036,1541
2036,1542
2036,1543
2036,1544
2036,2010
2036,2011
2036,2012
2036,2028
2036,2029
2036,2030
2036,2031
2036,2032
2036,2033
2036,2034
2036,2035
2036,2036
2036,2037
2036,2038
2036,2039
2037,1995
2037,1996
2037,1997
2037,1998
2037,1999
2037,2000
2037,2010
2037,2011
2037,2012
2037,2013
2037,2014
2037,2015
2037,2031
2037,2032
2037,2033
2037,2034
2037,2035
2037,2036
2037,2037
2037,2038
2037,2039
2038,1995
2038,1996
2038,1997
2038,1998
2038,1999
2038,2000
2038,2010
2038,2011
2038,2012
2038,2013
2038,2014
2038,2015
2038,2031
2038,2032
2038,2033
2038,2034
2038,2035
2038,2036
2038,2037
2038,2038
2038,2039
2039,1995
2039,1996
2039,1997
2039,1998
2039,1999
2039,2000
2039,2010
2039,2011
2039,2012
2039,2013
2039,2014
2039,2015
2039,2031
2039,2032
2039,2033
2039,2034
2039,2035
2039,2036
2039,2037
2039,2038
2039,2039
2040,1317
2040,1318
2040,1319
2040,1320
2040,1321
2040,1322
2040,1536
2040,1537
2040,1538
2040,1539
2040,1540
2040,1541
2040,2028
2040,2029
2040,2030
2040,2040
2040,2041
2040,2042
2040,2043
2040,2044
2040,2045
2041,1317
2041,1318
2041,1319
2041,1320
2041,1321
2041,1322
2041,1536
2041,1537
2041,1538
2041,1539
2041,1540
2041,1541
2041,2028
2041,2029
2041,2030
2041,2040
2041,2041
2041,2042
2041,2043
2041,2044
2041,2045
2042,1317
2042,1318
2042,1319
2042,1320
2042,1321
2042,1322
2042,1536
2042,1537
2042,1538
2042,1539
2042,1540
2042,1541
2042,2028
2042,2029
2042,2030
2042,2040
2042,2041
2042,2042
2042,2043
2042,2044
2042,2045
2043,1320
2043,1321
2043,1322
2043,1323
2043,1324
2043,1325
2043,1992
2043,1993
2043,1994
2043,2028
2043,2029
2043,2030
2043,2031
2043,2032
2043,2033
2043,2040
2043,2041
2043,2042
2043,2043
2043,2044
2043,2045
2044,1320
2044,1321
2044,1322
2044,1323
2044,1324
2044,1325
2044,1992
2044,1993
2044,1994
2044,2028
2044,2029
2044,2030
2044,2031
2044,2032
2044,2033
2044,2040
2044,2041
2044,2042
2044,2043
2044,2044
2044,2045
2045,1320
2045,1321
2045,1322
2045,1323
2045,1324
2045,1325
2045,1992
2045,1993
2045,1994
2045,2028
2045,2029
2045,2030
2045,2031
2045,2032
2045,2033
2045,2040
2045,2041
2045,2042
2045,2043
2045,2044
2045,2045
2046,1503
2046,1504
2046,1505
2046,1506
2046,1507
2046,1508
2046,2046
2046,2047
2046,2048
2046,2049
2046,2050
2046,2051
2046,2076
2046,2077
2046,2078
2046,2085
2046,2086
2046,2087
2046,2094
2046,2095
2046,2096
2047,1503
2047,1504
2047,1505
2047,1506
2047,1507
2047,1508
2047,2046
2047,2047
2047,2048
2047,2049
2047,2050
2047,2051
2047,2076
2047,2077
2047,2078
2047,2085
2047,2086
2047,2087
2047,2094
2047,2095
2047,2096
2048,1503
2048,1504
2048,1505
2048,1506
2048,1507
2048,1508
2048,2046
2048,2047
2048,2048
2048,2049
2048,2050
2048,2051
2048,2076
2048,2077
2048,2078
2048,2085
2048,2086
2048,2087
2048,2094
2048,2095
2048,2096
2049,2046
2049,2047
2049,2048
2049,2049
2049,2050
2049,2051
2049,2052
2049,2053
2049,2054
2049,2061
2049,2062
2049,2063
2049,2076
2049,2077
2049,2078
2049,2085
2049,2086
2049,2087
2049,2112
2049,2113
2049,2114
2050,2046
2050,2047
2050,2048
2050,2049
2050,2050
2050,2051
2050,2052
2050,2053
2050,2054
2050,2061
2050,2062
2050,2063
2050,2076
2050,2077
2050,2078
2050,2085
2050,2086
2050,2087
2050,2112
2050,2113
2050,2114
2051,2046
2051,2047
2051,2048
2051,2049
2051,2050
2051,2051
2051,2052
2051,2053
2051,2054
2051,2061
2051,2062
2051,2063
2051,2076
2051,2077
2051,2078
2051,2085
2051,2086
2051,2087
2051,2112
2051,2113
2051,2114
2052,2049
2052,2050
2052,2051
2052,2052
2052,2053
2052,2054
2052,2055
2052,2056
2052,2057
2052,2061
2052,2062
2052,2063
2052,2070
2052,2071
2052,2072
2052,2109
2052,2110
2052,2111
2052,2112
2052,2113
2052,2114
2053,2049
2053,2050
2053,2051
2053,2052
2053,2053
2053,2054
2053,2055
2053,2056
2053,2057
2053,2061
2053,2062
2053,2063
2053,2070
2053,2071
2053,2072
2053,2109
2053,2110
2053,2111
2053,2112
2053,2113
2053,2114
2054,2049
2054,2050
2054,2051
2054,2052
2054,2053
2054,2054
2054,2055
2054,2056
2054,2057
2054,2061
2054,2062
2054,2063
2054,2070
2054,2071
2054,2072
2054,2109
2054,2110
2054,2111
2054,2112
2054,2113
2054,2114
2055,1998
2055,1999
2055,2000
2055,2001
2055,2002
2055,2003
2055,2052
2055,2053
2055,2054
2055,2055
2055,2056
2055,2057
2055,2067
2055,2068
2055,2069
2055,2070
2055,2071
2055,2072
2055,2109
2055,2110
2055,2111
2056,1998
2056,1999
2056,2000
2056,2001
2056,2002
2056,2003
2056,2052
2056,2053
2056,2054
2056,2055
2056,2056
2056,2057
2056,2067
2056,2068
2056,2069
2056,2070
2056,2071
2056,2072
2056,2109
2056,2110
2056,2111
2057,1998
2057,1999
2057,2000
2057,2001
2057,2002
2057,2003
2057,2052
2057,2053
2057,2054
2057,2055
2057,2056
2057,2057
2057,2067
2057,2068
2057,2069
2057,2070
2057,2071
2057,2072
2057,2109
2057,2110
2057,2111
2058,1329
2058,1330
2058,1331
2058,1332
2058,1333
2058,1334
2058,2058
2058,2059
2058,2060
2058,2061
2058,2062
2058,2063
2058,2064
2058,2065
2058,2066
2058,2067
2058,2068
2058,2069
2058,2070
2058,2071
2058,2072
2058,2073
2058,2074
2058,2075
2059,1329
2059,1330
2059,1331
2059,1332
2059,1333
2059,1334
2059,2058
2059,2059
2059,2060
2059,2061
2059,2062
2059,2063
2059,2064
2059,2065
2059,2066
2059,2067
2059,2068
2059,2069
2059,2070
2059,2071
2059,2072
2059,2073
2059,2074
2059,2075
2060,1329
2060,1330
2060,1331
2060,1332
2060,1333
2060,1334
2060,2058
2060,2059
2060,2060
2060,2061
2060,2062
2060,2063
2060,2064
2060,2065
2060,2066
2060,2067
2060,2068
2060,2069
2060,2070
2060,2071
2060,2072
2060,2073
2060,2074
2060,2075
2061,2049
2061,2050
2061,2051
2061,2052
2061,2053
2061,2054
2061,2058
2061,2059
2061,2060
2061,2061
2061,2062
2061,2063
2061,2070
2061,2071
2061,2072
2061,2073
2061,2074
2061,2075
2061,2076
2061,2077
2061,2078
2062,2049
2062,2050
2062,2051
2062,2052
2062,2053
2062,2054
2062,2058
2062,2059
2062,2060
2062,2061
2062,2062
2062,2063
2062,2070
2062,2071
2062,2072
2062,2073
2062,2074
2062,2075
2062,2076
2062,2077
2062,2078
2063,2049
2063,2050
2063,2051
2063,2052
2063,2053
2063,2054
2063,2058
2063,2059
2063,2060
2063,2061
2063,2062
2063,2063
2063,2070
2063,2071
2063,2072
2063,2073
2063,2074
2063,2075
2063,2076
2063,2077
2063,2078
2064,1326
2064,1327
2064,1328
2064,1329
2064,1330
2064,1331
2064,1992
2064,1993
2064,1994
2064,1995
2064,1996
2064,1997
2064,2058
2064,2059
2064,2060
2064,2064
2064,2065
2064,2066
2064,2067
2064,2068
2064,2069
2065,1326
2065,1327
2065,1328
2065,1329
2065,1330
2065,1331
2065,1992
2065,1993
2065,1994
2065,1995
2065,1996
2065,1997
2065,2058
2065,2059
2065,2060
2065,2064
2065,2065
2065,2066
2065,2067
2065,2068
2065,2069
2066,1326
2066,1327
2066,1328
2066,1329
2066,1330
2066,1331
2066,1992
2066,1993
2066,1994
2066,1995
2066,1996
2066,1997
2066,2058
2066,2059
2066,2060
2066,2064
2066,2065
2066,2066
2066,2067
2066,2068
2066,2069
2067,1995
2067,1996
2067,1997
2067,1998
2067,1999
2067,2000
2067,2055
2067,2056
2067,2057
2067,2058
2067,2059
2067,2060
2067,2064
2067,2065
2067,2066
2067,2067
2067,2068
2067,2069
2067,2070
2067,2071
2067,2072
2068,1995
2068,1996
2068,1997
2068,1998
2068,1999
2068,2000
2068,2055
2068,2056
2068,2057
2068,2058
2068,2059
2068,2060
2068,2064
2068,2065
2068,2066
2068,2067
2068,2068
2068,2069
2068,2070
2068,2071
2068,2072
2069,1995
2069,1996
2069,1997
2069,1998
2069,1999
2069,2000
2069,2055
2069,2056
2069,2057
2069,2058
2069,2059
2069,2060
2069,2064
2069,2065
2069,2066
2069,2067
2069,2068
2069,2069
2069,2070
2069,2071
2069,2072
2070,2052
2070,2053
2070,2054
2070,2055
2070,2056
2070,2057
2070,2058
2070,2059
2070,2060
2070,2061
2070,2062
2070,2063
2070,2067
2070,2068
2070,2069
2070,2070
2070,2071
2070,2072
2071,2052
2071,2053
2071,2054
2071,2055
2071,2056
2071,2057
2071,2058
2071,2059
2071,2060
2071,2061
2071,2062
2071,2063
2071,2067
2071,2068
2071,2069
2071,2070
2071,2071
2071,2072
2072,2052
2072,2053
2072,2054
2072,2055
2072,2056
2072,2057
2072,2058
2072,2059
2072,2060
2072,2061
2072,2062
2072,2063
2072,2067
2072,2068
2072,2069
2072,2070
2072,2071
2072,2072
2073,1332
2073,1333
2073,1334
2073,1335
2073,1336
2073,1337
2073,1500
2073,1501
2073,1502
2073,2058
2073,2059
2073,2060
2073,2061
2073,2062
2073,2063
2073,2073
2073,2074
2073,2075
2073,2076
2073,2077
2073,2078
2074,1332
2074,1333
2074,1334
2074,1335
2074,1336
2074,1337
2074,1500
2074,1501
2074,1502
2074,2058
2074,2059
2074,2060
2074,2061
2074,2062
2074,2063
2074,2073
2074,2074
2074,2075
2074,2076
2074,2077
2074,2078
2075,1332
2075,1333
2075,1334
2075,1335
2075,1336
2075,1337
2075,1500
2075,1501
2075,1502
2075,2058
2075,2059
2075,2060
2075,2061
2075,2062
2075,2063
2075,2073
2075,2074
2075,2075
2075,2076
2075,2077
2075,2078
2076,1500
2076,1501
2076,1502
2076,1503
2076,1504
2076,1505
2076,2046
2076,2047
2076,2048
2076,2049
2076,2050
2076,2051
2076,2061
2076,2062
2076,2063
2076,2073
2076,2074
2076,2075
2076,2076
2076,2077
2076,2078
2077,1500
2077,1501
2077,1502
2077,1503
2077,1504
2077,1505
2077,2046
2077,2047
2077,2048
2077,2049
2077,2050
2077,2051
2077,2061
2077,2062
2077,2063
2077,2073
2077,2074
2077,2075
2077,2076
2077,2077
2077,2078
2078,1500
2078,1501
2078,1502
2078,1503
2078,1504
2078,1505
2078,2046
2078,2047
2078,2048
2078,2049
2078,2050
2078,2051
2078,2061
2078,2062
2078,2063
2078,2073
2078,2074
2078,2075
2078,2076
2078,2077
2078,2078
2079,1866
2079,1867
2079,1868
2079,1869
2079,1870
2079,1871
2079,2079
2079,2080
2079,2081
2079,2082
2079,2083
2079,2084
2079,2088
2079,2089
2079,2090
2079,2091
2079,2092
2079,2093
2079,2106
2079,2107
2079,2108
2080,1866
2080,1867
2080,1868
2080,1869
2080,1870
2080,1871
2080,2079
2080,2080
2080,2081
2080,2082
2080,2083
2080,2084
2080,2088
2080,2089
2080,2090
2080,2091
2080,2092
2080,2093
2080,2106
2080,2107
2080,2108
2081,1866
2081,1867
2081,1868
2081,1869
2081,1870
2081,1871
2081,2079
2081,2080
2081,2081
2081,2082
2081,2083
2081,2084
2081,2088
2081,2089
2081,2090
2081,2091
2081,2092
2081,2093
2081,2106
2081,2107
2081,2108
2082,2079
2082,2080
2082,2081
2082,2082
2082,2083
2082,2084
2082,2085
2082,2086
2082,2087
2082,2088
2082,2089
2082,2090
2082,2094
2082,2095
2082,2096
2082,2100
2082,2101
2082,2102
2082,2106
2082,2107
2082,2108
2083,2079
2083,2080
2083,2081
2083,2082
2083,2083
2083,2084
2083,2085
2083,2086
2083,2087
2083,2088
2083,2089
2083,2090
2083,2094
2083,2095
2083,2096
2083,2100
2083,2101
2083,2102
2083,2106
2083,2107
2083,2108
2084,2079
2084,2080
2084,2081
2084,2082
2084,2083
2084,2084
2084,2085
2084,2086
2084,2087
2084,2088
2084,2089
2084,2090
2084,2094
2084,2095
2084,2096
2084,2100
2084,2101
2084,2102
2084,2106
2084,2107
2084,2108
2085,2046
2085,2047
2085,2048
2085,2049
2085,2050
2085,2051
2085,2082
2085,2083
2085,2084
2085,2085
2085,2086
2085,2087
2085,2094
2085,2095
2085,2096
2085,2100
2085,2101
2085,2102
2085,2112
2085,2113
2085,2114
2086,2046
2086,2047
2086,2048
2086,2049
2086,2050
2086,2051
2086,2082
2086,2083
2086,2084
2086,2085
2086,2086
2086,2087
2086,2094
2086,2095
2086,2096
2086,2100
2086,2101
2086,2102
2086,2112
2086,2113
2086,2114
2087,2046
2087,2047
2087,2048
2087,2049
2087,2050
2087,2051
2087,2082
2087,2083
2087,2084
2087,2085
2087,2086
2087,2087
2087,2094
2087,2095
2087,2096
2087,2100
2087,2101
2087,2102
2087,2112
2087,2113
2087,2114
2088,1509
2088,1510
2088,1511
2088,1512
2088,1513
2088,1514
2088,2079
2088,2080
2088,2081
2088,2082
2088,2083
2088,2084
2088,2088
2088,2089
2088,2090
2088,2091
2088,2092
2088,2093
2088,2094
2088,2095
2088,2096
2089,1509
2089,1510
2089,1511
2089,1512
2089,1513
2089,1514
2089,2079
2089,2080
2089,2081
2089,2082
2089,2083
2089,2084
2089,2088
2089,2089
2089,2090
2089,2091
2089,2092
2089,2093
2089,2094
2089,2095
2089,2096
2090,1509
2090,1510
2090,1511
2090,1512
2090,1513
2090,1514
2090,2079
2090,2080
2090,2081
2090,2082
2090,2083
2090,2084
2090,2088
2090,2089
2090,2090
2090,2091
2090,2092
2090,2093
2090,2094
2090,2095
2090,2096
2091,1512
2091,1513
2091,1514
2091,1515
2091,1516
2091,1517
2091,1869
2091,1870
2091,1871
2091,1872
2091,1873
2091,1874
2091,2079
2091,2080
2091,2081
2091,2088
2091,2089
2091,2090
2091,2091
2091,2092
2091,2093
2092,1512
2092,1513
2092,1514
2092,1515
2092,1516
2092,1517
2092,1869
2092,1870
2092,1871
2092,1872
2092,1873
2092,1874
2092,2079
2092,2080
2092,2081
2092,2088
2092,2089
2092,2090
2092,2091
2092,2092
2092,2093
2093,1512
2093,1513
2093,1514
2093,1515
2093,1516
2093,1517
2093,1869
2093,1870
2093,1871
2093,1872
2093,1873
2093,1874
2093,2079
2093,2080
2093,2081
2093,2088
2093,2089
2093,2090
2093,2091
2093,2092
2093,2093
2094,1506
2094,1507
2094,1508
2094,1509
2094,1510
2094,1511
2094,2046
2094,2047
2094,2048
2094,2082
2094,2083
2094,2084
2094,2085
2094,2086
2094,2087
2094,2088
2094,2089
2094,2090
2094,2094
2094,2095
2094,2096
2095,1506
2095,1507
2095,1508
2095,1509
2095,1510
2095,1511
2095,2046
2095,2047
2095,2048
2095,2082
2095,2083
2095,2084
2095,2085
2095,2086
2095,2087
2095,2088
2095,2089
2095,2090
2095,2094
2095,2095
2095,2096
2096,1506
2096,1507
2096,1508
2096,1509
2096,1510
2096,1511
2096,2046
2096,2047
2096,2048
2096,2082
2096,2083
2096,2084
2096,2085
2096,2086
2096,2087
2096,2088
2096,2089
2096,2090
2096,2094
2096,2095
2096,2096
2097,2004
2097,2005
2097,2006
2097,2007
2097,2008
2097,2009
2097,2097
2097,2098
2097,2099
2097,2100
2097,2101
2097,2102
2097,2103
2097,2104
2097,2105
2097,2109
2097,2110
2097,2111
2097,2112
2097,2113
2097,2114
2098,2004
2098,2005
2098,2006
2098,2007
2098,2008
2098,2009
2098,2097
2098,2098
2098,2099
2098,2100
2098,2101
2098,2102
2098,2103
2098,2104
2098,2105
2098,2109
2098,2110
2098,2111
2098,2112
2098,2113
2098,2114
2099,2004
2099,2005
2099,2006
2099,2007
2099,2008
2099,2009
2099,2097
2099,2098
2099,2099
2099,2100
2099,2101
2099,2102
2099,2103
2099,2104
2099,2105
2099,2109
2099,2110
2099,2111
2099,2112
2099,2113
2099,2114
2100,2082
2100,2083
2100,2084
2100,2085
2100,2086
2100,2087
2100,2097
2100,2098
2100,2099
2100,2100
2100,2101
2100,2102
2100,2103
2100,2104
2100,2105
2100,2106
2100,2107
2100,2108
2100,2112
2100,2113
2100,2114
2101,2082
2101,2083
2101,2084
2101,2085
2101,2086
2101,2087
2101,2097
2101,2098
2101,2099
2101,2100
2101,2101
2101,2102
2101,2103
2101,2104
2101,2105
2101,2106
2101,2107
2101,2108
2101,2112
2101,2113
2101,2114
2102,2082
2102,2083
2102,2084
2102,2085
2102,2086
2102,2087
2102,2097
2102,2098
2102,2099
2102,2100
2102,2101
2102,2102
2102,2103
2102,2104
2102,2105
2102,2106
2102,2107
2102,2108
2102,2112
2102,2113
2102,2114
2103,1860
2103,1861
2103,1862
2103,1863
2103,1864
2103,1865
2103,2007
2103,2008
2103,2009
2103,2097
2103,2098
2103,2099
2103,2100
2103,2101
2103,2102
2103,2103
2103,2104
2103,2105
2103,2106
2103,2107
2103,2108
2104,1860
2104,1861
2104,1862
2104,1863
2104,1864
2104,1865
2104,2007
2104,2008
2104,2009
2104,2097
2104,2098
2104,2099
2104,2100
2104,2101
2104,2102
2104,2103
2104,2104
2104,2105
2104,2106
2104,2107
2104,2108
2105,1860
2105,1861
2105,1862
2105,1863
2105,1864
2105,1865
2105,2007
2105,2008
2105,2009
2105,2097
2105,2098
2105,2099
2105,2100
2105,2101
2105,2102
2105,2103
2105,2104
2105,2105
2105,2106
2105,2107
2105,2108
2106,1863
2106,1864
2106,1865
2106,1866
2106,1867
2106,1868
2106,2079
2106,2080
2106,2081
2106,2082
2106,2083
2106,2084
2106,2100
2106,2101
2106,2102
2106,2103
2106,2104
2106,2105
2106,2106
2106,2107
2106,2108
2107,1863
2107,1864
2107,1865
2107,1866
2107,1867
2107,1868
2107,2079
2107,2080
2107,2081
2107,2082
2107,2083
2107,2084
2107,2100
2107,2101
2107,2102
2107,2103
2107,2104
2107,2105
2107,2106
2107,2107
2107,2108
2108,1863
2108,1864
2108,1865
2108,1866
2108,1867
2108,1868
2108,2079
2108,2080
2108,2081
2108,2082
2108,2083
2108,2084
2108,2100
2108,2101
2108,2102
2108,2103
2108,2104
2108,2105
2108,2106
2108,2107
2108,2108
2109,2001
2109,2002
2109,2003
2109,2004
2109,2005
2109,2006
2109,2052
2109,2053
2109,2054
2109,2055
2109,2056
2109,2057
2109,2097
2109,2098
2109,2099
2109,2109
2109,2110
2109,2111
2109,2112
2109,2113
2109,2114
2110,2001
2110,2002
2110,2003
2110,2004
2110,2005
2110,2006
2110,2052
2110,2053
2110,2054
2110,2055
2110,2056
2110,2057
2110,2097
2110,2098
2110,2099
2110,2109
2110,2110
2110,2111
2110,2112
2110,2113
2110,2114
2111,2001
2111,2002
2111,2003
2111,2004
2111,2005
2111,2006
2111,2052
2111,2053
2111,2054
2111,2055
2111,2056
2111,2057
2111,2097
2111,2098
2111,2099
2111,2109
2111,2110
2111,2111
2111,2112
2111,2113
2111,2114
2112,2049
2112,2050
2112,2051
2112,2052
2112,2053
2112,2054
2112,2085
2112,2086
2112,2087
2112,2097
2112,2098
2112,2099
2112,2100
2112,2101
2112,2102
2112,2109
2112,2110
2112,2111
2112,2112
2112,2113
2112,2114
2113,2049
2113,2050
2113,2051
2113,2052
2113,2053
2113,2054
2113,2085
2113,2086
2113,2087
2113,2097
2113,2098
2113,2099
2113,2100
2113,2101
2113,2102
2113,2109
2113,2110
2113,2111
2113,2112
2113,2113
2113,2114
2114,2049
2114,2050
2114,2051
2114,2052
2114,2053
2114,2054
2114,2085
2114,2086
2114,2087
2114,2097
2114,2098
2114,2099
2114,2100
2114,2101
2114,2102
2114,2109
2114,2110
2114,2111
2114,2112
2114,2113
2114,2114
2115,1356
2115,1357
2115,1358
2115,1359
2115,1360
2115,1361
2115,2115
2115,2116
2115,2117
2115,2118
2115,2119
2115,2120
2115,2364
2115,2365
2115,2366
2115,2367
2115,2368
2115,2369
2115,2514
2115,2515
2115,2516
2116,1356
2116,1357
2116,1358
2116,1359
2116,1360
2116,1361
2116,2115
2116,2116
2116,2117
2116,2118
2116,2119
2116,2120
2116,2364
2116,2365
2116,2366
2116,2367
2116,2368
2116,2369
2116,2514
2116,2515
2116,2516
2117,1356
2117,1357
2117,1358
2117,1359
2117,1360
2117,1361
2117,2115
2117,2116
2117,2117
2117,2118
2117,2119
2117,2120
2117,2364
2117,2365
2117,2366
2117,2367
2117,2368
2117,2369
2117,2514
2117,2515
2117,2516
2118,2115
2118,2116
2118,2117
2118,2118
2118,2119
2118,2120
2118,2121
2118,2122
2118,2123
2118,2349
2118,2350
2118,2351
2118,2364
2118,2365
2118,2366
2118,2511
2118,2512
2118,2513
2118,2514
2118,2515
2118,2516
2119,2115
2119,2116
2119,2117
2119,2118
2119,2119
2119,2120
2119,2121
2119,2122
2119,2123
2119,2349
2119,2350
2119,2351
2119,2364
2119,2365
2119,2366
2119,2511
2119,2512
2119,2513
2119,2514
2119,2515
2119,2516
2120,2115
2120,2116
2120,2117
2120,2118
2120,2119
2120,2120
2120,2121
2120,2122
2120,2123
2120,2349
2120,2350
2120,2351
2120,2364
2120,2365
2120,2366
2120,2511
2120,2512
2120,2513
2120,2514
2120,2515
2120,2516
2121,2118
2121,2119
2121,2120
2121,2121
2121,2122
2121,2123
2121,2124
2121,2125
2121,2126
2121,2349
2121,2350
2121,2351
2121,2391
2121,2392
2121,2393
2121,2511
2121,2512
2121,2513
2121,2517
2121,2518
2121,2519
2122,2118
2122,2119
2122,2120
2122,2121
2122,2122
2122,2123
2122,2124
2122,2125
2122,2126
2122,2349
2122,2350
2122,2351
2122,2391
2122,2392
2122,2393
2122,2511
2122,2512
2122,2513
2122,2517
2122,2518
2122,2519
2123,2118
2123,2119
2123,2120
2123,2121
2123,2122
2123,2123
2123,2124
2123,2125
2123,2126
2123,2349
2123,2350
2123,2351
2123,2391
2123,2392
2123,2393
2123,2511
2123,2512
2123,2513
2123,2517
2123,2518
2123,2519
2124,2121
2124,2122
2124,2123
2124,2124
2124,2125
2124,2126
2124,2127
2124,2128
2124,2129
2124,2385
2124,2386
2124,2387
2124,2391
2124,2392
2124,2393
2124,2475
2124,2476
2124,2477
2124,2517
2124,2518
2124,2519
2125,2121
2125,2122
2125,2123
2125,2124
2125,2125
2125,2126
2125,2127
2125,2128
2125,2129
2125,2385
2125,2386
2125,2387
2125,2391
2125,2392
2125,2393
2125,2475
2125,2476
2125,2477
2125,2517
2125,2518
2125,2519
2126,2121
2126,2122
2126,2123
2126,2124
2126,2125
2126,2126
2126,2127
2126,2128
2126,2129
2126,2385
2126,2386
2126,2387
2126,2391
2126,2392
2126,2393
2126,2475
2126,2476
2126,2477
2126,2517
2126,2518
2126,2519
2127,2124
2127,2125
2127,2126
2127,2127
2127,2128
2127,2129
2127,2130
2127,2131
2127,2132
2127,2385
2127,2386
2127,2387
2127,2388
2127,2389
2127,2390
2127,2475
2127,2476
2127,2477
2127,2490
2127,2491
2127,2492
2128,2124
2128,2125
2128,2126
2128,2127
2128,2128
2128,2129
2128,2130
2128,2131
2128,2132
2128,2385
2128,2386
2128,2387
2128,2388
2128,2389
2128,2390
2128,2475
2128,2476
2128,2477
2128,2490
2128,2491
2128,2492
2129,2124
2129,2125
2129,2126
2129,2127
2129,2128
2129,2129
2129,2130
2129,2131
2129,2132
2129,2385
2129,2386
2129,2387
2129,2388
2129,2389
2129,2390
2129,2475
2129,2476
2129,2477
2129,2490
2129,2491
2129,2492
2130,2127
2130,2128
2130,2129
2130,2130
2130,2131
2130,2132
2130,2133
2130,2134
2130,2135
2130,2169
2130,2170
2130,2171
2130,2388
2130,2389
2130,2390
2130,2490
2130,2491
2130,2492
2130,2493
2130,2494
2130,2495
2131,2127
2131,2128
2131,2129
2131,2130
2131,2131
2131,2132
2131,2133
2131,2134
2131,2135
2131,2169
2131,2170
2131,2171
2131,2388
2131,2389
2131,2390
2131,2490
2131,2491
2131,2492
2131,2493
2131,2494
2131,2495
2132,2127
2132,2128
2132,2129
2132,2130
2132,2131
2132,2132
2132,2133
2132,2134
2132,2135
2132,2169
2132,2170
2132,2171
2132,2388
2132,2389
2132,2390
2132,2490
2132,2491
2132,2492
2132,2493
2132,2494
2132,2495
2133,2130
2133,2131
2133,2132
2133,2133
2133,2134
2133,2135
2133,2136
2133,2137
2133,2138
2133,2169
2133,2170
2133,2171
2133,2253
2133,2254
2133,2255
2133,2418
2133,2419
2133,2420
2133,2493
2133,2494
2133,2495
2134,2130
2134,2131
2134,2132
2134,2133
2134,2134
2134,2135
2134,2136
2134,2137
2134,2138
2134,2169
2134,2170
2134,2171
2134,2253
2134,2254
2134,2255
2134,2418
2134,2419
2134,2420
2134,2493
2134,2494
2134,2495
2135,2130
2135,2131
2135,2132
2135,2133
2135,2134
2135,2135
2135,2136
2135,2137
2135,2138
2135,2169
2135,2170
2135,2171
2135,2253
2135,2254
2135,2255
2135,2418
2135,2419
2135,2420
2135,2493
2135,2494
2135,2495
2136,2133
2136,2134
2136,2135
2136,2136
2136,2137
2136,2138
2136,2139
2136,2140
2136,2141
2136,2253
2136,2254
2136,2255
2136,2256
2136,2257
2136,2258
2136,2418
2136,2419
2136,2420
2136,2622
2136,2623
2136,2624
2137,2133
2137,2134
2137,2135
2137,2136
2137,2137
2137,2138
2137,2139
2137,2140
2137,2141
2137,2253
2137,2254
2137,2255
2137,2256
2137,2257
2137,2258
2137,2418
2137,2419
2137,2420
2137,2622
2137,2623
2137,2624
2138,2133
2138,2134
2138,2135
2138,2136
2138,2137
2138,2138
2138,2139
2138,2140
2138,2141
2138,2253
2138,2254
2138,2255
2138,2256
2138,2257
2138,2258
2138,2418
2138,2419
2138,2420
2138,2622
2138,2623
2138,2624
2139,2136
2139,2137
2139,2138
2139,2139
2139,2140
2139,2141
2139,2142
2139,2143
2139,2144
2139,2226
2139,2227
2139,2228
2139,2256
2139,2257
2139,2258
2139,2619
2139,2620
2139,2621
2139,2622
2139,2623
2139,2624
2140,2136
2140,2137
2140,2138
2140,2139
2140,2140
2140,2141
2140,2142
2140,2143
2140,2144
2140,2226
2140,2227
2140,2228
2140,2256
2140,2257
2140,2258
2140,2619
2140,2620
2140,2621
2140,2622
2140,2623
2140,2624
2141,2136
2141,2137
2141,2138
2141,2139
2141,2140
2141,2141
2141,2142
2141,2143
2141,2144
2141,2226
2141,2227
2141,2228
2141,2256
2141,2257
2141,2258
2141,2619
2141,2620
2141,2621
2141,2622
2141,2623
2141,2624
2142,2139
2142,2140
2142,2141
2142,2142
2142,2143
2142,2144
2142,2145
2142,2146
2142,2147
2142,2226
2142,2227
2142,2228
2142,2274
2142,2275
2142,2276
2142,2619
2142,2620
2142,2621
2142,2625
2142,2626
2142,2627
2143,2139
2143,2140
2143,2141
2143,2142
2143,2143
2143,2144
2143,2145
2143,2146
2143,2147
2143,2226
2143,2227
2143,2228
2143,2274
2143,2275
2143,2276
2143,2619
2143,2620
2143,2621
2143,2625
2143,2626
2143,2627
2144,2139
2144,2140
2144,2141
2144,2142
2144,2143
2144,2144
2144,2145
2144,2146
2144,2147
2144,2226
2144,2227
2144,2228
2144,2274
2144,2275
2144,2276
2144,2619
2144,2620
2144,2621
2144,2625
2144,2626
2144,2627
2145,2142
2145,2143
2145,2144
2145,2145
2145,2146
2145,2147
2145,2148
2145,2149
2145,2150
2145,2268
2145,2269
2145,2270
2145,2274
2145,2275
2145,2276
2145,2583
2145,2584
2145,2585
2145,2625
2145,2626
2145,2627
2146,2142
2146,2143
2146,2144
2146,2145
2146,2146
2146,2147
2146,2148
2146,2149
2146,2150
2146,2268
2146,2269
2146,2270
2146,2274
2146,2275
2146,2276
2146,2583
2146,2584
2146,2585
2146,2625
2146,2626
2146,2627
2147,2142
2147,2143
2147,2144
2147,2145
2147,2146
2147,2147
2147,2148
2147,2149
2147,2150
2147,2268
2147,2269
2147,2270
2147,2274
2147,2275
2147,2276
2147,2583
2147,2584
2147,2585
2147,2625
2147,2626
2147,2627
2148,2145
2148,2146
2148,2147
2148,2148
2148,2149
2148,2150
2148,2151
2148,2152
2148,2153
2148,2268
2148,2269
2148,2270
2148,2271
2148,2272
2148,2273
2148,2583
2148,2584
2148,2585
2148,2598
2148,2599
2148,2600
2149,2145
2149,2146
2149,2147
2149,2148
2149,2149
2149,2150
2149,2151
2149,2152
2149,2153
2149,2268
2149,2269
2149,2270
2149,2271
2149,2272
2149,2273
2149,2583
2149,2584
2149,2585
2149,2598
2149,2599
2149,2600
2150,2145
2150,2146
2150,2147
2150,2148
2150,2149
2150,2150
2150,2151
2150,2152
2150,2153
2150,2268
2150,2269
2150,2270
2150,2271
2150,2272
2150,2273
2150,2583
2150,2584
2150,2585
2150,2598
2150,2599
2150,2600
2151,1173
2151,1174
2151,1175
2151,1176
2151,1177
2151,1178
2151,2148
2151,2149
2151,2150
2151,2151
2151,2152
2151,2153
2151,2271
2151,2272
2151,2273
2151,2598
2151,2599
2151,2600
2151,2601
2151,2602
2151,2603
2152,1173
2152,1174
2152,1175
2152,1176
2152,1177
2152,1178
2152,2148
2152,2149
2152,2150
2152,2151
2152,2152
2152,2153
2152,2271
2152,2272
2152,2273
2152,2598
2152,2599
2152,2600
2152,2601
2152,2602
2152,2603
2153,1173
2153,1174
2153,1175
2153,1176
2153,1177
2153,1178
2153,2148
2153,2149
2153,2150
2153,2151
2153,2152
2153,2153
2153,2271
2153,2272
2153,2273
2153,2598
2153,2599
2153,2600
2153,2601
2153,2602
2153,2603
2154,1518
2154,1519
2154,1520
2154,1521
2154,1522
2154,1523
2154,2154
2154,2155
2154,2156
2154,2157
2154,2158
2154,2159
2154,2220
2154,2221
2154,2222
2154,2343
2154,2344
2154,2345
2154,2346
2154,2347
2154,2348
2155,1518
2155,1519
2155,1520
2155,1521
2155,1522
2155,1523
2155,2154
2155,2155
2155,2156
2155,2157
2155,2158
2155,2159
2155,2220
2155,2221
2155,2222
2155,2343
2155,2344
2155,2345
2155,2346
2155,2347
2155,2348
2156,1518
2156,1519
2156,1520
2156,1521
2156,1522
2156,1523
2156,2154
2156,2155
2156,2156
2156,2157
2156,2158
2156,2159
2156,2220
2156,2221
2156,2222
2156,2343
2156,2344
2156,2345
2156,2346
2156,2347
2156,2348
2157,2154
2157,2155
2157,2156
2157,2157
2157,2158
2157,2159
2157,2160
2157,2161
2157,2162
2157,2220
2157,2221
2157,2222
2157,2223
2157,2224
2157,2225
2157,2310
2157,2311
2157,2312
2157,2343
2157,2344
2157,2345
2158,2154
2158,2155
2158,2156
2158,2157
2158,2158
2158,2159
2158,2160
2158,2161
2158,2162
2158,2220
2158,2221
2158,2222
2158,2223
2158,2224
2158,2225
2158,2310
2158,2311
2158,2312
2158,2343
2158,2344
2158,2345
2159,2154
2159,2155
2159,2156
2159,2157
2159,2158
2159,2159
2159,2160
2159,2161
2159,2162
2159,2220
2159,2221
2159,2222
2159,2223
2159,2224
2159,2225
2159,2310
2159,2311
2159,2312
2159,2343
2159,2344
2159,2345
2160,2157
2160,2158
2160,2159
2160,2160
2160,2161
2160,2162
2160,2163
2160,2164
2160,2165
2160,2172
2160,2173
2160,2174
2160,2223
2160,2224
2160,2225
2160,2310
2160,2311
2160,2312
2160,2397
2160,2398
2160,2399
2161,2157
2161,2158
2161,2159
2161,2160
2161,2161
2161,2162
2161,2163
2161,2164
2161,2165
2161,2172
2161,2173
2161,2174
2161,2223
2161,2224
2161,2225
2161,2310
2161,2311
2161,2312
2161,2397
2161,2398
2161,2399
2162,2157
2162,2158
2162,2159
2162,2160
2162,2161
2162,2162
2162,2163
2162,2164
2162,2165
2162,2172
2162,2173
2162,2174
2162,2223
2162,2224
2162,2225
2162,2310
2162,2311
2162,2312
2162,2397
2162,2398
2162,2399
2163,2160
2163,2161
2163,2162
2163,2163
2163,2164
2163,2165
2163,2166
2163,2167
2163,2168
2163,2172
2163,2173
2163,2174
2163,2244
2163,2245
2163,2246
2163,2376
2163,2377
2163,2378
2163,2397
2163,2398
2163,2399
2164,2160
2164,2161
2164,2162
2164,2163
2164,2164
2164,2165
2164,2166
2164,2167
2164,2168
2164,2172
2164,2173
2164,2174
2164,2244
2164,2245
2164,2246
2164,2376
2164,2377
2164,2378
2164,2397
2164,2398
2164,2399
2165,2160
2165,2161
2165,2162
2165,2163
2165,2164
2165,2165
2165,2166
2165,2167
2165,2168
2165,2172
2165,2173
2165,2174
2165,2244
2165,2245
2165,2246
2165,2376
2165,2377
2165,2378
2165,2397
2165,2398
2165,2399
2166,2163
2166,2164
2166,2165
2166,2166
2166,2167
2166,2168
2166,2169
2166,2170
2166,2171
2166,2238
2166,2239
2166,2240
2166,2244
2166,2245
2166,2246
2166,2376
2166,2377
2166,2378
2166,2388
2166,2389
2166,2390
2167,2163
2167,2164
2167,2165
2167,2166
2167,2167
2167,2168
2167,2169
2167,2170
2167,2171
2167,2238
2167,2239
2167,2240
2167,2244
2167,2245
2167,2246
2167,2376
2167,2377
2167,2378
2167,2388
2167,2389
2167,2390
2168,2163
2168,2164
2168,2165
2168,2166
2168,2167
2168,2168
2168,2169
2168,2170
2168,2171
2168,2238
2168,2239
2168,2240
2168,2244
2168,2245
2168,2246
2168,2376
2168,2377
2168,2378
2168,2388
2168,2389
2168,2390
2169,2130
2169,2131
2169,2132
2169,2133
2169,2134
2169,2135
2169,2166
2169,2167
2169,2168
2169,2169
2169,2170
2169,2171
2169,2238
2169,2239
2169,2240
2169,2253
2169,2254
2169,2255
2169,2388
2169,2389
2169,2390
2170,2130
2170,2131
2170,2132
2170,2133
2170,2134
2170,2135
2170,2166
2170,2167
2170,2168
2170,2169
2170,2170
2170,2171
2170,2238
2170,2239
2170,2240
2170,2253
2170,2254
2170,2255
2170,2388
2170,2389
2170,2390
2171,2130
2171,2131
2171,2132
2171,2133
2171,2134
2171,2135
2171,2166
2171,2167
2171,2168
2171,2169
2171,2170
2171,2171
2171,2238
2171,2239
2171,2240
2171,2253
2171,2254
2171,2255
2171,2388
2171,2389
2171,2390
2172,2160
2172,2161
2172,2162
2172,2163
2172,2164
2172,2165
2172,2172
2172,2173
2172,2174
2172,2175
2172,2176
2172,2177
2172,2211
2172,2212
2172,2213
2172,2223
2172,2224
2172,2225
2172,2244
2172,2245
2172,2246
2173,2160
2173,2161
2173,2162
2173,2163
2173,2164
2173,2165
2173,2172
2173,2173
2173,2174
2173,2175
2173,2176
2173,2177
2173,2211
2173,2212
2173,2213
2173,2223
2173,2224
2173,2225
2173,2244
2173,2245
2173,2246
2174,2160
2174,2161
2174,2162
2174,2163
2174,2164
2174,2165
2174,2172
2174,2173
2174,2174
2174,2175
2174,2176
2174,2177
2174,2211
2174,2212
2174,2213
2174,2223
2174,2224
2174,2225
2174,2244
2174,2245
2174,2246
2175,2172
2175,2173
2175,2174
2175,2175
2175,2176
2175,2177
2175,2178
2175,2179
2175,2180
2175,2211
2175,2212
2175,2213
2175,2217
2175,2218
2175,2219
2175,2244
2175,2245
2175,2246
2175,2250
2175,2251
2175,2252
2176,2172
2176,2173
2176,2174
2176,2175
2176,2176
2176,2177
2176,2178
2176,2179
2176,2180
2176,2211
2176,2212
2176,2213
2176,2217
2176,2218
2176,2219
2176,2244
2176,2245
2176,2246
2176,2250
2176,2251
2176,2252
2177,2172
2177,2173
2177,2174
2177,2175
2177,2176
2177,2177
2177,2178
2177,2179
2177,2180
2177,2211
2177,2212
2177,2213
2177,2217
2177,2218
2177,2219
2177,2244
2177,2245
2177,2246
2177,2250
2177,2251
2177,2252
2178,2175
2178,2176
2178,2177
2178,2178
2178,2179
2178,2180
2178,2181
2178,2182
2178,2183
2178,2193
2178,2194
2178,2195
2178,2217
2178,2218
2178,2219
2178,2235
2178,2236
2178,2237
2178,2250
2178,2251
2178,2252
2179,2175
2179,2176
2179,2177
2179,2178
2179,2179
2179,2180
2179,2181
2179,2182
2179,2183
2179,2193
2179,2194
2179,2195
2179,2217
2179,2218
2179,2219
2179,2235
2179,2236
2179,2237
2179,2250
2179,2251
2179,2252
2180,2175
2180,2176
2180,2177
2180,2178
2180,2179
2180,2180
2180,2181
2180,2182
2180,2183
2180,2193
2180,2194
2180,2195
2180,2217
2180,2218
2180,2219
2180,2235
2180,2236
2180,2237
2180,2250
2180,2251
2180,2252
2181,2178
2181,2179
2181,2180
2181,2181
2181,2182
2181,2183
2181,2184
2181,2185
2181,2186
2181,2193
2181,2194
2181,2195
2181,2202
2181,2203
2181,2204
2181,2235
2181,2236
2181,2237
2181,2289
2181,2290
2181,2291
2182,2178
2182,2179
2182,2180
2182,2181
2182,2182
2182,2183
2182,2184
2182,2185
2182,2186
2182,2193
2182,2194
2182,2195
2182,2202
2182,2203
2182,2204
2182,2235
2182,2236
2182,2237
2182,2289
2182,2290
2182,2291
2183,2178
2183,2179
2183,2180
2183,2181
2183,2182
2183,2183
2183,2184
2183,2185
2183,2186
2183,2193
2183,2194
2183,2195
2183,2202
2183,2203
2183,2204
2183,2235
2183,2236
2183,2237
2183,2289
2183,2290
2183,2291
2184,2181
2184,2182
2184,2183
2184,2184
2184,2185
2184,2186
2184,2187
2184,2188
2184,2189
2184,2202
2184,2203
2184,2204
2184,2205
2184,2206
2184,2207
2184,2277
2184,2278
2184,2279
2184,2289
2184,2290
2184,2291
2185,2181
2185,2182
2185,2183
2185,2184
2185,2185
2185,2186
2185,2187
2185,2188
2185,2189
2185,2202
2185,2203
2185,2204
2185,2205
2185,2206
2185,2207
2185,2277
2185,2278
2185,2279
2185,2289
2185,2290
2185,2291
2186,2181
2186,2182
2186,2183
2186,2184
2186,2185
2186,2186
2186,2187
2186,2188
2186,2189
2186,2202
2186,2203
2186,2204
2186,2205
2186,2206
2186,2207
2186,2277
2186,2278
2186,2279
2186,2289
2186,2290
2186,2291
2187,1188
2187,1189
2187,1190
2187,1191
2187,1192
2187,1193
2187,2184
2187,2185
2187,2186
2187,2187
2187,2188
2187,2189
2187,2205
2187,2206
2187,2207
2187,2277
2187,2278
2187,2279
2187,2283
2187,2284
2187,2285
2188,1188
2188,1189
2188,1190
2188,1191
2188,1192
2188,1193
2188,2184
2188,2185
2188,2186
2188,2187
2188,2188
2188,2189
2188,2205
2188,2206
2188,2207
2188,2277
2188,2278
2188,2279
2188,2283
2188,2284
2188,2285
2189,1188
2189,1189
2189,1190
2189,1191
2189,1192
2189,1193
2189,2184
2189,2185
2189,2186
2189,2187
2189,2188
2189,2189
2189,2205
2189,2206
2189,2207
2189,2277
2189,2278
2189,2279
2189,2283
2189,2284
2189,2285
2190,1527
2190,1528
2190,1529
2190,1530
2190,1531
2190,1532
2190,2190
2190,2191
2190,2192
2190,2193
2190,2194
2190,2195
2190,2196
2190,2197
2190,2198
2190,2214
2190,2215
2190,2216
2190,2217
2190,2218
2190,2219
2191,1527
2191,1528
2191,1529
2191,1530
2191,1531
2191,1532
2191,2190
2191,2191
2191,2192
2191,2193
2191,2194
2191,2195
2191,2196
2191,2197
2191,2198
2191,2214
2191,2215
2191,2216
2191,2217
2191,2218
2191,2219
2192,1527
2192,1528
2192,1529
2192,1530
2192,1531
2192,1532
2192,2190
2192,2191
2192,2192
2192,2193
2192,2194
2192,2195
2192,2196
2192,2197
2192,2198
2192,2214
2192,2215
2192,2216
2192,2217
2192,2218
2192,2219
2193,2178
2193,2179
2193,2180
2193,2181
2193,2182
2193,2183
2193,2190
2193,2191
2193,2192
2193,2193
2193,2194
2193,2195
2193,2196
2193,2197
2193,2198
2193,2202
2193,2203
2193,2204
2193,2217
2193,2218
2193,2219
2194,2178
2194,2179
2194,2180
2194,2181
2194,2182
2194,2183
2194,2190
2194,2191
2194,2192
2194,2193
2194,2194
2194,2195
2194,2196
2194,2197
2194,2198
2194,2202
2194,2203
2194,2204
2194,2217
2194,2218
2194,2219
2195,2178
2195,2179
2195,2180
2195,2181
2195,2182
2195,2183
2195,2190
2195,2191
2195,2192
2195,2193
2195,2194
2195,2195
2195,2196
2195,2197
2195,2198
2195,2202
2195,2203
2195,2204
2195,2217
2195,2218
2195,2219
2196,1530
2196,1531
2196,1532
2196,1533
2196,1534
2196,1535
2196,2190
2196,2191
2196,2192
2196,2193
2196,2194
2196,2195
2196,2196
2196,2197
2196,2198
2196,2199
2196,2200
2196,2201
2196,2202
2196,2203
2196,2204
2197,1530
2197,1531
2197,1532
2197,1533
2197,1534
2197,1535
2197,2190
2197,2191
2197,2192
2197,2193
2197,2194
2197,2195
2197,2196
2197,2197
2197,2198
2197,2199
2197,2200
2197,2201
2197,2202
2197,2203
2197,2204
2198,1530
2198,1531
2198,1532
2198,1533
2198,1534
2198,1535
2198,2190
2198,2191
2198,2192
2198,2193
2198,2194
2198,2195
2198,2196
2198,2197
2198,2198
2198,2199
2198,2200
2198,2201
2198,2202
2198,2203
2198,2204
2199,1194
2199,1195
2199,1196
2199,1197
2199,1198
2199,1199
2199,1533
2199,1534
2199,1535
2199,2196
2199,2197
2199,2198
2199,2199
2199,2200
2199,2201
2199,2202
2199,2203
2199,2204
2199,2205
2199,2206
2199,2207
2200,1194
2200,1195
2200,1196
2200,1197
2200,1198
2200,1199
2200,1533
2200,1534
2200,1535
2200,2196
2200,2197
2200,2198
2200,2199
2200,2200
2200,2201
2200,2202
2200,2203
2200,2204
2200,2205
2200,2206
2200,2207
2201,1194
2201,1195
2201,1196
2201,1197
2201,1198
2201,1199
2201,1533
2201,1534
2201,1535
2201,2196
2201,2197
2201,2198
2201,2199
2201,2200
2201,2201
2201,2202
2201,2203
2201,2204
2201,2205
2201,2206
2201,2207
2202,2181
2202,2182
2202,2183
2202,2184
2202,2185
2202,2186
2202,2193
2202,2194
2202,2195
2202,2196
2202,2197
2202,2198
2202,2199
2202,2200
2202,2201
2202,2202
2202,2203
2202,2204
2202,2205
2202,2206
2202,2207
2203,2181
2203,2182
2203,2183
2203,2184
2203,2185
2203,2186
2203,2193
2203,2194
2203,2195
2203,2196
2203,2197
2203,2198
2203,2199
2203,2200
2203,2201
2203,2202
2203,2203
2203,2204
2203,2205
2203,2206
2203,2207
2204,2181
2204,2182
2204,2183
2204,2184
2204,2185
2204,2186
2204,2193
2204,2194
2204,2195
2204,2196
2204,2197
2204,2198
2204,2199
2204,2200
2204,2201
2204,2202
2204,2203
2204,2204
2204,2205
2204,2206
2204,2207
2205,1191
2205,1192
2205,1193
2205,1194
2205,1195
2205,1196
2205,2184
2205,2185
2205,2186
2205,2187
2205,2188
2205,2189
2205,2199
2205,2200
2205,2201
2205,2202
2205,2203
2205,2204
2205,2205
2205,2206
2205,2207
2206,1191
2206,1192
2206,1193
2206,1194
2206,1195
2206,1196
2206,2184
2206,2185
2206,2186
2206,2187
2206,2188
2206,2189
2206,2199
2206,2200
2206,2201
2206,2202
2206,2203
2206,2204
2206,2205
2206,2206
2206,2207
2207,1191
2207,1192
2207,1193
2207,1194
2207,1195
2207,1196
2207,2184
2207,2185
2207,2186
2207,2187
2207,2188
2207,2189
2207,2199
2207,2200
2207,2201
2207,2202
2207,2203
2207,2204
2207,2205
2207,2206
2207,2207
2208,1524
2208,1525
2208,1526
2208,2208
2208,2209
2208,2210
2208,2211
2208,2212
2208,2213
2208,2214
2208,2215
2208,2216
2208,2220
2208,2221
2208,2222
2208,2223
2208,2224
2208,2225
2209,1524
2209,1525
2209,1526
2209,2208
2209,2209
2209,2210
2209,2211
2209,2212
2209,2213
2209,2214
2209,2215
2209,2216
2209,2220
2209,2221
2209,2222
2209,2223
2209,2224
2209,2225
2210,1524
2210,1525
2210,1526
2210,2208
2210,2209
2210,2210
2210,2211
2210,2212
2210,2213
2210,2214
2210,2215
2210,2216
2210,2220
2210,2221
2210,2222
2210,2223
2210,2224
2210,2225
2211,2172
2211,2173
2211,2174
2211,2175
2211,2176
2211,2177
2211,2208
2211,2209
2211,2210
2211,2211
2211,2212
2211,2213
2211,2214
2211,2215
2211,2216
2211,2217
2211,2218
2211,2219
2211,2223
2211,2224
2211,2225
2212,2172
2212,2173
2212,2174
2212,2175
2212,2176
2212,2177
2212,2208
2212,2209
2212,2210
2212,2211
2212,2212
2212,2213
2212,2214
2212,2215
2212,2216
2212,2217
2212,2218
2212,2219
2212,2223
2212,2224
2212,2225
2213,2172
2213,2173
2213,2174
2213,2175
2213,2176
2213,2177
2213,2208
2213,2209
2213,2210
2213,2211
2213,2212
2213,2213
2213,2214
2213,2215
2213,2216
2213,2217
2213,2218
2213,2219
2213,2223
2213,2224
2213,2225
2214,1524
2214,1525
2214,1526
2214,1527
2214,1528
2214,1529
2214,2190
2214,2191
2214,2192
2214,2208
2214,2209
2214,2210
2214,2211
2214,2212
2214,2213
2214,2214
2214,2215
2214,2216
2214,2217
2214,2218
2214,2219
2215,1524
2215,1525
2215,1526
2215,1527
2215,1528
2215,1529
2215,2190
2215,2191
2215,2192
2215,2208
2215,2209
2215,2210
2215,2211
2215,2212
2215,2213
2215,2214
2215,2215
2215,2216
2215,2217
2215,2218
2215,2219
2216,1524
2216,1525
2216,1526
2216,1527
2216,1528
2216,1529
2216,2190
2216,2191
2216,2192
2216,2208
2216,2209
2216,2210
2216,2211
2216,2212
2216,2213
2216,2214
2216,2215
2216,2216
2216,2217
2216,2218
2216,2219
2217,2175
2217,2176
2217,2177
2217,2178
2217,2179
2217,2180
2217,2190
2217,2191
2217,2192
2217,2193
2217,2194
2217,2195
2217,2211
2217,2212
2217,2213
2217,2214
2217,2215
2217,2216
2217,2217
2217,2218
2217,2219
2218,2175
2218,2176
2218,2177
2218,2178
2218,2179
2218,2180
2218,2190
2218,2191
2218,2192
2218,2193
2218,2194
2218,2195
2218,2211
2218,2212
2218,2213
2218,2214
2218,2215
2218,2216
2218,2217
2218,2218
2218,2219
2219,2175
2219,2176
2219,2177
2219,2178
2219,2179
2219,2180
2219,2190
2219,2191
2219,2192
2219,2193
2219,2194
2219,2195
2219,2211
2219,2212
2219,2213
2219,2214
2219,2215
2219,2216
2219,2217
2219,2218
2219,2219
2220,1521
2220,1522
2220,1523
2220,1524
2220,1525
2220,1526
2220,2154
2220,2155
2220,2156
2220,2157
2220,2158
2220,2159
2220,2208
2220,2209
2220,2210
2220,2220
2220,2221
2220,2222
2220,2223
2220,2224
2220,2225
2221,1521
2221,1522
2221,1523
2221,1524
2221,1525
2221,1526
2221,2154
2221,2155
2221,2156
2221,2157
2221,2158
2221,2159
2221,2208
2221,2209
2221,2210
2221,2220
2221,2221
2221,2222
2221,2223
2221,2224
2221,2225
2222,1521
2222,1522
2222,1523
2222,1524
2222,1525
2222,1526
2222,2154
2222,2155
2222,2156
2222,2157
2222,2158
2222,2159
2222,2208
2222,2209
2222,2210
2222,2220
2222,2221
2222,2222
2222,2223
2222,2224
2222,2225
2223,2157
2223,2158
2223,2159
2223,2160
2223,2161
2223,2162
2223,2172
2223,2173
2223,2174
2223,2208
2223,2209
2223,2210
2223,2211
2223,2212
2223,2213
2223,2220
2223,2221
2223,2222
2223,2223
2223,2224
2223,2225
2224,2157
2224,2158
2224,2159
2224,2160
2224,2161
2224,2162
2224,2172
2224,2173
2224,2174
2224,2208
2224,2209
2224,2210
2224,2211
2224,2212
2224,2213
2224,2220
2224,2221
2224,2222
2224,2223
2224,2224
2224,2225
2225,2157
2225,2158
2225,2159
2225,2160
2225,2161
2225,2162
2225,2172
2225,2173
2225,2174
2225,2208
2225,2209
2225,2210
2225,2211
2225,2212
2225,2213
2225,2220
2225,2221
2225,2222
2225,2223
2225,2224
2225,2225
2226,2139
2226,2140
2226,2141
2226,2142
2226,2143
2226,2144
2226,2226
2226,2227
2226,2228
2226,2229
2226,2230
2226,2231
2226,2256
2226,2257
2226,2258
2226,2265
2226,2266
2226,2267
2226,2274
2226,2275
2226,2276
2227,2139
2227,2140
2227,2141
2227,2142
2227,2143
2227,2144
2227,2226
2227,2227
2227,2228
2227,2229
2227,2230
2227,2231
2227,2256
2227,2257
2227,2258
2227,2265
2227,2266
2227,2267
2227,2274
2227,2275
2227,2276
2228,2139
2228,2140
2228,2141
2228,2142
2228,2143
2228,2144
2228,2226
2228,2227
2228,2228
2228,2229
2228,2230
2228,2231
2228,2256
2228,2257
2228,2258
2228,2265
2228,2266
2228,2267
2228,2274
2228,2275
2228,2276
2229,2226
2229,2227
2229,2228
2229,2229
2229,2230
2229,2231
2229,2232
2229,2233
2229,2234
2229,2241
2229,2242
2229,2243
2229,2256
2229,2257
2229,2258
2229,2265
2229,2266
2229,2267
2229,2292
2229,2293
2229,2294
2230,2226
2230,2227
2230,2228
2230,2229
2230,2230
2230,2231
2230,2232
2230,2233
2230,2234
2230,2241
2230,2242
2230,2243
2230,2256
2230,2257
2230,2258
2230,2265
2230,2266
2230,2267
2230,2292
2230,2293
2230,2294
2231,2226
2231,2227
2231,2228
2231,2229
2231,2230
2231,2231
2231,2232
2231,2233
2231,2234
2231,2241
2231,2242
2231,2243
2231,2256
2231,2257
2231,2258
2231,2265
2231,2266
2231,2267
2231,2292
2231,2293
2231,2294
2232,2229
2232,2230
2232,2231
2232,2232
2232,2233
2232,2234
2232,2235
2232,2236
2232,2237
2232,2241
2232,2242
2232,2243
2232,2247
2232,2248
2232,2249
2232,2289
2232,2290
2232,2291
2232,2292
2232,2293
2232,2294
2233,2229
2233,2230
2233,2231
2233,2232
2233,2233
2233,2234
2233,2235
2233,2236
2233,2237
2233,2241
2233,2242
2233,2243
2233,2247
2233,2248
2233,2249
2233,2289
2233,2290
2233,2291
2233,2292
2233,2293
2233,2294
2234,2229
2234,2230
2234,2231
2234,2232
2234,2233
2234,2234
2234,2235
2234,2236
2234,2237
2234,2241
2234,2242
2234,2243
2234,2247
2234,2248
2234,2249
2234,2289
2234,2290
2234,2291
2234,2292
2234,2293
2234,2294
2235,2178
2235,2179
2235,2180
2235,2181
2235,2182
2235,2183
2235,2232
2235,2233
2235,2234
2235,2235
2235,2236
2235,2237
2235,2247
2235,2248
2235,2249
2235,2250
2235,2251
2235,2252
2235,2289
2235,2290
2235,2291
2236,2178
2236,2179
2236,2180
2236,2181
2236,2182
2236,2183
2236,2232
2236,2233
2236,2234
2236,2235
2236,2236
2236,2237
2236,2247
2236,2248
2236,2249
2236,2250
2236,2251
2236,2252
2236,2289
2236,2290
2236,2291
2237,2178
2237,2179
2237,2180
2237,2181
2237,2182
2237,2183
2237,2232
2237,2233
2237,2234
2237,2235
2237,2236
2237,2237
2237,2247
2237,2248
2237,2249
2237,2250
2237,2251
2237,2252
2237,2289
2237,2290
2237,2291
2238,2166
2238,2167
2238,2168
2238,2169
2238,2170
2238,2171
2238,2238
2238,2239
2238,2240
2238,2241
2238,2242
2238,2243
2238,2244
2238,2245
2238,2246
2238,2247
2238,2248
2238,2249
2238,2253
2238,2254
2238,2255
2239,2166
2239,2167
2239,2168
2239,2169
2239,2170
2239,2171
2239,2238
2239,2239
2239,2240
2239,2241
2239,2242
2239,2243
2239,2244
2239,2245
2239,2246
2239,2247
2239,2248
2239,2249
2239,2253
2239,2254
2239,2255
2240,2166
2240,2167
2240,2168
2240,2169
2240,2170
2240,2171
2240,2238
2240,2239
2240,2240
2240,2241
2240,2242
2240,2243
2240,2244
2240,2245
2240,2246
2240,2247
2240,2248
2240,2249
2240,2253
2240,2254
2240,2255
2241,2229
2241,2230
2241,2231
2241,2232
2241,2233
2241,2234
2241,2238
2241,2239
2241,2240
2241,2241
2241,2242
2241,2243
2241,2247
2241,2248
2241,2249
2241,2253
2241,2254
2241,2255
2241,2256
2241,2257
2241,2258
2242,2229
2242,2230
2242,2231
2242,2232
2242,2233
2242,2234
2242,2238
2242,2239
2242,2240
2242,2241
2242,2242
2242,2243
2242,2247
2242,2248
2242,2249
2242,2253
2242,2254
2242,2255
2242,2256
2242,2257
2242,2258
2243,2229
2243,2230
2243,2231
2243,2232
2243,2233
2243,2234
2243,2238
2243,2239
2243,2240
2243,2241
2243,2242
2243,2243
2243,2247
2243,2248
2243,2249
2243,2253
2243,2254
2243,2255
2243,2256
2243,2257
2243,2258
2244,2163
2244,2164
2244,2165
2244,2166
2244,2167
2244,2168
2244,2172
2244,2173
2244,2174
2244,2175
2244,2176
2244,2177
2244,2238
2244,2239
2244,2240
2244,2244
2244,2245
2244,2246
2244,2247
2244,2248
2244,2249
2244,2250
2244,2251
2244,2252
2245,2163
2245,2164
2245,2165
2245,2166
2245,2167
2245,2168
2245,2172
2245,2173
2245,2174
2245,2175
2245,2176
2245,2177
2245,2238
2245,2239
2245,2240
2245,2244
2245,2245
2245,2246
2245,2247
2245,2248
2245,2249
2245,2250
2245,2251
2245,2252
2246,2163
2246,2164
2246,2165
2246,2166
2246,2167
2246,2168
2246,2172
2246,2173
2246,2174
2246,2175
2246,2176
2246,2177
2246,2238
2246,2239
2246,2240
2246,2244
2246,2245
2246,2246
2246,2247
2246,2248
2246,2249
2246,2250
2246,2251
2246,2252
2247,2232
2247,2233
2247,2234
2247,2235
2247,2236
2247,2237
2247,2238
2247,2239
2247,2240
2247,2241
2247,2242
2247,2243
2247,2244
2247,2245
2247,2246
2247,2247
2247,2248
2247,2249
2247,2250
2247,2251
2247,2252
2248,2232
2248,2233
2248,2234
2248,2235
2248,2236
2248,2237
2248,2238
2248,2239
2248,2240
2248,2241
2248,2242
2248,2243
2248,2244
2248,2245
2248,2246
2248,2247
2248,2248
2248,2249
2248,2250
2248,2251
2248,2252
2249,2232
2249,2233
2249,2234
2249,2235
2249,2236
2249,2237
2249,2238
2249,2239
2249,2240
2249,2241
2249,2242
2249,2243
2249,2244
2249,2245
2249,2246
2249,2247
2249,2248
2249,2249
2249,2250
2249,2251
2249,2252
2250,2175
2250,2176
2250,2177
2250,2178
2250,2179
2250,2180
2250,2235
2250,2236
2250,2237
2250,2244
2250,2245
2250,2246
2250,2247
2250,2248
2250,2249
2250,2250
2250,2251
2250,2252
2251,2175
2251,2176
2251,2177
2251,2178
2251,2179
2251,2180
2251,2235
2251,2236
2251,2237
2251,2244
2251,2245
2251,2246
2251,2247
2251,2248
2251,2249
2251,2250
2251,2251
2251,2252
2252,2175
2252,2176
2252,2177
2252,2178
2252,2179
2252,2180
2252,2235
2252,2236
2252,2237
2252,2244
2252,2245
2252,2246
2252,2247
2252,2248
2252,2249
2252,2250
2252,2251
2252,2252
2253,2133
2253,2134
2253,2135
2253,2136
2253,2137
2253,2138
2253,2169
2253,2170
2253,2171
2253,2238
2253,2239
2253,2240
2253,2241
2253,2242
2253,2243
2253,2253
2253,2254
2253,2255
2253,2256
2253,2257
2253,2258
2254,2133
2254,2134
2254,2135
2254,2136
2254,2137
2254,2138
2254,2169
2254,2170
2254,2171
2254,2238
2254,2239
2254,2240
2254,2241
2254,2242
2254,2243
2254,2253
2254,2254
2254,2255
2254,2256
2254,2257
2254,2258
2255,2133
2255,2134
2255,2135
2255,2136
2255,2137
2255,2138
2255,2169
2255,2170
2255,2171
2255,2238
2255,2239
2255,2240
2255,2241
2255,2242
2255,2243
2255,2253
2255,2254
2255,2255
2255,2256
2255,2257
2255,2258
2256,2136
2256,2137
2256,2138
2256,2139
2256,2140
2256,2141
2256,2226
2256,2227
2256,2228
2256,2229
2256,2230
2256,2231
2256,2241
2256,2242
2256,2243
2256,2253
2256,2254
2256,2255
2256,2256
2256,2257
2256,2258
2257,2136
2257,2137
2257,2138
2257,2139
2257,2140
2257,2141
2257,2226
2257,2227
2257,2228
2257,2229
2257,2230
2257,2231
2257,2241
2257,2242
2257,2243
2257,2253
2257,2254
2257,2255
2257,2256
2257,2257
2257,2258
2258,2136
2258,2137
2258,2138
2258,2139
2258,2140
2258,2141
2258,2226
2258,2227
2258,2228
2258,2229
2258,2230
2258,2231
2258,2241
2258,2242
2258,2243
2258,2253
2258,2254
2258,2255
2258,2256
2258,2257
2258,2258
2259,1179
2259,1180
2259,1181
2259,1182
2259,1183
2259,1184
2259,2259
2259,2260
2259,2261
2259,2262
2259,2263
2259,2264
2259,2268
2259,2269
2259,2270
2259,2271
2259,2272
2259,2273
2259,2286
2259,2287
2259,2288
2260,1179
2260,1180
2260,1181
2260,1182
2260,1183
2260,1184
2260,2259
2260,2260
2260,2261
2260,2262
2260,2263
2260,2264
2260,2268
2260,2269
2260,2270
2260,2271
2260,2272
2260,2273
2260,2286
2260,2287
2260,2288
2261,1179
2261,1180
2261,1181
2261,1182
2261,1183
2261,1184
2261,2259
2261,2260
2261,2261
2261,2262
2261,2263
2261,2264
2261,2268
2261,2269
2261,2270
2261,2271
2261,2272
2261,2273
2261,2286
2261,2287
2261,2288
2262,2259
2262,2260
2262,2261
2262,2262
2262,2263
2262,2264
2262,2265
2262,2266
2262,2267
2262,2268
2262,2269
2262,2270
2262,2274
2262,2275
2262,2276
2262,2280
2262,2281
2262,2282
2262,2286
2262,2287
2262,2288
2263,2259
2263,2260
2263,2261
2263,2262
2263,2263
2263,2264
2263,2265
2263,2266
2263,2267
2263,2268
2263,2269
2263,2270
2263,2274
2263,2275
2263,2276
2263,2280
2263,2281
2263,2282
2263,2286
2263,2287
2263,2288
2264,2259
2264,2260
2264,2261
2264,2262
2264,2263
2264,2264
2264,2265
2264,2266
2264,2267
2264,2268
2264,2269
2264,2270
2264,2274
2264,2275
2264,2276
2264,2280
2264,2281
2264,2282
2264,2286
2264,2287
2264,2288
2265,2226
2265,2227
2265,2228
2265,2229
2265,2230
2265,2231
2265,2262
2265,2263
2265,2264
2265,2265
2265,2266
2265,2267
2265,2274
2265,2275
2265,2276
2265,2280
2265,2281
2265,2282
2265,2292
2265,2293
2265,2294
2266,2226
2266,2227
2266,2228
2266,2229
2266,2230
2266,2231
2266,2262
2266,2263
2266,2264
2266,2265
2266,2266
2266,2267
2266,2274
2266,2275
2266,2276
2266,2280
2266,2281
2266,2282
2266,2292
2266,2293
2266,2294
2267,2226
2267,2227
2267,2228
2267,2229
2267,2230
2267,2231
2267,2262
2267,2263
2267,2264
2267,2265
2267,2266
2267,2267
2267,2274
2267,2275
2267,2276
2267,2280
2267,2281
2267,2282
2267,2292
2267,2293
2267,2294
2268,2145
2268,2146
2268,2147
2268,2148
2268,2149
2268,2150
2268,2259
2268,2260
2268,2261
2268,2262
2268,2263
2268,2264
2268,2268
2268,2269
2268,2270
2268,2271
2268,2272
2268,2273
2268,2274
2268,2275
2268,2276
2269,2145
2269,2146
2269,2147
2269,2148
2269,2149
2269,2150
2269,2259
2269,2260
2269,2261
2269,2262
2269,2263
2269,2264
2269,2268
2269,2269
2269,2270
2269,2271
2269,2272
2269,2273
2269,2274
2269,2275
2269,2276
2270,2145
2270,2146
2270,2147
2270,2148
2270,2149
2270,2150
2270,2259
2270,2260
2270,2261
2270,2262
2270,2263
2270,2264
2270,2268
2270,2269
2270,2270
2270,2271
2270,2272
2270,2273
2270,2274
2270,2275
2270,2276
2271,1176
2271,1177
2271,1178
2271,1179
2271,1180
2271,1181
2271,2148
2271,2149
2271,2150
2271,2151
2271,2152
2271,2153
2271,2259
2271,2260
2271,2261
2271,2268
2271,2269
2271,2270
2271,2271
2271,2272
2271,2273
2272,1176
2272,1177
2272,1178
2272,1179
2272,1180
2272,1181
2272,2148
2272,2149
2272,2150
2272,2151
2272,2152
2272,2153
2272,2259
2272,2260
2272,2261
2272,2268
2272,2269
2272,2270
2272,2271
2272,2272
2272,2273
2273,1176
2273,1177
2273,1178
2273,1179
2273,1180
2273,1181
2273,2148
2273,2149
2273,2150
2273,2151
2273,2152
2273,2153
2273,2259
2273,2260
2273,2261
2273,2268
2273,2269
2273,2270
2273,2271
2273,2272
2273,2273
2274,2142
2274,2143
2274,2144
2274,2145
2274,2146
2274,2147
2274,2226
2274,2227
2274,2228
2274,2262
2274,2263
2274,2264
2274,2265
2274,2266
2274,2267
2274,2268
2274,2269
2274,2270
2274,2274
2274,2275
2274,2276
2275,2142
2275,2143
2275,2144
2275,2145
2275,2146
2275,2147
2275,2226
2275,2227
2275,2228
2275,2262
2275,2263
2275,2264
2275,2265
2275,2266
2275,2267
2275,2268
2275,2269
2275,2270
2275,2274
2275,2275
2275,2276
2276,2142
2276,2143
2276,2144
2276,2145
2276,2146
2276,2147
2276,2226
2276,2227
2276,2228
2276,2262
2276,2263
2276,2264
2276,2265
2276,2266
2276,2267
2276,2268
2276,2269
2276,2270
2276,2274
2276,2275
2276,2276
2277,2184
2277,2185
2277,2186
2277,2187
2277,2188
2277,2189
2277,2277
2277,2278
2277,2279
2277,2280
2277,2281
2277,2282
2277,2283
2277,2284
2277,2285
2277,2289
2277,2290
2277,2291
2277,2292
2277,2293
2277,2294
2278,2184
2278,2185
2278,2186
2278,2187
2278,2188
2278,2189
2278,2277
2278,2278
2278,2279
2278,2280
2278,2281
2278,2282
2278,2283
2278,2284
2278,2285
2278,2289
2278,2290
2278,2291
2278,2292
2278,2293
2278,2294
2279,2184
2279,2185
2279,2186
2279,2187
2279,2188
2279,2189
2279,2277
2279,2278
2279,2279
2279,2280
2279,2281
2279,2282
2279,2283
2279,2284
2279,2285
2279,2289
2279,2290
2279,2291
2279,2292
2279,2293
2279,2294
2280,2262
2280,2263
2280,2264
2280,2265
2280,2266
2280,2267
2280,2277
2280,2278
2280,2279
2280,2280
2280,2281
2280,2282
2280,2283
2280,2284
2280,2285
2280,2286
2280,2287
2280,2288
2280,2292
2280,2293
2280,2294
2281,2262
2281,2263
2281,2264
2281,2265
2281,2266
2281,2267
2281,2277
2281,2278
2281,2279
2281,2280
2281,2281
2281,2282
2281,2283
2281,2284
2281,2285
2281,2286
2281,2287
2281,2288
2281,2292
2281,2293
2281,2294
2282,2262
2282,2263
2282,2264
2282,2265
2282,2266
2282,2267
2282,2277
2282,2278
2282,2279
2282,2280
2282,2281
2282,2282
2282,2283
2282,2284
2282,2285
2282,2286
2282,2287
2282,2288
2282,2292
2282,2293
2282,2294
2283,1185
2283,1186
2283,1187
2283,1188
2283,1189
2283,1190
2283,2187
2283,2188
2283,2189
2283,2277
2283,2278
2283,2279
2283,2280
2283,2281
2283,2282
2283,2283
2283,2284
2283,2285
2283,2286
2283,2287
2283,2288
2284,1185
2284,1186
2284,1187
2284,1188
2284,1189
2284,1190
2284,2187
2284,2188
2284,2189
2284,2277
2284,2278
2284,2279
2284,2280
2284,2281
2284,2282
2284,2283
2284,2284
2284,2285
2284,2286
2284,2287
2284,2288
2285,1185
2285,1186
2285,1187
2285,1188
2285,1189
2285,1190
2285,2187
2285,2188
2285,2189
2285,2277
2285,2278
2285,2279
2285,2280
2285,2281
2285,2282
2285,2283
2285,2284
2285,2285
2285,2286
2285,2287
2285,2288
2286,1182
2286,1183
2286,1184
2286,1185
2286,1186
2286,1187
2286,2259
2286,2260
2286,2261
2286,2262
2286,2263
2286,2264
2286,2280
2286,2281
2286,2282
2286,2283
2286,2284
2286,2285
2286,2286
2286,2287
2286,2288
2287,1182
2287,1183
2287,1184
2287,1185
2287,1186
2287,1187
2287,2259
2287,2260
2287,2261
2287,2262
2287,2263
2287,2264
2287,2280
2287,2281
2287,2282
2287,2283
2287,2284
2287,2285
2287,2286
2287,2287
2287,2288
2288,1182
2288,1183
2288,1184
2288,1185
2288,1186
2288,1187
2288,2259
2288,2260
2288,2261
2288,2262
2288,2263
2288,2264
2288,2280
2288,2281
2288,2282
2288,2283
2288,2284
2288,2285
2288,2286
2288,2287
2288,2288
2289,2181
2289,2182
2289,2183
2289,2184
2289,2185
2289,2186
2289,2232
2289,2233
2289,2234
2289,2235
2289,2236
2289,2237
2289,2277
2289,2278
2289,2279
2289,2289
2289,2290
2289,2291
2289,2292
2289,2293
2289,2294
2290,2181
2290,2182
2290,2183
2290,2184
2290,2185
2290,2186
2290,2232
2290,2233
2290,2234
2290,2235
2290,2236
2290,2237
2290,2277
2290,2278
2290,2279
2290,2289
2290,2290
2290,2291
2290,2292
2290,2293
2290,2294
2291,2181
2291,2182
2291,2183
2291,2184
2291,2185
2291,2186
2291,2232
2291,2233
2291,2234
2291,2235
2291,2236
2291,2237
2291,2277
2291,2278
2291,2279
2291,2289
2291,2290
2291,2291
2291,2292
2291,2293
2291,2294
2292,2229
2292,2230
2292,2231
2292,2232
2292,2233
2292,2234
2292,2265
2292,2266
2292,2267
2292,2277
2292,2278
2292,2279
2292,2280
2292,2281
2292,2282
2292,2289
2292,2290
2292,2291
2292,2292
2292,2293
2292,2294
2293,2229
2293,2230
2293,2231
2293,2232
2293,2233
2293,2234
2293,2265
2293,2266
2293,2267
2293,2277
2293,2278
2293,2279
2293,2280
2293,2281
2293,2282
2293,2289
2293,2290
2293,2291
2293,2292
2293,2293
2293,2294
2294,2229
2294,2230
2294,2231
2294,2232
2294,2233
2294,2234
2294,2265
2294,2266
2294,2267
2294,2277
2294,2278
2294,2279
2294,2280
2294,2281
2294,2282
2294,2289
2294,2290
2294,2291
2294,2292
2294,2293
2294,2294
2295,1344
2295,1345
2295,1346
2295,1347
2295,1348
2295,1349
2295,2295
2295,2296
2295,2297
2295,2298
2295,2299
2295,2300
2295,2319
2295,2320
2295,2321
2295,2322
2295,2323
2295,2324
2295,2373
2295,2374
2295,2375
2296,1344
2296,1345
2296,1346
2296,1347
2296,1348
2296,1349
2296,2295
2296,2296
2296,2297
2296,2298
2296,2299
2296,2300
2296,2319
2296,2320
2296,2321
2296,2322
2296,2323
2296,2324
2296,2373
2296,2374
2296,2375
2297,1344
2297,1345
2297,1346
2297,1347
2297,1348
2297,1349
2297,2295
2297,2296
2297,2297
2297,2298
2297,2299
2297,2300
2297,2319
2297,2320
2297,2321
2297,2322
2297,2323
2297,2324
2297,2373
2297,2374
2297,2375
2298,2295
2298,2296
2298,2297
2298,2298
2298,2299
2298,2300
2298,2301
2298,2302
2298,2303
2298,2313
2298,2314
2298,2315
2298,2319
2298,2320
2298,2321
2298,2370
2298,2371
2298,2372
2298,2373
2298,2374
2298,2375
2299,2295
2299,2296
2299,2297
2299,2298
2299,2299
2299,2300
2299,2301
2299,2302
2299,2303
2299,2313
2299,2314
2299,2315
2299,2319
2299,2320
2299,2321
2299,2370
2299,2371
2299,2372
2299,2373
2299,2374
2299,2375
2300,2295
2300,2296
2300,2297
2300,2298
2300,2299
2300,2300
2300,2301
2300,2302
2300,2303
2300,2313
2300,2314
2300,2315
2300,2319
2300,2320
2300,2321
2300,2370
2300,2371
2300,2372
2300,2373
2300,2374
2300,2375
2301,2298
2301,2299
2301,2300
2301,2301
2301,2302
2301,2303
2301,2304
2301,2305
2301,2306
2301,2313
2301,2314
2301,2315
2301,2337
2301,2338
2301,2339
2301,2355
2301,2356
2301,2357
2301,2370
2301,2371
2301,2372
2302,2298
2302,2299
2302,2300
2302,2301
2302,2302
2302,2303
2302,2304
2302,2305
2302,2306
2302,2313
2302,2314
2302,2315
2302,2337
2302,2338
2302,2339
2302,2355
2302,2356
2302,2357
2302,2370
2302,2371
2302,2372
2303,2298
2303,2299
2303,2300
2303,2301
2303,2302
2303,2303
2303,2304
2303,2305
2303,2306
2303,2313
2303,2314
2303,2315
2303,2337
2303,2338
2303,2339
2303,2355
2303,2356
2303,2357
2303,2370
2303,2371
2303,2372
2304,2301
2304,2302
2304,2303
2304,2304
2304,2305
2304,2306
2304,2307
2304,2308
2304,2309
2304,2331
2304,2332
2304,2333
2304,2337
2304,2338
2304,2339
2304,2355
2304,2356
2304,2357
2304,2400
2304,2401
2304,2402
2305,2301
2305,2302
2305,2303
2305,2304
2305,2305
2305,2306
2305,2307
2305,2308
2305,2309
2305,2331
2305,2332
2305,2333
2305,2337
2305,2338
2305,2339
2305,2355
2305,2356
2305,2357
2305,2400
2305,2401
2305,2402
2306,2301
2306,2302
2306,2303
2306,2304
2306,2305
2306,2306
2306,2307
2306,2308
2306,2309
2306,2331
2306,2332
2306,2333
2306,2337
2306,2338
2306,2339
2306,2355
2306,2356
2306,2357
2306,2400
2306,2401
2306,2402
2307,2304
2307,2305
2307,2306
2307,2307
2307,2308
2307,2309
2307,2310
2307,2311
2307,2312
2307,2331
2307,2332
2307,2333
2307,2343
2307,2344
2307,2345
2307,2394
2307,2395
2307,2396
2307,2400
2307,2401
2307,2402
2308,2304
2308,2305
2308,2306
2308,2307
2308,2308
2308,2309
2308,2310
2308,2311
2308,2312
2308,2331
2308,2332
2308,2333
2308,2343
2308,2344
2308,2345
2308,2394
2308,2395
2308,2396
2308,2400
2308,2401
2308,2402
2309,2304
2309,2305
2309,2306
2309,2307
2309,2308
2309,2309
2309,2310
2309,2311
2309,2312
2309,2331
2309,2332
2309,2333
2309,2343
2309,2344
2309,2345
2309,2394
2309,2395
2309,2396
2309,2400
2309,2401
2309,2402
2310,2157
2310,2158
2310,2159
2310,2160
2310,2161
2310,2162
2310,2307
2310,2308
2310,2309
2310,2310
2310,2311
2310,2312
2310,2343
2310,2344
2310,2345
2310,2394
2310,2395
2310,2396
2310,2397
2310,2398
2310,2399
2311,2157
2311,2158
2311,2159
2311,2160
2311,2161
2311,2162
2311,2307
2311,2308
2311,2309
2311,2310
2311,2311
2311,2312
2311,2343
2311,2344
2311,2345
2311,2394
2311,2395
2311,2396
2311,2397
2311,2398
2311,2399
2312,2157
2312,2158
2312,2159
2312,2160
2312,2161
2312,2162
2312,2307
2312,2308
2312,2309
2312,2310
2312,2311
2312,2312
2312,2343
2312,2344
2312,2345
2312,2394
2312,2395
2312,2396
2312,2397
2312,2398
2312,2399
2313,2298
2313,2299
2313,2300
2313,2301
2313,2302
2313,2303
2313,2313
2313,2314
2313,2315
2313,2316
2313,2317
2313,2318
2313,2319
2313,2320
2313,2321
2313,2337
2313,2338
2313,2339
2313,2340
2313,2341
2313,2342
2314,2298
2314,2299
2314,2300
2314,2301
2314,2302
2314,2303
2314,2313
2314,2314
2314,2315
2314,2316
2314,2317
2314,2318
2314,2319
2314,2320
2314,2321
2314,2337
2314,2338
2314,2339
2314,2340
2314,2341
2314,2342
2315,2298
2315,2299
2315,2300
2315,2301
2315,2302
2315,2303
2315,2313
2315,2314
2315,2315
2315,2316
2315,2317
2315,2318
2315,2319
2315,2320
2315,2321
2315,2337
2315,2338
2315,2339
2315,2340
2315,2341
2315,2342
2316,1506
2316,1507
2316,1508
2316,1509
2316,1510
2316,1511
2316,2313
2316,2314
2316,2315
2316,2316
2316,2317
2316,2318
2316,2319
2316,2320
2316,2321
2316,2325
2316,2326
2316,2327
2316,2340
2316,2341
2316,2342
2317,1506
2317,1507
2317,1508
2317,1509
2317,1510
2317,1511
2317,2313
2317,2314
2317,2315
2317,2316
2317,2317
2317,2318
2317,2319
2317,2320
2317,2321
2317,2325
2317,2326
2317,2327
2317,2340
2317,2341
2317,2342
2318,1506
2318,1507
2318,1508
2318,1509
2318,1510
2318,1511
2318,2313
2318,2314
2318,2315
2318,2316
2318,2317
2318,2318
2318,2319
2318,2320
2318,2321
2318,2325
2318,2326
2318,2327
2318,2340
2318,2341
2318,2342
2319,2295
2319,2296
2319,2297
2319,2298
2319,2299
2319,2300
2319,2313
2319,2314
2319,2315
2319,2316
2319,2317
2319,2318
2319,2319
2319,2320
2319,2321
2319,2322
2319,2323
2319,2324
2319,2325
2319,2326
2319,2327
2320,2295
2320,2296
2320,2297
2320,2298
2320,2299
2320,2300
2320,2313
2320,2314
2320,2315
2320,2316
2320,2317
2320,2318
2320,2319
2320,2320
2320,2321
2320,2322
2320,2323
2320,2324
2320,2325
2320,2326
2320,2327
2321,2295
2321,2296
2321,2297
2321,2298
2321,2299
2321,2300
2321,2313
2321,2314
2321,2315
2321,2316
2321,2317
2321,2318
2321,2319
2321,2320
2321,2321
2321,2322
2321,2323
2321,2324
2321,2325
2321,2326
2321,2327
2322,1341
2322,1342
2322,1343
2322,1344
2322,1345
2322,1346
2322,2295
2322,2296
2322,2297
2322,2319
2322,2320
2322,2321
2322,2322
2322,2323
2322,2324
2322,2325
2322,2326
2322,2327
2322,2328
2322,2329
2322,2330
2323,1341
2323,1342
2323,1343
2323,1344
2323,1345
2323,1346
2323,2295
2323,2296
2323,2297
2323,2319
2323,2320
2323,2321
2323,2322
2323,2323
2323,2324
2323,2325
2323,2326
2323,2327
2323,2328
2323,2329
2323,2330
2324,1341
2324,1342
2324,1343
2324,1344
2324,1345
2324,1346
2324,2295
2324,2296
2324,2297
2324,2319
2324,2320
2324,2321
2324,2322
2324,2323
2324,2324
2324,2325
2324,2326
2324,2327
2324,2328
2324,2329
2324,2330
2325,1503
2325,1504
2325,1505
2325,1506
2325,1507
2325,1508
2325,2316
2325,2317
2325,2318
2325,2319
2325,2320
2325,2321
2325,2322
2325,2323
2325,2324
2325,2325
2325,2326
2325,2327
2325,2328
2325,2329
2325,2330
2326,1503
2326,1504
2326,1505
2326,1506
2326,1507
2326,1508
2326,2316
2326,2317
2326,2318
2326,2319
2326,2320
2326,2321
2326,2322
2326,2323
2326,2324
2326,2325
2326,2326
2326,2327
2326,2328
2326,2329
2326,2330
2327,1503
2327,1504
2327,1505
2327,1506
2327,1507
2327,1508
2327,2316
2327,2317
2327,2318
2327,2319
2327,2320
2327,2321
2327,2322
2327,2323
2327,2324
2327,2325
2327,2326
2327,2327
2327,2328
2327,2329
2327,2330
2328,1338
2328,1339
2328,1340
2328,1341
2328,1342
2328,1343
2328,1500
2328,1501
2328,1502
2328,1503
2328,1504
2328,1505
2328,2322
2328,2323
2328,2324
2328,2325
2328,2326
2328,2327
2328,2328
2328,2329
2328,2330
2329,1338
2329,1339
2329,1340
2329,1341
2329,1342
2329,1343
2329,1500
2329,1501
2329,1502
2329,1503
2329,1504
2329,1505
2329,2322
2329,2323
2329,2324
2329,2325
2329,2326
2329,2327
2329,2328
2329,2329
2329,2330
2330,1338
2330,1339
2330,1340
2330,1341
2330,1342
2330,1343
2330,1500
2330,1501
2330,1502
2330,1503
2330,1504
2330,1505
2330,2322
2330,2323
2330,2324
2330,2325
2330,2326
2330,2327
2330,2328
2330,2329
2330,2330
2331,2304
2331,2305
2331,2306
2331,2307
2331,2308
2331,2309
2331,2331
2331,2332
2331,2333
2331,2334
2331,2335
2331,2336
2331,2337
2331,2338
2331,2339
2331,2343
2331,2344
2331,2345
2331,2346
2331,2347
2331,2348
2332,2304
2332,2305
2332,2306
2332,2307
2332,2308
2332,2309
2332,2331
2332,2332
2332,2333
2332,2334
2332,2335
2332,2336
2332,2337
2332,2338
2332,2339
2332,2343
2332,2344
2332,2345
2332,2346
2332,2347
2332,2348
2333,2304
2333,2305
2333,2306
2333,2307
2333,2308
2333,2309
2333,2331
2333,2332
2333,2333
2333,2334
2333,2335
2333,2336
2333,2337
2333,2338
2333,2339
2333,2343
2333,2344
2333,2345
2333,2346
2333,2347
2333,2348
2334,1512
2334,1513
2334,1514
2334,1515
2334,1516
2334,1517
2334,2331
2334,2332
2334,2333
2334,2334
2334,2335
2334,2336
2334,2337
2334,2338
2334,2339
2334,2340
2334,2341
2334,2342
2334,2346
2334,2347
2334,2348
2335,1512
2335,1513
2335,1514
2335,1515
2335,1516
2335,1517
2335,2331
2335,2332
2335,2333
2335,2334
2335,2335
2335,2336
2335,2337
2335,2338
2335,2339
2335,2340
2335,2341
2335,2342
2335,2346
2335,2347
2335,2348
2336,1512
2336,1513
2336,1514
2336,1515
2336,1516
2336,1517
2336,2331
2336,2332
2336,2333
2336,2334
2336,2335
2336,2336
2336,2337
2336,2338
2336,2339
2336,2340
2336,2341
2336,2342
2336,2346
2336,2347
2336,2348
2337,2301
2337,2302
2337,2303
2337,2304
2337,2305
2337,2306
2337,2313
2337,2314
2337,2315
2337,2331
2337,2332
2337,2333
2337,2334
2337,2335
2337,2336
2337,2337
2337,2338
2337,2339
2337,2340
2337,2341
2337,2342
2338,2301
2338,2302
2338,2303
2338,2304
2338,2305
2338,2306
2338,2313
2338,2314
2338,2315
2338,2331
2338,2332
2338,2333
2338,2334
2338,2335
2338,2336
2338,2337
2338,2338
2338,2339
2338,2340
2338,2341
2338,2342
2339,2301
2339,2302
2339,2303
2339,2304
2339,2305
2339,2306
2339,2313
2339,2314
2339,2315
2339,2331
2339,2332
2339,2333
2339,2334
2339,2335
2339,2336
2339,2337
2339,2338
2339,2339
2339,2340
2339,2341
2339,2342
2340,1509
2340,1510
2340,1511
2340,1512
2340,1513
2340,1514
2340,2313
2340,2314
2340,2315
2340,2316
2340,2317
2340,2318
2340,2334
2340,2335
2340,2336
2340,2337
2340,2338
2340,2339
2340,2340
2340,2341
2340,2342
2341,1509
2341,1510
2341,1511
2341,1512
2341,1513
2341,1514
2341,2313
2341,2314
2341,2315
2341,2316
2341,2317
2341,2318
2341,2334
2341,2335
2341,2336
2341,2337
2341,2338
2341,2339
2341,2340
2341,2341
2341,2342
2342,1509
2342,1510
2342,1511
2342,1512
2342,1513
2342,1514
2342,2313
2342,2314
2342,2315
2342,2316
2342,2317
2342,2318
2342,2334
2342,2335
2342,2336
2342,2337
2342,2338
2342,2339
2342,2340
2342,2341
2342,2342
2343,2154
2343,2155
2343,2156
2343,2157
2343,2158
2343,2159
2343,2307
2343,2308
2343,2309
2343,2310
2343,2311
2343,2312
2343,2331
2343,2332
2343,2333
2343,2343
2343,2344
2343,2345
2343,2346
2343,2347
2343,2348
2344,2154
2344,2155
2344,2156
2344,2157
2344,2158
2344,2159
2344,2307
2344,2308
2344,2309
2344,2310
2344,2311
2344,2312
2344,2331
2344,2332
2344,2333
2344,2343
2344,2344
2344,2345
2344,2346
2344,2347
2344,2348
2345,2154
2345,2155
2345,2156
2345,2157
2345,2158
2345,2159
2345,2307
2345,2308
2345,2309
2345,2310
2345,2311
2345,2312
2345,2331
2345,2332
2345,2333
2345,2343
2345,2344
2345,2345
2345,2346
2345,2347
2345,2348
2346,1515
2346,1516
2346,1517
2346,1518
2346,1519
2346,1520
2346,2154
2346,2155
2346,2156
2346,2331
2346,2332
2346,2333
2346,2334
2346,2335
2346,2336
2346,2343
2346,2344
2346,2345
2346,2346
2346,2347
2346,2348
2347,1515
2347,1516
2347,1517
2347,1518
2347,1519
2347,1520
2347,2154
2347,2155
2347,2156
2347,2331
2347,2332
2347,2333
2347,2334
2347,2335
2347,2336
2347,2343
2347,2344
2347,2345
2347,2346
2347,2347
2347,2348
2348,1515
2348,1516
2348,1517
2348,1518
2348,1519
2348,1520
2348,2154
2348,2155
2348,2156
2348,2331
2348,2332
2348,2333
2348,2334
2348,2335
2348,2336
2348,2343
2348,2344
2348,2345
2348,2346
2348,2347
2348,2348
2349,2118
2349,2119
2349,2120
2349,2121
2349,2122
2349,2123
2349,2349
2349,2350
2349,2351
2349,2352
2349,2353
2349,2354
2349,2364
2349,2365
2349,2366
2349,2382
2349,2383
2349,2384
2349,2391
2349,2392
2349,2393
2350,2118
2350,2119
2350,2120
2350,2121
2350,2122
2350,2123
2350,2349
2350,2350
2350,2351
2350,2352
2350,2353
2350,2354
2350,2364
2350,2365
2350,2366
2350,2382
2350,2383
2350,2384
2350,2391
2350,2392
2350,2393
2351,2118
2351,2119
2351,2120
2351,2121
2351,2122
2351,2123
2351,2349
2351,2350
2351,2351
2351,2352
2351,2353
2351,2354
2351,2364
2351,2365
2351,2366
2351,2382
2351,2383
2351,2384
2351,2391
2351,2392
2351,2393
2352,2349
2352,2350
2352,2351
2352,2352
2352,2353
2352,2354
2352,2355
2352,2356
2352,2357
2352,2358
2352,2359
2352,2360
2352,2364
2352,2365
2352,2366
2352,2382
2352,2383
2352,2384
2352,2400
2352,2401
2352,2402
2353,2349
2353,2350
2353,2351
2353,2352
2353,2353
2353,2354
2353,2355
2353,2356
2353,2357
2353,2358
2353,2359
2353,2360
2353,2364
2353,2365
2353,2366
2353,2382
2353,2383
2353,2384
2353,2400
2353,2401
2353,2402
2354,2349
2354,2350
2354,2351
2354,2352
2354,2353
2354,2354
2354,2355
2354,2356
2354,2357
2354,2358
2354,2359
2354,2360
2354,2364
2354,2365
2354,2366
2354,2382
2354,2383
2354,2384
2354,2400
2354,2401
2354,2402
2355,2301
2355,2302
2355,2303
2355,2304
2355,2305
2355,2306
2355,2352
2355,2353
2355,2354
2355,2355
2355,2356
2355,2357
2355,2358
2355,2359
2355,2360
2355,2370
2355,2371
2355,2372
2355,2400
2355,2401
2355,2402
2356,2301
2356,2302
2356,2303
2356,2304
2356,2305
2356,2306
2356,2352
2356,2353
2356,2354
2356,2355
2356,2356
2356,2357
2356,2358
2356,2359
2356,2360
2356,2370
2356,2371
2356,2372
2356,2400
2356,2401
2356,2402
2357,2301
2357,2302
2357,2303
2357,2304
2357,2305
2357,2306
2357,2352
2357,2353
2357,2354
2357,2355
2357,2356
2357,2357
2357,2358
2357,2359
2357,2360
2357,2370
2357,2371
2357,2372
2357,2400
2357,2401
2357,2402
2358,2352
2358,2353
2358,2354
2358,2355
2358,2356
2358,2357
2358,2358
2358,2359
2358,2360
2358,2361
2358,2362
2358,2363
2358,2364
2358,2365
2358,2366
2358,2367
2358,2368
2358,2369
2358,2370
2358,2371
2358,2372
2359,2352
2359,2353
2359,2354
2359,2355
2359,2356
2359,2357
2359,2358
2359,2359
2359,2360
2359,2361
2359,2362
2359,2363
2359,2364
2359,2365
2359,2366
2359,2367
2359,2368
2359,2369
2359,2370
2359,2371
2359,2372
2360,2352
2360,2353
2360,2354
2360,2355
2360,2356
2360,2357
2360,2358
2360,2359
2360,2360
2360,2361
2360,2362
2360,2363
2360,2364
2360,2365
2360,2366
2360,2367
2360,2368
2360,2369
2360,2370
2360,2371
2360,2372
2361,1350
2361,1351
2361,1352
2361,1353
2361,1354
2361,1355
2361,2358
2361,2359
2361,2360
2361,2361
2361,2362
2361,2363
2361,2367
2361,2368
2361,2369
2361,2370
2361,2371
2361,2372
2361,2373
2361,2374
2361,2375
2362,1350
2362,1351
2362,1352
2362,1353
2362,1354
2362,1355
2362,2358
2362,2359
2362,2360
2362,2361
2362,2362
2362,2363
2362,2367
2362,2368
2362,2369
2362,2370
2362,2371
2362,2372
2362,2373
2362,2374
2362,2375
2363,1350
2363,1351
2363,1352
2363,1353
2363,1354
2363,1355
2363,2358
2363,2359
2363,2360
2363,2361
2363,2362
2363,2363
2363,2367
2363,2368
2363,2369
2363,2370
2363,2371
2363,2372
2363,2373
2363,2374
2363,2375
2364,2115
2364,2116
2364,2117
2364,2118
2364,2119
2364,2120
2364,2349
2364,2350
2364,2351
2364,2352
2364,2353
2364,2354
2364,2358
2364,2359
2364,2360
2364,2364
2364,2365
2364,2366
2364,2367
2364,2368
2364,2369
2365,2115
2365,2116
2365,2117
2365,2118
2365,2119
2365,2120
2365,2349
2365,2350
2365,2351
2365,2352
2365,2353
2365,2354
2365,2358
2365,2359
2365,2360
2365,2364
2365,2365
2365,2366
2365,2367
2365,2368
2365,2369
2366,2115
2366,2116
2366,2117
2366,2118
2366,2119
2366,2120
2366,2349
2366,2350
2366,2351
2366,2352
2366,2353
2366,2354
2366,2358
2366,2359
2366,2360
2366,2364
2366,2365
2366,2366
2366,2367
2366,2368
2366,2369
2367,1353
2367,1354
2367,1355
2367,1356
2367,1357
2367,1358
2367,2115
2367,2116
2367,2117
2367,2358
2367,2359
2367,2360
2367,2361
2367,2362
2367,2363
2367,2364
2367,2365
2367,2366
2367,2367
2367,2368
2367,2369
2368,1353
2368,1354
2368,1355
2368,1356
2368,1357
2368,1358
2368,2115
2368,2116
2368,2117
2368,2358
2368,2359
2368,2360
2368,2361
2368,2362
2368,2363
2368,2364
2368,2365
2368,2366
2368,2367
2368,2368
2368,2369
2369,1353
2369,1354
2369,1355
2369,1356
2369,1357
2369,1358
2369,2115
2369,2116
2369,2117
2369,2358
2369,2359
2369,2360
2369,2361
2369,2362
2369,2363
2369,2364
2369,2365
2369,2366
2369,2367
2369,2368
2369,2369
2370,2298
2370,2299
2370,2300
2370,2301
2370,2302
2370,2303
2370,2355
2370,2356
2370,2357
2370,2358
2370,2359
2370,2360
2370,2361
2370,2362
2370,2363
2370,2370
2370,2371
2370,2372
2370,2373
2370,2374
2370,2375
2371,2298
2371,2299
2371,2300
2371,2301
2371,2302
2371,2303
2371,2355
2371,2356
2371,2357
2371,2358
2371,2359
2371,2360
2371,2361
2371,2362
2371,2363
2371,2370
2371,2371
2371,2372
2371,2373
2371,2374
2371,2375
2372,2298
2372,2299
2372,2300
2372,2301
2372,2302
2372,2303
2372,2355
2372,2356
2372,2357
2372,2358
2372,2359
2372,2360
2372,2361
2372,2362
2372,2363
2372,2370
2372,2371
2372,2372
2372,2373
2372,2374
2372,2375
2373,1347
2373,1348
2373,1349
2373,1350
2373,1351
2373,1352
2373,2295
2373,2296
2373,2297
2373,2298
2373,2299
2373,2300
2373,2361
2373,2362
2373,2363
2373,2370
2373,2371
2373,2372
2373,2373
2373,2374
2373,2375
2374,1347
2374,1348
2374,1349
2374,1350
2374,1351
2374,1352
2374,2295
2374,2296
2374,2297
2374,2298
2374,2299
2374,2300
2374,2361
2374,2362
2374,2363
2374,2370
2374,2371
2374,2372
2374,2373
2374,2374
2374,2375
2375,1347
2375,1348
2375,1349
2375,1350
2375,1351
2375,1352
2375,2295
2375,2296
2375,2297
2375,2298
2375,2299
2375,2300
2375,2361
2375,2362
2375,2363
2375,2370
2375,2371
2375,2372
2375,2373
2375,2374
2375,2375
2376,2163
2376,2164
2376,2165
2376,2166
2376,2167
2376,2168
2376,2376
2376,2377
2376,2378
2376,2379
2376,2380
2376,2381
2376,2385
2376,2386
2376,2387
2376,2388
2376,2389
2376,2390
2376,2397
2376,2398
2376,2399
2377,2163
2377,2164
2377,2165
2377,2166
2377,2167
2377,2168
2377,2376
2377,2377
2377,2378
2377,2379
2377,2380
2377,2381
2377,2385
2377,2386
2377,2387
2377,2388
2377,2389
2377,2390
2377,2397
2377,2398
2377,2399
2378,2163
2378,2164
2378,2165
2378,2166
2378,2167
2378,2168
2378,2376
2378,2377
2378,2378
2378,2379
2378,2380
2378,2381
2378,2385
2378,2386
2378,2387
2378,2388
2378,2389
2378,2390
2378,2397
2378,2398
2378,2399
2379,2376
2379,2377
2379,2378
2379,2379
2379,2380
2379,2381
2379,2382
2379,2383
2379,2384
2379,2385
2379,2386
2379,2387
2379,2391
2379,2392
2379,2393
2379,2394
2379,2395
2379,2396
2379,2397
2379,2398
2379,2399
2380,2376
2380,2377
2380,2378
2380,2379
2380,2380
2380,2381
2380,2382
2380,2383
2380,2384
2380,2385
2380,2386
2380,2387
2380,2391
2380,2392
2380,2393
2380,2394
2380,2395
2380,2396
2380,2397
2380,2398
2380,2399
2381,2376
2381,2377
2381,2378
2381,2379
2381,2380
2381,2381
2381,2382
2381,2383
2381,2384
2381,2385
2381,2386
2381,2387
2381,2391
2381,2392
2381,2393
2381,2394
2381,2395
2381,2396
2381,2397
2381,2398
2381,2399
2382,2349
2382,2350
2382,2351
2382,2352
2382,2353
2382,2354
2382,2379
2382,2380
2382,2381
2382,2382
2382,2383
2382,2384
2382,2391
2382,2392
2382,2393
2382,2394
2382,2395
2382,2396
2382,2400
2382,2401
2382,2402
2383,2349
2383,2350
2383,2351
2383,2352
2383,2353
2383,2354
2383,2379
2383,2380
2383,2381
2383,2382
2383,2383
2383,2384
2383,2391
2383,2392
2383,2393
2383,2394
2383,2395
2383,2396
2383,2400
2383,2401
2383,2402
2384,2349
2384,2350
2384,2351
2384,2352
2384,2353
2384,2354
2384,2379
2384,2380
2384,2381
2384,2382
2384,2383
2384,2384
2384,2391
2384,2392
2384,2393
2384,2394
2384,2395
2384,2396
2384,2400
2384,2401
2384,2402
2385,2124
2385,2125
2385,2126
2385,2127
2385,2128
2385,2129
2385,2376
2385,2377
2385,2378
2385,2379
2385,2380
2385,2381
2385,2385
2385,2386
2385,2387
2385,2388
2385,2389
2385,2390
2385,2391
2385,2392
2385,2393
2386,2124
2386,2125
2386,2126
2386,2127
2386,2128
2386,2129
2386,2376
2386,2377
2386,2378
2386,2379
2386,2380
2386,2381
2386,2385
2386,2386
2386,2387
2386,2388
2386,2389
2386,2390
2386,2391
2386,2392
2386,2393
2387,2124
2387,2125
2387,2126
2387,2127
2387,2128
2387,2129
2387,2376
2387,2377
2387,2378
2387,2379
2387,2380
2387,2381
2387,2385
2387,2386
2387,2387
2387,2388
2387,2389
2387,2390
2387,2391
2387,2392
2387,2393
2388,2127
2388,2128
2388,2129
2388,2130
2388,2131
2388,2132
2388,2166
2388,2167
2388,2168
2388,2169
2388,2170
2388,2171
2388,2376
2388,2377
2388,2378
2388,2385
2388,2386
2388,2387
2388,2388
2388,2389
2388,2390
2389,2127
2389,2128
2389,2129
2389,2130
2389,2131
2389,2132
2389,2166
2389,2167
2389,2168
2389,2169
2389,2170
2389,2171
2389,2376
2389,2377
2389,2378
2389,2385
2389,2386
2389,2387
2389,2388
2389,2389
2389,2390
2390,2127
2390,2128
2390,2129
2390,2130
2390,2131
2390,2132
2390,2166
2390,2167
2390,2168
2390,2169
2390,2170
2390,2171
2390,2376
2390,2377
2390,2378
2390,2385
2390,2386
2390,2387
2390,2388
2390,2389
2390,2390
2391,2121
2391,2122
2391,2123
2391,2124
2391,2125
2391,2126
2391,2349
2391,2350
2391,2351
2391,2379
2391,2380
2391,2381
2391,2382
2391,2383
2391,2384
2391,2385
2391,2386
2391,2387
2391,2391
2391,2392
2391,2393
2392,2121
2392,2122
2392,2123
2392,2124
2392,2125
2392,2126
2392,2349
2392,2350
2392,2351
2392,2379
2392,2380
2392,2381
2392,2382
2392,2383
2392,2384
2392,2385
2392,2386
2392,2387
2392,2391
2392,2392
2392,2393
2393,2121
2393,2122
2393,2123
2393,2124
2393,2125
2393,2126
2393,2349
2393,2350
2393,2351
2393,2379
2393,2380
2393,2381
2393,2382
2393,2383
2393,2384
2393,2385
2393,2386
2393,2387
2393,2391
2393,2392
2393,2393
2394,2307
2394,2308
2394,2309
2394,2310
2394,2311
2394,2312
2394,2379
2394,2380
2394,2381
2394,2382
2394,2383
2394,2384
2394,2394
2394,2395
2394,2396
2394,2397
2394,2398
2394,2399
2394,2400
2394,2401
2394,2402
2395,2307
2395,2308
2395,2309
2395,2310
2395,2311
2395,2312
2395,2379
2395,2380
2395,2381
2395,2382
2395,2383
2395,2384
2395,2394
2395,2395
2395,2396
2395,2397
2395,2398
2395,2399
2395,2400
2395,2401
2395,2402
2396,2307
2396,2308
2396,2309
2396,2310
2396,2311
2396,2312
2396,2379
2396,2380
2396,2381
2396,2382
2396,2383
2396,2384
2396,2394
2396,2395
2396,2396
2396,2397
2396,2398
2396,2399
2396,2400
2396,2401
2396,2402
2397,2160
2397,2161
2397,2162
2397,2163
2397,2164
2397,2165
2397,2310
2397,2311
2397,2312
2397,2376
2397,2377
2397,2378
2397,2379
2397,2380
2397,2381
2397,2394
2397,2395
2397,2396
2397,2397
2397,2398
2397,2399
2398,2160
2398,2161
2398,2162
2398,2163
2398,2164
2398,2165
2398,2310
2398,2311
2398,2312
2398,2376
2398,2377
2398,2378
2398,2379
2398,2380
2398,2381
2398,2394
2398,2395
2398,2396
2398,2397
2398,2398
2398,2399
2399,2160
2399,2161
2399,2162
2399,2163
2399,2164
2399,2165
2399,2310
2399,2311
2399,2312
2399,2376
2399,2377
2399,2378
2399,2379
2399,2380
2399,2381
2399,2394
2399,2395
2399,2396
2399,2397
2399,2398
2399,2399
2400,2304
2400,2305
2400,2306
2400,2307
2400,2308
2400,2309
2400,2352
2400,2353
2400,2354
2400,2355
2400,2356
2400,2357
2400,2382
2400,2383
2400,2384
2400,2394
2400,2395
2400,2396
2400,2400
2400,2401
2400,2402
2401,2304
2401,2305
2401,2306
2401,2307
2401,2308
2401,2309
2401,2352
2401,2353
2401,2354
2401,2355
2401,2356
2401,2357
2401,2382
2401,2383
2401,2384
2401,2394
2401,2395
2401,2396
2401,2400
2401,2401
2401,2402
2402,2304
2402,2305
2402,2306
2402,2307
2402,2308
2402,2309
2402,2352
2402,2353
2402,2354
2402,2355
2402,2356
2402,2357
2402,2382
2402,2383
2402,2384
2402,2394
2402,2395
2402,2396
2402,2400
2402,2401
2402,2402
2403,1476
2403,1477
2403,1478
2403,1479
2403,1480
2403,1481
2403,2403
2403,2404
2403,2405
2403,2406
2403,2407
2403,2408
2403,2454
2403,2455
2403,2456
2403,2577
2403,2578
2403,2579
2403,2580
2403,2581
2403,2582
2404,1476
2404,1477
2404,1478
2404,1479
2404,1480
2404,1481
2404,2403
2404,2404
2404,2405
2404,2406
2404,2407
2404,2408
2404,2454
2404,2455
2404,2456
2404,2577
2404,2578
2404,2579
2404,2580
2404,2581
2404,2582
2405,1476
2405,1477
2405,1478
2405,1479
2405,1480
2405,1481
2405,2403
2405,2404
2405,2405
2405,2406
2405,2407
2405,2408
2405,2454
2405,2455
2405,2456
2405,2577
2405,2578
2405,2579
2405,2580
2405,2581
2405,2582
2406,2403
2406,2404
2406,2405
2406,2406
2406,2407
2406,2408
2406,2409
2406,2410
2406,2411
2406,2448
2406,2449
2406,2450
2406,2454
2406,2455
2406,2456
2406,2544
2406,2545
2406,2546
2406,2577
2406,2578
2406,2579
2407,2403
2407,2404
2407,2405
2407,2406
2407,2407
2407,2408
2407,2409
2407,2410
2407,2411
2407,2448
2407,2449
2407,2450
2407,2454
2407,2455
2407,2456
2407,2544
2407,2545
2407,2546
2407,2577
2407,2578
2407,2579
2408,2403
2408,2404
2408,2405
2408,2406
2408,2407
2408,2408
2408,2409
2408,2410
2408,2411
2408,2448
2408,2449
2408,2450
2408,2454
2408,2455
2408,2456
2408,2544
2408,2545
2408,2546
2408,2577
2408,2578
2408,2579
2409,2406
2409,2407
2409,2408
2409,2409
2409,2410
2409,2411
2409,2412
2409,2413
2409,2414
2409,2421
2409,2422
2409,2423
2409,2448
2409,2449
2409,2450
2409,2544
2409,2545
2409,2546
2409,2631
2409,2632
2409,2633
2410,2406
2410,2407
2410,2408
2410,2409
2410,2410
2410,2411
2410,2412
2410,2413
2410,2414
2410,2421
2410,2422
2410,2423
2410,2448
2410,2449
2410,2450
2410,2544
2410,2545
2410,2546
2410,2631
2410,2632
2410,2633
2411,2406
2411,2407
2411,2408
2411,2409
2411,2410
2411,2411
2411,2412
2411,2413
2411,2414
2411,2421
2411,2422
2411,2423
2411,2448
2411,2449
2411,2450
2411,2544
2411,2545
2411,2546
2411,2631
2411,2632
2411,2633
2412,2409
2412,2410
2412,2411
2412,2412
2412,2413
2412,2414
2412,2415
2412,2416
2412,2417
2412,2421
2412,2422
2412,2423
2412,2499
2412,2500
2412,2501
2412,2610
2412,2611
2412,2612
2412,2631
2412,2632
2412,2633
2413,2409
2413,2410
2413,2411
2413,2412
2413,2413
2413,2414
2413,2415
2413,2416
2413,2417
2413,2421
2413,2422
2413,2423
2413,2499
2413,2500
2413,2501
2413,2610
2413,2611
2413,2612
2413,2631
2413,2632
2413,2633
2414,2409
2414,2410
2414,2411
2414,2412
2414,2413
2414,2414
2414,2415
2414,2416
2414,2417
2414,2421
2414,2422
2414,2423
2414,2499
2414,2500
2414,2501
2414,2610
2414,2611
2414,2612
2414,2631
2414,2632
2414,2633
2415,2412
2415,2413
2415,2414
2415,2415
2415,2416
2415,2417
2415,2418
2415,2419
2415,2420
2415,2487
2415,2488
2415,2489
2415,2499
2415,2500
2415,2501
2415,2610
2415,2611
2415,2612
2415,2622
2415,2623
2415,2624
2416,2412
2416,2413
2416,2414
2416,2415
2416,2416
2416,2417
2416,2418
2416,2419
2416,2420
2416,2487
2416,2488
2416,2489
2416,2499
2416,2500
2416,2501
2416,2610
2416,2611
2416,2612
2416,2622
2416,2623
2416,2624
2417,2412
2417,2413
2417,2414
2417,2415
2417,2416
2417,2417
2417,2418
2417,2419
2417,2420
2417,2487
2417,2488
2417,2489
2417,2499
2417,2500
2417,2501
2417,2610
2417,2611
2417,2612
2417,2622
2417,2623
2417,2624
2418,2133
2418,2134
2418,2135
2418,2136
2418,2137
2418,2138
2418,2415
2418,2416
2418,2417
2418,2418
2418,2419
2418,2420
2418,2487
2418,2488
2418,2489
2418,2493
2418,2494
2418,2495
2418,2622
2418,2623
2418,2624
2419,2133
2419,2134
2419,2135
2419,2136
2419,2137
2419,2138
2419,2415
2419,2416
2419,2417
2419,2418
2419,2419
2419,2420
2419,2487
2419,2488
2419,2489
2419,2493
2419,2494
2419,2495
2419,2622
2419,2623
2419,2624
2420,2133
2420,2134
2420,2135
2420,2136
2420,2137
2420,2138
2420,2415
2420,2416
2420,2417
2420,2418
2420,2419
2420,2420
2420,2487
2420,2488
2420,2489
2420,2493
2420,2494
2420,2495
2420,2622
2420,2623
2420,2624
2421,2409
2421,2410
2421,2411
2421,2412
2421,2413
2421,2414
2421,2421
2421,2422
2421,2423
2421,2424
2421,2425
2421,2426
2421,2445
2421,2446
2421,2447
2421,2448
2421,2449
2421,2450
2421,2499
2421,2500
2421,2501
2422,2409
2422,2410
2422,2411
2422,2412
2422,2413
2422,2414
2422,2421
2422,2422
2422,2423
2422,2424
2422,2425
2422,2426
2422,2445
2422,2446
2422,2447
2422,2448
2422,2449
2422,2450
2422,2499
2422,2500
2422,2501
2423,2409
2423,2410
2423,2411
2423,2412
2423,2413
2423,2414
2423,2421
2423,2422
2423,2423
2423,2424
2423,2425
2423,2426
2423,2445
2423,2446
2423,2447
2423,2448
2423,2449
2423,2450
2423,2499
2423,2500
2423,2501
2424,2421
2424,2422
2424,2423
2424,2424
2424,2425
2424,2426
2424,2427
2424,2428
2424,2429
2424,2439
2424,2440
2424,2441
2424,2445
2424,2446
2424,2447
2424,2496
2424,2497
2424,2498
2424,2499
2424,2500
2424,2501
2425,2421
2425,2422
2425,2423
2425,2424
2425,2425
2425,2426
2425,2427
2425,2428
2425,2429
2425,2439
2425,2440
2425,2441
2425,2445
2425,2446
2425,2447
2425,2496
2425,2497
2425,2498
2425,2499
2425,2500
2425,2501
2426,2421
2426,2422
2426,2423
2426,2424
2426,2425
2426,2426
2426,2427
2426,2428
2426,2429
2426,2439
2426,2440
2426,2441
2426,2445
2426,2446
2426,2447
2426,2496
2426,2497
2426,2498
2426,2499
2426,2500
2426,2501
2427,2424
2427,2425
2427,2426
2427,2427
2427,2428
2427,2429
2427,2430
2427,2431
2427,2432
2427,2439
2427,2440
2427,2441
2427,2463
2427,2464
2427,2465
2427,2481
2427,2482
2427,2483
2427,2496
2427,2497
2427,2498
2428,2424
2428,2425
2428,2426
2428,2427
2428,2428
2428,2429
2428,2430
2428,2431
2428,2432
2428,2439
2428,2440
2428,2441
2428,2463
2428,2464
2428,2465
2428,2481
2428,2482
2428,2483
2428,2496
2428,2497
2428,2498
2429,2424
2429,2425
2429,2426
2429,2427
2429,2428
2429,2429
2429,2430
2429,2431
2429,2432
2429,2439
2429,2440
2429,2441
2429,2463
2429,2464
2429,2465
2429,2481
2429,2482
2429,2483
2429,2496
2429,2497
2429,2498
2430,2427
2430,2428
2430,2429
2430,2430
2430,2431
2430,2432
2430,2433
2430,2434
2430,2435
2430,2457
2430,2458
2430,2459
2430,2463
2430,2464
2430,2465
2430,2481
2430,2482
2430,2483
2430,2526
2430,2527
2430,2528
2431,2427
2431,2428
2431,2429
2431,2430
2431,2431
2431,2432
2431,2433
2431,2434
2431,2435
2431,2457
2431,2458
2431,2459
2431,2463
2431,2464
2431,2465
2431,2481
2431,2482
2431,2483
2431,2526
2431,2527
2431,2528
2432,2427
2432,2428
2432,2429
2432,2430
2432,2431
2432,2432
2432,2433
2432,2434
2432,2435
2432,2457
2432,2458
2432,2459
2432,2463
2432,2464
2432,2465
2432,2481
2432,2482
2432,2483
2432,2526
2432,2527
2432,2528
2433,2430
2433,2431
2433,2432
2433,2433
2433,2434
2433,2435
2433,2436
2433,2437
2433,2438
2433,2457
2433,2458
2433,2459
2433,2469
2433,2470
2433,2471
2433,2520
2433,2521
2433,2522
2433,2526
2433,2527
2433,2528
2434,2430
2434,2431
2434,2432
2434,2433
2434,2434
2434,2435
2434,2436
2434,2437
2434,2438
2434,2457
2434,2458
2434,2459
2434,2469
2434,2470
2434,2471
2434,2520
2434,2521
2434,2522
2434,2526
2434,2527
2434,2528
2435,2430
2435,2431
2435,2432
2435,2433
2435,2434
2435,2435
2435,2436
2435,2437
2435,2438
2435,2457
2435,2458
2435,2459
2435,2469
2435,2470
2435,2471
2435,2520
2435,2521
2435,2522
2435,2526
2435,2527
2435,2528
2436,1368
2436,1369
2436,1370
2436,1371
2436,1372
2436,1373
2436,2433
2436,2434
2436,2435
2436,2436
2436,2437
2436,2438
2436,2469
2436,2470
2436,2471
2436,2520
2436,2521
2436,2522
2436,2523
2436,2524
2436,2525
2437,1368
2437,1369
2437,1370
2437,1371
2437,1372
2437,1373
2437,2433
2437,2434
2437,2435
2437,2436
2437,2437
2437,2438
2437,2469
2437,2470
2437,2471
2437,2520
2437,2521
2437,2522
2437,2523
2437,2524
2437,2525
2438,1368
2438,1369
2438,1370
2438,1371
2438,1372
2438,1373
2438,2433
2438,2434
2438,2435
2438,2436
2438,2437
2438,2438
2438,2469
2438,2470
2438,2471
2438,2520
2438,2521
2438,2522
2438,2523
2438,2524
2438,2525
2439,2424
2439,2425
2439,2426
2439,2427
2439,2428
2439,2429
2439,2439
2439,2440
2439,2441
2439,2442
2439,2443
2439,2444
2439,2445
2439,2446
2439,2447
2439,2463
2439,2464
2439,2465
2439,2466
2439,2467
2439,2468
2440,2424
2440,2425
2440,2426
2440,2427
2440,2428
2440,2429
2440,2439
2440,2440
2440,2441
2440,2442
2440,2443
2440,2444
2440,2445
2440,2446
2440,2447
2440,2463
2440,2464
2440,2465
2440,2466
2440,2467
2440,2468
2441,2424
2441,2425
2441,2426
2441,2427
2441,2428
2441,2429
2441,2439
2441,2440
2441,2441
2441,2442
2441,2443
2441,2444
2441,2445
2441,2446
2441,2447
2441,2463
2441,2464
2441,2465
2441,2466
2441,2467
2441,2468
2442,1467
2442,1468
2442,1469
2442,1470
2442,1471
2442,1472
2442,2439
2442,2440
2442,2441
2442,2442
2442,2443
2442,2444
2442,2445
2442,2446
2442,2447
2442,2451
2442,2452
2442,2453
2442,2466
2442,2467
2442,2468
2443,1467
2443,1468
2443,1469
2443,1470
2443,1471
2443,1472
2443,2439
2443,2440
2443,2441
2443,2442
2443,2443
2443,2444
2443,2445
2443,2446
2443,2447
2443,2451
2443,2452
2443,2453
2443,2466
2443,2467
2443,2468
2444,1467
2444,1468
2444,1469
2444,1470
2444,1471
2444,1472
2444,2439
2444,2440
2444,2441
2444,2442
2444,2443
2444,2444
2444,2445
2444,2446
2444,2447
2444,2451
2444,2452
2444,2453
2444,2466
2444,2467
2444,2468
2445,2421
2445,2422
2445,2423
2445,2424
2445,2425
2445,2426
2445,2439
2445,2440
2445,2441
2445,2442
2445,2443
2445,2444
2445,2445
2445,2446
2445,2447
2445,2448
2445,2449
2445,2450
2445,2451
2445,2452
2445,2453
2446,2421
2446,2422
2446,2423
2446,2424
2446,2425
2446,2426
2446,2439
2446,2440
2446,2441
2446,2442
2446,2443
2446,2444
2446,2445
2446,2446
2446,2447
2446,2448
2446,2449
2446,2450
2446,2451
2446,2452
2446,2453
2447,2421
2447,2422
2447,2423
2447,2424
2447,2425
2447,2426
2447,2439
2447,2440
2447,2441
2447,2442
2447,2443
2447,2444
2447,2445
2447,2446
2447,2447
2447,2448
2447,2449
2447,2450
2447,2451
2447,2452
2447,2453
2448,2406
2448,2407
2448,2408
2448,2409
2448,2410
2448,2411
2448,2421
2448,2422
2448,2423
2448,2445
2448,2446
2448,2447
2448,2448
2448,2449
2448,2450
2448,2451
2448,2452
2448,2453
2448,2454
2448,2455
2448,2456
2449,2406
2449,2407
2449,2408
2449,2409
2449,2410
2449,2411
2449,2421
2449,2422
2449,2423
2449,2445
2449,2446
2449,2447
2449,2448
2449,2449
2449,2450
2449,2451
2449,2452
2449,2453
2449,2454
2449,2455
2449,2456
2450,2406
2450,2407
2450,2408
2450,2409
2450,2410
2450,2411
2450,2421
2450,2422
2450,2423
2450,2445
2450,2446
2450,2447
2450,2448
2450,2449
2450,2450
2450,2451
2450,2452
2450,2453
2450,2454
2450,2455
2450,2456
2451,1470
2451,1471
2451,1472
2451,1473
2451,1474
2451,1475
2451,2442
2451,2443
2451,2444
2451,2445
2451,2446
2451,2447
2451,2448
2451,2449
2451,2450
2451,2451
2451,2452
2451,2453
2451,2454
2451,2455
2451,2456
2452,1470
2452,1471
2452,1472
2452,1473
2452,1474
2452,1475
2452,2442
2452,2443
2452,2444
2452,2445
2452,2446
2452,2447
2452,2448
2452,2449
2452,2450
2452,2451
2452,2452
2452,2453
2452,2454
2452,2455
2452,2456
2453,1470
2453,1471
2453,1472
2453,1473
2453,1474
2453,1475
2453,2442
2453,2443
2453,2444
2453,2445
2453,2446
2453,2447
2453,2448
2453,2449
2453,2450
2453,2451
2453,2452
2453,2453
2453,2454
2453,2455
2453,2456
2454,1473
2454,1474
2454,1475
2454,1476
2454,1477
2454,1478
2454,2403
2454,2404
2454,2405
2454,2406
2454,2407
2454,2408
2454,2448
2454,2449
2454,2450
2454,2451
2454,2452
2454,2453
2454,2454
2454,2455
2454,2456
2455,1473
2455,1474
2455,1475
2455,1476
2455,1477
2455,1478
2455,2403
2455,2404
2455,2405
2455,2406
2455,2407
2455,2408
2455,2448
2455,2449
2455,2450
2455,2451
2455,2452
2455,2453
2455,2454
2455,2455
2455,2456
2456,1473
2456,1474
2456,1475
2456,1476
2456,1477
2456,1478
2456,2403
2456,2404
2456,2405
2456,2406
2456,2407
2456,2408
2456,2448
2456,2449
2456,2450
2456,2451
2456,2452
2456,2453
2456,2454
2456,2455
2456,2456
2457,2430
2457,2431
2457,2432
2457,2433
2457,2434
2457,2435
2457,2457
2457,2458
2457,2459
2457,2460
2457,2461
2457,2462
2457,2463
2457,2464
2457,2465
2457,2469
2457,2470
2457,2471
2457,2472
2457,2473
2457,2474
2458,2430
2458,2431
2458,2432
2458,2433
2458,2434
2458,2435
2458,2457
2458,2458
2458,2459
2458,2460
2458,2461
2458,2462
2458,2463
2458,2464
2458,2465
2458,2469
2458,2470
2458,2471
2458,2472
2458,2473
2458,2474
2459,2430
2459,2431
2459,2432
2459,2433
2459,2434
2459,2435
2459,2457
2459,2458
2459,2459
2459,2460
2459,2461
2459,2462
2459,2463
2459,2464
2459,2465
2459,2469
2459,2470
2459,2471
2459,2472
2459,2473
2459,2474
2460,1461
2460,1462
2460,1463
2460,1464
2460,1465
2460,1466
2460,2457
2460,2458
2460,2459
2460,2460
2460,2461
2460,2462
2460,2463
2460,2464
2460,2465
2460,2466
2460,2467
2460,2468
2460,2472
2460,2473
2460,2474
2461,1461
2461,1462
2461,1463
2461,1464
2461,1465
2461,1466
2461,2457
2461,2458
2461,2459
2461,2460
2461,2461
2461,2462
2461,2463
2461,2464
2461,2465
2461,2466
2461,2467
2461,2468
2461,2472
2461,2473
2461,2474
2462,1461
2462,1462
2462,1463
2462,1464
2462,1465
2462,1466
2462,2457
2462,2458
2462,2459
2462,2460
2462,2461
2462,2462
2462,2463
2462,2464
2462,2465
2462,2466
2462,2467
2462,2468
2462,2472
2462,2473
2462,2474
2463,2427
2463,2428
2463,2429
2463,2430
2463,2431
2463,2432
2463,2439
2463,2440
2463,2441
2463,2457
2463,2458
2463,2459
2463,2460
2463,2461
2463,2462
2463,2463
2463,2464
2463,2465
2463,2466
2463,2467
2463,2468
2464,2427
2464,2428
2464,2429
2464,2430
2464,2431
2464,2432
2464,2439
2464,2440
2464,2441
2464,2457
2464,2458
2464,2459
2464,2460
2464,2461
2464,2462
2464,2463
2464,2464
2464,2465
2464,2466
2464,2467
2464,2468
2465,2427
2465,2428
2465,2429
2465,2430
2465,2431
2465,2432
2465,2439
2465,2440
2465,2441
2465,2457
2465,2458
2465,2459
2465,2460
2465,2461
2465,2462
2465,2463
2465,2464
2465,2465
2465,2466
2465,2467
2465,2468
2466,1464
2466,1465
2466,1466
2466,1467
2466,1468
2466,1469
2466,2439
2466,2440
2466,2441
2466,2442
2466,2443
2466,2444
2466,2460
2466,2461
2466,2462
2466,2463
2466,2464
2466,2465
2466,2466
2466,2467
2466,2468
2467,1464
2467,1465
2467,1466
2467,1467
2467,1468
2467,1469
2467,2439
2467,2440
2467,2441
2467,2442
2467,2443
2467,2444
2467,2460
2467,2461
2467,2462
2467,2463
2467,2464
2467,2465
2467,2466
2467,2467
2467,2468
2468,1464
2468,1465
2468,1466
2468,1467
2468,1468
2468,1469
2468,2439
2468,2440
2468,2441
2468,2442
2468,2443
2468,2444
2468,2460
2468,2461
2468,2462
2468,2463
2468,2464
2468,2465
2468,2466
2468,2467
2468,2468
2469,1371
2469,1372
2469,1373
2469,1374
2469,1375
2469,1376
2469,2433
2469,2434
2469,2435
2469,2436
2469,2437
2469,2438
2469,2457
2469,2458
2469,2459
2469,2469
2469,2470
2469,2471
2469,2472
2469,2473
2469,2474
2470,1371
2470,1372
2470,1373
2470,1374
2470,1375
2470,1376
2470,2433
2470,2434
2470,2435
2470,2436
2470,2437
2470,2438
2470,2457
2470,2458
2470,2459
2470,2469
2470,2470
2470,2471
2470,2472
2470,2473
2470,2474
2471,1371
2471,1372
2471,1373
2471,1374
2471,1375
2471,1376
2471,2433
2471,2434
2471,2435
2471,2436
2471,2437
2471,2438
2471,2457
2471,2458
2471,2459
2471,2469
2471,2470
2471,2471
2471,2472
2471,2473
2471,2474
2472,1374
2472,1375
2472,1376
2472,1377
2472,1378
2472,1379
2472,1461
2472,1462
2472,1463
2472,2457
2472,2458
2472,2459
2472,2460
2472,2461
2472,2462
2472,2469
2472,2470
2472,2471
2472,2472
2472,2473
2472,2474
2473,1374
2473,1375
2473,1376
2473,1377
2473,1378
2473,1379
2473,1461
2473,1462
2473,1463
2473,2457
2473,2458
2473,2459
2473,2460
2473,2461
2473,2462
2473,2469
2473,2470
2473,2471
2473,2472
2473,2473
2473,2474
2474,1374
2474,1375
2474,1376
2474,1377
2474,1378
2474,1379
2474,1461
2474,1462
2474,1463
2474,2457
2474,2458
2474,2459
2474,2460
2474,2461
2474,2462
2474,2469
2474,2470
2474,2471
2474,2472
2474,2473
2474,2474
2475,2124
2475,2125
2475,2126
2475,2127
2475,2128
2475,2129
2475,2475
2475,2476
2475,2477
2475,2478
2475,2479
2475,2480
2475,2490
2475,2491
2475,2492
2475,2508
2475,2509
2475,2510
2475,2517
2475,2518
2475,2519
2476,2124
2476,2125
2476,2126
2476,2127
2476,2128
2476,2129
2476,2475
2476,2476
2476,2477
2476,2478
2476,2479
2476,2480
2476,2490
2476,2491
2476,2492
2476,2508
2476,2509
2476,2510
2476,2517
2476,2518
2476,2519
2477,2124
2477,2125
2477,2126
2477,2127
2477,2128
2477,2129
2477,2475
2477,2476
2477,2477
2477,2478
2477,2479
2477,2480
2477,2490
2477,2491
2477,2492
2477,2508
2477,2509
2477,2510
2477,2517
2477,2518
2477,2519
2478,2475
2478,2476
2478,2477
2478,2478
2478,2479
2478,2480
2478,2481
2478,2482
2478,2483
2478,2484
2478,2485
2478,2486
2478,2490
2478,2491
2478,2492
2478,2508
2478,2509
2478,2510
2478,2526
2478,2527
2478,2528
2479,2475
2479,2476
2479,2477
2479,2478
2479,2479
2479,2480
2479,2481
2479,2482
2479,2483
2479,2484
2479,2485
2479,2486
2479,2490
2479,2491
2479,2492
2479,2508
2479,2509
2479,2510
2479,2526
2479,2527
2479,2528
2480,2475
2480,2476
2480,2477
2480,2478
2480,2479
2480,2480
2480,2481
2480,2482
2480,2483
2480,2484
2480,2485
2480,2486
2480,2490
2480,2491
2480,2492
2480,2508
2480,2509
2480,2510
2480,2526
2480,2527
2480,2528
2481,2427
2481,2428
2481,2429
2481,2430
2481,2431
2481,2432
2481,2478
2481,2479
2481,2480
2481,2481
2481,2482
2481,2483
2481,2484
2481,2485
2481,2486
2481,2496
2481,2497
2481,2498
2481,2526
2481,2527
2481,2528
2482,2427
2482,2428
2482,2429
2482,2430
2482,2431
2482,2432
2482,2478
2482,2479
2482,2480
2482,2481
2482,2482
2482,2483
2482,2484
2482,2485
2482,2486
2482,2496
2482,2497
2482,2498
2482,2526
2482,2527
2482,2528
2483,2427
2483,2428
2483,2429
2483,2430
2483,2431
2483,2432
2483,2478
2483,2479
2483,2480
2483,2481
2483,2482
2483,2483
2483,2484
2483,2485
2483,2486
2483,2496
2483,2497
2483,2498
2483,2526
2483,2527
2483,2528
2484,2478
2484,2479
2484,2480
2484,2481
2484,2482
2484,2483
2484,2484
2484,2485
2484,2486
2484,2487
2484,2488
2484,2489
2484,2490
2484,2491
2484,2492
2484,2493
2484,2494
2484,2495
2484,2496
2484,2497
2484,2498
2485,2478
2485,2479
2485,2480
2485,2481
2485,2482
2485,2483
2485,2484
2485,2485
2485,2486
2485,2487
2485,2488
2485,2489
2485,2490
2485,2491
2485,2492
2485,2493
2485,2494
2485,2495
2485,2496
2485,2497
2485,2498
2486,2478
2486,2479
2486,2480
2486,2481
2486,2482
2486,2483
2486,2484
2486,2485
2486,2486
2486,2487
2486,2488
2486,2489
2486,2490
2486,2491
2486,2492
2486,2493
2486,2494
2486,2495
2486,2496
2486,2497
2486,2498
2487,2415
2487,2416
2487,2417
2487,2418
2487,2419
2487,2420
2487,2484
2487,2485
2487,2486
2487,2487
2487,2488
2487,2489
2487,2493
2487,2494
2487,2495
2487,2496
2487,2497
2487,2498
2487,2499
2487,2500
2487,2501
2488,2415
2488,2416
2488,2417
2488,2418
2488,2419
2488,2420
2488,2484
2488,2485
2488,2486
2488,2487
2488,2488
2488,2489
2488,2493
2488,2494
2488,2495
2488,2496
2488,2497
2488,2498
2488,2499
2488,2500
2488,2501
2489,2415
2489,2416
2489,2417
2489,2418
2489,2419
2489,2420
2489,2484
2489,2485
2489,2486
2489,2487
2489,2488
2489,2489
2489,2493
2489,2494
2489,2495
2489,2496
2489,2497
2489,2498
2489,2499
2489,2500
2489,2501
2490,2127
2490,2128
2490,2129
2490,2130
2490,2131
2490,2132
2490,2475
2490,2476
2490,2477
2490,2478
2490,2479
2490,2480
2490,2484
2490,2485
2490,2486
2490,2490
2490,2491
2490,2492
2490,2493
2490,2494
2490,2495
2491,2127
2491,2128
2491,2129
2491,2130
2491,2131
2491,2132
2491,2475
2491,2476
2491,2477
2491,2478
2491,2479
2491,2480
2491,2484
2491,2485
2491,2486
2491,2490
2491,2491
2491,2492
2491,2493
2491,2494
2491,2495
2492,2127
2492,2128
2492,2129
2492,2130
2492,2131
2492,2132
2492,2475
2492,2476
2492,2477
2492,2478
2492,2479
2492,2480
2492,2484
2492,2485
2492,2486
2492,2490
2492,2491
2492,2492
2492,2493
2492,2494
2492,2495
2493,2130
2493,2131
2493,2132
2493,2133
2493,2134
2493,2135
2493,2418
2493,2419
2493,2420
2493,2484
2493,2485
2493,2486
2493,2487
2493,2488
2493,2489
2493,2490
2493,2491
2493,2492
2493,2493
2493,2494
2493,2495
2494,2130
2494,2131
2494,2132
2494,2133
2494,2134
2494,2135
2494,2418
2494,2419
2494,2420
2494,2484
2494,2485
2494,2486
2494,2487
2494,2488
2494,2489
2494,2490
2494,2491
2494,2492
2494,2493
2494,2494
2494,2495
2495,2130
2495,2131
2495,2132
2495,2133
2495,2134
2495,2135
2495,2418
2495,2419
2495,2420
2495,2484
2495,2485
2495,2486
2495,2487
2495,2488
2495,2489
2495,2490
2495,2491
2495,2492
2495,2493
2495,2494
2495,2495
2496,2424
2496,2425
2496,2426
2496,2427
2496,2428
2496,2429
2496,2481
2496,2482
2496,2483
2496,2484
2496,2485
2496,2486
2496,2487
2496,2488
2496,2489
2496,2496
2496,2497
2496,2498
2496,2499
2496,2500
2496,2501
2497,2424
2497,2425
2497,2426
2497,2427
2497,2428
2497,2429
2497,2481
2497,2482
2497,2483
2497,2484
2497,2485
2497,2486
2497,2487
2497,2488
2497,2489
2497,2496
2497,2497
2497,2498
2497,2499
2497,2500
2497,2501
2498,2424
2498,2425
2498,2426
2498,2427
2498,2428
2498,2429
2498,2481
2498,2482
2498,2483
2498,2484
2498,2485
2498,2486
2498,2487
2498,2488
2498,2489
2498,2496
2498,2497
2498,2498
2498,2499
2498,2500
2498,2501
2499,2412
2499,2413
2499,2414
2499,2415
2499,2416
2499,2417
2499,2421
2499,2422
2499,2423
2499,2424
2499,2425
2499,2426
2499,2487
2499,2488
2499,2489
2499,2496
2499,2497
2499,2498
2499,2499
2499,2500
2499,2501
2500,2412
2500,2413
2500,2414
2500,2415
2500,2416
2500,2417
2500,2421
2500,2422
2500,2423
2500,2424
2500,2425
2500,2426
2500,2487
2500,2488
2500,2489
2500,2496
2500,2497
2500,2498
2500,2499
2500,2500
2500,2501
2501,2412
2501,2413
2501,2414
2501,2415
2501,2416
2501,2417
2501,2421
2501,2422
2501,2423
2501,2424
2501,2425
2501,2426
2501,2487
2501,2488
2501,2489
2501,2496
2501,2497
2501,2498
2501,2499
2501,2500
2501,2501
2502,1362
2502,1363
2502,1364
2502,1365
2502,1366
2502,1367
2502,2502
2502,2503
2502,2504
2502,2505
2502,2506
2502,2507
2502,2511
2502,2512
2502,2513
2502,2514
2502,2515
2502,2516
2502,2523
2502,2524
2502,2525
2503,1362
2503,1363
2503,1364
2503,1365
2503,1366
2503,1367
2503,2502
2503,2503
2503,2504
2503,2505
2503,2506
2503,2507
2503,2511
2503,2512
2503,2513
2503,2514
2503,2515
2503,2516
2503,2523
2503,2524
2503,2525
2504,1362
2504,1363
2504,1364
2504,1365
2504,1366
2504,1367
2504,2502
2504,2503
2504,2504
2504,2505
2504,2506
2504,2507
2504,2511
2504,2512
2504,2513
2504,2514
2504,2515
2504,2516
2504,2523
2504,2524
2504,2525
2505,2502
2505,2503
2505,2504
2505,2505
2505,2506
2505,2507
2505,2508
2505,2509
2505,2510
2505,2511
2505,2512
2505,2513
2505,2517
2505,2518
2505,2519
2505,2520
2505,2521
2505,2522
2505,2523
2505,2524
2505,2525
2506,2502
2506,2503
2506,2504
2506,2505
2506,2506
2506,2507
2506,2508
2506,2509
2506,2510
2506,2511
2506,2512
2506,2513
2506,2517
2506,2518
2506,2519
2506,2520
2506,2521
2506,2522
2506,2523
2506,2524
2506,2525
2507,2502
2507,2503
2507,2504
2507,2505
2507,2506
2507,2507
2507,2508
2507,2509
2507,2510
2507,2511
2507,2512
2507,2513
2507,2517
2507,2518
2507,2519
2507,2520
2507,2521
2507,2522
2507,2523
2507,2524
2507,2525
2508,2475
2508,2476
2508,2477
2508,2478
2508,2479
2508,2480
2508,2505
2508,2506
2508,2507
2508,2508
2508,2509
2508,2510
2508,2517
2508,2518
2508,2519
2508,2520
2508,2521
2508,2522
2508,2526
2508,2527
2508,2528
2509,2475
2509,2476
2509,2477
2509,2478
2509,2479
2509,2480
2509,2505
2509,2506
2509,2507
2509,2508
2509,2509
2509,2510
2509,2517
2509,2518
2509,2519
2509,2520
2509,2521
2509,2522
2509,2526
2509,2527
2509,2528
2510,2475
2510,2476
2510,2477
2510,2478
2510,2479
2510,2480
2510,2505
2510,2506
2510,2507
2510,2508
2510,2509
2510,2510
2510,2517
2510,2518
2510,2519
2510,2520
2510,2521
2510,2522
2510,2526
2510,2527
2510,2528
2511,2118
2511,2119
2511,2120
2511,2121
2511,2122
2511,2123
2511,2502
2511,2503
2511,2504
2511,2505
2511,2506
2511,2507
2511,2511
2511,2512
2511,2513
2511,2514
2511,2515
2511,2516
2511,2517
2511,2518
2511,2519
2512,2118
2512,2119
2512,2120
2512,2121
2512,2122
2512,2123
2512,2502
2512,2503
2512,2504
2512,2505
2512,2506
2512,2507
2512,2511
2512,2512
2512,2513
2512,2514
2512,2515
2512,2516
2512,2517
2512,2518
2512,2519
2513,2118
2513,2119
2513,2120
2513,2121
2513,2122
2513,2123
2513,2502
2513,2503
2513,2504
2513,2505
2513,2506
2513,2507
2513,2511
2513,2512
2513,2513
2513,2514
2513,2515
2513,2516
2513,2517
2513,2518
2513,2519
2514,1359
2514,1360
2514,1361
2514,1362
2514,1363
2514,1364
2514,2115
2514,2116
2514,2117
2514,2118
2514,2119
2514,2120
2514,2502
2514,2503
2514,2504
2514,2511
2514,2512
2514,2513
2514,2514
2514,2515
2514,2516
2515,1359
2515,1360
2515,1361
2515,1362
2515,1363
2515,1364
2515,2115
2515,2116
2515,2117
2515,2118
2515,2119
2515,2120
2515,2502
2515,2503
2515,2504
2515,2511
2515,2512
2515,2513
2515,2514
2515,2515
2515,2516
2516,1359
2516,1360
2516,1361
2516,1362
2516,1363
2516,1364
2516,2115
2516,2116
2516,2117
2516,2118
2516,2119
2516,2120
2516,2502
2516,2503
2516,2504
2516,2511
2516,2512
2516,2513
2516,2514
2516,2515
2516,2516
2517,2121
2517,2122
2517,2123
2517,2124
2517,2125
2517,2126
2517,2475
2517,2476
2517,2477
2517,2505
2517,2506
2517,2507
2517,2508
2517,2509
2517,2510
2517,2511
2517,2512
2517,2513
2517,2517
2517,2518
2517,2519
2518,2121
2518,2122
2518,2123
2518,2124
2518,2125
2518,2126
2518,2475
2518,2476
2518,2477
2518,2505
2518,2506
2518,2507
2518,2508
2518,2509
2518,2510
2518,2511
2518,2512
2518,2513
2518,2517
2518,2518
2518,2519
2519,2121
2519,2122
2519,2123
2519,2124
2519,2125
2519,2126
2519,2475
2519,2476
2519,2477
2519,2505
2519,2506
2519,2507
2519,2508
2519,2509
2519,2510
2519,2511
2519,2512
2519,2513
2519,2517
2519,2518
2519,2519
2520,2433
2520,2434
2520,2435
2520,2436
2520,2437
2520,2438
2520,2505
2520,2506
2520,2507
2520,2508
2520,2509
2520,2510
2520,2520
2520,2521
2520,2522
2520,2523
2520,2524
2520,2525
2520,2526
2520,2527
2520,2528
2521,2433
2521,2434
2521,2435
2521,2436
2521,2437
2521,2438
2521,2505
2521,2506
2521,2507
2521,2508
2521,2509
2521,2510
2521,2520
2521,2521
2521,2522
2521,2523
2521,2524
2521,2525
2521,2526
2521,2527
2521,2528
2522,2433
2522,2434
2522,2435
2522,2436
2522,2437
2522,2438
2522,2505
2522,2506
2522,2507
2522,2508
2522,2509
2522,2510
2522,2520
2522,2521
2522,2522
2522,2523
2522,2524
2522,2525
2522,2526
2522,2527
2522,2528
2523,1365
2523,1366
2523,1367
2523,1368
2523,1369
2523,1370
2523,2436
2523,2437
2523,2438
2523,2502
2523,2503
2523,2504
2523,2505
2523,2506
2523,2507
2523,2520
2523,2521
2523,2522
2523,2523
2523,2524
2523,2525
2524,1365
2524,1366
2524,1367
2524,1368
2524,1369
2524,1370
2524,2436
2524,2437
2524,2438
2524,2502
2524,2503
2524,2504
2524,2505
2524,2506
2524,2507
2524,2520
2524,2521
2524,2522
2524,2523
2524,2524
2524,2525
2525,1365
2525,1366
2525,1367
2525,1368
2525,1369
2525,1370
2525,2436
2525,2437
2525,2438
2525,2502
2525,2503
2525,2504
2525,2505
2525,2506
2525,2507
2525,2520
2525,2521
2525,2522
2525,2523
2525,2524
2525,2525
2526,2430
2526,2431
2526,2432
2526,2433
2526,2434
2526,2435
2526,2478
2526,2479
2526,2480
2526,2481
2526,2482
2526,2483
2526,2508
2526,2509
2526,2510
2526,2520
2526,2521
2526,2522
2526,2526
2526,2527
2526,2528
2527,2430
2527,2431
2527,2432
2527,2433
2527,2434
2527,2435
2527,2478
2527,2479
2527,2480
2527,2481
2527,2482
2527,2483
2527,2508
2527,2509
2527,2510
2527,2520
2527,2521
2527,2522
2527,2526
2527,2527
2527,2528
2528,2430
2528,2431
2528,2432
2528,2433
2528,2434
2528,2435
2528,2478
2528,2479
2528,2480
2528,2481
2528,2482
2528,2483
2528,2508
2528,2509
2528,2510
2528,2520
2528,2521
2528,2522
2528,2526
2528,2527
2528,2528
2529,1161
2529,1162
2529,1163
2529,1164
2529,1165
2529,1166
2529,2529
2529,2530
2529,2531
2529,2532
2529,2533
2529,2534
2529,2553
2529,2554
2529,2555
2529,2556
2529,2557
2529,2558
2529,2607
2529,2608
2529,2609
2530,1161
2530,1162
2530,1163
2530,1164
2530,1165
2530,1166
2530,2529
2530,2530
2530,2531
2530,2532
2530,2533
2530,2534
2530,2553
2530,2554
2530,2555
2530,2556
2530,2557
2530,2558
2530,2607
2530,2608
2530,2609
2531,1161
2531,1162
2531,1163
2531,1164
2531,1165
2531,1166
2531,2529
2531,2530
2531,2531
2531,2532
2531,2533
2531,2534
2531,2553
2531,2554
2531,2555
2531,2556
2531,2557
2531,2558
2531,2607
2531,2608
2531,2609
2532,2529
2532,2530
2532,2531
2532,2532
2532,2533
2532,2534
2532,2535
2532,2536
2532,2537
2532,2547
2532,2548
2532,2549
2532,2553
2532,2554
2532,2555
2532,2604
2532,2605
2532,2606
2532,2607
2532,2608
2532,2609
2533,2529
2533,2530
2533,2531
2533,2532
2533,2533
2533,2534
2533,2535
2533,2536
2533,2537
2533,2547
2533,2548
2533,2549
2533,2553
2533,2554
2533,2555
2533,2604
2533,2605
2533,2606
2533,2607
2533,2608
2533,2609
2534,2529
2534,2530
2534,2531
2534,2532
2534,2533
2534,2534
2534,2535
2534,2536
2534,2537
2534,2547
2534,2548
2534,2549
2534,2553
2534,2554
2534,2555
2534,2604
2534,2605
2534,2606
2534,2607
2534,2608
2534,2609
2535,2532
2535,2533
2535,2534
2535,2535
2535,2536
2535,2537
2535,2538
2535,2539
2535,2540
2535,2547
2535,2548
2535,2549
2535,2571
2535,2572
2535,2573
2535,2589
2535,2590
2535,2591
2535,2604
2535,2605
2535,2606
2536,2532
2536,2533
2536,2534
2536,2535
2536,2536
2536,2537
2536,2538
2536,2539
2536,2540
2536,2547
2536,2548
2536,2549
2536,2571
2536,2572
2536,2573
2536,2589
2536,2590
2536,2591
2536,2604
2536,2605
2536,2606
2537,2532
2537,2533
2537,2534
2537,2535
2537,2536
2537,2537
2537,2538
2537,2539
2537,2540
2537,2547
2537,2548
2537,2549
2537,2571
2537,2572
2537,2573
2537,2589
2537,2590
2537,2591
2537,2604
2537,2605
2537,2606
2538,2535
2538,2536
2538,2537
2538,2538
2538,2539
2538,2540
2538,2541
2538,2542
2538,2543
2538,2565
2538,2566
2538,2567
2538,2571
2538,2572
2538,2573
2538,2589
2538,2590
2538,2591
2538,2634
2538,2635
2538,2636
2539,2535
2539,2536
2539,2537
2539,2538
2539,2539
2539,2540
2539,2541
2539,2542
2539,2543
2539,2565
2539,2566
2539,2567
2539,2571
2539,2572
2539,2573
2539,2589
2539,2590
2539,2591
2539,2634
2539,2635
2539,2636
2540,2535
2540,2536
2540,2537
2540,2538
2540,2539
2540,2540
2540,2541
2540,2542
2540,2543
2540,2565
2540,2566
2540,2567
2540,2571
2540,2572
2540,2573
2540,2589
2540,2590
2540,2591
2540,2634
2540,2635
2540,2636
2541,2538
2541,2539
2541,2540
2541,2541
2541,2542
2541,2543
2541,2544
2541,2545
2541,2546
2541,2565
2541,2566
2541,2567
2541,2577
2541,2578
2541,2579
2541,2628
2541,2629
2541,2630
2541,2634
2541,2635
2541,2636
2542,2538
2542,2539
2542,2540
2542,2541
2542,2542
2542,2543
2542,2544
2542,2545
2542,2546
2542,2565
2542,2566
2542,2567
2542,2577
2542,2578
2542,2579
2542,2628
2542,2629
2542,2630
2542,2634
2542,2635
2542,2636
2543,2538
2543,2539
2543,2540
2543,2541
2543,2542
2543,2543
2543,2544
2543,2545
2543,2546
2543,2565
2543,2566
2543,2567
2543,2577
2543,2578
2543,2579
2543,2628
2543,2629
2543,2630
2543,2634
2543,2635
2543,2636
2544,2406
2544,2407
2544,2408
2544,2409
2544,2410
2544,2411
2544,2541
2544,2542
2544,2543
2544,2544
2544,2545
2544,2546
2544,2577
2544,2578
2544,2579
2544,2628
2544,2629
2544,2630
2544,2631
2544,2632
2544,2633
2545,2406
2545,2407
2545,2408
2545,2409
2545,2410
2545,2411
2545,2541
2545,2542
2545,2543
2545,2544
2545,2545
2545,2546
2545,2577
2545,2578
2545,2579
2545,2628
2545,2629
2545,2630
2545,2631
2545,2632
2545,2633
2546,2406
2546,2407
2546,2408
2546,2409
2546,2410
2546,2411
2546,2541
2546,2542
2546,2543
2546,2544
2546,2545
2546,2546
2546,2577
2546,2578
2546,2579
2546,2628
2546,2629
2546,2630
2546,2631
2546,2632
2546,2633
2547,2532
2547,2533
2547,2534
2547,2535
2547,2536
2547,2537
2547,2547
2547,2548
2547,2549
2547,2550
2547,2551
2547,2552
2547,2553
2547,2554
2547,2555
2547,2571
2547,2572
2547,2573
2547,2574
2547,2575
2547,2576
2548,2532
2548,2533
2548,2534
2548,2535
2548,2536
2548,2537
2548,2547
2548,2548
2548,2549
2548,2550
2548,2551
2548,2552
2548,2553
2548,2554
2548,2555
2548,2571
2548,2572
2548,2573
2548,2574
2548,2575
2548,2576
2549,2532
2549,2533
2549,2534
2549,2535
2549,2536
2549,2537
2549,2547
2549,2548
2549,2549
2549,2550
2549,2551
2549,2552
2549,2553
2549,2554
2549,2555
2549,2571
2549,2572
2549,2573
2549,2574
2549,2575
2549,2576
2550,1488
2550,1489
2550,1490
2550,1491
2550,1492
2550,1493
2550,2547
2550,2548
2550,2549
2550,2550
2550,2551
2550,2552
2550,2553
2550,2554
2550,2555
2550,2559
2550,2560
2550,2561
2550,2574
2550,2575
2550,2576
2551,1488
2551,1489
2551,1490
2551,1491
2551,1492
2551,1493
2551,2547
2551,2548
2551,2549
2551,2550
2551,2551
2551,2552
2551,2553
2551,2554
2551,2555
2551,2559
2551,2560
2551,2561
2551,2574
2551,2575
2551,2576
2552,1488
2552,1489
2552,1490
2552,1491
2552,1492
2552,1493
2552,2547
2552,2548
2552,2549
2552,2550
2552,2551
2552,2552
2552,2553
2552,2554
2552,2555
2552,2559
2552,2560
2552,2561
2552,2574
2552,2575
2552,2576
2553,2529
2553,2530
2553,2531
2553,2532
2553,2533
2553,2534
2553,2547
2553,2548
2553,2549
2553,2550
2553,2551
2553,2552
2553,2553
2553,2554
2553,2555
2553,2556
2553,2557
2553,2558
2553,2559
2553,2560
2553,2561
2554,2529
2554,2530
2554,2531
2554,2532
2554,2533
2554,2534
2554,2547
2554,2548
2554,2549
2554,2550
2554,2551
2554,2552
2554,2553
2554,2554
2554,2555
2554,2556
2554,2557
2554,2558
2554,2559
2554,2560
2554,2561
2555,2529
2555,2530
2555,2531
2555,2532
2555,2533
2555,2534
2555,2547
2555,2548
2555,2549
2555,2550
2555,2551
2555,2552
2555,2553
2555,2554
2555,2555
2555,2556
2555,2557
2555,2558
2555,2559
2555,2560
2555,2561
2556,1158
2556,1159
2556,1160
2556,1161
2556,1162
2556,1163
2556,2529
2556,2530
2556,2531
2556,2553
2556,2554
2556,2555
2556,2556
2556,2557
2556,2558
2556,2559
2556,2560
2556,2561
2556,2562
2556,2563
2556,2564
2557,1158
2557,1159
2557,1160
2557,1161
2557,1162
2557,1163
2557,2529
2557,2530
2557,2531
2557,2553
2557,2554
2557,2555
2557,2556
2557,2557
2557,2558
2557,2559
2557,2560
2557,2561
2557,2562
2557,2563
2557,2564
2558,1158
2558,1159
2558,1160
2558,1161
2558,1162
2558,1163
2558,2529
2558,2530
2558,2531
2558,2553
2558,2554
2558,2555
2558,2556
2558,2557
2558,2558
2558,2559
2558,2560
2558,2561
2558,2562
2558,2563
2558,2564
2559,1491
2559,1492
2559,1493
2559,1494
2559,1495
2559,1496
2559,2550
2559,2551
2559,2552
2559,2553
2559,2554
2559,2555
2559,2556
2559,2557
2559,2558
2559,2559
2559,2560
2559,2561
2559,2562
2559,2563
2559,2564
2560,1491
2560,1492
2560,1493
2560,1494
2560,1495
2560,1496
2560,2550
2560,2551
2560,2552
2560,2553
2560,2554
2560,2555
2560,2556
2560,2557
2560,2558
2560,2559
2560,2560
2560,2561
2560,2562
2560,2563
2560,2564
2561,1491
2561,1492
2561,1493
2561,1494
2561,1495
2561,1496
2561,2550
2561,2551
2561,2552
2561,2553
2561,2554
2561,2555
2561,2556
2561,2557
2561,2558
2561,2559
2561,2560
2561,2561
2561,2562
2561,2563
2561,2564
2562,1155
2562,1156
2562,1157
2562,1158
2562,1159
2562,1160
2562,1494
2562,1495
2562,1496
2562,1497
2562,1498
2562,1499
2562,2556
2562,2557
2562,2558
2562,2559
2562,2560
2562,2561
2562,2562
2562,2563
2562,2564
2563,1155
2563,1156
2563,1157
2563,1158
2563,1159
2563,1160
2563,1494
2563,1495
2563,1496
2563,1497
2563,1498
2563,1499
2563,2556
2563,2557
2563,2558
2563,2559
2563,2560
2563,2561
2563,2562
2563,2563
2563,2564
2564,1155
2564,1156
2564,1157
2564,1158
2564,1159
2564,1160
2564,1494
2564,1495
2564,1496
2564,1497
2564,1498
2564,1499
2564,2556
2564,2557
2564,2558
2564,2559
2564,2560
2564,2561
2564,2562
2564,2563
2564,2564
2565,2538
2565,2539
2565,2540
2565,2541
2565,2542
2565,2543
2565,2565
2565,2566
2565,2567
2565,2568
2565,2569
2565,2570
2565,2571
2565,2572
2565,2573
2565,2577
2565,2578
2565,2579
2565,2580
2565,2581
2565,2582
2566,2538
2566,2539
2566,2540
2566,2541
2566,2542
2566,2543
2566,2565
2566,2566
2566,2567
2566,2568
2566,2569
2566,2570
2566,2571
2566,2572
2566,2573
2566,2577
2566,2578
2566,2579
2566,2580
2566,2581
2566,2582
2567,2538
2567,2539
2567,2540
2567,2541
2567,2542
2567,2543
2567,2565
2567,2566
2567,2567
2567,2568
2567,2569
2567,2570
2567,2571
2567,2572
2567,2573
2567,2577
2567,2578
2567,2579
2567,2580
2567,2581
2567,2582
2568,1482
2568,1483
2568,1484
2568,1485
2568,1486
2568,1487
2568,2565
2568,2566
2568,2567
2568,2568
2568,2569
2568,2570
2568,2571
2568,2572
2568,2573
2568,2574
2568,2575
2568,2576
2568,2580
2568,2581
2568,2582
2569,1482
2569,1483
2569,1484
2569,1485
2569,1486
2569,1487
2569,2565
2569,2566
2569,2567
2569,2568
2569,2569
2569,2570
2569,2571
2569,2572
2569,2573
2569,2574
2569,2575
2569,2576
2569,2580
2569,2581
2569,2582
2570,1482
2570,1483
2570,1484
2570,1485
2570,1486
2570,1487
2570,2565
2570,2566
2570,2567
2570,2568
2570,2569
2570,2570
2570,2571
2570,2572
2570,2573
2570,2574
2570,2575
2570,2576
2570,2580
2570,2581
2570,2582
2571,2535
2571,2536
2571,2537
2571,2538
2571,2539
2571,2540
2571,2547
2571,2548
2571,2549
2571,2565
2571,2566
2571,2567
2571,2568
2571,2569
2571,2570
2571,2571
2571,2572
2571,2573
2571,2574
2571,2575
2571,2576
2572,2535
2572,2536
2572,2537
2572,2538
2572,2539
2572,2540
2572,2547
2572,2548
2572,2549
2572,2565
2572,2566
2572,2567
2572,2568
2572,2569
2572,2570
2572,2571
2572,2572
2572,2573
2572,2574
2572,2575
2572,2576
2573,2535
2573,2536
2573,2537
2573,2538
2573,2539
2573,2540
2573,2547
2573,2548
2573,2549
2573,2565
2573,2566
2573,2567
2573,2568
2573,2569
2573,2570
2573,2571
2573,2572
2573,2573
2573,2574
2573,2575
2573,2576
2574,1485
2574,1486
2574,1487
2574,1488
2574,1489
2574,1490
2574,2547
2574,2548
2574,2549
2574,2550
2574,2551
2574,2552
2574,2568
2574,2569
2574,2570
2574,2571
2574,2572
2574,2573
2574,2574
2574,2575
2574,2576
2575,1485
2575,1486
2575,1487
2575,1488
2575,1489
2575,1490
2575,2547
2575,2548
2575,2549
2575,2550
2575,2551
2575,2552
2575,2568
2575,2569
2575,2570
2575,2571
2575,2572
2575,2573
2575,2574
2575,2575
2575,2576
2576,1485
2576,1486
2576,1487
2576,1488
2576,1489
2576,1490
2576,2547
2576,2548
2576,2549
2576,2550
2576,2551
2576,2552
2576,2568
2576,2569
2576,2570
2576,2571
2576,2572
2576,2573
2576,2574
2576,2575
2576,2576
2577,2403
2577,2404
2577,2405
2577,2406
2577,2407
2577,2408
2577,2541
2577,2542
2577,2543
2577,2544
2577,2545
2577,2546
2577,2565
2577,2566
2577,2567
2577,2577
2577,2578
2577,2579
2577,2580
2577,2581
2577,2582
2578,2403
2578,2404
2578,2405
2578,2406
2578,2407
2578,2408
2578,2541
2578,2542
2578,2543
2578,2544
2578,2545
2578,2546
2578,2565
2578,2566
2578,2567
2578,2577
2578,2578
2578,2579
2578,2580
2578,2581
2578,2582
2579,2403
2579,2404
2579,2405
2579,2406
2579,2407
2579,2408
2579,2541
2579,2542
2579,2543
2579,2544
2579,2545
2579,2546
2579,2565
2579,2566
2579,2567
2579,2577
2579,2578
2579,2579
2579,2580
2579,2581
2579,2582
2580,1479
2580,1480
2580,1481
2580,1482
2580,1483
2580,1484
2580,2403
2580,2404
2580,2405
2580,2565
2580,2566
2580,2567
2580,2568
2580,2569
2580,2570
2580,2577
2580,2578
2580,2579
2580,2580
2580,2581
2580,2582
2581,1479
2581,1480
2581,1481
2581,1482
2581,1483
2581,1484
2581,2403
2581,2404
2581,2405
2581,2565
2581,2566
2581,2567
2581,2568
2581,2569
2581,2570
2581,2577
2581,2578
2581,2579
2581,2580
2581,2581
2581,2582
2582,1479
2582,1480
2582,1481
2582,1482
2582,1483
2582,1484
2582,2403
2582,2404
2582,2405
2582,2565
2582,2566
2582,2567
2582,2568
2582,2569
2582,2570
2582,2577
2582,2578
2582,2579
2582,2580
2582,2581
2582,2582
2583,2145
2583,2146
2583,2147
2583,2148
2583,2149
2583,2150
2583,2583
2583,2584
2583,2585
2583,2586
2583,2587
2583,2588
2583,2598
2583,2599
2583,2600
2583,2616
2583,2617
2583,2618
2583,2625
2583,2626
2583,2627
2584,2145
2584,2146
2584,2147
2584,2148
2584,2149
2584,2150
2584,2583
2584,2584
2584,2585
2584,2586
2584,2587
2584,2588
2584,2598
2584,2599
2584,2600
2584,2616
2584,2617
2584,2618
2584,2625
2584,2626
2584,2627
2585,2145
2585,2146
2585,2147
2585,2148
2585,2149
2585,2150
2585,2583
2585,2584
2585,2585
2585,2586
2585,2587
2585,2588
2585,2598
2585,2599
2585,2600
2585,2616
2585,2617
2585,2618
2585,2625
2585,2626
2585,2627
2586,2583
2586,2584
2586,2585
2586,2586
2586,2587
2586,2588
2586,2589
2586,2590
2586,2591
2586,2592
2586,2593
2586,2594
2586,2598
2586,2599
2586,2600
2586,2616
2586,2617
2586,2618
2586,2634
2586,2635
2586,2636
2587,2583
2587,2584
2587,2585
2587,2586
2587,2587
2587,2588
2587,2589
2587,2590
2587,2591
2587,2592
2587,2593
2587,2594
2587,2598
2587,2599
2587,2600
2587,2616
2587,2617
2587,2618
2587,2634
2587,2635
2587,2636
2588,2583
2588,2584
2588,2585
2588,2586
2588,2587
2588,2588
2588,2589
2588,2590
2588,2591
2588,2592
2588,2593
2588,2594
2588,2598
2588,2599
2588,2600
2588,2616
2588,2617
2588,2618
2588,2634
2588,2635
2588,2636
2589,2535
2589,2536
2589,2537
2589,2538
2589,2539
2589,2540
2589,2586
2589,2587
2589,2588
2589,2589
2589,2590
2589,2591
2589,2592
2589,2593
2589,2594
2589,2604
2589,2605
2589,2606
2589,2634
2589,2635
2589,2636
2590,2535
2590,2536
2590,2537
2590,2538
2590,2539
2590,2540
2590,2586
2590,2587
2590,2588
2590,2589
2590,2590
2590,2591
2590,2592
2590,2593
2590,2594
2590,2604
2590,2605
2590,2606
2590,2634
2590,2635
2590,2636
2591,2535
2591,2536
2591,2537
2591,2538
2591,2539
2591,2540
2591,2586
2591,2587
2591,2588
2591,2589
2591,2590
2591,2591
2591,2592
2591,2593
2591,2594
2591,2604
2591,2605
2591,2606
2591,2634
2591,2635
2591,2636
2592,2586
2592,2587
2592,2588
2592,2589
2592,2590
2592,2591
2592,2592
2592,2593
2592,2594
2592,2595
2592,2596
2592,2597
2592,2598
2592,2599
2592,2600
2592,2601
2592,2602
2592,2603
2592,2604
2592,2605
2592,2606
2593,2586
2593,2587
2593,2588
2593,2589
2593,2590
2593,2591
2593,2592
2593,2593
2593,2594
2593,2595
2593,2596
2593,2597
2593,2598
2593,2599
2593,2600
2593,2601
2593,2602
2593,2603
2593,2604
2593,2605
2593,2606
2594,2586
2594,2587
2594,2588
2594,2589
2594,2590
2594,2591
2594,2592
2594,2593
2594,2594
2594,2595
2594,2596
2594,2597
2594,2598
2594,2599
2594,2600
2594,2601
2594,2602
2594,2603
2594,2604
2594,2605
2594,2606
2595,1167
2595,1168
2595,1169
2595,1170
2595,1171
2595,1172
2595,2592
2595,2593
2595,2594
2595,2595
2595,2596
2595,2597
2595,2601
2595,2602
2595,2603
2595,2604
2595,2605
2595,2606
2595,2607
2595,2608
2595,2609
2596,1167
2596,1168
2596,1169
2596,1170
2596,1171
2596,1172
2596,2592
2596,2593
2596,2594
2596,2595
2596,2596
2596,2597
2596,2601
2596,2602
2596,2603
2596,2604
2596,2605
2596,2606
2596,2607
2596,2608
2596,2609
2597,1167
2597,1168
2597,1169
2597,1170
2597,1171
2597,1172
2597,2592
2597,2593
2597,2594
2597,2595
2597,2596
2597,2597
2597,2601
2597,2602
2597,2603
2597,2604
2597,2605
2597,2606
2597,2607
2597,2608
2597,2609
2598,2148
2598,2149
2598,2150
2598,2151
2598,2152
2598,2153
2598,2583
2598,2584
2598,2585
2598,2586
2598,2587
2598,2588
2598,2592
2598,2593
2598,2594
2598,2598
2598,2599
2598,2600
2598,2601
2598,2602
2598,2603
2599,2148
2599,2149
2599,2150
2599,2151
2599,2152
2599,2153
2599,2583
2599,2584
2599,2585
2599,2586
2599,2587
2599,2588
2599,2592
2599,2593
2599,2594
2599,2598
2599,2599
2599,2600
2599,2601
2599,2602
2599,2603
2600,2148
2600,2149
2600,2150
2600,2151
2600,2152
2600,2153
2600,2583
2600,2584
2600,2585
2600,2586
2600,2587
2600,2588
2600,2592
2600,2593
2600,2594
2600,2598
2600,2599
2600,2600
2600,2601
2600,2602
2600,2603
2601,1170
2601,1171
2601,1172
2601,1173
2601,1174
2601,1175
2601,2151
2601,2152
2601,2153
2601,2592
2601,2593
2601,2594
2601,2595
2601,2596
2601,2597
2601,2598
2601,2599
2601,2600
2601,2601
2601,2602
2601,2603
2602,1170
2602,1171
2602,1172
2602,1173
2602,1174
2602,1175
2602,2151
2602,2152
2602,2153
2602,2592
2602,2593
2602,2594
2602,2595
2602,2596
2602,2597
2602,2598
2602,2599
2602,2600
2602,2601
2602,2602
2602,2603
2603,1170
2603,1171
2603,1172
2603,1173
2603,1174
2603,1175
2603,2151
2603,2152
2603,2153
2603,2592
2603,2593
2603,2594
2603,2595
2603,2596
2603,2597
2603,2598
2603,2599
2603,2600
2603,2601
2603,2602
2603,2603
2604,2532
2604,2533
2604,2534
2604,2535
2604,2536
2604,2537
2604,2589
2604,2590
2604,2591
2604,2592
2604,2593
2604,2594
2604,2595
2604,2596
2604,2597
2604,2604
2604,2605
2604,2606
2604,2607
2604,2608
2604,2609
2605,2532
2605,2533
2605,2534
2605,2535
2605,2536
2605,2537
2605,2589
2605,2590
2605,2591
2605,2592
2605,2593
2605,2594
2605,2595
2605,2596
2605,2597
2605,2604
2605,2605
2605,2606
2605,2607
2605,2608
2605,2609
2606,2532
2606,2533
2606,2534
2606,2535
2606,2536
2606,2537
2606,2589
2606,2590
2606,2591
2606,2592
2606,2593
2606,2594
2606,2595
2606,2596
2606,2597
2606,2604
2606,2605
2606,2606
2606,2607
2606,2608
2606,2609
2607,1164
2607,1165
2607,1166
2607,1167
2607,1168
2607,1169
2607,2529
2607,2530
2607,2531
2607,2532
2607,2533
2607,2534
2607,2595
2607,2596
2607,2597
2607,2604
2607,2605
2607,2606
2607,2607
2607,2608
2607,2609
2608,1164
2608,1165
2608,1166
2608,1167
2608,1168
2608,1169
2608,2529
2608,2530
2608,2531
2608,2532
2608,2533
2608,2534
2608,2595
2608,2596
2608,2597
2608,2604
2608,2605
2608,2606
2608,2607
2608,2608
2608,2609
2609,1164
2609,1165
2609,1166
2609,1167
2609,1168
2609,1169
2609,2529
2609,2530
2609,2531
2609,2532
2609,2533
2609,2534
2609,2595
2609,2596
2609,2597
2609,2604
2609,2605
2609,2606
2609,2607
2609,2608
2609,2609
2610,2412
2610,2413
2610,2414
2610,2415
2610,2416
2610,2417
2610,2610
2610,2611
2610,2612
2610,2613
2610,2614
2610,2615
2610,2619
2610,2620
2610,2621
2610,2622
2610,2623
2610,2624
2610,2631
2610,2632
2610,2633
2611,2412
2611,2413
2611,2414
2611,2415
2611,2416
2611,2417
2611,2610
2611,2611
2611,2612
2611,2613
2611,2614
2611,2615
2611,2619
2611,2620
2611,2621
2611,2622
2611,2623
2611,2624
2611,2631
2611,2632
2611,2633
2612,2412
2612,2413
2612,2414
2612,2415
2612,2416
2612,2417
2612,2610
2612,2611
2612,2612
2612,2613
2612,2614
2612,2615
2612,2619
2612,2620
2612,2621
2612,2622
2612,2623
2612,2624
2612,2631
2612,2632
2612,2633
2613,2610
2613,2611
2613,2612
2613,2613
2613,2614
2613,2615
2613,2616
2613,2617
2613,2618
2613,2619
2613,2620
2613,2621
2613,2625
2613,2626
2613,2627
2613,2628
2613,2629
2613,2630
2613,2631
2613,2632
2613,2633
2614,2610
2614,2611
2614,2612
2614,2613
2614,2614
2614,2615
2614,2616
2614,2617
2614,2618
2614,2619
2614,2620
2614,2621
2614,2625
2614,2626
2614,2627
2614,2628
2614,2629
2614,2630
2614,2631
2614,2632
2614,2633
2615,2610
2615,2611
2615,2612
2615,2613
2615,2614
2615,2615
2615,2616
2615,2617
2615,2618
2615,2619
2615,2620
2615,2621
2615,2625
2615,2626
2615,2627
2615,2628
2615,2629
2615,2630
2615,2631
2615,2632
2615,2633
2616,2583
2616,2584
2616,2585
2616,2586
2616,2587
2616,2588
2616,2613
2616,2614
2616,2615
2616,2616
2616,2617
2616,2618
2616,2625
2616,2626
2616,2627
2616,2628
2616,2629
2616,2630
2616,2634
2616,2635
2616,2636
2617,2583
2617,2584
2617,2585
2617,2586
2617,2587
2617,2588
2617,2613
2617,2614
2617,2615
2617,2616
2617,2617
2617,2618
2617,2625
2617,2626
2617,2627
2617,2628
2617,2629
2617,2630
2617,2634
2617,2635
2617,2636
2618,2583
2618,2584
2618,2585
2618,2586
2618,2587
2618,2588
2618,2613
2618,2614
2618,2615
2618,2616
2618,2617
2618,2618
2618,2625
2618,2626
2618,2627
2618,2628
2618,2629
2618,2630
2618,2634
2618,2635
2618,2636
2619,2139
2619,2140
2619,2141
2619,2142
2619,2143
2619,2144
2619,2610
2619,2611
2619,2612
2619,2613
2619,2614
2619,2615
2619,2619
2619,2620
2619,2621
2619,2622
2619,2623
2619,2624
2619,2625
2619,2626
2619,2627
2620,2139
2620,2140
2620,2141
2620,2142
2620,2143
2620,2144
2620,2610
2620,2611
2620,2612
2620,2613
2620,2614
2620,2615
2620,2619
2620,2620
2620,2621
2620,2622
2620,2623
2620,2624
2620,2625
2620,2626
2620,2627
2621,2139
2621,2140
2621,2141
2621,2142
2621,2143
2621,2144
2621,2610
2621,2611
2621,2612
2621,2613
2621,2614
2621,2615
2621,2619
2621,2620
2621,2621
2621,2622
2621,2623
2621,2624
2621,2625
2621,2626
2621,2627
2622,2136
2622,2137
2622,2138
2622,2139
2622,2140
2622,2141
2622,2415
2622,2416
2622,2417
2622,2418
2622,2419
2622,2420
2622,2610
2622,2611
2622,2612
2622,2619
2622,2620
2622,2621
2622,2622
2622,2623
2622,2624
2623,2136
2623,2137
2623,2138
2623,2139
2623,2140
2623,2141
2623,2415
2623,2416
2623,2417
2623,2418
2623,2419
2623,2420
2623,2610
2623,2611
2623,2612
2623,2619
2623,2620
2623,2621
2623,2622
2623,2623
2623,2624
2624,2136
2624,2137
2624,2138
2624,2139
2624,2140
2624,2141
2624,2415
2624,2416
2624,2417
2624,2418
2624,2419
2624,2420
2624,2610
2624,2611
2624,2612
2624,2619
2624,2620
2624,2621
2624,2622
2624,2623
2624,2624
2625,2142
2625,2143
2625,2144
2625,2145
2625,2146
2625,2147
2625,2583
2625,2584
2625,2585
2625,2613
2625,2614
2625,2615
2625,2616
2625,2617
2625,2618
2625,2619
2625,2620
2625,2621
2625,2625
2625,2626
2625,2627
2626,2142
2626,2143
2626,2144
2626,2145
2626,2146
2626,2147
2626,2583
2626,2584
2626,2585
2626,2613
2626,2614
2626,2615
2626,2616
2626,2617
2626,2618
2626,2619
2626,2620
2626,2621
2626,2625
2626,2626
2626,2627
2627,2142
2627,2143
2627,2144
2627,2145
2627,2146
2627,2147
2627,2583
2627,2584
2627,2585
2627,2613
2627,2614
2627,2615
2627,2616
2627,2617
2627,2618
2627,2619
2627,2620
2627,2621
2627,2625
2627,2626
2627,2627
2628,2541
2628,2542
2628,2543
2628,2544
2628,2545
2628,2546
2628,2613
2628,2614
2628,2615
2628,2616
2628,2617
2628,2618
2628,2628
2628,2629
2628,2630
2628,2631
2628,2632
2628,2633
2628,2634
2628,2635
2628,2636
2629,2541
2629,2542
2629,2543
2629,2544
2629,2545
2629,2546
2629,2613
2629,2614
2629,2615
2629,2616
2629,2617
2629,2618
2629,2628
2629,2629
2629,2630
2629,2631
2629,2632
2629,2633
2629,2634
2629,2635
2629,2636
2630,2541
2630,2542
2630,2543
2630,2544
2630,2545
2630,2546
2630,2613
2630,2614
2630,2615
2630,2616
2630,2617
2630,2618
2630,2628
2630,2629
2630,2630
2630,2631
2630,2632
2630,2633
2630,2634
2630,2635
2630,2636
2631,2409
2631,2410
2631,2411
2631,2412
2631,2413
2631,2414
2631,2544
2631,2545
2631,2546
2631,2610
2631,2611
2631,2612
2631,2613
2631,2614
2631,2615
2631,2628
2631,2629
2631,2630
2631,2631
2631,2632
2631,2633
2632,2409
2632,2410
2632,2411
2632,2412
2632,2413
2632,2414
2632,2544
2632,2545
2632,2546
2632,2610
2632,2611
2632,2612
2632,2613
2632,2614
2632,2615
2632,2628
2632,2629
2632,2630
2632,2631
2632,2632
2632,2633
2633,2409
2633,2410
2633,2411
2633,2412
2633,2413
2633,2414
2633,2544
2633,2545
2633,2546
2633,2610
2633,2611
2633,2612
2633,2613
2633,2614
2633,2615
2633,2628
2633,2629
2633,2630
2633,2631
2633,2632
2633,2633
2634,2538
2634,2539
2634,2540
2634,2541
2634,2542
2634,2543
2634,2586
2634,2587
2634,2588
2634,2589
2634,2590
2634,2591
2634,2616
2634,2617
2634,2618
2634,2628
2634,2629
2634,2630
2634,2634
2634,2635
2634,2636
2635,2538
2635,2539
2635,2540
2635,2541
2635,2542
2635,2543
2635,2586
2635,2587
2635,2588
2635,2589
2635,2590
2635,2591
2635,2616
2635,2617
2635,2618
2635,2628
2635,2629
2635,2630
2635,2634
2635,2635
2635,2636
2636,2538
2636,2539
2636,2540
2636,2541
2636,2542
2636,2543
2636,2586
2636,2587
2636,2588
2636,2589
2636,2590
2636,2591
2636,2616
2636,2617
2636,2618
2636,2628
2636,2629
2636,2630
2636,2634
2636,2635
2636,2636
2637,1122
2637,1123
2637,1124
2637,1125
2637,1126
2637,1127
2637,2637
2637,2638
2637,2639
2637,2640
2637,2641
2637,2642
2637,2844
2637,2845
2637,2846
2637,2847
2637,2848
2637,2849
2637,3321
2637,3322
2637,3323
2638,1122
2638,1123
2638,1124
2638,1125
2638,1126
2638,1127
2638,2637
2638,2638
2638,2639
2638,2640
2638,2641
2638,2642
2638,2844
2638,2845
2638,2846
2638,2847
2638,2848
2638,2849
2638,3321
2638,3322
2638,3323
2639,1122
2639,1123
2639,1124
2639,1125
2639,1126
2639,1127
2639,2637
2639,2638
2639,2639
2639,2640
2639,2641
2639,2642
2639,2844
2639,2845
2639,2846
2639,2847
2639,2848
2639,2849
2639,3321
2639,3322
2639,3323
2640,2637
2640,2638
2640,2639
2640,2640
2640,2641
2640,2642
2640,2643
2640,2644
2640,2645
2640,2826
2640,2827
2640,2828
2640,2844
2640,2845
2640,2846
2640,3318
2640,3319
2640,3320
2640,3321
2640,3322
2640,3323
2641,2637
2641,2638
2641,2639
2641,2640
2641,2641
2641,2642
2641,2643
2641,2644
2641,2645
2641,2826
2641,2827
2641,2828
2641,2844
2641,2845
2641,2846
2641,3318
2641,3319
2641,3320
2641,3321
2641,3322
2641,3323
2642,2637
2642,2638
2642,2639
2642,2640
2642,2641
2642,2642
2642,2643
2642,2644
2642,2645
2642,2826
2642,2827
2642,2828
2642,2844
2642,2845
2642,2846
2642,3318
2642,3319
2642,3320
2642,3321
2642,3322
2642,3323
2643,2640
2643,2641
2643,2642
2643,2643
2643,2644
2643,2645
2643,2646
2643,2647
2643,2648
2643,2826
2643,2827
2643,2828
2643,2877
2643,2878
2643,2879
2643,3318
2643,3319
2643,3320
2643,3324
2643,3325
2643,3326
2644,2640
2644,2641
2644,2642
2644,2643
2644,2644
2644,2645
2644,2646
2644,2647
2644,2648
2644,2826
2644,2827
2644,2828
2644,2877
2644,2878
2644,2879
2644,3318
2644,3319
2644,3320
2644,3324
2644,3325
2644,3326
2645,2640
2645,2641
2645,2642
2645,2643
2645,2644
2645,2645
2645,2646
2645,2647
2645,2648
2645,2826
2645,2827
2645,2828
2645,2877
2645,2878
2645,2879
2645,3318
2645,3319
2645,3320
2645,3324
2645,3325
2645,3326
2646,2643
2646,2644
2646,2645
2646,2646
2646,2647
2646,2648
2646,2649
2646,2650
2646,2651
2646,2871
2646,2872
2646,2873
2646,2877
2646,2878
2646,2879
2646,3273
2646,3274
2646,3275
2646,3324
2646,3325
2646,3326
2647,2643
2647,2644
2647,2645
2647,2646
2647,2647
2647,2648
2647,2649
2647,2650
2647,2651
2647,2871
2647,2872
2647,2873
2647,2877
2647,2878
2647,2879
2647,3273
2647,3274
2647,3275
2647,3324
2647,3325
2647,3326
2648,2643
2648,2644
2648,2645
2648,2646
2648,2647
2648,2648
2648,2649
2648,2650
2648,2651
2648,2871
2648,2872
2648,2873
2648,2877
2648,2878
2648,2879
2648,3273
2648,3274
2648,3275
2648,3324
2648,3325
2648,3326
2649,2646
2649,2647
2649,2648
2649,2649
2649,2650
2649,2651
2649,2652
2649,2653
2649,2654
2649,2871
2649,2872
2649,2873
2649,2874
2649,2875
2649,2876
2649,3273
2649,3274
2649,3275
2649,3291
2649,3292
2649,3293
2650,2646
2650,2647
2650,2648
2650,2649
2650,2650
2650,2651
2650,2652
2650,2653
2650,2654
2650,2871
2650,2872
2650,2873
2650,2874
2650,2875
2650,2876
2650,3273
2650,3274
2650,3275
2650,3291
2650,3292
2650,3293
2651,2646
2651,2647
2651,2648
2651,2649
2651,2650
2651,2651
2651,2652
2651,2653
2651,2654
2651,2871
2651,2872
2651,2873
2651,2874
2651,2875
2651,2876
2651,3273
2651,3274
2651,3275
2651,3291
2651,3292
2651,3293
2652,2649
2652,2650
2652,2651
2652,2652
2652,2653
2652,2654
2652,2655
2652,2656
2652,2657
2652,2676
2652,2677
2652,2678
2652,2874
2652,2875
2652,2876
2652,3291
2652,3292
2652,3293
2652,3294
2652,3295
2652,3296
2653,2649
2653,2650
2653,2651
2653,2652
2653,2653
2653,2654
2653,2655
2653,2656
2653,2657
2653,2676
2653,2677
2653,2678
2653,2874
2653,2875
2653,2876
2653,3291
2653,3292
2653,3293
2653,3294
2653,3295
2653,3296
2654,2649
2654,2650
2654,2651
2654,2652
2654,2653
2654,2654
2654,2655
2654,2656
2654,2657
2654,2676
2654,2677
2654,2678
2654,2874
2654,2875
2654,2876
2654,3291
2654,3292
2654,3293
2654,3294
2654,3295
2654,3296
2655,2652
2655,2653
2655,2654
2655,2655
2655,2656
2655,2657
2655,2658
2655,2659
2655,2660
2655,2676
2655,2677
2655,2678
2655,3081
2655,3082
2655,3083
2655,3180
2655,3181
2655,3182
2655,3294
2655,3295
2655,3296
2656,2652
2656,2653
2656,2654
2656,2655
2656,2656
2656,2657
2656,2658
2656,2659
2656,2660
2656,2676
2656,2677
2656,2678
2656,3081
2656,3082
2656,3083
2656,3180
2656,3181
2656,3182
2656,3294
2656,3295
2656,3296
2657,2652
2657,2653
2657,2654
2657,2655
2657,2656
2657,2657
2657,2658
2657,2659
2657,2660
2657,2676
2657,2677
2657,2678
2657,3081
2657,3082
2657,3083
2657,3180
2657,3181
2657,3182
2657,3294
2657,3295
2657,3296
2658,2655
2658,2656
2658,2657
2658,2658
2658,2659
2658,2660
2658,2661
2658,2662
2658,2663
2658,3075
2658,3076
2658,3077
2658,3081
2658,3082
2658,3083
2658,3180
2658,3181
2658,3182
2658,3393
2658,3394
2658,3395
2659,2655
2659,2656
2659,2657
2659,2658
2659,2659
2659,2660
2659,2661
2659,2662
2659,2663
2659,3075
2659,3076
2659,3077
2659,3081
2659,3082
2659,3083
2659,3180
2659,3181
2659,3182
2659,3393
2659,3394
2659,3395
2660,2655
2660,2656
2660,2657
2660,2658
2660,2659
2660,2660
2660,2661
2660,2662
2660,2663
2660,3075
2660,3076
2660,3077
2660,3081
2660,3082
2660,3083
2660,3180
2660,3181
2660,3182
2660,3393
2660,3394
2660,3395
2661,2658
2661,2659
2661,2660
2661,2661
2661,2662
2661,2663
2661,2664
2661,2665
2661,2666
2661,3048
2661,3049
2661,3050
2661,3075
2661,3076
2661,3077
2661,3387
2661,3388
2661,3389
2661,3393
2661,3394
2661,3395
2662,2658
2662,2659
2662,2660
2662,2661
2662,2662
2662,2663
2662,2664
2662,2665
2662,2666
2662,3048
2662,3049
2662,3050
2662,3075
2662,3076
2662,3077
2662,3387
2662,3388
2662,3389
2662,3393
2662,3394
2662,3395
2663,2658
2663,2659
2663,2660
2663,2661
2663,2662
2663,2663
2663,2664
2663,2665
2663,2666
2663,3048
2663,3049
2663,3050
2663,3075
2663,3076
2663,3077
2663,3387
2663,3388
2663,3389
2663,3393
2663,3394
2663,3395
2664,2661
2664,2662
2664,2663
2664,2664
2664,2665
2664,2666
2664,2667
2664,2668
2664,2669
2664,3048
2664,3049
2664,3050
2664,3126
2664,3127
2664,3128
2664,3372
2664,3373
2664,3374
2664,3387
2664,3388
2664,3389
2665,2661
2665,2662
2665,2663
2665,2664
2665,2665
2665,2666
2665,2667
2665,2668
2665,2669
2665,3048
2665,3049
2665,3050
2665,3126
2665,3127
2665,3128
2665,3372
2665,3373
2665,3374
2665,3387
2665,3388
2665,3389
2666,2661
2666,2662
2666,2663
2666,2664
2666,2665
2666,2666
2666,2667
2666,2668
2666,2669
2666,3048
2666,3049
2666,3050
2666,3126
2666,3127
2666,3128
2666,3372
2666,3373
2666,3374
2666,3387
2666,3388
2666,3389
2667,2664
2667,2665
2667,2666
2667,2667
2667,2668
2667,2669
2667,2670
2667,2671
2667,2672
2667,3114
2667,3115
2667,3116
2667,3126
2667,3127
2667,3128
2667,3372
2667,3373
2667,3374
2667,3429
2667,3430
2667,3431
2668,2664
2668,2665
2668,2666
2668,2667
2668,2668
2668,2669
2668,2670
2668,2671
2668,2672
2668,3114
2668,3115
2668,3116
2668,3126
2668,3127
2668,3128
2668,3372
2668,3373
2668,3374
2668,3429
2668,3430
2668,3431
2669,2664
2669,2665
2669,2666
2669,2667
2669,2668
2669,2669
2669,2670
2669,2671
2669,2672
2669,3114
2669,3115
2669,3116
2669,3126
2669,3127
2669,3128
2669,3372
2669,3373
2669,3374
2669,3429
2669,3430
2669,3431
2670,2667
2670,2668
2670,2669
2670,2670
2670,2671
2670,2672
2670,2673
2670,2674
2670,2675
2670,3114
2670,3115
2670,3116
2670,3120
2670,3121
2670,3122
2670,3417
2670,3418
2670,3419
2670,3429
2670,3430
2670,3431
2671,2667
2671,2668
2671,2669
2671,2670
2671,2671
2671,2672
2671,2673
2671,2674
2671,2675
2671,3114
2671,3115
2671,3116
2671,3120
2671,3121
2671,3122
2671,3417
2671,3418
2671,3419
2671,3429
2671,3430
2671,3431
2672,2667
2672,2668
2672,2669
2672,2670
2672,2671
2672,2672
2672,2673
2672,2674
2672,2675
2672,3114
2672,3115
2672,3116
2672,3120
2672,3121
2672,3122
2672,3417
2672,3418
2672,3419
2672,3429
2672,3430
2672,3431
2673,1410
2673,1411
2673,1412
2673,1413
2673,1414
2673,1415
2673,2670
2673,2671
2673,2672
2673,2673
2673,2674
2673,2675
2673,3120
2673,3121
2673,3122
2673,3417
2673,3418
2673,3419
2673,3423
2673,3424
2673,3425
2674,1410
2674,1411
2674,1412
2674,1413
2674,1414
2674,1415
2674,2670
2674,2671
2674,2672
2674,2673
2674,2674
2674,2675
2674,3120
2674,3121
2674,3122
2674,3417
2674,3418
2674,3419
2674,3423
2674,3424
2674,3425
2675,1410
2675,1411
2675,1412
2675,1413
2675,1414
2675,1415
2675,2670
2675,2671
2675,2672
2675,2673
2675,2674
2675,2675
2675,3120
2675,3121
2675,3122
2675,3417
2675,3418
2675,3419
2675,3423
2675,3424
2675,3425
2676,2652
2676,2653
2676,2654
2676,2655
2676,2656
2676,2657
2676,2676
2676,2677
2676,2678
2676,2679
2676,2680
2676,2681
2676,2874
2676,2875
2676,2876
2676,3078
2676,3079
2676,3080
2676,3081
2676,3082
2676,3083
2677,2652
2677,2653
2677,2654
2677,2655
2677,2656
2677,2657
2677,2676
2677,2677
2677,2678
2677,2679
2677,2680
2677,2681
2677,2874
2677,2875
2677,2876
2677,3078
2677,3079
2677,3080
2677,3081
2677,3082
2677,3083
2678,2652
2678,2653
2678,2654
2678,2655
2678,2656
2678,2657
2678,2676
2678,2677
2678,2678
2678,2679
2678,2680
2678,2681
2678,2874
2678,2875
2678,2876
2678,3078
2678,3079
2678,3080
2678,3081
2678,3082
2678,3083
2679,2676
2679,2677
2679,2678
2679,2679
2679,2680
2679,2681
2679,2682
2679,2683
2679,2684
2679,2862
2679,2863
2679,2864
2679,2874
2679,2875
2679,2876
2679,3069
2679,3070
2679,3071
2679,3078
2679,3079
2679,3080
2680,2676
2680,2677
2680,2678
2680,2679
2680,2680
2680,2681
2680,2682
2680,2683
2680,2684
2680,2862
2680,2863
2680,2864
2680,2874
2680,2875
2680,2876
2680,3069
2680,3070
2680,3071
2680,3078
2680,3079
2680,3080
2681,2676
2681,2677
2681,2678
2681,2679
2681,2680
2681,2681
2681,2682
2681,2683
2681,2684
2681,2862
2681,2863
2681,2864
2681,2874
2681,2875
2681,2876
2681,3069
2681,3070
2681,3071
2681,3078
2681,3079
2681,3080
2682,2679
2682,2680
2682,2681
2682,2682
2682,2683
2682,2684
2682,2685
2682,2686
2682,2687
2682,2862
2682,2863
2682,2864
2682,2889
2682,2890
2682,2891
2682,3069
2682,3070
2682,3071
2682,3093
2682,3094
2682,3095
2683,2679
2683,2680
2683,2681
2683,2682
2683,2683
2683,2684
2683,2685
2683,2686
2683,2687
2683,2862
2683,2863
2683,2864
2683,2889
2683,2890
2683,2891
2683,3069
2683,3070
2683,3071
2683,3093
2683,3094
2683,3095
2684,2679
2684,2680
2684,2681
2684,2682
2684,2683
2684,2684
2684,2685
2684,2686
2684,2687
2684,2862
2684,2863
2684,2864
2684,2889
2684,2890
2684,2891
2684,3069
2684,3070
2684,3071
2684,3093
2684,3094
2684,3095
2685,2682
2685,2683
2685,2684
2685,2685
2685,2686
2685,2687
2685,2688
2685,2689
2685,2690
2685,2886
2685,2887
2685,2888
2685,2889
2685,2890
2685,2891
2685,3087
2685,3088
2685,3089
2685,3093
2685,3094
2685,3095
2686,2682
2686,2683
2686,2684
2686,2685
2686,2686
2686,2687
2686,2688
2686,2689
2686,2690
2686,2886
2686,2887
2686,2888
2686,2889
2686,2890
2686,2891
2686,3087
2686,3088
2686,3089
2686,3093
2686,3094
2686,3095
2687,2682
2687,2683
2687,2684
2687,2685
2687,2686
2687,2687
2687,2688
2687,2689
2687,2690
2687,2886
2687,2887
2687,2888
2687,2889
2687,2890
2687,2891
2687,3087
2687,3088
2687,3089
2687,3093
2687,3094
2687,3095
2688,2685
2688,2686
2688,2687
2688,2688
2688,2689
2688,2690
2688,2691
2688,2692
2688,2693
2688,2727
2688,2728
2688,2729
2688,2886
2688,2887
2688,2888
2688,3087
2688,3088
2688,3089
2688,3099
2688,3100
2688,3101
2689,2685
2689,2686
2689,2687
2689,2688
2689,2689
2689,2690
2689,2691
2689,2692
2689,2693
2689,2727
2689,2728
2689,2729
2689,2886
2689,2887
2689,2888
2689,3087
2689,3088
2689,3089
2689,3099
2689,3100
2689,3101
2690,2685
2690,2686
2690,2687
2690,2688
2690,2689
2690,2690
2690,2691
2690,2692
2690,2693
2690,2727
2690,2728
2690,2729
2690,2886
2690,2887
2690,2888
2690,3087
2690,3088
2690,3089
2690,3099
2690,3100
2690,3101
2691,2688
2691,2689
2691,2690
2691,2691
2691,2692
2691,2693
2691,2694
2691,2695
2691,2696
2691,2727
2691,2728
2691,2729
2691,2820
2691,2821
2691,2822
2691,2898
2691,2899
2691,2900
2691,3099
2691,3100
2691,3101
2692,2688
2692,2689
2692,2690
2692,2691
2692,2692
2692,2693
2692,2694
2692,2695
2692,2696
2692,2727
2692,2728
2692,2729
2692,2820
2692,2821
2692,2822
2692,2898
2692,2899
2692,2900
2692,3099
2692,3100
2692,3101
2693,2688
2693,2689
2693,2690
2693,2691
2693,2692
2693,2693
2693,2694
2693,2695
2693,2696
2693,2727
2693,2728
2693,2729
2693,2820
2693,2821
2693,2822
2693,2898
2693,2899
2693,2900
2693,3099
2693,3100
2693,3101
2694,2691
2694,2692
2694,2693
2694,2694
2694,2695
2694,2696
2694,2697
2694,2698
2694,2699
2694,2820
2694,2821
2694,2822
2694,2823
2694,2824
2694,2825
2694,2898
2694,2899
2694,2900
2694,2961
2694,2962
2694,2963
2695,2691
2695,2692
2695,2693
2695,2694
2695,2695
2695,2696
2695,2697
2695,2698
2695,2699
2695,2820
2695,2821
2695,2822
2695,2823
2695,2824
2695,2825
2695,2898
2695,2899
2695,2900
2695,2961
2695,2962
2695,2963
2696,2691
2696,2692
2696,2693
2696,2694
2696,2695
2696,2696
2696,2697
2696,2698
2696,2699
2696,2820
2696,2821
2696,2822
2696,2823
2696,2824
2696,2825
2696,2898
2696,2899
2696,2900
2696,2961
2696,2962
2696,2963
2697,2694
2697,2695
2697,2696
2697,2697
2697,2698
2697,2699
2697,2700
2697,2701
2697,2702
2697,2775
2697,2776
2697,2777
2697,2823
2697,2824
2697,2825
2697,2961
2697,2962
2697,2963
2697,2964
2697,2965
2697,2966
2698,2694
2698,2695
2698,2696
2698,2697
2698,2698
2698,2699
2698,2700
2698,2701
2698,2702
2698,2775
2698,2776
2698,2777
2698,2823
2698,2824
2698,2825
2698,2961
2698,2962
2698,2963
2698,2964
2698,2965
2698,2966
2699,2694
2699,2695
2699,2696
2699,2697
2699,2698
2699,2699
2699,2700
2699,2701
2699,2702
2699,2775
2699,2776
2699,2777
2699,2823
2699,2824
2699,2825
2699,2961
2699,2962
2699,2963
2699,2964
2699,2965
2699,2966
2700,2697
2700,2698
2700,2699
2700,2700
2700,2701
2700,2702
2700,2703
2700,2704
2700,2705
2700,2775
2700,2776
2700,2777
2700,2805
2700,2806
2700,2807
2700,2937
2700,2938
2700,2939
2700,2964
2700,2965
2700,2966
2701,2697
2701,2698
2701,2699
2701,2700
2701,2701
2701,2702
2701,2703
2701,2704
2701,2705
2701,2775
2701,2776
2701,2777
2701,2805
2701,2806
2701,2807
2701,2937
2701,2938
2701,2939
2701,2964
2701,2965
2701,2966
2702,2697
2702,2698
2702,2699
2702,2700
2702,2701
2702,2702
2702,2703
2702,2704
2702,2705
2702,2775
2702,2776
2702,2777
2702,2805
2702,2806
2702,2807
2702,2937
2702,2938
2702,2939
2702,2964
2702,2965
2702,2966
2703,2700
2703,2701
2703,2702
2703,2703
2703,2704
2703,2705
2703,2706
2703,2707
2703,2708
2703,2796
2703,2797
2703,2798
2703,2805
2703,2806
2703,2807
2703,2937
2703,2938
2703,2939
2703,2955
2703,2956
2703,2957
2704,2700
2704,2701
2704,2702
2704,2703
2704,2704
2704,2705
2704,2706
2704,2707
2704,2708
2704,2796
2704,2797
2704,2798
2704,2805
2704,2806
2704,2807
2704,2937
2704,2938
2704,2939
2704,2955
2704,2956
2704,2957
2705,2700
2705,2701
2705,2702
2705,2703
2705,2704
2705,2705
2705,2706
2705,2707
2705,2708
2705,2796
2705,2797
2705,2798
2705,2805
2705,2806
2705,2807
2705,2937
2705,2938
2705,2939
2705,2955
2705,2956
2705,2957
2706,2703
2706,2704
2706,2705
2706,2706
2706,2707
2706,2708
2706,2709
2706,2710
2706,2711
2706,2796
2706,2797
2706,2798
2706,2799
2706,2800
2706,2801
2706,2943
2706,2944
2706,2945
2706,2955
2706,2956
2706,2957
2707,2703
2707,2704
2707,2705
2707,2706
2707,2707
2707,2708
2707,2709
2707,2710
2707,2711
2707,2796
2707,2797
2707,2798
2707,2799
2707,2800
2707,2801
2707,2943
2707,2944
2707,2945
2707,2955
2707,2956
2707,2957
2708,2703
2708,2704
2708,2705
2708,2706
2708,2707
2708,2708
2708,2709
2708,2710
2708,2711
2708,2796
2708,2797
2708,2798
2708,2799
2708,2800
2708,2801
2708,2943
2708,2944
2708,2945
2708,2955
2708,2956
2708,2957
2709,1074
2709,1075
2709,1076
2709,2706
2709,2707
2709,2708
2709,2709
2709,2710
2709,2711
2709,2799
2709,2800
2709,2801
2709,2802
2709,2803
2709,2804
2709,2943
2709,2944
2709,2945
2709,2949
2709,2950
2709,2951
2710,1074
2710,1075
2710,1076
2710,2706
2710,2707
2710,2708
2710,2709
2710,2710
2710,2711
2710,2799
2710,2800
2710,2801
2710,2802
2710,2803
2710,2804
2710,2943
2710,2944
2710,2945
2710,2949
2710,2950
2710,2951
2711,1074
2711,1075
2711,1076
2711,2706
2711,2707
2711,2708
2711,2709
2711,2710
2711,2711
2711,2799
2711,2800
2711,2801
2711,2802
2711,2803
2711,2804
2711,2943
2711,2944
2711,2945
2711,2949
2711,2950
2711,2951
2712,1107
2712,1108
2712,1109
2712,1110
2712,1111
2712,1112
2712,2712
2712,2713
2712,2714
2712,2715
2712,2716
2712,2717
2712,2763
2712,2764
2712,2765
2712,2766
2712,2767
2712,2768
2712,2856
2712,2857
2712,2858
2713,1107
2713,1108
2713,1109
2713,1110
2713,1111
2713,1112
2713,2712
2713,2713
2713,2714
2713,2715
2713,2716
2713,2717
2713,2763
2713,2764
2713,2765
2713,2766
2713,2767
2713,2768
2713,2856
2713,2857
2713,2858
2714,1107
2714,1108
2714,1109
2714,1110
2714,1111
2714,1112
2714,2712
2714,2713
2714,2714
2714,2715
2714,2716
2714,2717
2714,2763
2714,2764
2714,2765
2714,2766
2714,2767
2714,2768
2714,2856
2714,2857
2714,2858
2715,2712
2715,2713
2715,2714
2715,2715
2715,2716
2715,2717
2715,2718
2715,2719
2715,2720
2715,2730
2715,2731
2715,2732
2715,2766
2715,2767
2715,2768
2715,2850
2715,2851
2715,2852
2715,2856
2715,2857
2715,2858
2716,2712
2716,2713
2716,2714
2716,2715
2716,2716
2716,2717
2716,2718
2716,2719
2716,2720
2716,2730
2716,2731
2716,2732
2716,2766
2716,2767
2716,2768
2716,2850
2716,2851
2716,2852
2716,2856
2716,2857
2716,2858
2717,2712
2717,2713
2717,2714
2717,2715
2717,2716
2717,2717
2717,2718
2717,2719
2717,2720
2717,2730
2717,2731
2717,2732
2717,2766
2717,2767
2717,2768
2717,2850
2717,2851
2717,2852
2717,2856
2717,2857
2717,2858
2718,2715
2718,2716
2718,2717
2718,2718
2718,2719
2718,2720
2718,2721
2718,2722
2718,2723
2718,2730
2718,2731
2718,2732
2718,2814
2718,2815
2718,2816
2718,2835
2718,2836
2718,2837
2718,2850
2718,2851
2718,2852
2719,2715
2719,2716
2719,2717
2719,2718
2719,2719
2719,2720
2719,2721
2719,2722
2719,2723
2719,2730
2719,2731
2719,2732
2719,2814
2719,2815
2719,2816
2719,2835
2719,2836
2719,2837
2719,2850
2719,2851
2719,2852
2720,2715
2720,2716
2720,2717
2720,2718
2720,2719
2720,2720
2720,2721
2720,2722
2720,2723
2720,2730
2720,2731
2720,2732
2720,2814
2720,2815
2720,2816
2720,2835
2720,2836
2720,2837
2720,2850
2720,2851
2720,2852
2721,2718
2721,2719
2721,2720
2721,2721
2721,2722
2721,2723
2721,2724
2721,2725
2721,2726
2721,2808
2721,2809
2721,2810
2721,2814
2721,2815
2721,2816
2721,2835
2721,2836
2721,2837
2721,2892
2721,2893
2721,2894
2722,2718
2722,2719
2722,2720
2722,2721
2722,2722
2722,2723
2722,2724
2722,2725
2722,2726
2722,2808
2722,2809
2722,2810
2722,2814
2722,2815
2722,2816
2722,2835
2722,2836
2722,2837
2722,2892
2722,2893
2722,2894
2723,2718
2723,2719
2723,2720
2723,2721
2723,2722
2723,2723
2723,2724
2723,2725
2723,2726
2723,2808
2723,2809
2723,2810
2723,2814
2723,2815
2723,2816
2723,2835
2723,2836
2723,2837
2723,2892
2723,2893
2723,2894
2724,2721
2724,2722
2724,2723
2724,2724
2724,2725
2724,2726
2724,2727
2724,2728
2724,2729
2724,2808
2724,2809
2724,2810
2724,2820
2724,2821
2724,2822
2724,2880
2724,2881
2724,2882
2724,2892
2724,2893
2724,2894
2725,2721
2725,2722
2725,2723
2725,2724
2725,2725
2725,2726
2725,2727
2725,2728
2725,2729
2725,2808
2725,2809
2725,2810
2725,2820
2725,2821
2725,2822
2725,2880
2725,2881
2725,2882
2725,2892
2725,2893
2725,2894
2726,2721
2726,2722
2726,2723
2726,2724
2726,2725
2726,2726
2726,2727
2726,2728
2726,2729
2726,2808
2726,2809
2726,2810
2726,2820
2726,2821
2726,2822
2726,2880
2726,2881
2726,2882
2726,2892
2726,2893
2726,2894
2727,2688
2727,2689
2727,2690
2727,2691
2727,2692
2727,2693
2727,2724
2727,2725
2727,2726
2727,2727
2727,2728
2727,2729
2727,2820
2727,2821
2727,2822
2727,2880
2727,2881
2727,2882
2727,2886
2727,2887
2727,2888
2728,2688
2728,2689
2728,2690
2728,2691
2728,2692
2728,2693
2728,2724
2728,2725
2728,2726
2728,2727
2728,2728
2728,2729
2728,2820
2728,2821
2728,2822
2728,2880
2728,2881
2728,2882
2728,2886
2728,2887
2728,2888
2729,2688
2729,2689
2729,2690
2729,2691
2729,2692
2729,2693
2729,2724
2729,2725
2729,2726
2729,2727
2729,2728
2729,2729
2729,2820
2729,2821
2729,2822
2729,2880
2729,2881
2729,2882
2729,2886
2729,2887
2729,2888
2730,2715
2730,2716
2730,2717
2730,2718
2730,2719
2730,2720
2730,2730
2730,2731
2730,2732
2730,2733
2730,2734
2730,2735
2730,2766
2730,2767
2730,2768
2730,2814
2730,2815
2730,2816
2730,2817
2730,2818
2730,2819
2731,2715
2731,2716
2731,2717
2731,2718
2731,2719
2731,2720
2731,2730
2731,2731
2731,2732
2731,2733
2731,2734
2731,2735
2731,2766
2731,2767
2731,2768
2731,2814
2731,2815
2731,2816
2731,2817
2731,2818
2731,2819
2732,2715
2732,2716
2732,2717
2732,2718
2732,2719
2732,2720
2732,2730
2732,2731
2732,2732
2732,2733
2732,2734
2732,2735
2732,2766
2732,2767
2732,2768
2732,2814
2732,2815
2732,2816
2732,2817
2732,2818
2732,2819
2733,2730
2733,2731
2733,2732
2733,2733
2733,2734
2733,2735
2733,2736
2733,2737
2733,2738
2733,2748
2733,2749
2733,2750
2733,2766
2733,2767
2733,2768
2733,2769
2733,2770
2733,2771
2733,2817
2733,2818
2733,2819
2734,2730
2734,2731
2734,2732
2734,2733
2734,2734
2734,2735
2734,2736
2734,2737
2734,2738
2734,2748
2734,2749
2734,2750
2734,2766
2734,2767
2734,2768
2734,2769
2734,2770
2734,2771
2734,2817
2734,2818
2734,2819
2735,2730
2735,2731
2735,2732
2735,2733
2735,2734
2735,2735
2735,2736
2735,2737
2735,2738
2735,2748
2735,2749
2735,2750
2735,2766
2735,2767
2735,2768
2735,2769
2735,2770
2735,2771
2735,2817
2735,2818
2735,2819
2736,2733
2736,2734
2736,2735
2736,2736
2736,2737
2736,2738
2736,2739
2736,2740
2736,2741
2736,2748
2736,2749
2736,2750
2736,2760
2736,2761
2736,2762
2736,2769
2736,2770
2736,2771
2736,2793
2736,2794
2736,2795
2737,2733
2737,2734
2737,2735
2737,2736
2737,2737
2737,2738
2737,2739
2737,2740
2737,2741
2737,2748
2737,2749
2737,2750
2737,2760
2737,2761
2737,2762
2737,2769
2737,2770
2737,2771
2737,2793
2737,2794
2737,2795
2738,2733
2738,2734
2738,2735
2738,2736
2738,2737
2738,2738
2738,2739
2738,2740
2738,2741
2738,2748
2738,2749
2738,2750
2738,2760
2738,2761
2738,2762
2738,2769
2738,2770
2738,2771
2738,2793
2738,2794
2738,2795
2739,2736
2739,2737
2739,2738
2739,2739
2739,2740
2739,2741
2739,2742
2739,2743
2739,2744
2739,2757
2739,2758
2739,2759
2739,2760
2739,2761
2739,2762
2739,2787
2739,2788
2739,2789
2739,2793
2739,2794
2739,2795
2740,2736
2740,2737
2740,2738
2740,2739
2740,2740
2740,2741
2740,2742
2740,2743
2740,2744
2740,2757
2740,2758
2740,2759
2740,2760
2740,2761
2740,2762
2740,2787
2740,2788
2740,2789
2740,2793
2740,2794
2740,2795
2741,2736
2741,2737
2741,2738
2741,2739
2741,2740
2741,2741
2741,2742
2741,2743
2741,2744
2741,2757
2741,2758
2741,2759
2741,2760
2741,2761
2741,2762
2741,2787
2741,2788
2741,2789
2741,2793
2741,2794
2741,2795
2742,1086
2742,1087
2742,1088
2742,1089
2742,1090
2742,1091
2742,2739
2742,2740
2742,2741
2742,2742
2742,2743
2742,2744
2742,2757
2742,2758
2742,2759
2742,2787
2742,2788
2742,2789
2742,2790
2742,2791
2742,2792
2743,1086
2743,1087
2743,1088
2743,1089
2743,1090
2743,1091
2743,2739
2743,2740
2743,2741
2743,2742
2743,2743
2743,2744
2743,2757
2743,2758
2743,2759
2743,2787
2743,2788
2743,2789
2743,2790
2743,2791
2743,2792
2744,1086
2744,1087
2744,1088
2744,1089
2744,1090
2744,1091
2744,2739
2744,2740
2744,2741
2744,2742
2744,2743
2744,2744
2744,2757
2744,2758
2744,2759
2744,2787
2744,2788
2744,2789
2744,2790
2744,2791
2744,2792
2745,1101
2745,1102
2745,1103
2745,1104
2745,1105
2745,1106
2745,2745
2745,2746
2745,2747
2745,2748
2745,2749
2745,2750
2745,2751
2745,2752
2745,2753
2745,2760
2745,2761
2745,2762
2745,2763
2745,2764
2745,2765
2746,1101
2746,1102
2746,1103
2746,1104
2746,1105
2746,1106
2746,2745
2746,2746
2746,2747
2746,2748
2746,2749
2746,2750
2746,2751
2746,2752
2746,2753
2746,2760
2746,2761
2746,2762
2746,2763
2746,2764
2746,2765
2747,1101
2747,1102
2747,1103
2747,1104
2747,1105
2747,1106
2747,2745
2747,2746
2747,2747
2747,2748
2747,2749
2747,2750
2747,2751
2747,2752
2747,2753
2747,2760
2747,2761
2747,2762
2747,2763
2747,2764
2747,2765
2748,2733
2748,2734
2748,2735
2748,2736
2748,2737
2748,2738
2748,2745
2748,2746
2748,2747
2748,2748
2748,2749
2748,2750
2748,2760
2748,2761
2748,2762
2748,2763
2748,2764
2748,2765
2748,2766
2748,2767
2748,2768
2749,2733
2749,2734
2749,2735
2749,2736
2749,2737
2749,2738
2749,2745
2749,2746
2749,2747
2749,2748
2749,2749
2749,2750
2749,2760
2749,2761
2749,2762
2749,2763
2749,2764
2749,2765
2749,2766
2749,2767
2749,2768
2750,2733
2750,2734
2750,2735
2750,2736
2750,2737
2750,2738
2750,2745
2750,2746
2750,2747
2750,2748
2750,2749
2750,2750
2750,2760
2750,2761
2750,2762
2750,2763
2750,2764
2750,2765
2750,2766
2750,2767
2750,2768
2751,1098
2751,1099
2751,1100
2751,1101
2751,1102
2751,1103
2751,2745
2751,2746
2751,2747
2751,2751
2751,2752
2751,2753
2751,2754
2751,2755
2751,2756
2751,2757
2751,2758
2751,2759
2751,2760
2751,2761
2751,2762
2752,1098
2752,1099
2752,1100
2752,1101
2752,1102
2752,1103
2752,2745
2752,2746
2752,2747
2752,2751
2752,2752
2752,2753
2752,2754
2752,2755
2752,2756
2752,2757
2752,2758
2752,2759
2752,2760
2752,2761
2752,2762
2753,1098
2753,1099
2753,1100
2753,1101
2753,1102
2753,1103
2753,2745
2753,2746
2753,2747
2753,2751
2753,2752
2753,2753
2753,2754
2753,2755
2753,2756
2753,2757
2753,2758
2753,2759
2753,2760
2753,2761
2753,2762
2754,1089
2754,1090
2754,1091
2754,1092
2754,1093
2754,1094
2754,1095
2754,1096
2754,1097
2754,1098
2754,1099
2754,1100
2754,2751
2754,2752
2754,2753
2754,2754
2754,2755
2754,2756
2754,2757
2754,2758
2754,2759
2755,1089
2755,1090
2755,1091
2755,1092
2755,1093
2755,1094
2755,1095
2755,1096
2755,1097
2755,1098
2755,1099
2755,1100
2755,2751
2755,2752
2755,2753
2755,2754
2755,2755
2755,2756
2755,2757
2755,2758
2755,2759
2756,1089
2756,1090
2756,1091
2756,1092
2756,1093
2756,1094
2756,1095
2756,1096
2756,1097
2756,1098
2756,1099
2756,1100
2756,2751
2756,2752
2756,2753
2756,2754
2756,2755
2756,2756
2756,2757
2756,2758
2756,2759
2757,1089
2757,1090
2757,1091
2757,2739
2757,2740
2757,2741
2757,2742
2757,2743
2757,2744
2757,2751
2757,2752
2757,2753
2757,2754
2757,2755
2757,2756
2757,2757
2757,2758
2757,2759
2757,2760
2757,2761
2757,2762
2758,1089
2758,1090
2758,1091
2758,2739
2758,2740
2758,2741
2758,2742
2758,2743
2758,2744
2758,2751
2758,2752
2758,2753
2758,2754
2758,2755
2758,2756
2758,2757
2758,2758
2758,2759
2758,2760
2758,2761
2758,2762
2759,1089
2759,1090
2759,1091
2759,2739
2759,2740
2759,2741
2759,2742
2759,2743
2759,2744
2759,2751
2759,2752
2759,2753
2759,2754
2759,2755
2759,2756
2759,2757
2759,2758
2759,2759
2759,2760
2759,2761
2759,2762
2760,2736
2760,2737
2760,2738
2760,2739
2760,2740
2760,2741
2760,2745
2760,2746
2760,2747
2760,2748
2760,2749
2760,2750
2760,2751
2760,2752
2760,2753
2760,2757
2760,2758
2760,2759
2760,2760
2760,2761
2760,2762
2761,2736
2761,2737
2761,2738
2761,2739
2761,2740
2761,2741
2761,2745
2761,2746
2761,2747
2761,2748
2761,2749
2761,2750
2761,2751
2761,2752
2761,2753
2761,2757
2761,2758
2761,2759
2761,2760
2761,2761
2761,2762
2762,2736
2762,2737
2762,2738
2762,2739
2762,2740
2762,2741
2762,2745
2762,2746
2762,2747
2762,2748
2762,2749
2762,2750
2762,2751
2762,2752
2762,2753
2762,2757
2762,2758
2762,2759
2762,2760
2762,2761
2762,2762
2763,1104
2763,1105
2763,1106
2763,1107
2763,1108
2763,1109
2763,2712
2763,2713
2763,2714
2763,2745
2763,2746
2763,2747
2763,2748
2763,2749
2763,2750
2763,2763
2763,2764
2763,2765
2763,2766
2763,2767
2763,2768
2764,1104
2764,1105
2764,1106
2764,1107
2764,1108
2764,1109
2764,2712
2764,2713
2764,2714
2764,2745
2764,2746
2764,2747
2764,2748
2764,2749
2764,2750
2764,2763
2764,2764
2764,2765
2764,2766
2764,2767
2764,2768
2765,1104
2765,1105
2765,1106
2765,1107
2765,1108
2765,1109
2765,2712
2765,2713
2765,2714
2765,2745
2765,2746
2765,2747
2765,2748
2765,2749
2765,2750
2765,2763
2765,2764
2765,2765
2765,2766
2765,2767
2765,2768
2766,2712
2766,2713
2766,2714
2766,2715
2766,2716
2766,2717
2766,2730
2766,2731
2766,2732
2766,2733
2766,2734
2766,2735
2766,2748
2766,2749
2766,2750
2766,2763
2766,2764
2766,2765
2766,2766
2766,2767
2766,2768
2767,2712
2767,2713
2767,2714
2767,2715
2767,2716
2767,2717
2767,2730
2767,2731
2767,2732
2767,2733
2767,2734
2767,2735
2767,2748
2767,2749
2767,2750
2767,2763
2767,2764
2767,2765
2767,2766
2767,2767
2767,2768
2768,2712
2768,2713
2768,2714
2768,2715
2768,2716
2768,2717
2768,2730
2768,2731
2768,2732
2768,2733
2768,2734
2768,2735
2768,2748
2768,2749
2768,2750
2768,2763
2768,2764
2768,2765
2768,2766
2768,2767
2768,2768
2769,2733
2769,2734
2769,2735
2769,2736
2769,2737
2769,2738
2769,2769
2769,2770
2769,2771
2769,2772
2769,2773
2769,2774
2769,2778
2769,2779
2769,2780
2769,2793
2769,2794
2769,2795
2769,2817
2769,2818
2769,2819
2770,2733
2770,2734
2770,2735
2770,2736
2770,2737
2770,2738
2770,2769
2770,2770
2770,2771
2770,2772
2770,2773
2770,2774
2770,2778
2770,2779
2770,2780
2770,2793
2770,2794
2770,2795
2770,2817
2770,2818
2770,2819
2771,2733
2771,2734
2771,2735
2771,2736
2771,2737
2771,2738
2771,2769
2771,2770
2771,2771
2771,2772
2771,2773
2771,2774
2771,2778
2771,2779
2771,2780
2771,2793
2771,2794
2771,2795
2771,2817
2771,2818
2771,2819
2772,2769
2772,2770
2772,2771
2772,2772
2772,2773
2772,2774
2772,2775
2772,2776
2772,2777
2772,2778
2772,2779
2772,2780
2772,2805
2772,2806
2772,2807
2772,2811
2772,2812
2772,2813
2772,2817
2772,2818
2772,2819
2773,2769
2773,2770
2773,2771
2773,2772
2773,2773
2773,2774
2773,2775
2773,2776
2773,2777
2773,2778
2773,2779
2773,2780
2773,2805
2773,2806
2773,2807
2773,2811
2773,2812
2773,2813
2773,2817
2773,2818
2773,2819
2774,2769
2774,2770
2774,2771
2774,2772
2774,2773
2774,2774
2774,2775
2774,2776
2774,2777
2774,2778
2774,2779
2774,2780
2774,2805
2774,2806
2774,2807
2774,2811
2774,2812
2774,2813
2774,2817
2774,2818
2774,2819
2775,2697
2775,2698
2775,2699
2775,2700
2775,2701
2775,2702
2775,2772
2775,2773
2775,2774
2775,2775
2775,2776
2775,2777
2775,2805
2775,2806
2775,2807
2775,2811
2775,2812
2775,2813
2775,2823
2775,2824
2775,2825
2776,2697
2776,2698
2776,2699
2776,2700
2776,2701
2776,2702
2776,2772
2776,2773
2776,2774
2776,2775
2776,2776
2776,2777
2776,2805
2776,2806
2776,2807
2776,2811
2776,2812
2776,2813
2776,2823
2776,2824
2776,2825
2777,2697
2777,2698
2777,2699
2777,2700
2777,2701
2777,2702
2777,2772
2777,2773
2777,2774
2777,2775
2777,2776
2777,2777
2777,2805
2777,2806
2777,2807
2777,2811
2777,2812
2777,2813
2777,2823
2777,2824
2777,2825
2778,2769
2778,2770
2778,2771
2778,2772
2778,2773
2778,2774
2778,2778
2778,2779
2778,2780
2778,2781
2778,2782
2778,2783
2778,2793
2778,2794
2778,2795
2778,2796
2778,2797
2778,2798
2778,2805
2778,2806
2778,2807
2779,2769
2779,2770
2779,2771
2779,2772
2779,2773
2779,2774
2779,2778
2779,2779
2779,2780
2779,2781
2779,2782
2779,2783
2779,2793
2779,2794
2779,2795
2779,2796
2779,2797
2779,2798
2779,2805
2779,2806
2779,2807
2780,2769
2780,2770
2780,2771
2780,2772
2780,2773
2780,2774
2780,2778
2780,2779
2780,2780
2780,2781
2780,2782
2780,2783
2780,2793
2780,2794
2780,2795
2780,2796
2780,2797
2780,2798
2780,2805
2780,2806
2780,2807
2781,2778
2781,2779
2781,2780
2781,2781
2781,2782
2781,2783
2781,2784
2781,2785
2781,2786
2781,2787
2781,2788
2781,2789
2781,2793
2781,2794
2781,2795
2781,2796
2781,2797
2781,2798
2781,2799
2781,2800
2781,2801
2782,2778
2782,2779
2782,2780
2782,2781
2782,2782
2782,2783
2782,2784
2782,2785
2782,2786
2782,2787
2782,2788
2782,2789
2782,2793
2782,2794
2782,2795
2782,2796
2782,2797
2782,2798
2782,2799
2782,2800
2782,2801
2783,2778
2783,2779
2783,2780
2783,2781
2783,2782
2783,2783
2783,2784
2783,2785
2783,2786
2783,2787
2783,2788
2783,2789
2783,2793
2783,2794
2783,2795
2783,2796
2783,2797
2783,2798
2783,2799
2783,2800
2783,2801
2784,1080
2784,1081
2784,1082
2784,2781
2784,2782
2784,2783
2784,2784
2784,2785
2784,2786
2784,2787
2784,2788
2784,2789
2784,2790
2784,2791
2784,2792
2784,2799
2784,2800
2784,2801
2784,2802
2784,2803
2784,2804
2785,1080
2785,1081
2785,1082
2785,2781
2785,2782
2785,2783
2785,2784
2785,2785
2785,2786
2785,2787
2785,2788
2785,2789
2785,2790
2785,2791
2785,2792
2785,2799
2785,2800
2785,2801
2785,2802
2785,2803
2785,2804
2786,1080
2786,1081
2786,1082
2786,2781
2786,2782
2786,2783
2786,2784
2786,2785
2786,2786
2786,2787
2786,2788
2786,2789
2786,2790
2786,2791
2786,2792
2786,2799
2786,2800
2786,2801
2786,2802
2786,2803
2786,2804
2787,2739
2787,2740
2787,2741
2787,2742
2787,2743
2787,2744
2787,2781
2787,2782
2787,2783
2787,2784
2787,2785
2787,2786
2787,2787
2787,2788
2787,2789
2787,2790
2787,2791
2787,2792
2787,2793
2787,2794
2787,2795
2788,2739
2788,2740
2788,2741
2788,2742
2788,2743
2788,2744
2788,2781
2788,2782
2788,2783
2788,2784
2788,2785
2788,2786
2788,2787
2788,2788
2788,2789
2788,2790
2788,2791
2788,2792
2788,2793
2788,2794
2788,2795
2789,2739
2789,2740
2789,2741
2789,2742
2789,2743
2789,2744
2789,2781
2789,2782
2789,2783
2789,2784
2789,2785
2789,2786
2789,2787
2789,2788
2789,2789
2789,2790
2789,2791
2789,2792
2789,2793
2789,2794
2789,2795
2790,1080
2790,1081
2790,1082
2790,1083
2790,1084
2790,1085
2790,1086
2790,1087
2790,1088
2790,2742
2790,2743
2790,2744
2790,2784
2790,2785
2790,2786
2790,2787
2790,2788
2790,2789
2790,2790
2790,2791
2790,2792
2791,1080
2791,1081
2791,1082
2791,1083
2791,1084
2791,1085
2791,1086
2791,1087
2791,1088
2791,2742
2791,2743
2791,2744
2791,2784
2791,2785
2791,2786
2791,2787
2791,2788
2791,2789
2791,2790
2791,2791
2791,2792
2792,1080
2792,1081
2792,1082
2792,1083
2792,1084
2792,1085
2792,1086
2792,1087
2792,1088
2792,2742
2792,2743
2792,2744
2792,2784
2792,2785
2792,2786
2792,2787
2792,2788
2792,2789
2792,2790
2792,2791
2792,2792
2793,2736
2793,2737
2793,2738
2793,2739
2793,2740
2793,2741
2793,2769
2793,2770
2793,2771
2793,2778
2793,2779
2793,2780
2793,2781
2793,2782
2793,2783
2793,2787
2793,2788
2793,2789
2793,2793
2793,2794
2793,2795
2794,2736
2794,2737
2794,2738
2794,2739
2794,2740
2794,2741
2794,2769
2794,2770
2794,2771
2794,2778
2794,2779
2794,2780
2794,2781
2794,2782
2794,2783
2794,2787
2794,2788
2794,2789
2794,2793
2794,2794
2794,2795
2795,2736
2795,2737
2795,2738
2795,2739
2795,2740
2795,2741
2795,2769
2795,2770
2795,2771
2795,2778
2795,2779
2795,2780
2795,2781
2795,2782
2795,2783
2795,2787
2795,2788
2795,2789
2795,2793
2795,2794
2795,2795
2796,2703
2796,2704
2796,2705
2796,2706
2796,2707
2796,2708
2796,2778
2796,2779
2796,2780
2796,2781
2796,2782
2796,2783
2796,2796
2796,2797
2796,2798
2796,2799
2796,2800
2796,2801
2796,2805
2796,2806
2796,2807
2797,2703
2797,2704
2797,2705
2797,2706
2797,2707
2797,2708
2797,2778
2797,2779
2797,2780
2797,2781
2797,2782
2797,2783
2797,2796
2797,2797
2797,2798
2797,2799
2797,2800
2797,2801
2797,2805
2797,2806
2797,2807
2798,2703
2798,2704
2798,2705
2798,2706
2798,2707
2798,2708
2798,2778
2798,2779
2798,2780
2798,2781
2798,2782
2798,2783
2798,2796
2798,2797
2798,2798
2798,2799
2798,2800
2798,2801
2798,2805
2798,2806
2798,2807
2799,2706
2799,2707
2799,2708
2799,2709
2799,2710
2799,2711
2799,2781
2799,2782
2799,2783
2799,2784
2799,2785
2799,2786
2799,2796
2799,2797
2799,2798
2799,2799
2799,2800
2799,2801
2799,2802
2799,2803
2799,2804
2800,2706
2800,2707
2800,2708
2800,2709
2800,2710
2800,2711
2800,2781
2800,2782
2800,2783
2800,2784
2800,2785
2800,2786
2800,2796
2800,2797
2800,2798
2800,2799
2800,2800
2800,2801
2800,2802
2800,2803
2800,2804
2801,2706
2801,2707
2801,2708
2801,2709
2801,2710
2801,2711
2801,2781
2801,2782
2801,2783
2801,2784
2801,2785
2801,2786
2801,2796
2801,2797
2801,2798
2801,2799
2801,2800
2801,2801
2801,2802
2801,2803
2801,2804
2802,1074
2802,1075
2802,1076
2802,1077
2802,1078
2802,1079
2802,1080
2802,1081
2802,1082
2802,2709
2802,2710
2802,2711
2802,2784
2802,2785
2802,2786
2802,2799
2802,2800
2802,2801
2802,2802
2802,2803
2802,2804
2803,1074
2803,1075
2803,1076
2803,1077
2803,1078
2803,1079
2803,1080
2803,1081
2803,1082
2803,2709
2803,2710
2803,2711
2803,2784
2803,2785
2803,2786
2803,2799
2803,2800
2803,2801
2803,2802
2803,2803
2803,2804
2804,1074
2804,1075
2804,1076
2804,1077
2804,1078
2804,1079
2804,1080
2804,1081
2804,1082
2804,2709
2804,2710
2804,2711
2804,2784
2804,2785
2804,2786
2804,2799
2804,2800
2804,2801
2804,2802
2804,2803
2804,2804
2805,2700
2805,2701
2805,2702
2805,2703
2805,2704
2805,2705
2805,2772
2805,2773
2805,2774
2805,2775
2805,2776
2805,2777
2805,2778
2805,2779
2805,2780
2805,2796
2805,2797
2805,2798
2805,2805
2805,2806
2805,2807
2806,2700
2806,2701
2806,2702
2806,2703
2806,2704
2806,2705
2806,2772
2806,2773
2806,2774
2806,2775
2806,2776
2806,2777
2806,2778
2806,2779
2806,2780
2806,2796
2806,2797
2806,2798
2806,2805
2806,2806
2806,2807
2807,2700
2807,2701
2807,2702
2807,2703
2807,2704
2807,2705
2807,2772
2807,2773
2807,2774
2807,2775
2807,2776
2807,2777
2807,2778
2807,2779
2807,2780
2807,2796
2807,2797
2807,2798
2807,2805
2807,2806
2807,2807
2808,2721
2808,2722
2808,2723
2808,2724
2808,2725
2808,2726
2808,2808
2808,2809
2808,2810
2808,2811
2808,2812
2808,2813
2808,2814
2808,2815
2808,2816
2808,2820
2808,2821
2808,2822
2808,2823
2808,2824
2808,2825
2809,2721
2809,2722
2809,2723
2809,2724
2809,2725
2809,2726
2809,2808
2809,2809
2809,2810
2809,2811
2809,2812
2809,2813
2809,2814
2809,2815
2809,2816
2809,2820
2809,2821
2809,2822
2809,2823
2809,2824
2809,2825
2810,2721
2810,2722
2810,2723
2810,2724
2810,2725
2810,2726
2810,2808
2810,2809
2810,2810
2810,2811
2810,2812
2810,2813
2810,2814
2810,2815
2810,2816
2810,2820
2810,2821
2810,2822
2810,2823
2810,2824
2810,2825
2811,2772
2811,2773
2811,2774
2811,2775
2811,2776
2811,2777
2811,2808
2811,2809
2811,2810
2811,2811
2811,2812
2811,2813
2811,2814
2811,2815
2811,2816
2811,2817
2811,2818
2811,2819
2811,2823
2811,2824
2811,2825
2812,2772
2812,2773
2812,2774
2812,2775
2812,2776
2812,2777
2812,2808
2812,2809
2812,2810
2812,2811
2812,2812
2812,2813
2812,2814
2812,2815
2812,2816
2812,2817
2812,2818
2812,2819
2812,2823
2812,2824
2812,2825
2813,2772
2813,2773
2813,2774
2813,2775
2813,2776
2813,2777
2813,2808
2813,2809
2813,2810
2813,2811
2813,2812
2813,2813
2813,2814
2813,2815
2813,2816
2813,2817
2813,2818
2813,2819
2813,2823
2813,2824
2813,2825
2814,2718
2814,2719
2814,2720
2814,2721
2814,2722
2814,2723
2814,2730
2814,2731
2814,2732
2814,2808
2814,2809
2814,2810
2814,2811
2814,2812
2814,2813
2814,2814
2814,2815
2814,2816
2814,2817
2814,2818
2814,2819
2815,2718
2815,2719
2815,2720
2815,2721
2815,2722
2815,2723
2815,2730
2815,2731
2815,2732
2815,2808
2815,2809
2815,2810
2815,2811
2815,2812
2815,2813
2815,2814
2815,2815
2815,2816
2815,2817
2815,2818
2815,2819
2816,2718
2816,2719
2816,2720
2816,2721
2816,2722
2816,2723
2816,2730
2816,2731
2816,2732
2816,2808
2816,2809
2816,2810
2816,2811
2816,2812
2816,2813
2816,2814
2816,2815
2816,2816
2816,2817
2816,2818
2816,2819
2817,2730
2817,2731
2817,2732
2817,2733
2817,2734
2817,2735
2817,2769
2817,2770
2817,2771
2817,2772
2817,2773
2817,2774
2817,2811
2817,2812
2817,2813
2817,2814
2817,2815
2817,2816
2817,2817
2817,2818
2817,2819
2818,2730
2818,2731
2818,2732
2818,2733
2818,2734
2818,2735
2818,2769
2818,2770
2818,2771
2818,2772
2818,2773
2818,2774
2818,2811
2818,2812
2818,2813
2818,2814
2818,2815
2818,2816
2818,2817
2818,2818
2818,2819
2819,2730
2819,2731
2819,2732
2819,2733
2819,2734
2819,2735
2819,2769
2819,2770
2819,2771
2819,2772
2819,2773
2819,2774
2819,2811
2819,2812
2819,2813
2819,2814
2819,2815
2819,2816
2819,2817
2819,2818
2819,2819
2820,2691
2820,2692
2820,2693
2820,2694
2820,2695
2820,2696
2820,2724
2820,2725
2820,2726
2820,2727
2820,2728
2820,2729
2820,2808
2820,2809
2820,2810
2820,2820
2820,2821
2820,2822
2820,2823
2820,2824
2820,2825
2821,2691
2821,2692
2821,2693
2821,2694
2821,2695
2821,2696
2821,2724
2821,2725
2821,2726
2821,2727
2821,2728
2821,2729
2821,2808
2821,2809
2821,2810
2821,2820
2821,2821
2821,2822
2821,2823
2821,2824
2821,2825
2822,2691
2822,2692
2822,2693
2822,2694
2822,2695
2822,2696
2822,2724
2822,2725
2822,2726
2822,2727
2822,2728
2822,2729
2822,2808
2822,2809
2822,2810
2822,2820
2822,2821
2822,2822
2822,2823
2822,2824
2822,2825
2823,2694
2823,2695
2823,2696
2823,2697
2823,2698
2823,2699
2823,2775
2823,2776
2823,2777
2823,2808
2823,2809
2823,2810
2823,2811
2823,2812
2823,2813
2823,2820
2823,2821
2823,2822
2823,2823
2823,2824
2823,2825
2824,2694
2824,2695
2824,2696
2824,2697
2824,2698
2824,2699
2824,2775
2824,2776
2824,2777
2824,2808
2824,2809
2824,2810
2824,2811
2824,2812
2824,2813
2824,2820
2824,2821
2824,2822
2824,2823
2824,2824
2824,2825
2825,2694
2825,2695
2825,2696
2825,2697
2825,2698
2825,2699
2825,2775
2825,2776
2825,2777
2825,2808
2825,2809
2825,2810
2825,2811
2825,2812
2825,2813
2825,2820
2825,2821
2825,2822
2825,2823
2825,2824
2825,2825
2826,2640
2826,2641
2826,2642
2826,2643
2826,2644
2826,2645
2826,2826
2826,2827
2826,2828
2826,2829
2826,2830
2826,2831
2826,2844
2826,2845
2826,2846
2826,2868
2826,2869
2826,2870
2826,2877
2826,2878
2826,2879
2827,2640
2827,2641
2827,2642
2827,2643
2827,2644
2827,2645
2827,2826
2827,2827
2827,2828
2827,2829
2827,2830
2827,2831
2827,2844
2827,2845
2827,2846
2827,2868
2827,2869
2827,2870
2827,2877
2827,2878
2827,2879
2828,2640
2828,2641
2828,2642
2828,2643
2828,2644
2828,2645
2828,2826
2828,2827
2828,2828
2828,2829
2828,2830
2828,2831
2828,2844
2828,2845
2828,2846
2828,2868
2828,2869
2828,2870
2828,2877
2828,2878
2828,2879
2829,2826
2829,2827
2829,2828
2829,2829
2829,2830
2829,2831
2829,2832
2829,2833
2829,2834
2829,2838
2829,2839
2829,2840
2829,2844
2829,2845
2829,2846
2829,2868
2829,2869
2829,2870
2829,2895
2829,2896
2829,2897
2830,2826
2830,2827
2830,2828
2830,2829
2830,2830
2830,2831
2830,2832
2830,2833
2830,2834
2830,2838
2830,2839
2830,2840
2830,2844
2830,2845
2830,2846
2830,2868
2830,2869
2830,2870
2830,2895
2830,2896
2830,2897
2831,2826
2831,2827
2831,2828
2831,2829
2831,2830
2831,2831
2831,2832
2831,2833
2831,2834
2831,2838
2831,2839
2831,2840
2831,2844
2831,2845
2831,2846
2831,2868
2831,2869
2831,2870
2831,2895
2831,2896
2831,2897
2832,2829
2832,2830
2832,2831
2832,2832
2832,2833
2832,2834
2832,2835
2832,2836
2832,2837
2832,2838
2832,2839
2832,2840
2832,2853
2832,2854
2832,2855
2832,2892
2832,2893
2832,2894
2832,2895
2832,2896
2832,2897
2833,2829
2833,2830
2833,2831
2833,2832
2833,2833
2833,2834
2833,2835
2833,2836
2833,2837
2833,2838
2833,2839
2833,2840
2833,2853
2833,2854
2833,2855
2833,2892
2833,2893
2833,2894
2833,2895
2833,2896
2833,2897
2834,2829
2834,2830
2834,2831
2834,2832
2834,2833
2834,2834
2834,2835
2834,2836
2834,2837
2834,2838
2834,2839
2834,2840
2834,2853
2834,2854
2834,2855
2834,2892
2834,2893
2834,2894
2834,2895
2834,2896
2834,2897
2835,2718
2835,2719
2835,2720
2835,2721
2835,2722
2835,2723
2835,2832
2835,2833
2835,2834
2835,2835
2835,2836
2835,2837
2835,2850
2835,2851
2835,2852
2835,2853
2835,2854
2835,2855
2835,2892
2835,2893
2835,2894
2836,2718
2836,2719
2836,2720
2836,2721
2836,2722
2836,2723
2836,2832
2836,2833
2836,2834
2836,2835
2836,2836
2836,2837
2836,2850
2836,2851
2836,2852
2836,2853
2836,2854
2836,2855
2836,2892
2836,2893
2836,2894
2837,2718
2837,2719
2837,2720
2837,2721
2837,2722
2837,2723
2837,2832
2837,2833
2837,2834
2837,2835
2837,2836
2837,2837
2837,2850
2837,2851
2837,2852
2837,2853
2837,2854
2837,2855
2837,2892
2837,2893
2837,2894
2838,2829
2838,2830
2838,2831
2838,2832
2838,2833
2838,2834
2838,2838
2838,2839
2838,2840
2838,2841
2838,2842
2838,2843
2838,2844
2838,2845
2838,2846
2838,2847
2838,2848
2838,2849
2838,2853
2838,2854
2838,2855
2839,2829
2839,2830
2839,2831
2839,2832
2839,2833
2839,2834
2839,2838
2839,2839
2839,2840
2839,2841
2839,2842
2839,2843
2839,2844
2839,2845
2839,2846
2839,2847
2839,2848
2839,2849
2839,2853
2839,2854
2839,2855
2840,2829
2840,2830
2840,2831
2840,2832
2840,2833
2840,2834
2840,2838
2840,2839
2840,2840
2840,2841
2840,2842
2840,2843
2840,2844
2840,2845
2840,2846
2840,2847
2840,2848
2840,2849
2840,2853
2840,2854
2840,2855
2841,1116
2841,1117
2841,1118
2841,1119
2841,1120
2841,1121
2841,2838
2841,2839
2841,2840
2841,2841
2841,2842
2841,2843
2841,2847
2841,2848
2841,2849
2841,2853
2841,2854
2841,2855
2841,2859
2841,2860
2841,2861
2842,1116
2842,1117
2842,1118
2842,1119
2842,1120
2842,1121
2842,2838
2842,2839
2842,2840
2842,2841
2842,2842
2842,2843
2842,2847
2842,2848
2842,2849
2842,2853
2842,2854
2842,2855
2842,2859
2842,2860
2842,2861
2843,1116
2843,1117
2843,1118
2843,1119
2843,1120
2843,1121
2843,2838
2843,2839
2843,2840
2843,2841
2843,2842
2843,2843
2843,2847
2843,2848
2843,2849
2843,2853
2843,2854
2843,2855
2843,2859
2843,2860
2843,2861
2844,2637
2844,2638
2844,2639
2844,2640
2844,2641
2844,2642
2844,2826
2844,2827
2844,2828
2844,2829
2844,2830
2844,2831
2844,2838
2844,2839
2844,2840
2844,2844
2844,2845
2844,2846
2844,2847
2844,2848
2844,2849
2845,2637
2845,2638
2845,2639
2845,2640
2845,2641
2845,2642
2845,2826
2845,2827
2845,2828
2845,2829
2845,2830
2845,2831
2845,2838
2845,2839
2845,2840
2845,2844
2845,2845
2845,2846
2845,2847
2845,2848
2845,2849
2846,2637
2846,2638
2846,2639
2846,2640
2846,2641
2846,2642
2846,2826
2846,2827
2846,2828
2846,2829
2846,2830
2846,2831
2846,2838
2846,2839
2846,2840
2846,2844
2846,2845
2846,2846
2846,2847
2846,2848
2846,2849
2847,1119
2847,1120
2847,1121
2847,1122
2847,1123
2847,1124
2847,2637
2847,2638
2847,2639
2847,2838
2847,2839
2847,2840
2847,2841
2847,2842
2847,2843
2847,2844
2847,2845
2847,2846
2847,2847
2847,2848
2847,2849
2848,1119
2848,1120
2848,1121
2848,1122
2848,1123
2848,1124
2848,2637
2848,2638
2848,2639
2848,2838
2848,2839
2848,2840
2848,2841
2848,2842
2848,2843
2848,2844
2848,2845
2848,2846
2848,2847
2848,2848
2848,2849
2849,1119
2849,1120
2849,1121
2849,1122
2849,1123
2849,1124
2849,2637
2849,2638
2849,2639
2849,2838
2849,2839
2849,2840
2849,2841
2849,2842
2849,2843
2849,2844
2849,2845
2849,2846
2849,2847
2849,2848
2849,2849
2850,2715
2850,2716
2850,2717
2850,2718
2850,2719
2850,2720
2850,2835
2850,2836
2850,2837
2850,2850
2850,2851
2850,2852
2850,2853
2850,2854
2850,2855
2850,2856
2850,2857
2850,2858
2850,2859
2850,2860
2850,2861
2851,2715
2851,2716
2851,2717
2851,2718
2851,2719
2851,2720
2851,2835
2851,2836
2851,2837
2851,2850
2851,2851
2851,2852
2851,2853
2851,2854
2851,2855
2851,2856
2851,2857
2851,2858
2851,2859
2851,2860
2851,2861
2852,2715
2852,2716
2852,2717
2852,2718
2852,2719
2852,2720
2852,2835
2852,2836
2852,2837
2852,2850
2852,2851
2852,2852
2852,2853
2852,2854
2852,2855
2852,2856
2852,2857
2852,2858
2852,2859
2852,2860
2852,2861
2853,2832
2853,2833
2853,2834
2853,2835
2853,2836
2853,2837
2853,2838
2853,2839
2853,2840
2853,2841
2853,2842
2853,2843
2853,2850
2853,2851
2853,2852
2853,2853
2853,2854
2853,2855
2853,2859
2853,2860
2853,2861
2854,2832
2854,2833
2854,2834
2854,2835
2854,2836
2854,2837
2854,2838
2854,2839
2854,2840
2854,2841
2854,2842
2854,2843
2854,2850
2854,2851
2854,2852
2854,2853
2854,2854
2854,2855
2854,2859
2854,2860
2854,2861
2855,2832
2855,2833
2855,2834
2855,2835
2855,2836
2855,2837
2855,2838
2855,2839
2855,2840
2855,2841
2855,2842
2855,2843
2855,2850
2855,2851
2855,2852
2855,2853
2855,2854
2855,2855
2855,2859
2855,2860
2855,2861
2856,1110
2856,1111
2856,1112
2856,1113
2856,1114
2856,1115
2856,2712
2856,2713
2856,2714
2856,2715
2856,2716
2856,2717
2856,2850
2856,2851
2856,2852
2856,2856
2856,2857
2856,2858
2856,2859
2856,2860
2856,2861
2857,1110
2857,1111
2857,1112
2857,1113
2857,1114
2857,1115
2857,2712
2857,2713
2857,2714
2857,2715
2857,2716
2857,2717
2857,2850
2857,2851
2857,2852
2857,2856
2857,2857
2857,2858
2857,2859
2857,2860
2857,2861
2858,1110
2858,1111
2858,1112
2858,1113
2858,1114
2858,1115
2858,2712
2858,2713
2858,2714
2858,2715
2858,2716
2858,2717
2858,2850
2858,2851
2858,2852
2858,2856
2858,2857
2858,2858
2858,2859
2858,2860
2858,2861
2859,1113
2859,1114
2859,1115
2859,1116
2859,1117
2859,1118
2859,2841
2859,2842
2859,2843
2859,2850
2859,2851
2859,2852
2859,2853
2859,2854
2859,2855
2859,2856
2859,2857
2859,2858
2859,2859
2859,2860
2859,2861
2860,1113
2860,1114
2860,1115
2860,1116
2860,1117
2860,1118
2860,2841
2860,2842
2860,2843
2860,2850
2860,2851
2860,2852
2860,2853
2860,2854
2860,2855
2860,2856
2860,2857
2860,2858
2860,2859
2860,2860
2860,2861
2861,1113
2861,1114
2861,1115
2861,1116
2861,1117
2861,1118
2861,2841
2861,2842
2861,2843
2861,2850
2861,2851
2861,2852
2861,2853
2861,2854
2861,2855
2861,2856
2861,2857
2861,2858
2861,2859
2861,2860
2861,2861
2862,2679
2862,2680
2862,2681
2862,2682
2862,2683
2862,2684
2862,2862
2862,2863
2862,2864
2862,2865
2862,2866
2862,2867
2862,2871
2862,2872
2862,2873
2862,2874
2862,2875
2862,2876
2862,2889
2862,2890
2862,2891
2863,2679
2863,2680
2863,2681
2863,2682
2863,2683
2863,2684
2863,2862
2863,2863
2863,2864
2863,2865
2863,2866
2863,2867
2863,2871
2863,2872
2863,2873
2863,2874
2863,2875
2863,2876
2863,2889
2863,2890
2863,2891
2864,2679
2864,2680
2864,2681
2864,2682
2864,2683
2864,2684
2864,2862
2864,2863
2864,2864
2864,2865
2864,2866
2864,2867
2864,2871
2864,2872
2864,2873
2864,2874
2864,2875
2864,2876
2864,2889
2864,2890
2864,2891
2865,2862
2865,2863
2865,2864
2865,2865
2865,2866
2865,2867
2865,2868
2865,2869
2865,2870
2865,2871
2865,2872
2865,2873
2865,2877
2865,2878
2865,2879
2865,2883
2865,2884
2865,2885
2865,2889
2865,2890
2865,2891
2866,2862
2866,2863
2866,2864
2866,2865
2866,2866
2866,2867
2866,2868
2866,2869
2866,2870
2866,2871
2866,2872
2866,2873
2866,2877
2866,2878
2866,2879
2866,2883
2866,2884
2866,2885
2866,2889
2866,2890
2866,2891
2867,2862
2867,2863
2867,2864
2867,2865
2867,2866
2867,2867
2867,2868
2867,2869
2867,2870
2867,2871
2867,2872
2867,2873
2867,2877
2867,2878
2867,2879
2867,2883
2867,2884
2867,2885
2867,2889
2867,2890
2867,2891
2868,2826
2868,2827
2868,2828
2868,2829
2868,2830
2868,2831
2868,2865
2868,2866
2868,2867
2868,2868
2868,2869
2868,2870
2868,2877
2868,2878
2868,2879
2868,2883
2868,2884
2868,2885
2868,2895
2868,2896
2868,2897
2869,2826
2869,2827
2869,2828
2869,2829
2869,2830
2869,2831
2869,2865
2869,2866
2869,2867
2869,2868
2869,2869
2869,2870
2869,2877
2869,2878
2869,2879
2869,2883
2869,2884
2869,2885
2869,2895
2869,2896
2869,2897
2870,2826
2870,2827
2870,2828
2870,2829
2870,2830
2870,2831
2870,2865
2870,2866
2870,2867
2870,2868
2870,2869
2870,2870
2870,2877
2870,2878
2870,2879
2870,2883
2870,2884
2870,2885
2870,2895
2870,2896
2870,2897
2871,2646
2871,2647
2871,2648
2871,2649
2871,2650
2871,2651
2871,2862
2871,2863
2871,2864
2871,2865
2871,2866
2871,2867
2871,2871
2871,2872
2871,2873
2871,2874
2871,2875
2871,2876
2871,2877
2871,2878
2871,2879
2872,2646
2872,2647
2872,2648
2872,2649
2872,2650
2872,2651
2872,2862
2872,2863
2872,2864
2872,2865
2872,2866
2872,2867
2872,2871
2872,2872
2872,2873
2872,2874
2872,2875
2872,2876
2872,2877
2872,2878
2872,2879
2873,2646
2873,2647
2873,2648
2873,2649
2873,2650
2873,2651
2873,2862
2873,2863
2873,2864
2873,2865
2873,2866
2873,2867
2873,2871
2873,2872
2873,2873
2873,2874
2873,2875
2873,2876
2873,2877
2873,2878
2873,2879
2874,2649
2874,2650
2874,2651
2874,2652
2874,2653
2874,2654
2874,2676
2874,2677
2874,2678
2874,2679
2874,2680
2874,2681
2874,2862
2874,2863
2874,2864
2874,2871
2874,2872
2874,2873
2874,2874
2874,2875
2874,2876
2875,2649
2875,2650
2875,2651
2875,2652
2875,2653
2875,2654
2875,2676
2875,2677
2875,2678
2875,2679
2875,2680
2875,2681
2875,2862
2875,2863
2875,2864
2875,2871
2875,2872
2875,2873
2875,2874
2875,2875
2875,2876
2876,2649
2876,2650
2876,2651
2876,2652
2876,2653
2876,2654
2876,2676
2876,2677
2876,2678
2876,2679
2876,2680
2876,2681
2876,2862
2876,2863
2876,2864
2876,2871
2876,2872
2876,2873
2876,2874
2876,2875
2876,2876
2877,2643
2877,2644
2877,2645
2877,2646
2877,2647
2877,2648
2877,2826
2877,2827
2877,2828
2877,2865
2877,2866
2877,2867
2877,2868
2877,2869
2877,2870
2877,2871
2877,2872
2877,2873
2877,2877
2877,2878
2877,2879
2878,2643
2878,2644
2878,2645
2878,2646
2878,2647
2878,2648
2878,2826
2878,2827
2878,2828
2878,2865
2878,2866
2878,2867
2878,2868
2878,2869
2878,2870
2878,2871
2878,2872
2878,2873
2878,2877
2878,2878
2878,2879
2879,2643
2879,2644
2879,2645
2879,2646
2879,2647
2879,2648
2879,2826
2879,2827
2879,2828
2879,2865
2879,2866
2879,2867
2879,2868
2879,2869
2879,2870
2879,2871
2879,2872
2879,2873
2879,2877
2879,2878
2879,2879
2880,2724
2880,2725
2880,2726
2880,2727
2880,2728
2880,2729
2880,2880
2880,2881
2880,2882
2880,2883
2880,2884
2880,2885
2880,2886
2880,2887
2880,2888
2880,2892
2880,2893
2880,2894
2880,2895
2880,2896
2880,2897
2881,2724
2881,2725
2881,2726
2881,2727
2881,2728
2881,2729
2881,2880
2881,2881
2881,2882
2881,2883
2881,2884
2881,2885
2881,2886
2881,2887
2881,2888
2881,2892
2881,2893
2881,2894
2881,2895
2881,2896
2881,2897
2882,2724
2882,2725
2882,2726
2882,2727
2882,2728
2882,2729
2882,2880
2882,2881
2882,2882
2882,2883
2882,2884
2882,2885
2882,2886
2882,2887
2882,2888
2882,2892
2882,2893
2882,2894
2882,2895
2882,2896
2882,2897
2883,2865
2883,2866
2883,2867
2883,2868
2883,2869
2883,2870
2883,2880
2883,2881
2883,2882
2883,2883
2883,2884
2883,2885
2883,2886
2883,2887
2883,2888
2883,2889
2883,2890
2883,2891
2883,2895
2883,2896
2883,2897
2884,2865
2884,2866
2884,2867
2884,2868
2884,2869
2884,2870
2884,2880
2884,2881
2884,2882
2884,2883
2884,2884
2884,2885
2884,2886
2884,2887
2884,2888
2884,2889
2884,2890
2884,2891
2884,2895
2884,2896
2884,2897
2885,2865
2885,2866
2885,2867
2885,2868
2885,2869
2885,2870
2885,2880
2885,2881
2885,2882
2885,2883
2885,2884
2885,2885
2885,2886
2885,2887
2885,2888
2885,2889
2885,2890
2885,2891
2885,2895
2885,2896
2885,2897
2886,2685
2886,2686
2886,2687
2886,2688
2886,2689
2886,2690
2886,2727
2886,2728
2886,2729
2886,2880
2886,2881
2886,2882
2886,2883
2886,2884
2886,2885
2886,2886
2886,2887
2886,2888
2886,2889
2886,2890
2886,2891
2887,2685
2887,2686
2887,2687
2887,2688
2887,2689
2887,2690
2887,2727
2887,2728
2887,2729
2887,2880
2887,2881
2887,2882
2887,2883
2887,2884
2887,2885
2887,2886
2887,2887
2887,2888
2887,2889
2887,2890
2887,2891
2888,2685
2888,2686
2888,2687
2888,2688
2888,2689
2888,2690
2888,2727
2888,2728
2888,2729
2888,2880
2888,2881
2888,2882
2888,2883
2888,2884
2888,2885
2888,2886
2888,2887
2888,2888
2888,2889
2888,2890
2888,2891
2889,2682
2889,2683
2889,2684
2889,2685
2889,2686
2889,2687
2889,2862
2889,2863
2889,2864
2889,2865
2889,2866
2889,2867
2889,2883
2889,2884
2889,2885
2889,2886
2889,2887
2889,2888
2889,2889
2889,2890
2889,2891
2890,2682
2890,2683
2890,2684
2890,2685
2890,2686
2890,2687
2890,2862
2890,2863
2890,2864
2890,2865
2890,2866
2890,2867
2890,2883
2890,2884
2890,2885
2890,2886
2890,2887
2890,2888
2890,2889
2890,2890
2890,2891
2891,2682
2891,2683
2891,2684
2891,2685
2891,2686
2891,2687
2891,2862
2891,2863
2891,2864
2891,2865
2891,2866
2891,2867
2891,2883
2891,2884
2891,2885
2891,2886
2891,2887
2891,2888
2891,2889
2891,2890
2891,2891
2892,2721
2892,2722
2892,2723
2892,2724
2892,2725
2892,2726
2892,2832
2892,2833
2892,2834
2892,2835
2892,2836
2892,2837
2892,2880
2892,2881
2892,2882
2892,2892
2892,2893
2892,2894
2892,2895
2892,2896
2892,2897
2893,2721
2893,2722
2893,2723
2893,2724
2893,2725
2893,2726
2893,2832
2893,2833
2893,2834
2893,2835
2893,2836
2893,2837
2893,2880
2893,2881
2893,2882
2893,2892
2893,2893
2893,2894
2893,2895
2893,2896
2893,2897
2894,2721
2894,2722
2894,2723
2894,2724
2894,2725
2894,2726
2894,2832
2894,2833
2894,2834
2894,2835
2894,2836
2894,2837
2894,2880
2894,2881
2894,2882
2894,2892
2894,2893
2894,2894
2894,2895
2894,2896
2894,2897
2895,2829
2895,2830
2895,2831
2895,2832
2895,2833
2895,2834
2895,2868
2895,2869
2895,2870
2895,2880
2895,2881
2895,2882
2895,2883
2895,2884
2895,2885
2895,2892
2895,2893
2895,2894
2895,2895
2895,2896
2895,2897
2896,2829
2896,2830
2896,2831
2896,2832
2896,2833
2896,2834
2896,2868
2896,2869
2896,2870
2896,2880
2896,2881
2896,2882
2896,2883
2896,2884
2896,2885
2896,2892
2896,2893
2896,2894
2896,2895
2896,2896
2896,2897
2897,2829
2897,2830
2897,2831
2897,2832
2897,2833
2897,2834
2897,2868
2897,2869
2897,2870
2897,2880
2897,2881
2897,2882
2897,2883
2897,2884
2897,2885
2897,2892
2897,2893
2897,2894
2897,2895
2897,2896
2897,2897
2898,2691
2898,2692
2898,2693
2898,2694
2898,2695
2898,2696
2898,2898
2898,2899
2898,2900
2898,2901
2898,2902
2898,2903
2898,2961
2898,2962
2898,2963
2898,2967
2898,2968
2898,2969
2898,3099
2898,3100
2898,3101
2899,2691
2899,2692
2899,2693
2899,2694
2899,2695
2899,2696
2899,2898
2899,2899
2899,2900
2899,2901
2899,2902
2899,2903
2899,2961
2899,2962
2899,2963
2899,2967
2899,2968
2899,2969
2899,3099
2899,3100
2899,3101
2900,2691
2900,2692
2900,2693
2900,2694
2900,2695
2900,2696
2900,2898
2900,2899
2900,2900
2900,2901
2900,2902
2900,2903
2900,2961
2900,2962
2900,2963
2900,2967
2900,2968
2900,2969
2900,3099
2900,3100
2900,3101
2901,2898
2901,2899
2901,2900
2901,2901
2901,2902
2901,2903
2901,2904
2901,2905
2901,2906
2901,2916
2901,2917
2901,2918
2901,2967
2901,2968
2901,2969
2901,3096
2901,3097
2901,3098
2901,3099
2901,3100
2901,3101
2902,2898
2902,2899
2902,2900
2902,2901
2902,2902
2902,2903
2902,2904
2902,2905
2902,2906
2902,2916
2902,2917
2902,2918
2902,2967
2902,2968
2902,2969
2902,3096
2902,3097
2902,3098
2902,3099
2902,3100
2902,3101
2903,2898
2903,2899
2903,2900
2903,2901
2903,2902
2903,2903
2903,2904
2903,2905
2903,2906
2903,2916
2903,2917
2903,2918
2903,2967
2903,2968
2903,2969
2903,3096
2903,3097
2903,3098
2903,3099
2903,3100
2903,3101
2904,2901
2904,2902
2904,2903
2904,2904
2904,2905
2904,2906
2904,2907
2904,2908
2904,2909
2904,2916
2904,2917
2904,2918
2904,3033
2904,3034
2904,3035
2904,3063
2904,3064
2904,3065
2904,3096
2904,3097
2904,3098
2905,2901
2905,2902
2905,2903
2905,2904
2905,2905
2905,2906
2905,2907
2905,2908
2905,2909
2905,2916
2905,2917
2905,2918
2905,3033
2905,3034
2905,3035
2905,3063
2905,3064
2905,3065
2905,3096
2905,3097
2905,3098
2906,2901
2906,2902
2906,2903
2906,2904
2906,2905
2906,2906
2906,2907
2906,2908
2906,2909
2906,2916
2906,2917
2906,2918
2906,3033
2906,3034
2906,3035
2906,3063
2906,3064
2906,3065
2906,3096
2906,3097
2906,3098
2907,2904
2907,2905
2907,2906
2907,2907
2907,2908
2907,2909
2907,2910
2907,2911
2907,2912
2907,3021
2907,3022
2907,3023
2907,3033
2907,3034
2907,3035
2907,3063
2907,3064
2907,3065
2907,3150
2907,3151
2907,3152
2908,2904
2908,2905
2908,2906
2908,2907
2908,2908
2908,2909
2908,2910
2908,2911
2908,2912
2908,3021
2908,3022
2908,3023
2908,3033
2908,3034
2908,3035
2908,3063
2908,3064
2908,3065
2908,3150
2908,3151
2908,3152
2909,2904
2909,2905
2909,2906
2909,2907
2909,2908
2909,2909
2909,2910
2909,2911
2909,2912
2909,3021
2909,3022
2909,3023
2909,3033
2909,3034
2909,3035
2909,3063
2909,3064
2909,3065
2909,3150
2909,3151
2909,3152
2910,2907
2910,2908
2910,2909
2910,2910
2910,2911
2910,2912
2910,2913
2910,2914
2910,2915
2910,3021
2910,3022
2910,3023
2910,3042
2910,3043
2910,3044
2910,3129
2910,3130
2910,3131
2910,3150
2910,3151
2910,3152
2911,2907
2911,2908
2911,2909
2911,2910
2911,2911
2911,2912
2911,2913
2911,2914
2911,2915
2911,3021
2911,3022
2911,3023
2911,3042
2911,3043
2911,3044
2911,3129
2911,3130
2911,3131
2911,3150
2911,3151
2911,3152
2912,2907
2912,2908
2912,2909
2912,2910
2912,2911
2912,2912
2912,2913
2912,2914
2912,2915
2912,3021
2912,3022
2912,3023
2912,3042
2912,3043
2912,3044
2912,3129
2912,3130
2912,3131
2912,3150
2912,3151
2912,3152
2913,1431
2913,1432
2913,1433
2913,1434
2913,1435
2913,1436
2913,2910
2913,2911
2913,2912
2913,2913
2913,2914
2913,2915
2913,3042
2913,3043
2913,3044
2913,3129
2913,3130
2913,3131
2913,3141
2913,3142
2913,3143
2914,1431
2914,1432
2914,1433
2914,1434
2914,1435
2914,1436
2914,2910
2914,2911
2914,2912
2914,2913
2914,2914
2914,2915
2914,3042
2914,3043
2914,3044
2914,3129
2914,3130
2914,3131
2914,3141
2914,3142
2914,3143
2915,1431
2915,1432
2915,1433
2915,1434
2915,1435
2915,1436
2915,2910
2915,2911
2915,2912
2915,2913
2915,2914
2915,2915
2915,3042
2915,3043
2915,3044
2915,3129
2915,3130
2915,3131
2915,3141
2915,3142
2915,3143
2916,2901
2916,2902
2916,2903
2916,2904
2916,2905
2916,2906
2916,2916
2916,2917
2916,2918
2916,2919
2916,2920
2916,2921
2916,2967
2916,2968
2916,2969
2916,3030
2916,3031
2916,3032
2916,3033
2916,3034
2916,3035
2917,2901
2917,2902
2917,2903
2917,2904
2917,2905
2917,2906
2917,2916
2917,2917
2917,2918
2917,2919
2917,2920
2917,2921
2917,2967
2917,2968
2917,2969
2917,3030
2917,3031
2917,3032
2917,3033
2917,3034
2917,3035
2918,2901
2918,2902
2918,2903
2918,2904
2918,2905
2918,2906
2918,2916
2918,2917
2918,2918
2918,2919
2918,2920
2918,2921
2918,2967
2918,2968
2918,2969
2918,3030
2918,3031
2918,3032
2918,3033
2918,3034
2918,3035
2919,2916
2919,2917
2919,2918
2919,2919
2919,2920
2919,2921
2919,2922
2919,2923
2919,2924
2919,2967
2919,2968
2919,2969
2919,2970
2919,2971
2919,2972
2919,3030
2919,3031
2919,3032
2919,3036
2919,3037
2919,3038
2920,2916
2920,2917
2920,2918
2920,2919
2920,2920
2920,2921
2920,2922
2920,2923
2920,2924
2920,2967
2920,2968
2920,2969
2920,2970
2920,2971
2920,2972
2920,3030
2920,3031
2920,3032
2920,3036
2920,3037
2920,3038
2921,2916
2921,2917
2921,2918
2921,2919
2921,2920
2921,2921
2921,2922
2921,2923
2921,2924
2921,2967
2921,2968
2921,2969
2921,2970
2921,2971
2921,2972
2921,3030
2921,3031
2921,3032
2921,3036
2921,3037
2921,3038
2922,2919
2922,2920
2922,2921
2922,2922
2922,2923
2922,2924
2922,2925
2922,2926
2922,2927
2922,2940
2922,2941
2922,2942
2922,2970
2922,2971
2922,2972
2922,2973
2922,2974
2922,2975
2922,3036
2922,3037
2922,3038
2923,2919
2923,2920
2923,2921
2923,2922
2923,2923
2923,2924
2923,2925
2923,2926
2923,2927
2923,2940
2923,2941
2923,2942
2923,2970
2923,2971
2923,2972
2923,2973
2923,2974
2923,2975
2923,3036
2923,3037
2923,3038
2924,2919
2924,2920
2924,2921
2924,2922
2924,2923
2924,2924
2924,2925
2924,2926
2924,2927
2924,2940
2924,2941
2924,2942
2924,2970
2924,2971
2924,2972
2924,2973
2924,2974
2924,2975
2924,3036
2924,3037
2924,3038
2925,2922
2925,2923
2925,2924
2925,2925
2925,2926
2925,2927
2925,2928
2925,2929
2925,2930
2925,2940
2925,2941
2925,2942
2925,2958
2925,2959
2925,2960
2925,2973
2925,2974
2925,2975
2925,3015
2925,3016
2925,3017
2926,2922
2926,2923
2926,2924
2926,2925
2926,2926
2926,2927
2926,2928
2926,2929
2926,2930
2926,2940
2926,2941
2926,2942
2926,2958
2926,2959
2926,2960
2926,2973
2926,2974
2926,2975
2926,3015
2926,3016
2926,3017
2927,2922
2927,2923
2927,2924
2927,2925
2927,2926
2927,2927
2927,2928
2927,2929
2927,2930
2927,2940
2927,2941
2927,2942
2927,2958
2927,2959
2927,2960
2927,2973
2927,2974
2927,2975
2927,3015
2927,3016
2927,3017
2928,2925
2928,2926
2928,2927
2928,2928
2928,2929
2928,2930
2928,2931
2928,2932
2928,2933
2928,2946
2928,2947
2928,2948
2928,2958
2928,2959
2928,2960
2928,2982
2928,2983
2928,2984
2928,3015
2928,3016
2928,3017
2929,2925
2929,2926
2929,2927
2929,2928
2929,2929
2929,2930
2929,2931
2929,2932
2929,2933
2929,2946
2929,2947
2929,2948
2929,2958
2929,2959
2929,2960
2929,2982
2929,2983
2929,2984
2929,3015
2929,3016
2929,3017
2930,2925
2930,2926
2930,2927
2930,2928
2930,2929
2930,2930
2930,2931
2930,2932
2930,2933
2930,2946
2930,2947
2930,2948
2930,2958
2930,2959
2930,2960
2930,2982
2930,2983
2930,2984
2930,3015
2930,3016
2930,3017
2931,2928
2931,2929
2931,2930
2931,2931
2931,2932
2931,2933
2931,2934
2931,2935
2931,2936
2931,2946
2931,2947
2931,2948
2931,2952
2931,2953
2931,2954
2931,2982
2931,2983
2931,2984
2931,2997
2931,2998
2931,2999
2932,2928
2932,2929
2932,2930
2932,2931
2932,2932
2932,2933
2932,2934
2932,2935
2932,2936
2932,2946
2932,2947
2932,2948
2932,2952
2932,2953
2932,2954
2932,2982
2932,2983
2932,2984
2932,2997
2932,2998
2932,2999
2933,2928
2933,2929
2933,2930
2933,2931
2933,2932
2933,2933
2933,2934
2933,2935
2933,2936
2933,2946
2933,2947
2933,2948
2933,2952
2933,2953
2933,2954
2933,2982
2933,2983
2933,2984
2933,2997
2933,2998
2933,2999
2934,1065
2934,1066
2934,1067
2934,1068
2934,1069
2934,1070
2934,2931
2934,2932
2934,2933
2934,2934
2934,2935
2934,2936
2934,2952
2934,2953
2934,2954
2934,2997
2934,2998
2934,2999
2934,3000
2934,3001
2934,3002
2935,1065
2935,1066
2935,1067
2935,1068
2935,1069
2935,1070
2935,2931
2935,2932
2935,2933
2935,2934
2935,2935
2935,2936
2935,2952
2935,2953
2935,2954
2935,2997
2935,2998
2935,2999
2935,3000
2935,3001
2935,3002
2936,1065
2936,1066
2936,1067
2936,1068
2936,1069
2936,1070
2936,2931
2936,2932
2936,2933
2936,2934
2936,2935
2936,2936
2936,2952
2936,2953
2936,2954
2936,2997
2936,2998
2936,2999
2936,3000
2936,3001
2936,3002
2937,2700
2937,2701
2937,2702
2937,2703
2937,2704
2937,2705
2937,2937
2937,2938
2937,2939
2937,2940
2937,2941
2937,2942
2937,2955
2937,2956
2937,2957
2937,2958
2937,2959
2937,2960
2937,2964
2937,2965
2937,2966
2938,2700
2938,2701
2938,2702
2938,2703
2938,2704
2938,2705
2938,2937
2938,2938
2938,2939
2938,2940
2938,2941
2938,2942
2938,2955
2938,2956
2938,2957
2938,2958
2938,2959
2938,2960
2938,2964
2938,2965
2938,2966
2939,2700
2939,2701
2939,2702
2939,2703
2939,2704
2939,2705
2939,2937
2939,2938
2939,2939
2939,2940
2939,2941
2939,2942
2939,2955
2939,2956
2939,2957
2939,2958
2939,2959
2939,2960
2939,2964
2939,2965
2939,2966
2940,2922
2940,2923
2940,2924
2940,2925
2940,2926
2940,2927
2940,2937
2940,2938
2940,2939
2940,2940
2940,2941
2940,2942
2940,2958
2940,2959
2940,2960
2940,2964
2940,2965
2940,2966
2940,2970
2940,2971
2940,2972
2941,2922
2941,2923
2941,2924
2941,2925
2941,2926
2941,2927
2941,2937
2941,2938
2941,2939
2941,2940
2941,2941
2941,2942
2941,2958
2941,2959
2941,2960
2941,2964
2941,2965
2941,2966
2941,2970
2941,2971
2941,2972
2942,2922
2942,2923
2942,2924
2942,2925
2942,2926
2942,2927
2942,2937
2942,2938
2942,2939
2942,2940
2942,2941
2942,2942
2942,2958
2942,2959
2942,2960
2942,2964
2942,2965
2942,2966
2942,2970
2942,2971
2942,2972
2943,2706
2943,2707
2943,2708
2943,2709
2943,2710
2943,2711
2943,2943
2943,2944
2943,2945
2943,2946
2943,2947
2943,2948
2943,2949
2943,2950
2943,2951
2943,2952
2943,2953
2943,2954
2943,2955
2943,2956
2943,2957
2944,2706
2944,2707
2944,2708
2944,2709
2944,2710
2944,2711
2944,2943
2944,2944
2944,2945
2944,2946
2944,2947
2944,2948
2944,2949
2944,2950
2944,2951
2944,2952
2944,2953
2944,2954
2944,2955
2944,2956
2944,2957
2945,2706
2945,2707
2945,2708
2945,2709
2945,2710
2945,2711
2945,2943
2945,2944
2945,2945
2945,2946
2945,2947
2945,2948
2945,2949
2945,2950
2945,2951
2945,2952
2945,2953
2945,2954
2945,2955
2945,2956
2945,2957
2946,2928
2946,2929
2946,2930
2946,2931
2946,2932
2946,2933
2946,2943
2946,2944
2946,2945
2946,2946
2946,2947
2946,2948
2946,2952
2946,2953
2946,2954
2946,2955
2946,2956
2946,2957
2946,2958
2946,2959
2946,2960
2947,2928
2947,2929
2947,2930
2947,2931
2947,2932
2947,2933
2947,2943
2947,2944
2947,2945
2947,2946
2947,2947
2947,2948
2947,2952
2947,2953
2947,2954
2947,2955
2947,2956
2947,2957
2947,2958
2947,2959
2947,2960
2948,2928
2948,2929
2948,2930
2948,2931
2948,2932
2948,2933
2948,2943
2948,2944
2948,2945
2948,2946
2948,2947
2948,2948
2948,2952
2948,2953
2948,2954
2948,2955
2948,2956
2948,2957
2948,2958
2948,2959
2948,2960
2949,1068
2949,1069
2949,1070
2949,1071
2949,1072
2949,1073
2949,1074
2949,1075
2949,1076
2949,2709
2949,2710
2949,2711
2949,2943
2949,2944
2949,2945
2949,2949
2949,2950
2949,2951
2949,2952
2949,2953
2949,2954
2950,1068
2950,1069
2950,1070
2950,1071
2950,1072
2950,1073
2950,1074
2950,1075
2950,1076
2950,2709
2950,2710
2950,2711
2950,2943
2950,2944
2950,2945
2950,2949
2950,2950
2950,2951
2950,2952
2950,2953
2950,2954
2951,1068
2951,1069
2951,1070
2951,1071
2951,1072
2951,1073
2951,1074
2951,1075
2951,1076
2951,2709
2951,2710
2951,2711
2951,2943
2951,2944
2951,2945
2951,2949
2951,2950
2951,2951
2951,2952
2951,2953
2951,2954
2952,1068
2952,1069
2952,1070
2952,2931
2952,2932
2952,2933
2952,2934
2952,2935
2952,2936
2952,2943
2952,2944
2952,2945
2952,2946
2952,2947
2952,2948
2952,2949
2952,2950
2952,2951
2952,2952
2952,2953
2952,2954
2953,1068
2953,1069
2953,1070
2953,2931
2953,2932
2953,2933
2953,2934
2953,2935
2953,2936
2953,2943
2953,2944
2953,2945
2953,2946
2953,2947
2953,2948
2953,2949
2953,2950
2953,2951
2953,2952
2953,2953
2953,2954
2954,1068
2954,1069
2954,1070
2954,2931
2954,2932
2954,2933
2954,2934
2954,2935
2954,2936
2954,2943
2954,2944
2954,2945
2954,2946
2954,2947
2954,2948
2954,2949
2954,2950
2954,2951
2954,2952
2954,2953
2954,2954
2955,2703
2955,2704
2955,2705
2955,2706
2955,2707
2955,2708
2955,2937
2955,2938
2955,2939
2955,2943
2955,2944
2955,2945
2955,2946
2955,2947
2955,2948
2955,2955
2955,2956
2955,2957
2955,2958
2955,2959
2955,2960
2956,2703
2956,2704
2956,2705
2956,2706
2956,2707
2956,2708
2956,2937
2956,2938
2956,2939
2956,2943
2956,2944
2956,2945
2956,2946
2956,2947
2956,2948
2956,2955
2956,2956
2956,2957
2956,2958
2956,2959
2956,2960
2957,2703
2957,2704
2957,2705
2957,2706
2957,2707
2957,2708
2957,2937
2957,2938
2957,2939
2957,2943
2957,2944
2957,2945
2957,2946
2957,2947
2957,2948
2957,2955
2957,2956
2957,2957
2957,2958
2957,2959
2957,2960
2958,2925
2958,2926
2958,2927
2958,2928
2958,2929
2958,2930
2958,2937
2958,2938
2958,2939
2958,2940
2958,2941
2958,2942
2958,2946
2958,2947
2958,2948
2958,2955
2958,2956
2958,2957
2958,2958
2958,2959
2958,2960
2959,2925
2959,2926
2959,2927
2959,2928
2959,2929
2959,2930
2959,2937
2959,2938
2959,2939
2959,2940
2959,2941
2959,2942
2959,2946
2959,2947
2959,2948
2959,2955
2959,2956
2959,2957
2959,2958
2959,2959
2959,2960
2960,2925
2960,2926
2960,2927
2960,2928
2960,2929
2960,2930
2960,2937
2960,2938
2960,2939
2960,2940
2960,2941
2960,2942
2960,2946
2960,2947
2960,2948
2960,2955
2960,2956
2960,2957
2960,2958
2960,2959
2960,2960
2961,2694
2961,2695
2961,2696
2961,2697
2961,2698
2961,2699
2961,2898
2961,2899
2961,2900
2961,2961
2961,2962
2961,2963
2961,2964
2961,2965
2961,2966
2961,2967
2961,2968
2961,2969
2961,2970
2961,2971
2961,2972
2962,2694
2962,2695
2962,2696
2962,2697
2962,2698
2962,2699
2962,2898
2962,2899
2962,2900
2962,2961
2962,2962
2962,2963
2962,2964
2962,2965
2962,2966
2962,2967
2962,2968
2962,2969
2962,2970
2962,2971
2962,2972
2963,2694
2963,2695
2963,2696
2963,2697
2963,2698
2963,2699
2963,2898
2963,2899
2963,2900
2963,2961
2963,2962
2963,2963
2963,2964
2963,2965
2963,2966
2963,2967
2963,2968
2963,2969
2963,2970
2963,2971
2963,2972
2964,2697
2964,2698
2964,2699
2964,2700
2964,2701
2964,2702
2964,2937
2964,2938
2964,2939
2964,2940
2964,2941
2964,2942
2964,2961
2964,2962
2964,2963
2964,2964
2964,2965
2964,2966
2964,2970
2964,2971
2964,2972
2965,2697
2965,2698
2965,2699
2965,2700
2965,2701
2965,2702
2965,2937
2965,2938
2965,2939
2965,2940
2965,2941
2965,2942
2965,2961
2965,2962
2965,2963
2965,2964
2965,2965
2965,2966
2965,2970
2965,2971
2965,2972
2966,2697
2966,2698
2966,2699
2966,2700
2966,2701
2966,2702
2966,2937
2966,2938
2966,2939
2966,2940
2966,2941
2966,2942
2966,2961
2966,2962
2966,2963
2966,2964
2966,2965
2966,2966
2966,2970
2966,2971
2966,2972
2967,2898
2967,2899
2967,2900
2967,2901
2967,2902
2967,2903
2967,2916
2967,2917
2967,2918
2967,2919
2967,2920
2967,2921
2967,2961
2967,2962
2967,2963
2967,2967
2967,2968
2967,2969
2967,2970
2967,2971
2967,2972
2968,2898
2968,2899
2968,2900
2968,2901
2968,2902
2968,2903
2968,2916
2968,2917
2968,2918
2968,2919
2968,2920
2968,2921
2968,2961
2968,2962
2968,2963
2968,2967
2968,2968
2968,2969
2968,2970
2968,2971
2968,2972
2969,2898
2969,2899
2969,2900
2969,2901
2969,2902
2969,2903
2969,2916
2969,2917
2969,2918
2969,2919
2969,2920
2969,2921
2969,2961
2969,2962
2969,2963
2969,2967
2969,2968
2969,2969
2969,2970
2969,2971
2969,2972
2970,2919
2970,2920
2970,2921
2970,2922
2970,2923
2970,2924
2970,2940
2970,2941
2970,2942
2970,2961
2970,2962
2970,2963
2970,2964
2970,2965
2970,2966
2970,2967
2970,2968
2970,2969
2970,2970
2970,2971
2970,2972
2971,2919
2971,2920
2971,2921
2971,2922
2971,2923
2971,2924
2971,2940
2971,2941
2971,2942
2971,2961
2971,2962
2971,2963
2971,2964
2971,2965
2971,2966
2971,2967
2971,2968
2971,2969
2971,2970
2971,2971
2971,2972
2972,2919
2972,2920
2972,2921
2972,2922
2972,2923
2972,2924
2972,2940
2972,2941
2972,2942
2972,2961
2972,2962
2972,2963
2972,2964
2972,2965
2972,2966
2972,2967
2972,2968
2972,2969
2972,2970
2972,2971
2972,2972
2973,2922
2973,2923
2973,2924
2973,2925
2973,2926
2973,2927
2973,2973
2973,2974
2973,2975
2973,2976
2973,2977
2973,2978
2973,3012
2973,3013
2973,3014
2973,3015
2973,3016
2973,3017
2973,3036
2973,3037
2973,3038
2974,2922
2974,2923
2974,2924
2974,2925
2974,2926
2974,2927
2974,2973
2974,2974
2974,2975
2974,2976
2974,2977
2974,2978
2974,3012
2974,3013
2974,3014
2974,3015
2974,3016
2974,3017
2974,3036
2974,3037
2974,3038
2975,2922
2975,2923
2975,2924
2975,2925
2975,2926
2975,2927
2975,2973
2975,2974
2975,2975
2975,2976
2975,2977
2975,2978
2975,3012
2975,3013
2975,3014
2975,3015
2975,3016
2975,3017
2975,3036
2975,3037
2975,3038
2976,2973
2976,2974
2976,2975
2976,2976
2976,2977
2976,2978
2976,2979
2976,2980
2976,2981
2976,3012
2976,3013
2976,3014
2976,3018
2976,3019
2976,3020
2976,3027
2976,3028
2976,3029
2976,3036
2976,3037
2976,3038
2977,2973
2977,2974
2977,2975
2977,2976
2977,2977
2977,2978
2977,2979
2977,2980
2977,2981
2977,3012
2977,3013
2977,3014
2977,3018
2977,3019
2977,3020
2977,3027
2977,3028
2977,3029
2977,3036
2977,3037
2977,3038
2978,2973
2978,2974
2978,2975
2978,2976
2978,2977
2978,2978
2978,2979
2978,2980
2978,2981
2978,3012
2978,3013
2978,3014
2978,3018
2978,3019
2978,3020
2978,3027
2978,3028
2978,3029
2978,3036
2978,3037
2978,3038
2979,1443
2979,1444
2979,1445
2979,1446
2979,1447
2979,1448
2979,2976
2979,2977
2979,2978
2979,2979
2979,2980
2979,2981
2979,3018
2979,3019
2979,3020
2979,3027
2979,3028
2979,3029
2979,3045
2979,3046
2979,3047
2980,1443
2980,1444
2980,1445
2980,1446
2980,1447
2980,1448
2980,2976
2980,2977
2980,2978
2980,2979
2980,2980
2980,2981
2980,3018
2980,3019
2980,3020
2980,3027
2980,3028
2980,3029
2980,3045
2980,3046
2980,3047
2981,1443
2981,1444
2981,1445
2981,1446
2981,1447
2981,1448
2981,2976
2981,2977
2981,2978
2981,2979
2981,2980
2981,2981
2981,3018
2981,3019
2981,3020
2981,3027
2981,3028
2981,3029
2981,3045
2981,3046
2981,3047
2982,2928
2982,2929
2982,2930
2982,2931
2982,2932
2982,2933
2982,2982
2982,2983
2982,2984
2982,2985
2982,2986
2982,2987
2982,2991
2982,2992
2982,2993
2982,2997
2982,2998
2982,2999
2982,3015
2982,3016
2982,3017
2983,2928
2983,2929
2983,2930
2983,2931
2983,2932
2983,2933
2983,2982
2983,2983
2983,2984
2983,2985
2983,2986
2983,2987
2983,2991
2983,2992
2983,2993
2983,2997
2983,2998
2983,2999
2983,3015
2983,3016
2983,3017
2984,2928
2984,2929
2984,2930
2984,2931
2984,2932
2984,2933
2984,2982
2984,2983
2984,2984
2984,2985
2984,2986
2984,2987
2984,2991
2984,2992
2984,2993
2984,2997
2984,2998
2984,2999
2984,3015
2984,3016
2984,3017
2985,2982
2985,2983
2985,2984
2985,2985
2985,2986
2985,2987
2985,2988
2985,2989
2985,2990
2985,2991
2985,2992
2985,2993
2985,3009
2985,3010
2985,3011
2985,3012
2985,3013
2985,3014
2985,3015
2985,3016
2985,3017
2986,2982
2986,2983
2986,2984
2986,2985
2986,2986
2986,2987
2986,2988
2986,2989
2986,2990
2986,2991
2986,2992
2986,2993
2986,3009
2986,3010
2986,3011
2986,3012
2986,3013
2986,3014
2986,3015
2986,3016
2986,3017
2987,2982
2987,2983
2987,2984
2987,2985
2987,2986
2987,2987
2987,2988
2987,2989
2987,2990
2987,2991
2987,2992
2987,2993
2987,3009
2987,3010
2987,3011
2987,3012
2987,3013
2987,3014
2987,3015
2987,3016
2987,3017
2988,1449
2988,1450
2988,1451
2988,1452
2988,1453
2988,1454
2988,2985
2988,2986
2988,2987
2988,2988
2988,2989
2988,2990
2988,3009
2988,3010
2988,3011
2988,3012
2988,3013
2988,3014
2988,3018
2988,3019
2988,3020
2989,1449
2989,1450
2989,1451
2989,1452
2989,1453
2989,1454
2989,2985
2989,2986
2989,2987
2989,2988
2989,2989
2989,2990
2989,3009
2989,3010
2989,3011
2989,3012
2989,3013
2989,3014
2989,3018
2989,3019
2989,3020
2990,1449
2990,1450
2990,1451
2990,1452
2990,1453
2990,1454
2990,2985
2990,2986
2990,2987
2990,2988
2990,2989
2990,2990
2990,3009
2990,3010
2990,3011
2990,3012
2990,3013
2990,3014
2990,3018
2990,3019
2990,3020
2991,2982
2991,2983
2991,2984
2991,2985
2991,2986
2991,2987
2991,2991
2991,2992
2991,2993
2991,2994
2991,2995
2991,2996
2991,2997
2991,2998
2991,2999
2991,3003
2991,3004
2991,3005
2991,3009
2991,3010
2991,3011
2992,2982
2992,2983
2992,2984
2992,2985
2992,2986
2992,2987
2992,2991
2992,2992
2992,2993
2992,2994
2992,2995
2992,2996
2992,2997
2992,2998
2992,2999
2992,3003
2992,3004
2992,3005
2992,3009
2992,3010
2992,3011
2993,2982
2993,2983
2993,2984
2993,2985
2993,2986
2993,2987
2993,2991
2993,2992
2993,2993
2993,2994
2993,2995
2993,2996
2993,2997
2993,2998
2993,2999
2993,3003
2993,3004
2993,3005
2993,3009
2993,3010
2993,3011
2994,1059
2994,1060
2994,1061
2994,2991
2994,2992
2994,2993
2994,2994
2994,2995
2994,2996
2994,2997
2994,2998
2994,2999
2994,3000
2994,3001
2994,3002
2994,3003
2994,3004
2994,3005
2994,3006
2994,3007
2994,3008
2995,1059
2995,1060
2995,1061
2995,2991
2995,2992
2995,2993
2995,2994
2995,2995
2995,2996
2995,2997
2995,2998
2995,2999
2995,3000
2995,3001
2995,3002
2995,3003
2995,3004
2995,3005
2995,3006
2995,3007
2995,3008
2996,1059
2996,1060
2996,1061
2996,2991
2996,2992
2996,2993
2996,2994
2996,2995
2996,2996
2996,2997
2996,2998
2996,2999
2996,3000
2996,3001
2996,3002
2996,3003
2996,3004
2996,3005
2996,3006
2996,3007
2996,3008
2997,2931
2997,2932
2997,2933
2997,2934
2997,2935
2997,2936
2997,2982
2997,2983
2997,2984
2997,2991
2997,2992
2997,2993
2997,2994
2997,2995
2997,2996
2997,2997
2997,2998
2997,2999
2997,3000
2997,3001
2997,3002
2998,2931
2998,2932
2998,2933
2998,2934
2998,2935
2998,2936
2998,2982
2998,2983
2998,2984
2998,2991
2998,2992
2998,2993
2998,2994
2998,2995
2998,2996
2998,2997
2998,2998
2998,2999
2998,3000
2998,3001
2998,3002
2999,2931
2999,2932
2999,2933
2999,2934
2999,2935
2999,2936
2999,2982
2999,2983
2999,2984
2999,2991
2999,2992
2999,2993
2999,2994
2999,2995
2999,2996
2999,2997
2999,2998
2999,2999
2999,3000
2999,3001
2999,3002
3000,1059
3000,1060
3000,1061
3000,1062
3000,1063
3000,1064
3000,1065
3000,1066
3000,1067
3000,2934
3000,2935
3000,2936
3000,2994
3000,2995
3000,2996
3000,2997
3000,2998
3000,2999
3000,3000
3000,3001
3000,3002
3001,1059
3001,1060
3001,1061
3001,1062
3001,1063
3001,1064
3001,1065
3001,1066
3001,1067
3001,2934
3001,2935
3001,2936
3001,2994
3001,2995
3001,2996
3001,2997
3001,2998
3001,2999
3001,3000
3001,3001
3001,3002
3002,1059
3002,1060
3002,1061
3002,1062
3002,1063
3002,1064
3002,1065
3002,1066
3002,1067
3002,2934
3002,2935
3002,2936
3002,2994
3002,2995
3002,2996
3002,2997
3002,2998
3002,2999
3002,3000
3002,3001
3002,3002
3003,1455
3003,1456
3003,1457
3003,1458
3003,1459
3003,1460
3003,2991
3003,2992
3003,2993
3003,2994
3003,2995
3003,2996
3003,3003
3003,3004
3003,3005
3003,3006
3003,3007
3003,3008
3003,3009
3003,3010
3003,3011
3004,1455
3004,1456
3004,1457
3004,1458
3004,1459
3004,1460
3004,2991
3004,2992
3004,2993
3004,2994
3004,2995
3004,2996
3004,3003
3004,3004
3004,3005
3004,3006
3004,3007
3004,3008
3004,3009
3004,3010
3004,3011
3005,1455
3005,1456
3005,1457
3005,1458
3005,1459
3005,1460
3005,2991
3005,2992
3005,2993
3005,2994
3005,2995
3005,2996
3005,3003
3005,3004
3005,3005
3005,3006
3005,3007
3005,3008
3005,3009
3005,3010
3005,3011
3006,1053
3006,1054
3006,1055
3006,1056
3006,1057
3006,1058
3006,1059
3006,1060
3006,1061
3006,1458
3006,1459
3006,1460
3006,2994
3006,2995
3006,2996
3006,3003
3006,3004
3006,3005
3006,3006
3006,3007
3006,3008
3007,1053
3007,1054
3007,1055
3007,1056
3007,1057
3007,1058
3007,1059
3007,1060
3007,1061
3007,1458
3007,1459
3007,1460
3007,2994
3007,2995
3007,2996
3007,3003
3007,3004
3007,3005
3007,3006
3007,3007
3007,3008
3008,1053
3008,1054
3008,1055
3008,1056
3008,1057
3008,1058
3008,1059
3008,1060
3008,1061
3008,1458
3008,1459
3008,1460
3008,2994
3008,2995
3008,2996
3008,3003
3008,3004
3008,3005
3008,3006
3008,3007
3008,3008
3009,1452
3009,1453
3009,1454
3009,1455
3009,1456
3009,1457
3009,2985
3009,2986
3009,2987
3009,2988
3009,2989
3009,2990
3009,2991
3009,2992
3009,2993
3009,3003
3009,3004
3009,3005
3009,3009
3009,3010
3009,3011
3010,1452
3010,1453
3010,1454
3010,1455
3010,1456
3010,1457
3010,2985
3010,2986
3010,2987
3010,2988
3010,2989
3010,2990
3010,2991
3010,2992
3010,2993
3010,3003
3010,3004
3010,3005
3010,3009
3010,3010
3010,3011
3011,1452
3011,1453
3011,1454
3011,1455
3011,1456
3011,1457
3011,2985
3011,2986
3011,2987
3011,2988
3011,2989
3011,2990
3011,2991
3011,2992
3011,2993
3011,3003
3011,3004
3011,3005
3011,3009
3011,3010
3011,3011
3012,2973
3012,2974
3012,2975
3012,2976
3012,2977
3012,2978
3012,2985
3012,2986
3012,2987
3012,2988
3012,2989
3012,2990
3012,3012
3012,3013
3012,3014
3012,3015
3012,3016
3012,3017
3012,3018
3012,3019
3012,3020
3013,2973
3013,2974
3013,2975
3013,2976
3013,2977
3013,2978
3013,2985
3013,2986
3013,2987
3013,2988
3013,2989
3013,2990
3013,3012
3013,3013
3013,3014
3013,3015
3013,3016
3013,3017
3013,3018
3013,3019
3013,3020
3014,2973
3014,2974
3014,2975
3014,2976
3014,2977
3014,2978
3014,2985
3014,2986
3014,2987
3014,2988
3014,2989
3014,2990
3014,3012
3014,3013
3014,3014
3014,3015
3014,3016
3014,3017
3014,3018
3014,3019
3014,3020
3015,2925
3015,2926
3015,2927
3015,2928
3015,2929
3015,2930
3015,2973
3015,2974
3015,2975
3015,2982
3015,2983
3015,2984
3015,2985
3015,2986
3015,2987
3015,3012
3015,3013
3015,3014
3015,3015
3015,3016
3015,3017
3016,2925
3016,2926
3016,2927
3016,2928
3016,2929
3016,2930
3016,2973
3016,2974
3016,2975
3016,2982
3016,2983
3016,2984
3016,2985
3016,2986
3016,2987
3016,3012
3016,3013
3016,3014
3016,3015
3016,3016
3016,3017
3017,2925
3017,2926
3017,2927
3017,2928
3017,2929
3017,2930
3017,2973
3017,2974
3017,2975
3017,2982
3017,2983
3017,2984
3017,2985
3017,2986
3017,2987
3017,3012
3017,3013
3017,3014
3017,3015
3017,3016
3017,3017
3018,1446
3018,1447
3018,1448
3018,1449
3018,1450
3018,1451
3018,2976
3018,2977
3018,2978
3018,2979
3018,2980
3018,2981
3018,2988
3018,2989
3018,2990
3018,3012
3018,3013
3018,3014
3018,3018
3018,3019
3018,3020
3019,1446
3019,1447
3019,1448
3019,1449
3019,1450
3019,1451
3019,2976
3019,2977
3019,2978
3019,2979
3019,2980
3019,2981
3019,2988
3019,2989
3019,2990
3019,3012
3019,3013
3019,3014
3019,3018
3019,3019
3019,3020
3020,1446
3020,1447
3020,1448
3020,1449
3020,1450
3020,1451
3020,2976
3020,2977
3020,2978
3020,2979
3020,2980
3020,2981
3020,2988
3020,2989
3020,2990
3020,3012
3020,3013
3020,3014
3020,3018
3020,3019
3020,3020
3021,2907
3021,2908
3021,2909
3021,2910
3021,2911
3021,2912
3021,3021
3021,3022
3021,3023
3021,3024
3021,3025
3021,3026
3021,3033
3021,3034
3021,3035
3021,3039
3021,3040
3021,3041
3021,3042
3021,3043
3021,3044
3022,2907
3022,2908
3022,2909
3022,2910
3022,2911
3022,2912
3022,3021
3022,3022
3022,3023
3022,3024
3022,3025
3022,3026
3022,3033
3022,3034
3022,3035
3022,3039
3022,3040
3022,3041
3022,3042
3022,3043
3022,3044
3023,2907
3023,2908
3023,2909
3023,2910
3023,2911
3023,2912
3023,3021
3023,3022
3023,3023
3023,3024
3023,3025
3023,3026
3023,3033
3023,3034
3023,3035
3023,3039
3023,3040
3023,3041
3023,3042
3023,3043
3023,3044
3024,3021
3024,3022
3024,3023
3024,3024
3024,3025
3024,3026
3024,3027
3024,3028
3024,3029
3024,3030
3024,3031
3024,3032
3024,3033
3024,3034
3024,3035
3024,3039
3024,3040
3024,3041
3024,3045
3024,3046
3024,3047
3025,3021
3025,3022
3025,3023
3025,3024
3025,3025
3025,3026
3025,3027
3025,3028
3025,3029
3025,3030
3025,3031
3025,3032
3025,3033
3025,3034
3025,3035
3025,3039
3025,3040
3025,3041
3025,3045
3025,3046
3025,3047
3026,3021
3026,3022
3026,3023
3026,3024
3026,3025
3026,3026
3026,3027
3026,3028
3026,3029
3026,3030
3026,3031
3026,3032
3026,3033
3026,3034
3026,3035
3026,3039
3026,3040
3026,3041
3026,3045
3026,3046
3026,3047
3027,2976
3027,2977
3027,2978
3027,2979
3027,2980
3027,2981
3027,3024
3027,3025
3027,3026
3027,3027
3027,3028
3027,3029
3027,3030
3027,3031
3027,3032
3027,3036
3027,3037
3027,3038
3027,3045
3027,3046
3027,3047
3028,2976
3028,2977
3028,2978
3028,2979
3028,2980
3028,2981
3028,3024
3028,3025
3028,3026
3028,3027
3028,3028
3028,3029
3028,3030
3028,3031
3028,3032
3028,3036
3028,3037
3028,3038
3028,3045
3028,3046
3028,3047
3029,2976
3029,2977
3029,2978
3029,2979
3029,2980
3029,2981
3029,3024
3029,3025
3029,3026
3029,3027
3029,3028
3029,3029
3029,3030
3029,3031
3029,3032
3029,3036
3029,3037
3029,3038
3029,3045
3029,3046
3029,3047
3030,2916
3030,2917
3030,2918
3030,2919
3030,2920
3030,2921
3030,3024
3030,3025
3030,3026
3030,3027
3030,3028
3030,3029
3030,3030
3030,3031
3030,3032
3030,3033
3030,3034
3030,3035
3030,3036
3030,3037
3030,3038
3031,2916
3031,2917
3031,2918
3031,2919
3031,2920
3031,2921
3031,3024
3031,3025
3031,3026
3031,3027
3031,3028
3031,3029
3031,3030
3031,3031
3031,3032
3031,3033
3031,3034
3031,3035
3031,3036
3031,3037
3031,3038
3032,2916
3032,2917
3032,2918
3032,2919
3032,2920
3032,2921
3032,3024
3032,3025
3032,3026
3032,3027
3032,3028
3032,3029
3032,3030
3032,3031
3032,3032
3032,3033
3032,3034
3032,3035
3032,3036
3032,3037
3032,3038
3033,2904
3033,2905
3033,2906
3033,2907
3033,2908
3033,2909
3033,2916
3033,2917
3033,2918
3033,3021
3033,3022
3033,3023
3033,3024
3033,3025
3033,3026
3033,3030
3033,3031
3033,3032
3033,3033
3033,3034
3033,3035
3034,2904
3034,2905
3034,2906
3034,2907
3034,2908
3034,2909
3034,2916
3034,2917
3034,2918
3034,3021
3034,3022
3034,3023
3034,3024
3034,3025
3034,3026
3034,3030
3034,3031
3034,3032
3034,3033
3034,3034
3034,3035
3035,2904
3035,2905
3035,2906
3035,2907
3035,2908
3035,2909
3035,2916
3035,2917
3035,2918
3035,3021
3035,3022
3035,3023
3035,3024
3035,3025
3035,3026
3035,3030
3035,3031
3035,3032
3035,3033
3035,3034
3035,3035
3036,2919
3036,2920
3036,2921
3036,2922
3036,2923
3036,2924
3036,2973
3036,2974
3036,2975
3036,2976
3036,2977
3036,2978
3036,3027
3036,3028
3036,3029
3036,3030
3036,3031
3036,3032
3036,3036
3036,3037
3036,3038
3037,2919
3037,2920
3037,2921
3037,2922
3037,2923
3037,2924
3037,2973
3037,2974
3037,2975
3037,2976
3037,2977
3037,2978
3037,3027
3037,3028
3037,3029
3037,3030
3037,3031
3037,3032
3037,3036
3037,3037
3037,3038
3038,2919
3038,2920
3038,2921
3038,2922
3038,2923
3038,2924
3038,2973
3038,2974
3038,2975
3038,2976
3038,2977
3038,2978
3038,3027
3038,3028
3038,3029
3038,3030
3038,3031
3038,3032
3038,3036
3038,3037
3038,3038
3039,1437
3039,1438
3039,1439
3039,1440
3039,1441
3039,1442
3039,3021
3039,3022
3039,3023
3039,3024
3039,3025
3039,3026
3039,3039
3039,3040
3039,3041
3039,3042
3039,3043
3039,3044
3039,3045
3039,3046
3039,3047
3040,1437
3040,1438
3040,1439
3040,1440
3040,1441
3040,1442
3040,3021
3040,3022
3040,3023
3040,3024
3040,3025
3040,3026
3040,3039
3040,3040
3040,3041
3040,3042
3040,3043
3040,3044
3040,3045
3040,3046
3040,3047
3041,1437
3041,1438
3041,1439
3041,1440
3041,1441
3041,1442
3041,3021
3041,3022
3041,3023
3041,3024
3041,3025
3041,3026
3041,3039
3041,3040
3041,3041
3041,3042
3041,3043
3041,3044
3041,3045
3041,3046
3041,3047
3042,1434
3042,1435
3042,1436
3042,1437
3042,1438
3042,1439
3042,2910
3042,2911
3042,2912
3042,2913
3042,2914
3042,2915
3042,3021
3042,3022
3042,3023
3042,3039
3042,3040
3042,3041
3042,3042
3042,3043
3042,3044
3043,1434
3043,1435
3043,1436
3043,1437
3043,1438
3043,1439
3043,2910
3043,2911
3043,2912
3043,2913
3043,2914
3043,2915
3043,3021
3043,3022
3043,3023
3043,3039
3043,3040
3043,3041
3043,3042
3043,3043
3043,3044
3044,1434
3044,1435
3044,1436
3044,1437
3044,1438
3044,1439
3044,2910
3044,2911
3044,2912
3044,2913
3044,2914
3044,2915
3044,3021
3044,3022
3044,3023
3044,3039
3044,3040
3044,3041
3044,3042
3044,3043
3044,3044
3045,1440
3045,1441
3045,1442
3045,1443
3045,1444
3045,1445
3045,2979
3045,2980
3045,2981
3045,3024
3045,3025
3045,3026
3045,3027
3045,3028
3045,3029
3045,3039
3045,3040
3045,3041
3045,3045
3045,3046
3045,3047
3046,1440
3046,1441
3046,1442
3046,1443
3046,1444
3046,1445
3046,2979
3046,2980
3046,2981
3046,3024
3046,3025
3046,3026
3046,3027
3046,3028
3046,3029
3046,3039
3046,3040
3046,3041
3046,3045
3046,3046
3046,3047
3047,1440
3047,1441
3047,1442
3047,1443
3047,1444
3047,1445
3047,2979
3047,2980
3047,2981
3047,3024
3047,3025
3047,3026
3047,3027
3047,3028
3047,3029
3047,3039
3047,3040
3047,3041
3047,3045
3047,3046
3047,3047
3048,2661
3048,2662
3048,2663
3048,2664
3048,2665
3048,2666
3048,3048
3048,3049
3048,3050
3048,3051
3048,3052
3048,3053
3048,3075
3048,3076
3048,3077
3048,3123
3048,3124
3048,3125
3048,3126
3048,3127
3048,3128
3049,2661
3049,2662
3049,2663
3049,2664
3049,2665
3049,2666
3049,3048
3049,3049
3049,3050
3049,3051
3049,3052
3049,3053
3049,3075
3049,3076
3049,3077
3049,3123
3049,3124
3049,3125
3049,3126
3049,3127
3049,3128
3050,2661
3050,2662
3050,2663
3050,2664
3050,2665
3050,2666
3050,3048
3050,3049
3050,3050
3050,3051
3050,3052
3050,3053
3050,3075
3050,3076
3050,3077
3050,3123
3050,3124
3050,3125
3050,3126
3050,3127
3050,3128
3051,3048
3051,3049
3051,3050
3051,3051
3051,3052
3051,3053
3051,3054
3051,3055
3051,3056
3051,3072
3051,3073
3051,3074
3051,3075
3051,3076
3051,3077
3051,3108
3051,3109
3051,3110
3051,3123
3051,3124
3051,3125
3052,3048
3052,3049
3052,3050
3052,3051
3052,3052
3052,3053
3052,3054
3052,3055
3052,3056
3052,3072
3052,3073
3052,3074
3052,3075
3052,3076
3052,3077
3052,3108
3052,3109
3052,3110
3052,3123
3052,3124
3052,3125
3053,3048
3053,3049
3053,3050
3053,3051
3053,3052
3053,3053
3053,3054
3053,3055
3053,3056
3053,3072
3053,3073
3053,3074
3053,3075
3053,3076
3053,3077
3053,3108
3053,3109
3053,3110
3053,3123
3053,3124
3053,3125
3054,3051
3054,3052
3054,3053
3054,3054
3054,3055
3054,3056
3054,3057
3054,3058
3054,3059
3054,3066
3054,3067
3054,3068
3054,3072
3054,3073
3054,3074
3054,3108
3054,3109
3054,3110
3054,3153
3054,3154
3054,3155
3055,3051
3055,3052
3055,3053
3055,3054
3055,3055
3055,3056
3055,3057
3055,3058
3055,3059
3055,3066
3055,3067
3055,3068
3055,3072
3055,3073
3055,3074
3055,3108
3055,3109
3055,3110
3055,3153
3055,3154
3055,3155
3056,3051
3056,3052
3056,3053
3056,3054
3056,3055
3056,3056
3056,3057
3056,3058
3056,3059
3056,3066
3056,3067
3056,3068
3056,3072
3056,3073
3056,3074
3056,3108
3056,3109
3056,3110
3056,3153
3056,3154
3056,3155
3057,3054
3057,3055
3057,3056
3057,3057
3057,3058
3057,3059
3057,3060
3057,3061
3057,3062
3057,3066
3057,3067
3057,3068
3057,3090
3057,3091
3057,3092
3057,3147
3057,3148
3057,3149
3057,3153
3057,3154
3057,3155
3058,3054
3058,3055
3058,3056
3058,3057
3058,3058
3058,3059
3058,3060
3058,3061
3058,3062
3058,3066
3058,3067
3058,3068
3058,3090
3058,3091
3058,3092
3058,3147
3058,3148
3058,3149
3058,3153
3058,3154
3058,3155
3059,3054
3059,3055
3059,3056
3059,3057
3059,3058
3059,3059
3059,3060
3059,3061
3059,3062
3059,3066
3059,3067
3059,3068
3059,3090
3059,3091
3059,3092
3059,3147
3059,3148
3059,3149
3059,3153
3059,3154
3059,3155
3060,3057
3060,3058
3060,3059
3060,3060
3060,3061
3060,3062
3060,3063
3060,3064
3060,3065
3060,3084
3060,3085
3060,3086
3060,3090
3060,3091
3060,3092
3060,3147
3060,3148
3060,3149
3060,3150
3060,3151
3060,3152
3061,3057
3061,3058
3061,3059
3061,3060
3061,3061
3061,3062
3061,3063
3061,3064
3061,3065
3061,3084
3061,3085
3061,3086
3061,3090
3061,3091
3061,3092
3061,3147
3061,3148
3061,3149
3061,3150
3061,3151
3061,3152
3062,3057
3062,3058
3062,3059
3062,3060
3062,3061
3062,3062
3062,3063
3062,3064
3062,3065
3062,3084
3062,3085
3062,3086
3062,3090
3062,3091
3062,3092
3062,3147
3062,3148
3062,3149
3062,3150
3062,3151
3062,3152
3063,2904
3063,2905
3063,2906
3063,2907
3063,2908
3063,2909
3063,3060
3063,3061
3063,3062
3063,3063
3063,3064
3063,3065
3063,3084
3063,3085
3063,3086
3063,3096
3063,3097
3063,3098
3063,3150
3063,3151
3063,3152
3064,2904
3064,2905
3064,2906
3064,2907
3064,2908
3064,2909
3064,3060
3064,3061
3064,3062
3064,3063
3064,3064
3064,3065
3064,3084
3064,3085
3064,3086
3064,3096
3064,3097
3064,3098
3064,3150
3064,3151
3064,3152
3065,2904
3065,2905
3065,2906
3065,2907
3065,2908
3065,2909
3065,3060
3065,3061
3065,3062
3065,3063
3065,3064
3065,3065
3065,3084
3065,3085
3065,3086
3065,3096
3065,3097
3065,3098
3065,3150
3065,3151
3065,3152
3066,3054
3066,3055
3066,3056
3066,3057
3066,3058
3066,3059
3066,3066
3066,3067
3066,3068
3066,3069
3066,3070
3066,3071
3066,3072
3066,3073
3066,3074
3066,3078
3066,3079
3066,3080
3066,3090
3066,3091
3066,3092
3067,3054
3067,3055
3067,3056
3067,3057
3067,3058
3067,3059
3067,3066
3067,3067
3067,3068
3067,3069
3067,3070
3067,3071
3067,3072
3067,3073
3067,3074
3067,3078
3067,3079
3067,3080
3067,3090
3067,3091
3067,3092
3068,3054
3068,3055
3068,3056
3068,3057
3068,3058
3068,3059
3068,3066
3068,3067
3068,3068
3068,3069
3068,3070
3068,3071
3068,3072
3068,3073
3068,3074
3068,3078
3068,3079
3068,3080
3068,3090
3068,3091
3068,3092
3069,2679
3069,2680
3069,2681
3069,2682
3069,2683
3069,2684
3069,3066
3069,3067
3069,3068
3069,3069
3069,3070
3069,3071
3069,3078
3069,3079
3069,3080
3069,3090
3069,3091
3069,3092
3069,3093
3069,3094
3069,3095
3070,2679
3070,2680
3070,2681
3070,2682
3070,2683
3070,2684
3070,3066
3070,3067
3070,3068
3070,3069
3070,3070
3070,3071
3070,3078
3070,3079
3070,3080
3070,3090
3070,3091
3070,3092
3070,3093
3070,3094
3070,3095
3071,2679
3071,2680
3071,2681
3071,2682
3071,2683
3071,2684
3071,3066
3071,3067
3071,3068
3071,3069
3071,3070
3071,3071
3071,3078
3071,3079
3071,3080
3071,3090
3071,3091
3071,3092
3071,3093
3071,3094
3071,3095
3072,3051
3072,3052
3072,3053
3072,3054
3072,3055
3072,3056
3072,3066
3072,3067
3072,3068
3072,3072
3072,3073
3072,3074
3072,3075
3072,3076
3072,3077
3072,3078
3072,3079
3072,3080
3072,3081
3072,3082
3072,3083
3073,3051
3073,3052
3073,3053
3073,3054
3073,3055
3073,3056
3073,3066
3073,3067
3073,3068
3073,3072
3073,3073
3073,3074
3073,3075
3073,3076
3073,3077
3073,3078
3073,3079
3073,3080
3073,3081
3073,3082
3073,3083
3074,3051
3074,3052
3074,3053
3074,3054
3074,3055
3074,3056
3074,3066
3074,3067
3074,3068
3074,3072
3074,3073
3074,3074
3074,3075
3074,3076
3074,3077
3074,3078
3074,3079
3074,3080
3074,3081
3074,3082
3074,3083
3075,2658
3075,2659
3075,2660
3075,2661
3075,2662
3075,2663
3075,3048
3075,3049
3075,3050
3075,3051
3075,3052
3075,3053
3075,3072
3075,3073
3075,3074
3075,3075
3075,3076
3075,3077
3075,3081
3075,3082
3075,3083
3076,2658
3076,2659
3076,2660
3076,2661
3076,2662
3076,2663
3076,3048
3076,3049
3076,3050
3076,3051
3076,3052
3076,3053
3076,3072
3076,3073
3076,3074
3076,3075
3076,3076
3076,3077
3076,3081
3076,3082
3076,3083
3077,2658
3077,2659
3077,2660
3077,2661
3077,2662
3077,2663
3077,3048
3077,3049
3077,3050
3077,3051
3077,3052
3077,3053
3077,3072
3077,3073
3077,3074
3077,3075
3077,3076
3077,3077
3077,3081
3077,3082
3077,3083
3078,2676
3078,2677
3078,2678
3078,2679
3078,2680
3078,2681
3078,3066
3078,3067
3078,3068
3078,3069
3078,3070
3078,3071
3078,3072
3078,3073
3078,3074
3078,3078
3078,3079
3078,3080
3078,3081
3078,3082
3078,3083
3079,2676
3079,2677
3079,2678
3079,2679
3079,2680
3079,2681
3079,3066
3079,3067
3079,3068
3079,3069
3079,3070
3079,3071
3079,3072
3079,3073
3079,3074
3079,3078
3079,3079
3079,3080
3079,3081
3079,3082
3079,3083
3080,2676
3080,2677
3080,2678
3080,2679
3080,2680
3080,2681
3080,3066
3080,3067
3080,3068
3080,3069
3080,3070
3080,3071
3080,3072
3080,3073
3080,3074
3080,3078
3080,3079
3080,3080
3080,3081
3080,3082
3080,3083
3081,2655
3081,2656
3081,2657
3081,2658
3081,2659
3081,2660
3081,2676
3081,2677
3081,2678
3081,3072
3081,3073
3081,3074
3081,3075
3081,3076
3081,3077
3081,3078
3081,3079
3081,3080
3081,3081
3081,3082
3081,3083
3082,2655
3082,2656
3082,2657
3082,2658
3082,2659
3082,2660
3082,2676
3082,2677
3082,2678
3082,3072
3082,3073
3082,3074
3082,3075
3082,3076
3082,3077
3082,3078
3082,3079
3082,3080
3082,3081
3082,3082
3082,3083
3083,2655
3083,2656
3083,2657
3083,2658
3083,2659
3083,2660
3083,2676
3083,2677
3083,2678
3083,3072
3083,3073
3083,3074
3083,3075
3083,3076
3083,3077
3083,3078
3083,3079
3083,3080
3083,3081
3083,3082
3083,3083
3084,3060
3084,3061
3084,3062
3084,3063
3084,3064
3084,3065
3084,3084
3084,3085
3084,3086
3084,3087
3084,3088
3084,3089
3084,3090
3084,3091
3084,3092
3084,3093
3084,3094
3084,3095
3084,3096
3084,3097
3084,3098
3085,3060
3085,3061
3085,3062
3085,3063
3085,3064
3085,3065
3085,3084
3085,3085
3085,3086
3085,3087
3085,3088
3085,3089
3085,3090
3085,3091
3085,3092
3085,3093
3085,3094
3085,3095
3085,3096
3085,3097
3085,3098
3086,3060
3086,3061
3086,3062
3086,3063
3086,3064
3086,3065
3086,3084
3086,3085
3086,3086
3086,3087
3086,3088
3086,3089
3086,3090
3086,3091
3086,3092
3086,3093
3086,3094
3086,3095
3086,3096
3086,3097
3086,3098
3087,2685
3087,2686
3087,2687
3087,2688
3087,2689
3087,2690
3087,3084
3087,3085
3087,3086
3087,3087
3087,3088
3087,3089
3087,3093
3087,3094
3087,3095
3087,3096
3087,3097
3087,3098
3087,3099
3087,3100
3087,3101
3088,2685
3088,2686
3088,2687
3088,2688
3088,2689
3088,2690
3088,3084
3088,3085
3088,3086
3088,3087
3088,3088
3088,3089
3088,3093
3088,3094
3088,3095
3088,3096
3088,3097
3088,3098
3088,3099
3088,3100
3088,3101
3089,2685
3089,2686
3089,2687
3089,2688
3089,2689
3089,2690
3089,3084
3089,3085
3089,3086
3089,3087
3089,3088
3089,3089
3089,3093
3089,3094
3089,3095
3089,3096
3089,3097
3089,3098
3089,3099
3089,3100
3089,3101
3090,3057
3090,3058
3090,3059
3090,3060
3090,3061
3090,3062
3090,3066
3090,3067
3090,3068
3090,3069
3090,3070
3090,3071
3090,3084
3090,3085
3090,3086
3090,3090
3090,3091
3090,3092
3090,3093
3090,3094
3090,3095
3091,3057
3091,3058
3091,3059
3091,3060
3091,3061
3091,3062
3091,3066
3091,3067
3091,3068
3091,3069
3091,3070
3091,3071
3091,3084
3091,3085
3091,3086
3091,3090
3091,3091
3091,3092
3091,3093
3091,3094
3091,3095
3092,3057
3092,3058
3092,3059
3092,3060
3092,3061
3092,3062
3092,3066
3092,3067
3092,3068
3092,3069
3092,3070
3092,3071
3092,3084
3092,3085
3092,3086
3092,3090
3092,3091
3092,3092
3092,3093
3092,3094
3092,3095
3093,2682
3093,2683
3093,2684
3093,2685
3093,2686
3093,2687
3093,3069
3093,3070
3093,3071
3093,3084
3093,3085
3093,3086
3093,3087
3093,3088
3093,3089
3093,3090
3093,3091
3093,3092
3093,3093
3093,3094
3093,3095
3094,2682
3094,2683
3094,2684
3094,2685
3094,2686
3094,2687
3094,3069
3094,3070
3094,3071
3094,3084
3094,3085
3094,3086
3094,3087
3094,3088
3094,3089
3094,3090
3094,3091
3094,3092
3094,3093
3094,3094
3094,3095
3095,2682
3095,2683
3095,2684
3095,2685
3095,2686
3095,2687
3095,3069
3095,3070
3095,3071
3095,3084
3095,3085
3095,3086
3095,3087
3095,3088
3095,3089
3095,3090
3095,3091
3095,3092
3095,3093
3095,3094
3095,3095
3096,2901
3096,2902
3096,2903
3096,2904
3096,2905
3096,2906
3096,3063
3096,3064
3096,3065
3096,3084
3096,3085
3096,3086
3096,3087
3096,3088
3096,3089
3096,3096
3096,3097
3096,3098
3096,3099
3096,3100
3096,3101
3097,2901
3097,2902
3097,2903
3097,2904
3097,2905
3097,2906
3097,3063
3097,3064
3097,3065
3097,3084
3097,3085
3097,3086
3097,3087
3097,3088
3097,3089
3097,3096
3097,3097
3097,3098
3097,3099
3097,3100
3097,3101
3098,2901
3098,2902
3098,2903
3098,2904
3098,2905
3098,2906
3098,3063
3098,3064
3098,3065
3098,3084
3098,3085
3098,3086
3098,3087
3098,3088
3098,3089
3098,3096
3098,3097
3098,3098
3098,3099
3098,3100
3098,3101
3099,2688
3099,2689
3099,2690
3099,2691
3099,2692
3099,2693
3099,2898
3099,2899
3099,2900
3099,2901
3099,2902
3099,2903
3099,3087
3099,3088
3099,3089
3099,3096
3099,3097
3099,3098
3099,3099
3099,3100
3099,3101
3100,2688
3100,2689
3100,2690
3100,2691
3100,2692
3100,2693
3100,2898
3100,2899
3100,2900
3100,2901
3100,2902
3100,2903
3100,3087
3100,3088
3100,3089
3100,3096
3100,3097
3100,3098
3100,3099
3100,3100
3100,3101
3101,2688
3101,2689
3101,2690
3101,2691
3101,2692
3101,2693
3101,2898
3101,2899
3101,2900
3101,2901
3101,2902
3101,2903
3101,3087
3101,3088
3101,3089
3101,3096
3101,3097
3101,3098
3101,3099
3101,3100
3101,3101
3102,1419
3102,1420
3102,1421
3102,1422
3102,1423
3102,1424
3102,3102
3102,3103
3102,3104
3102,3105
3102,3106
3102,3107
3102,3111
3102,3112
3102,3113
3102,3117
3102,3118
3102,3119
3102,3144
3102,3145
3102,3146
3103,1419
3103,1420
3103,1421
3103,1422
3103,1423
3103,1424
3103,3102
3103,3103
3103,3104
3103,3105
3103,3106
3103,3107
3103,3111
3103,3112
3103,3113
3103,3117
3103,3118
3103,3119
3103,3144
3103,3145
3103,3146
3104,1419
3104,1420
3104,1421
3104,1422
3104,1423
3104,1424
3104,3102
3104,3103
3104,3104
3104,3105
3104,3106
3104,3107
3104,3111
3104,3112
3104,3113
3104,3117
3104,3118
3104,3119
3104,3144
3104,3145
3104,3146
3105,3102
3105,3103
3105,3104
3105,3105
3105,3106
3105,3107
3105,3108
3105,3109
3105,3110
3105,3111
3105,3112
3105,3113
3105,3123
3105,3124
3105,3125
3105,3135
3105,3136
3105,3137
3105,3144
3105,3145
3105,3146
3106,3102
3106,3103
3106,3104
3106,3105
3106,3106
3106,3107
3106,3108
3106,3109
3106,3110
3106,3111
3106,3112
3106,3113
3106,3123
3106,3124
3106,3125
3106,3135
3106,3136
3106,3137
3106,3144
3106,3145
3106,3146
3107,3102
3107,3103
3107,3104
3107,3105
3107,3106
3107,3107
3107,3108
3107,3109
3107,3110
3107,3111
3107,3112
3107,3113
3107,3123
3107,3124
3107,3125
3107,3135
3107,3136
3107,3137
3107,3144
3107,3145
3107,3146
3108,3051
3108,3052
3108,3053
3108,3054
3108,3055
3108,3056
3108,3105
3108,3106
3108,3107
3108,3108
3108,3109
3108,3110
3108,3123
3108,3124
3108,3125
3108,3135
3108,3136
3108,3137
3108,3153
3108,3154
3108,3155
3109,3051
3109,3052
3109,3053
3109,3054
3109,3055
3109,3056
3109,3105
3109,3106
3109,3107
3109,3108
3109,3109
3109,3110
3109,3123
3109,3124
3109,3125
3109,3135
3109,3136
3109,3137
3109,3153
3109,3154
3109,3155
3110,3051
3110,3052
3110,3053
3110,3054
3110,3055
3110,3056
3110,3105
3110,3106
3110,3107
3110,3108
3110,3109
3110,3110
3110,3123
3110,3124
3110,3125
3110,3135
3110,3136
3110,3137
3110,3153
3110,3154
3110,3155
3111,3102
3111,3103
3111,3104
3111,3105
3111,3106
3111,3107
3111,3111
3111,3112
3111,3113
3111,3114
3111,3115
3111,3116
3111,3117
3111,3118
3111,3119
3111,3123
3111,3124
3111,3125
3111,3126
3111,3127
3111,3128
3112,3102
3112,3103
3112,3104
3112,3105
3112,3106
3112,3107
3112,3111
3112,3112
3112,3113
3112,3114
3112,3115
3112,3116
3112,3117
3112,3118
3112,3119
3112,3123
3112,3124
3112,3125
3112,3126
3112,3127
3112,3128
3113,3102
3113,3103
3113,3104
3113,3105
3113,3106
3113,3107
3113,3111
3113,3112
3113,3113
3113,3114
3113,3115
3113,3116
3113,3117
3113,3118
3113,3119
3113,3123
3113,3124
3113,3125
3113,3126
3113,3127
3113,3128
3114,2667
3114,2668
3114,2669
3114,2670
3114,2671
3114,2672
3114,3111
3114,3112
3114,3113
3114,3114
3114,3115
3114,3116
3114,3117
3114,3118
3114,3119
3114,3120
3114,3121
3114,3122
3114,3126
3114,3127
3114,3128
3115,2667
3115,2668
3115,2669
3115,2670
3115,2671
3115,2672
3115,3111
3115,3112
3115,3113
3115,3114
3115,3115
3115,3116
3115,3117
3115,3118
3115,3119
3115,3120
3115,3121
3115,3122
3115,3126
3115,3127
3115,3128
3116,2667
3116,2668
3116,2669
3116,2670
3116,2671
3116,2672
3116,3111
3116,3112
3116,3113
3116,3114
3116,3115
3116,3116
3116,3117
3116,3118
3116,3119
3116,3120
3116,3121
3116,3122
3116,3126
3116,3127
3116,3128
3117,1416
3117,1417
3117,1418
3117,1419
3117,1420
3117,1421
3117,3102
3117,3103
3117,3104
3117,3111
3117,3112
3117,3113
3117,3114
3117,3115
3117,3116
3117,3117
3117,3118
3117,3119
3117,3120
3117,3121
3117,3122
3118,1416
3118,1417
3118,1418
3118,1419
3118,1420
3118,1421
3118,3102
3118,3103
3118,3104
3118,3111
3118,3112
3118,3113
3118,3114
3118,3115
3118,3116
3118,3117
3118,3118
3118,3119
3118,3120
3118,3121
3118,3122
3119,1416
3119,1417
3119,1418
3119,1419
3119,1420
3119,1421
3119,3102
3119,3103
3119,3104
3119,3111
3119,3112
3119,3113
3119,3114
3119,3115
3119,3116
3119,3117
3119,3118
3119,3119
3119,3120
3119,3121
3119,3122
3120,1413
3120,1414
3120,1415
3120,1416
3120,1417
3120,1418
3120,2670
3120,2671
3120,2672
3120,2673
3120,2674
3120,2675
3120,3114
3120,3115
3120,3116
3120,3117
3120,3118
3120,3119
3120,3120
3120,3121
3120,3122
3121,1413
3121,1414
3121,1415
3121,1416
3121,1417
3121,1418
3121,2670
3121,2671
3121,2672
3121,2673
3121,2674
3121,2675
3121,3114
3121,3115
3121,3116
3121,3117
3121,3118
3121,3119
3121,3120
3121,3121
3121,3122
3122,1413
3122,1414
3122,1415
3122,1416
3122,1417
3122,1418
3122,2670
3122,2671
3122,2672
3122,2673
3122,2674
3122,2675
3122,3114
3122,3115
3122,3116
3122,3117
3122,3118
3122,3119
3122,3120
3122,3121
3122,3122
3123,3048
3123,3049
3123,3050
3123,3051
3123,3052
3123,3053
3123,3105
3123,3106
3123,3107
3123,3108
3123,3109
3123,3110
3123,3111
3123,3112
3123,3113
3123,3123
3123,3124
3123,3125
3123,3126
3123,3127
3123,3128
3124,3048
3124,3049
3124,3050
3124,3051
3124,3052
3124,3053
3124,3105
3124,3106
3124,3107
3124,3108
3124,3109
3124,3110
3124,3111
3124,3112
3124,3113
3124,3123
3124,3124
3124,3125
3124,3126
3124,3127
3124,3128
3125,3048
3125,3049
3125,3050
3125,3051
3125,3052
3125,3053
3125,3105
3125,3106
3125,3107
3125,3108
3125,3109
3125,3110
3125,3111
3125,3112
3125,3113
3125,3123
3125,3124
3125,3125
3125,3126
3125,3127
3125,3128
3126,2664
3126,2665
3126,2666
3126,2667
3126,2668
3126,2669
3126,3048
3126,3049
3126,3050
3126,3111
3126,3112
3126,3113
3126,3114
3126,3115
3126,3116
3126,3123
3126,3124
3126,3125
3126,3126
3126,3127
3126,3128
3127,2664
3127,2665
3127,2666
3127,2667
3127,2668
3127,2669
3127,3048
3127,3049
3127,3050
3127,3111
3127,3112
3127,3113
3127,3114
3127,3115
3127,3116
3127,3123
3127,3124
3127,3125
3127,3126
3127,3127
3127,3128
3128,2664
3128,2665
3128,2666
3128,2667
3128,2668
3128,2669
3128,3048
3128,3049
3128,3050
3128,3111
3128,3112
3128,3113
3128,3114
3128,3115
3128,3116
3128,3123
3128,3124
3128,3125
3128,3126
3128,3127
3128,3128
3129,2910
3129,2911
3129,2912
3129,2913
3129,2914
3129,2915
3129,3129
3129,3130
3129,3131
3129,3132
3129,3133
3129,3134
3129,3141
3129,3142
3129,3143
3129,3147
3129,3148
3129,3149
3129,3150
3129,3151
3129,3152
3130,2910
3130,2911
3130,2912
3130,2913
3130,2914
3130,2915
3130,3129
3130,3130
3130,3131
3130,3132
3130,3133
3130,3134
3130,3141
3130,3142
3130,3143
3130,3147
3130,3148
3130,3149
3130,3150
3130,3151
3130,3152
3131,2910
3131,2911
3131,2912
3131,2913
3131,2914
3131,2915
3131,3129
3131,3130
3131,3131
3131,3132
3131,3133
3131,3134
3131,3141
3131,3142
3131,3143
3131,3147
3131,3148
3131,3149
3131,3150
3131,3151
3131,3152
3132,3129
3132,3130
3132,3131
3132,3132
3132,3133
3132,3134
3132,3135
3132,3136
3132,3137
3132,3138
3132,3139
3132,3140
3132,3141
3132,3142
3132,3143
3132,3147
3132,3148
3132,3149
3132,3153
3132,3154
3132,3155
3133,3129
3133,3130
3133,3131
3133,3132
3133,3133
3133,3134
3133,3135
3133,3136
3133,3137
3133,3138
3133,3139
3133,3140
3133,3141
3133,3142
3133,3143
3133,3147
3133,3148
3133,3149
3133,3153
3133,3154
3133,3155
3134,3129
3134,3130
3134,3131
3134,3132
3134,3133
3134,3134
3134,3135
3134,3136
3134,3137
3134,3138
3134,3139
3134,3140
3134,3141
3134,3142
3134,3143
3134,3147
3134,3148
3134,3149
3134,3153
3134,3154
3134,3155
3135,3105
3135,3106
3135,3107
3135,3108
3135,3109
3135,3110
3135,3132
3135,3133
3135,3134
3135,3135
3135,3136
3135,3137
3135,3138
3135,3139
3135,3140
3135,3144
3135,3145
3135,3146
3135,3153
3135,3154
3135,3155
3136,3105
3136,3106
3136,3107
3136,3108
3136,3109
3136,3110
3136,3132
3136,3133
3136,3134
3136,3135
3136,3136
3136,3137
3136,3138
3136,3139
3136,3140
3136,3144
3136,3145
3136,3146
3136,3153
3136,3154
3136,3155
3137,3105
3137,3106
3137,3107
3137,3108
3137,3109
3137,3110
3137,3132
3137,3133
3137,3134
3137,3135
3137,3136
3137,3137
3137,3138
3137,3139
3137,3140
3137,3144
3137,3145
3137,3146
3137,3153
3137,3154
3137,3155
3138,1425
3138,1426
3138,1427
3138,1428
3138,1429
3138,1430
3138,3132
3138,3133
3138,3134
3138,3135
3138,3136
3138,3137
3138,3138
3138,3139
3138,3140
3138,3141
3138,3142
3138,3143
3138,3144
3138,3145
3138,3146
3139,1425
3139,1426
3139,1427
3139,1428
3139,1429
3139,1430
3139,3132
3139,3133
3139,3134
3139,3135
3139,3136
3139,3137
3139,3138
3139,3139
3139,3140
3139,3141
3139,3142
3139,3143
3139,3144
3139,3145
3139,3146
3140,1425
3140,1426
3140,1427
3140,1428
3140,1429
3140,1430
3140,3132
3140,3133
3140,3134
3140,3135
3140,3136
3140,3137
3140,3138
3140,3139
3140,3140
3140,3141
3140,3142
3140,3143
3140,3144
3140,3145
3140,3146
3141,1428
3141,1429
3141,1430
3141,1431
3141,1432
3141,1433
3141,2913
3141,2914
3141,2915
3141,3129
3141,3130
3141,3131
3141,3132
3141,3133
3141,3134
3141,3138
3141,3139
3141,3140
3141,3141
3141,3142
3141,3143
3142,1428
3142,1429
3142,1430
3142,1431
3142,1432
3142,1433
3142,2913
3142,2914
3142,2915
3142,3129
3142,3130
3142,3131
3142,3132
3142,3133
3142,3134
3142,3138
3142,3139
3142,3140
3142,3141
3142,3142
3142,3143
3143,1428
3143,1429
3143,1430
3143,1431
3143,1432
3143,1433
3143,2913
3143,2914
3143,2915
3143,3129
3143,3130
3143,3131
3143,3132
3143,3133
3143,3134
3143,3138
3143,3139
3143,3140
3143,3141
3143,3142
3143,3143
3144,1422
3144,1423
3144,1424
3144,1425
3144,1426
3144,1427
3144,3102
3144,3103
3144,3104
3144,3105
3144,3106
3144,3107
3144,3135
3144,3136
3144,3137
3144,3138
3144,3139
3144,3140
3144,3144
3144,3145
3144,3146
3145,1422
3145,1423
3145,1424
3145,1425
3145,1426
3145,1427
3145,3102
3145,3103
3145,3104
3145,3105
3145,3106
3145,3107
3145,3135
3145,3136
3145,3137
3145,3138
3145,3139
3145,3140
3145,3144
3145,3145
3145,3146
3146,1422
3146,1423
3146,1424
3146,1425
3146,1426
3146,1427
3146,3102
3146,3103
3146,3104
3146,3105
3146,3106
3146,3107
3146,3135
3146,3136
3146,3137
3146,3138
3146,3139
3146,3140
3146,3144
3146,3145
3146,3146
3147,3057
3147,3058
3147,3059
3147,3060
3147,3061
3147,3062
3147,3129
3147,3130
3147,3131
3147,3132
3147,3133
3147,3134
3147,3147
3147,3148
3147,3149
3147,3150
3147,3151
3147,3152
3147,3153
3147,3154
3147,3155
3148,3057
3148,3058
3148,3059
3148,3060
3148,3061
3148,3062
3148,3129
3148,3130
3148,3131
3148,3132
3148,3133
3148,3134
3148,3147
3148,3148
3148,3149
3148,3150
3148,3151
3148,3152
3148,3153
3148,3154
3148,3155
3149,3057
3149,3058
3149,3059
3149,3060
3149,3061
3149,3062
3149,3129
3149,3130
3149,3131
3149,3132
3149,3133
3149,3134
3149,3147
3149,3148
3149,3149
3149,3150
3149,3151
3149,3152
3149,3153
3149,3154
3149,3155
3150,2907
3150,2908
3150,2909
3150,2910
3150,2911
3150,2912
3150,3060
3150,3061
3150,3062
3150,3063
3150,3064
3150,3065
3150,3129
3150,3130
3150,3131
3150,3147
3150,3148
3150,3149
3150,3150
3150,3151
3150,3152
3151,2907
3151,2908
3151,2909
3151,2910
3151,2911
3151,2912
3151,3060
3151,3061
3151,3062
3151,3063
3151,3064
3151,3065
3151,3129
3151,3130
3151,3131
3151,3147
3151,3148
3151,3149
3151,3150
3151,3151
3151,3152
3152,2907
3152,2908
3152,2909
3152,2910
3152,2911
3152,2912
3152,3060
3152,3061
3152,3062
3152,3063
3152,3064
3152,3065
3152,3129
3152,3130
3152,3131
3152,3147
3152,3148
3152,3149
3152,3150
3152,3151
3152,3152
3153,3054
3153,3055
3153,3056
3153,3057
3153,3058
3153,3059
3153,3108
3153,3109
3153,3110
3153,3132
3153,3133
3153,3134
3153,3135
3153,3136
3153,3137
3153,3147
3153,3148
3153,3149
3153,3153
3153,3154
3153,3155
3154,3054
3154,3055
3154,3056
3154,3057
3154,3058
3154,3059
3154,3108
3154,3109
3154,3110
3154,3132
3154,3133
3154,3134
3154,3135
3154,3136
3154,3137
3154,3147
3154,3148
3154,3149
3154,3153
3154,3154
3154,3155
3155,3054
3155,3055
3155,3056
3155,3057
3155,3058
3155,3059
3155,3108
3155,3109
3155,3110
3155,3132
3155,3133
3155,3134
3155,3135
3155,3136
3155,3137
3155,3147
3155,3148
3155,3149
3155,3153
3155,3154
3155,3155
3156,1479
3156,1480
3156,1481
3156,1482
3156,1483
3156,1484
3156,3156
3156,3157
3156,3158
3156,3159
3156,3160
3156,3161
3156,3231
3156,3232
3156,3233
3156,3474
3156,3475
3156,3476
3156,3477
3156,3478
3156,3479
3157,1479
3157,1480
3157,1481
3157,1482
3157,1483
3157,1484
3157,3156
3157,3157
3157,3158
3157,3159
3157,3160
3157,3161
3157,3231
3157,3232
3157,3233
3157,3474
3157,3475
3157,3476
3157,3477
3157,3478
3157,3479
3158,1479
3158,1480
3158,1481
3158,1482
3158,1483
3158,1484
3158,3156
3158,3157
3158,3158
3158,3159
3158,3160
3158,3161
3158,3231
3158,3232
3158,3233
3158,3474
3158,3475
3158,3476
3158,3477
3158,3478
3158,3479
3159,3156
3159,3157
3159,3158
3159,3159
3159,3160
3159,3161
3159,3162
3159,3163
3159,3164
3159,3231
3159,3232
3159,3233
3159,3234
3159,3235
3159,3236
3159,3450
3159,3451
3159,3452
3159,3477
3159,3478
3159,3479
3160,3156
3160,3157
3160,3158
3160,3159
3160,3160
3160,3161
3160,3162
3160,3163
3160,3164
3160,3231
3160,3232
3160,3233
3160,3234
3160,3235
3160,3236
3160,3450
3160,3451
3160,3452
3160,3477
3160,3478
3160,3479
3161,3156
3161,3157
3161,3158
3161,3159
3161,3160
3161,3161
3161,3162
3161,3163
3161,3164
3161,3231
3161,3232
3161,3233
3161,3234
3161,3235
3161,3236
3161,3450
3161,3451
3161,3452
3161,3477
3161,3478
3161,3479
3162,3159
3162,3160
3162,3161
3162,3162
3162,3163
3162,3164
3162,3165
3162,3166
3162,3167
3162,3216
3162,3217
3162,3218
3162,3234
3162,3235
3162,3236
3162,3450
3162,3451
3162,3452
3162,3465
3162,3466
3162,3467
3163,3159
3163,3160
3163,3161
3163,3162
3163,3163
3163,3164
3163,3165
3163,3166
3163,3167
3163,3216
3163,3217
3163,3218
3163,3234
3163,3235
3163,3236
3163,3450
3163,3451
3163,3452
3163,3465
3163,3466
3163,3467
3164,3159
3164,3160
3164,3161
3164,3162
3164,3163
3164,3164
3164,3165
3164,3166
3164,3167
3164,3216
3164,3217
3164,3218
3164,3234
3164,3235
3164,3236
3164,3450
3164,3451
3164,3452
3164,3465
3164,3466
3164,3467
3165,3162
3165,3163
3165,3164
3165,3165
3165,3166
3165,3167
3165,3168
3165,3169
3165,3170
3165,3216
3165,3217
3165,3218
3165,3222
3165,3223
3165,3224
3165,3345
3165,3346
3165,3347
3165,3465
3165,3466
3165,3467
3166,3162
3166,3163
3166,3164
3166,3165
3166,3166
3166,3167
3166,3168
3166,3169
3166,3170
3166,3216
3166,3217
3166,3218
3166,3222
3166,3223
3166,3224
3166,3345
3166,3346
3166,3347
3166,3465
3166,3466
3166,3467
3167,3162
3167,3163
3167,3164
3167,3165
3167,3166
3167,3167
3167,3168
3167,3169
3167,3170
3167,3216
3167,3217
3167,3218
3167,3222
3167,3223
3167,3224
3167,3345
3167,3346
3167,3347
3167,3465
3167,3466
3167,3467
3168,3165
3168,3166
3168,3167
3168,3168
3168,3169
3168,3170
3168,3171
3168,3172
3168,3173
3168,3183
3168,3184
3168,3185
3168,3222
3168,3223
3168,3224
3168,3345
3168,3346
3168,3347
3168,3384
3168,3385
3168,3386
3169,3165
3169,3166
3169,3167
3169,3168
3169,3169
3169,3170
3169,3171
3169,3172
3169,3173
3169,3183
3169,3184
3169,3185
3169,3222
3169,3223
3169,3224
3169,3345
3169,3346
3169,3347
3169,3384
3169,3385
3169,3386
3170,3165
3170,3166
3170,3167
3170,3168
3170,3169
3170,3170
3170,3171
3170,3172
3170,3173
3170,3183
3170,3184
3170,3185
3170,3222
3170,3223
3170,3224
3170,3345
3170,3346
3170,3347
3170,3384
3170,3385
3170,3386
3171,3168
3171,3169
3171,3170
3171,3171
3171,3172
3171,3173
3171,3174
3171,3175
3171,3176
3171,3183
3171,3184
3171,3185
3171,3303
3171,3304
3171,3305
3171,3378
3171,3379
3171,3380
3171,3384
3171,3385
3171,3386
3172,3168
3172,3169
3172,3170
3172,3171
3172,3172
3172,3173
3172,3174
3172,3175
3172,3176
3172,3183
3172,3184
3172,3185
3172,3303
3172,3304
3172,3305
3172,3378
3172,3379
3172,3380
3172,3384
3172,3385
3172,3386
3173,3168
3173,3169
3173,3170
3173,3171
3173,3172
3173,3173
3173,3174
3173,3175
3173,3176
3173,3183
3173,3184
3173,3185
3173,3303
3173,3304
3173,3305
3173,3378
3173,3379
3173,3380
3173,3384
3173,3385
3173,3386
3174,3171
3174,3172
3174,3173
3174,3174
3174,3175
3174,3176
3174,3177
3174,3178
3174,3179
3174,3303
3174,3304
3174,3305
3174,3306
3174,3307
3174,3308
3174,3378
3174,3379
3174,3380
3174,3396
3174,3397
3174,3398
3175,3171
3175,3172
3175,3173
3175,3174
3175,3175
3175,3176
3175,3177
3175,3178
3175,3179
3175,3303
3175,3304
3175,3305
3175,3306
3175,3307
3175,3308
3175,3378
3175,3379
3175,3380
3175,3396
3175,3397
3175,3398
3176,3171
3176,3172
3176,3173
3176,3174
3176,3175
3176,3176
3176,3177
3176,3178
3176,3179
3176,3303
3176,3304
3176,3305
3176,3306
3176,3307
3176,3308
3176,3378
3176,3379
3176,3380
3176,3396
3176,3397
3176,3398
3177,3174
3177,3175
3177,3176
3177,3177
3177,3178
3177,3179
3177,3180
3177,3181
3177,3182
3177,3288
3177,3289
3177,3290
3177,3306
3177,3307
3177,3308
3177,3393
3177,3394
3177,3395
3177,3396
3177,3397
3177,3398
3178,3174
3178,3175
3178,3176
3178,3177
3178,3178
3178,3179
3178,3180
3178,3181
3178,3182
3178,3288
3178,3289
3178,3290
3178,3306
3178,3307
3178,3308
3178,3393
3178,3394
3178,3395
3178,3396
3178,3397
3178,3398
3179,3174
3179,3175
3179,3176
3179,3177
3179,3178
3179,3179
3179,3180
3179,3181
3179,3182
3179,3288
3179,3289
3179,3290
3179,3306
3179,3307
3179,3308
3179,3393
3179,3394
3179,3395
3179,3396
3179,3397
3179,3398
3180,2655
3180,2656
3180,2657
3180,2658
3180,2659
3180,2660
3180,3177
3180,3178
3180,3179
3180,3180
3180,3181
3180,3182
3180,3288
3180,3289
3180,3290
3180,3294
3180,3295
3180,3296
3180,3393
3180,3394
3180,3395
3181,2655
3181,2656
3181,2657
3181,2658
3181,2659
3181,2660
3181,3177
3181,3178
3181,3179
3181,3180
3181,3181
3181,3182
3181,3288
3181,3289
3181,3290
3181,3294
3181,3295
3181,3296
3181,3393
3181,3394
3181,3395
3182,2655
3182,2656
3182,2657
3182,2658
3182,2659
3182,2660
3182,3177
3182,3178
3182,3179
3182,3180
3182,3181
3182,3182
3182,3288
3182,3289
3182,3290
3182,3294
3182,3295
3182,3296
3182,3393
3182,3394
3182,3395
3183,3168
3183,3169
3183,3170
3183,3171
3183,3172
3183,3173
3183,3183
3183,3184
3183,3185
3183,3186
3183,3187
3183,3188
3183,3219
3183,3220
3183,3221
3183,3222
3183,3223
3183,3224
3183,3303
3183,3304
3183,3305
3184,3168
3184,3169
3184,3170
3184,3171
3184,3172
3184,3173
3184,3183
3184,3184
3184,3185
3184,3186
3184,3187
3184,3188
3184,3219
3184,3220
3184,3221
3184,3222
3184,3223
3184,3224
3184,3303
3184,3304
3184,3305
3185,3168
3185,3169
3185,3170
3185,3171
3185,3172
3185,3173
3185,3183
3185,3184
3185,3185
3185,3186
3185,3187
3185,3188
3185,3219
3185,3220
3185,3221
3185,3222
3185,3223
3185,3224
3185,3303
3185,3304
3185,3305
3186,3183
3186,3184
3186,3185
3186,3186
3186,3187
3186,3188
3186,3189
3186,3190
3186,3191
3186,3201
3186,3202
3186,3203
3186,3219
3186,3220
3186,3221
3186,3297
3186,3298
3186,3299
3186,3303
3186,3304
3186,3305
3187,3183
3187,3184
3187,3185
3187,3186
3187,3187
3187,3188
3187,3189
3187,3190
3187,3191
3187,3201
3187,3202
3187,3203
3187,3219
3187,3220
3187,3221
3187,3297
3187,3298
3187,3299
3187,3303
3187,3304
3187,3305
3188,3183
3188,3184
3188,3185
3188,3186
3188,3187
3188,3188
3188,3189
3188,3190
3188,3191
3188,3201
3188,3202
3188,3203
3188,3219
3188,3220
3188,3221
3188,3297
3188,3298
3188,3299
3188,3303
3188,3304
3188,3305
3189,3186
3189,3187
3189,3188
3189,3189
3189,3190
3189,3191
3189,3192
3189,3193
3189,3194
3189,3201
3189,3202
3189,3203
3189,3252
3189,3253
3189,3254
3189,3282
3189,3283
3189,3284
3189,3297
3189,3298
3189,3299
3190,3186
3190,3187
3190,3188
3190,3189
3190,3190
3190,3191
3190,3192
3190,3193
3190,3194
3190,3201
3190,3202
3190,3203
3190,3252
3190,3253
3190,3254
3190,3282
3190,3283
3190,3284
3190,3297
3190,3298
3190,3299
3191,3186
3191,3187
3191,3188
3191,3189
3191,3190
3191,3191
3191,3192
3191,3193
3191,3194
3191,3201
3191,3202
3191,3203
3191,3252
3191,3253
3191,3254
3191,3282
3191,3283
3191,3284
3191,3297
3191,3298
3191,3299
3192,3189
3192,3190
3192,3191
3192,3192
3192,3193
3192,3194
3192,3195
3192,3196
3192,3197
3192,3246
3192,3247
3192,3248
3192,3252
3192,3253
3192,3254
3192,3282
3192,3283
3192,3284
3192,3339
3192,3340
3192,3341
3193,3189
3193,3190
3193,3191
3193,3192
3193,3193
3193,3194
3193,3195
3193,3196
3193,3197
3193,3246
3193,3247
3193,3248
3193,3252
3193,3253
3193,3254
3193,3282
3193,3283
3193,3284
3193,3339
3193,3340
3193,3341
3194,3189
3194,3190
3194,3191
3194,3192
3194,3193
3194,3194
3194,3195
3194,3196
3194,3197
3194,3246
3194,3247
3194,3248
3194,3252
3194,3253
3194,3254
3194,3282
3194,3283
3194,3284
3194,3339
3194,3340
3194,3341
3195,3192
3195,3193
3195,3194
3195,3195
3195,3196
3195,3197
3195,3198
3195,3199
3195,3200
3195,3246
3195,3247
3195,3248
3195,3249
3195,3250
3195,3251
3195,3327
3195,3328
3195,3329
3195,3339
3195,3340
3195,3341
3196,3192
3196,3193
3196,3194
3196,3195
3196,3196
3196,3197
3196,3198
3196,3199
3196,3200
3196,3246
3196,3247
3196,3248
3196,3249
3196,3250
3196,3251
3196,3327
3196,3328
3196,3329
3196,3339
3196,3340
3196,3341
3197,3192
3197,3193
3197,3194
3197,3195
3197,3196
3197,3197
3197,3198
3197,3199
3197,3200
3197,3246
3197,3247
3197,3248
3197,3249
3197,3250
3197,3251
3197,3327
3197,3328
3197,3329
3197,3339
3197,3340
3197,3341
3198,1137
3198,1138
3198,1139
3198,1140
3198,1141
3198,1142
3198,3195
3198,3196
3198,3197
3198,3198
3198,3199
3198,3200
3198,3249
3198,3250
3198,3251
3198,3327
3198,3328
3198,3329
3198,3333
3198,3334
3198,3335
3199,1137
3199,1138
3199,1139
3199,1140
3199,1141
3199,1142
3199,3195
3199,3196
3199,3197
3199,3198
3199,3199
3199,3200
3199,3249
3199,3250
3199,3251
3199,3327
3199,3328
3199,3329
3199,3333
3199,3334
3199,3335
3200,1137
3200,1138
3200,1139
3200,1140
3200,1141
3200,1142
3200,3195
3200,3196
3200,3197
3200,3198
3200,3199
3200,3200
3200,3249
3200,3250
3200,3251
3200,3327
3200,3328
3200,3329
3200,3333
3200,3334
3200,3335
3201,3186
3201,3187
3201,3188
3201,3189
3201,3190
3201,3191
3201,3201
3201,3202
3201,3203
3201,3204
3201,3205
3201,3206
3201,3219
3201,3220
3201,3221
3201,3243
3201,3244
3201,3245
3201,3252
3201,3253
3201,3254
3202,3186
3202,3187
3202,3188
3202,3189
3202,3190
3202,3191
3202,3201
3202,3202
3202,3203
3202,3204
3202,3205
3202,3206
3202,3219
3202,3220
3202,3221
3202,3243
3202,3244
3202,3245
3202,3252
3202,3253
3202,3254
3203,3186
3203,3187
3203,3188
3203,3189
3203,3190
3203,3191
3203,3201
3203,3202
3203,3203
3203,3204
3203,3205
3203,3206
3203,3219
3203,3220
3203,3221
3203,3243
3203,3244
3203,3245
3203,3252
3203,3253
3203,3254
3204,3201
3204,3202
3204,3203
3204,3204
3204,3205
3204,3206
3204,3207
3204,3208
3204,3209
3204,3213
3204,3214
3204,3215
3204,3219
3204,3220
3204,3221
3204,3243
3204,3244
3204,3245
3204,3270
3204,3271
3204,3272
3205,3201
3205,3202
3205,3203
3205,3204
3205,3205
3205,3206
3205,3207
3205,3208
3205,3209
3205,3213
3205,3214
3205,3215
3205,3219
3205,3220
3205,3221
3205,3243
3205,3244
3205,3245
3205,3270
3205,3271
3205,3272
3206,3201
3206,3202
3206,3203
3206,3204
3206,3205
3206,3206
3206,3207
3206,3208
3206,3209
3206,3213
3206,3214
3206,3215
3206,3219
3206,3220
3206,3221
3206,3243
3206,3244
3206,3245
3206,3270
3206,3271
3206,3272
3207,3204
3207,3205
3207,3206
3207,3207
3207,3208
3207,3209
3207,3210
3207,3211
3207,3212
3207,3213
3207,3214
3207,3215
3207,3228
3207,3229
3207,3230
3207,3267
3207,3268
3207,3269
3207,3270
3207,3271
3207,3272
3208,3204
3208,3205
3208,3206
3208,3207
3208,3208
3208,3209
3208,3210
3208,3211
3208,3212
3208,3213
3208,3214
3208,3215
3208,3228
3208,3229
3208,3230
3208,3267
3208,3268
3208,3269
3208,3270
3208,3271
3208,3272
3209,3204
3209,3205
3209,3206
3209,3207
3209,3208
3209,3209
3209,3210
3209,3211
3209,3212
3209,3213
3209,3214
3209,3215
3209,3228
3209,3229
3209,3230
3209,3267
3209,3268
3209,3269
3209,3270
3209,3271
3209,3272
3210,1488
3210,1489
3210,1490
3210,1491
3210,1492
3210,1493
3210,3207
3210,3208
3210,3209
3210,3210
3210,3211
3210,3212
3210,3225
3210,3226
3210,3227
3210,3228
3210,3229
3210,3230
3210,3267
3210,3268
3210,3269
3211,1488
3211,1489
3211,1490
3211,1491
3211,1492
3211,1493
3211,3207
3211,3208
3211,3209
3211,3210
3211,3211
3211,3212
3211,3225
3211,3226
3211,3227
3211,3228
3211,3229
3211,3230
3211,3267
3211,3268
3211,3269
3212,1488
3212,1489
3212,1490
3212,1491
3212,1492
3212,1493
3212,3207
3212,3208
3212,3209
3212,3210
3212,3211
3212,3212
3212,3225
3212,3226
3212,3227
3212,3228
3212,3229
3212,3230
3212,3267
3212,3268
3212,3269
3213,3204
3213,3205
3213,3206
3213,3207
3213,3208
3213,3209
3213,3213
3213,3214
3213,3215
3213,3216
3213,3217
3213,3218
3213,3219
3213,3220
3213,3221
3213,3222
3213,3223
3213,3224
3213,3228
3213,3229
3213,3230
3214,3204
3214,3205
3214,3206
3214,3207
3214,3208
3214,3209
3214,3213
3214,3214
3214,3215
3214,3216
3214,3217
3214,3218
3214,3219
3214,3220
3214,3221
3214,3222
3214,3223
3214,3224
3214,3228
3214,3229
3214,3230
3215,3204
3215,3205
3215,3206
3215,3207
3215,3208
3215,3209
3215,3213
3215,3214
3215,3215
3215,3216
3215,3217
3215,3218
3215,3219
3215,3220
3215,3221
3215,3222
3215,3223
3215,3224
3215,3228
3215,3229
3215,3230
3216,3162
3216,3163
3216,3164
3216,3165
3216,3166
3216,3167
3216,3213
3216,3214
3216,3215
3216,3216
3216,3217
3216,3218
3216,3222
3216,3223
3216,3224
3216,3228
3216,3229
3216,3230
3216,3234
3216,3235
3216,3236
3217,3162
3217,3163
3217,3164
3217,3165
3217,3166
3217,3167
3217,3213
3217,3214
3217,3215
3217,3216
3217,3217
3217,3218
3217,3222
3217,3223
3217,3224
3217,3228
3217,3229
3217,3230
3217,3234
3217,3235
3217,3236
3218,3162
3218,3163
3218,3164
3218,3165
3218,3166
3218,3167
3218,3213
3218,3214
3218,3215
3218,3216
3218,3217
3218,3218
3218,3222
3218,3223
3218,3224
3218,3228
3218,3229
3218,3230
3218,3234
3218,3235
3218,3236
3219,3183
3219,3184
3219,3185
3219,3186
3219,3187
3219,3188
3219,3201
3219,3202
3219,3203
3219,3204
3219,3205
3219,3206
3219,3213
3219,3214
3219,3215
3219,3219
3219,3220
3219,3221
3219,3222
3219,3223
3219,3224
3220,3183
3220,3184
3220,3185
3220,3186
3220,3187
3220,3188
3220,3201
3220,3202
3220,3203
3220,3204
3220,3205
3220,3206
3220,3213
3220,3214
3220,3215
3220,3219
3220,3220
3220,3221
3220,3222
3220,3223
3220,3224
3221,3183
3221,3184
3221,3185
3221,3186
3221,3187
3221,3188
3221,3201
3221,3202
3221,3203
3221,3204
3221,3205
3221,3206
3221,3213
3221,3214
3221,3215
3221,3219
3221,3220
3221,3221
3221,3222
3221,3223
3221,3224
3222,3165
3222,3166
3222,3167
3222,3168
3222,3169
3222,3170
3222,3183
3222,3184
3222,3185
3222,3213
3222,3214
3222,3215
3222,3216
3222,3217
3222,3218
3222,3219
3222,3220
3222,3221
3222,3222
3222,3223
3222,3224
3223,3165
3223,3166
3223,3167
3223,3168
3223,3169
3223,3170
3223,3183
3223,3184
3223,3185
3223,3213
3223,3214
3223,3215
3223,3216
3223,3217
3223,3218
3223,3219
3223,3220
3223,3221
3223,3222
3223,3223
3223,3224
3224,3165
3224,3166
3224,3167
3224,3168
3224,3169
3224,3170
3224,3183
3224,3184
3224,3185
3224,3213
3224,3214
3224,3215
3224,3216
3224,3217
3224,3218
3224,3219
3224,3220
3224,3221
3224,3222
3224,3223
3224,3224
3225,1485
3225,1486
3225,1487
3225,1488
3225,1489
3225,1490
3225,3210
3225,3211
3225,3212
3225,3225
3225,3226
3225,3227
3225,3228
3225,3229
3225,3230
3225,3231
3225,3232
3225,3233
3225,3234
3225,3235
3225,3236
3226,1485
3226,1486
3226,1487
3226,1488
3226,1489
3226,1490
3226,3210
3226,3211
3226,3212
3226,3225
3226,3226
3226,3227
3226,3228
3226,3229
3226,3230
3226,3231
3226,3232
3226,3233
3226,3234
3226,3235
3226,3236
3227,1485
3227,1486
3227,1487
3227,1488
3227,1489
3227,1490
3227,3210
3227,3211
3227,3212
3227,3225
3227,3226
3227,3227
3227,3228
3227,3229
3227,3230
3227,3231
3227,3232
3227,3233
3227,3234
3227,3235
3227,3236
3228,3207
3228,3208
3228,3209
3228,3210
3228,3211
3228,3212
3228,3213
3228,3214
3228,3215
3228,3216
3228,3217
3228,3218
3228,3225
3228,3226
3228,3227
3228,3228
3228,3229
3228,3230
3228,3234
3228,3235
3228,3236
3229,3207
3229,3208
3229,3209
3229,3210
3229,3211
3229,3212
3229,3213
3229,3214
3229,3215
3229,3216
3229,3217
3229,3218
3229,3225
3229,3226
3229,3227
3229,3228
3229,3229
3229,3230
3229,3234
3229,3235
3229,3236
3230,3207
3230,3208
3230,3209
3230,3210
3230,3211
3230,3212
3230,3213
3230,3214
3230,3215
3230,3216
3230,3217
3230,3218
3230,3225
3230,3226
3230,3227
3230,3228
3230,3229
3230,3230
3230,3234
3230,3235
3230,3236
3231,1482
3231,1483
3231,1484
3231,1485
3231,1486
3231,1487
3231,3156
3231,3157
3231,3158
3231,3159
3231,3160
3231,3161
3231,3225
3231,3226
3231,3227
3231,3231
3231,3232
3231,3233
3231,3234
3231,3235
3231,3236
3232,1482
3232,1483
3232,1484
3232,1485
3232,1486
3232,1487
3232,3156
3232,3157
3232,3158
3232,3159
3232,3160
3232,3161
3232,3225
3232,3226
3232,3227
3232,3231
3232,3232
3232,3233
3232,3234
3232,3235
3232,3236
3233,1482
3233,1483
3233,1484
3233,1485
3233,1486
3233,1487
3233,3156
3233,3157
3233,3158
3233,3159
3233,3160
3233,3161
3233,3225
3233,3226
3233,3227
3233,3231
3233,3232
3233,3233
3233,3234
3233,3235
3233,3236
3234,3159
3234,3160
3234,3161
3234,3162
3234,3163
3234,3164
3234,3216
3234,3217
3234,3218
3234,3225
3234,3226
3234,3227
3234,3228
3234,3229
3234,3230
3234,3231
3234,3232
3234,3233
3234,3234
3234,3235
3234,3236
3235,3159
3235,3160
3235,3161
3235,3162
3235,3163
3235,3164
3235,3216
3235,3217
3235,3218
3235,3225
3235,3226
3235,3227
3235,3228
3235,3229
3235,3230
3235,3231
3235,3232
3235,3233
3235,3234
3235,3235
3235,3236
3236,3159
3236,3160
3236,3161
3236,3162
3236,3163
3236,3164
3236,3216
3236,3217
3236,3218
3236,3225
3236,3226
3236,3227
3236,3228
3236,3229
3236,3230
3236,3231
3236,3232
3236,3233
3236,3234
3236,3235
3236,3236
3237,1143
3237,1144
3237,1145
3237,1146
3237,1147
3237,1148
3237,3237
3237,3238
3237,3239
3237,3240
3237,3241
3237,3242
3237,3246
3237,3247
3237,3248
3237,3249
3237,3250
3237,3251
3237,3264
3237,3265
3237,3266
3238,1143
3238,1144
3238,1145
3238,1146
3238,1147
3238,1148
3238,3237
3238,3238
3238,3239
3238,3240
3238,3241
3238,3242
3238,3246
3238,3247
3238,3248
3238,3249
3238,3250
3238,3251
3238,3264
3238,3265
3238,3266
3239,1143
3239,1144
3239,1145
3239,1146
3239,1147
3239,1148
3239,3237
3239,3238
3239,3239
3239,3240
3239,3241
3239,3242
3239,3246
3239,3247
3239,3248
3239,3249
3239,3250
3239,3251
3239,3264
3239,3265
3239,3266
3240,3237
3240,3238
3240,3239
3240,3240
3240,3241
3240,3242
3240,3243
3240,3244
3240,3245
3240,3246
3240,3247
3240,3248
3240,3252
3240,3253
3240,3254
3240,3258
3240,3259
3240,3260
3240,3264
3240,3265
3240,3266
3241,3237
3241,3238
3241,3239
3241,3240
3241,3241
3241,3242
3241,3243
3241,3244
3241,3245
3241,3246
3241,3247
3241,3248
3241,3252
3241,3253
3241,3254
3241,3258
3241,3259
3241,3260
3241,3264
3241,3265
3241,3266
3242,3237
3242,3238
3242,3239
3242,3240
3242,3241
3242,3242
3242,3243
3242,3244
3242,3245
3242,3246
3242,3247
3242,3248
3242,3252
3242,3253
3242,3254
3242,3258
3242,3259
3242,3260
3242,3264
3242,3265
3242,3266
3243,3201
3243,3202
3243,3203
3243,3204
3243,3205
3243,3206
3243,3240
3243,3241
3243,3242
3243,3243
3243,3244
3243,3245
3243,3252
3243,3253
3243,3254
3243,3258
3243,3259
3243,3260
3243,3270
3243,3271
3243,3272
3244,3201
3244,3202
3244,3203
3244,3204
3244,3205
3244,3206
3244,3240
3244,3241
3244,3242
3244,3243
3244,3244
3244,3245
3244,3252
3244,3253
3244,3254
3244,3258
3244,3259
3244,3260
3244,3270
3244,3271
3244,3272
3245,3201
3245,3202
3245,3203
3245,3204
3245,3205
3245,3206
3245,3240
3245,3241
3245,3242
3245,3243
3245,3244
3245,3245
3245,3252
3245,3253
3245,3254
3245,3258
3245,3259
3245,3260
3245,3270
3245,3271
3245,3272
3246,3192
3246,3193
3246,3194
3246,3195
3246,3196
3246,3197
3246,3237
3246,3238
3246,3239
3246,3240
3246,3241
3246,3242
3246,3246
3246,3247
3246,3248
3246,3249
3246,3250
3246,3251
3246,3252
3246,3253
3246,3254
3247,3192
3247,3193
3247,3194
3247,3195
3247,3196
3247,3197
3247,3237
3247,3238
3247,3239
3247,3240
3247,3241
3247,3242
3247,3246
3247,3247
3247,3248
3247,3249
3247,3250
3247,3251
3247,3252
3247,3253
3247,3254
3248,3192
3248,3193
3248,3194
3248,3195
3248,3196
3248,3197
3248,3237
3248,3238
3248,3239
3248,3240
3248,3241
3248,3242
3248,3246
3248,3247
3248,3248
3248,3249
3248,3250
3248,3251
3248,3252
3248,3253
3248,3254
3249,1140
3249,1141
3249,1142
3249,1143
3249,1144
3249,1145
3249,3195
3249,3196
3249,3197
3249,3198
3249,3199
3249,3200
3249,3237
3249,3238
3249,3239
3249,3246
3249,3247
3249,3248
3249,3249
3249,3250
3249,3251
3250,1140
3250,1141
3250,1142
3250,1143
3250,1144
3250,1145
3250,3195
3250,3196
3250,3197
3250,3198
3250,3199
3250,3200
3250,3237
3250,3238
3250,3239
3250,3246
3250,3247
3250,3248
3250,3249
3250,3250
3250,3251
3251,1140
3251,1141
3251,1142
3251,1143
3251,1144
3251,1145
3251,3195
3251,3196
3251,3197
3251,3198
3251,3199
3251,3200
3251,3237
3251,3238
3251,3239
3251,3246
3251,3247
3251,3248
3251,3249
3251,3250
3251,3251
3252,3189
3252,3190
3252,3191
3252,3192
3252,3193
3252,3194
3252,3201
3252,3202
3252,3203
3252,3240
3252,3241
3252,3242
3252,3243
3252,3244
3252,3245
3252,3246
3252,3247
3252,3248
3252,3252
3252,3253
3252,3254
3253,3189
3253,3190
3253,3191
3253,3192
3253,3193
3253,3194
3253,3201
3253,3202
3253,3203
3253,3240
3253,3241
3253,3242
3253,3243
3253,3244
3253,3245
3253,3246
3253,3247
3253,3248
3253,3252
3253,3253
3253,3254
3254,3189
3254,3190
3254,3191
3254,3192
3254,3193
3254,3194
3254,3201
3254,3202
3254,3203
3254,3240
3254,3241
3254,3242
3254,3243
3254,3244
3254,3245
3254,3246
3254,3247
3254,3248
3254,3252
3254,3253
3254,3254
3255,1494
3255,1495
3255,1496
3255,1497
3255,1498
3255,1499
3255,3255
3255,3256
3255,3257
3255,3258
3255,3259
3255,3260
3255,3261
3255,3262
3255,3263
3255,3267
3255,3268
3255,3269
3255,3270
3255,3271
3255,3272
3256,1494
3256,1495
3256,1496
3256,1497
3256,1498
3256,1499
3256,3255
3256,3256
3256,3257
3256,3258
3256,3259
3256,3260
3256,3261
3256,3262
3256,3263
3256,3267
3256,3268
3256,3269
3256,3270
3256,3271
3256,3272
3257,1494
3257,1495
3257,1496
3257,1497
3257,1498
3257,1499
3257,3255
3257,3256
3257,3257
3257,3258
3257,3259
3257,3260
3257,3261
3257,3262
3257,3263
3257,3267
3257,3268
3257,3269
3257,3270
3257,3271
3257,3272
3258,3240
3258,3241
3258,3242
3258,3243
3258,3244
3258,3245
3258,3255
3258,3256
3258,3257
3258,3258
3258,3259
3258,3260
3258,3261
3258,3262
3258,3263
3258,3264
3258,3265
3258,3266
3258,3270
3258,3271
3258,3272
3259,3240
3259,3241
3259,3242
3259,3243
3259,3244
3259,3245
3259,3255
3259,3256
3259,3257
3259,3258
3259,3259
3259,3260
3259,3261
3259,3262
3259,3263
3259,3264
3259,3265
3259,3266
3259,3270
3259,3271
3259,3272
3260,3240
3260,3241
3260,3242
3260,3243
3260,3244
3260,3245
3260,3255
3260,3256
3260,3257
3260,3258
3260,3259
3260,3260
3260,3261
3260,3262
3260,3263
3260,3264
3260,3265
3260,3266
3260,3270
3260,3271
3260,3272
3261,1149
3261,1150
3261,1151
3261,1152
3261,1153
3261,1154
3261,1497
3261,1498
3261,1499
3261,3255
3261,3256
3261,3257
3261,3258
3261,3259
3261,3260
3261,3261
3261,3262
3261,3263
3261,3264
3261,3265
3261,3266
3262,1149
3262,1150
3262,1151
3262,1152
3262,1153
3262,1154
3262,1497
3262,1498
3262,1499
3262,3255
3262,3256
3262,3257
3262,3258
3262,3259
3262,3260
3262,3261
3262,3262
3262,3263
3262,3264
3262,3265
3262,3266
3263,1149
3263,1150
3263,1151
3263,1152
3263,1153
3263,1154
3263,1497
3263,1498
3263,1499
3263,3255
3263,3256
3263,3257
3263,3258
3263,3259
3263,3260
3263,3261
3263,3262
3263,3263
3263,3264
3263,3265
3263,3266
3264,1146
3264,1147
3264,1148
3264,1149
3264,1150
3264,1151
3264,3237
3264,3238
3264,3239
3264,3240
3264,3241
3264,3242
3264,3258
3264,3259
3264,3260
3264,3261
3264,3262
3264,3263
3264,3264
3264,3265
3264,3266
3265,1146
3265,1147
3265,1148
3265,1149
3265,1150
3265,1151
3265,3237
3265,3238
3265,3239
3265,3240
3265,3241
3265,3242
3265,3258
3265,3259
3265,3260
3265,3261
3265,3262
3265,3263
3265,3264
3265,3265
3265,3266
3266,1146
3266,1147
3266,1148
3266,1149
3266,1150
3266,1151
3266,3237
3266,3238
3266,3239
3266,3240
3266,3241
3266,3242
3266,3258
3266,3259
3266,3260
3266,3261
3266,3262
3266,3263
3266,3264
3266,3265
3266,3266
3267,1491
3267,1492
3267,1493
3267,1494
3267,1495
3267,1496
3267,3207
3267,3208
3267,3209
3267,3210
3267,3211
3267,3212
3267,3255
3267,3256
3267,3257
3267,3267
3267,3268
3267,3269
3267,3270
3267,3271
3267,3272
3268,1491
3268,1492
3268,1493
3268,1494
3268,1495
3268,1496
3268,3207
3268,3208
3268,3209
3268,3210
3268,3211
3268,3212
3268,3255
3268,3256
3268,3257
3268,3267
3268,3268
3268,3269
3268,3270
3268,3271
3268,3272
3269,1491
3269,1492
3269,1493
3269,1494
3269,1495
3269,1496
3269,3207
3269,3208
3269,3209
3269,3210
3269,3211
3269,3212
3269,3255
3269,3256
3269,3257
3269,3267
3269,3268
3269,3269
3269,3270
3269,3271
3269,3272
3270,3204
3270,3205
3270,3206
3270,3207
3270,3208
3270,3209
3270,3243
3270,3244
3270,3245
3270,3255
3270,3256
3270,3257
3270,3258
3270,3259
3270,3260
3270,3267
3270,3268
3270,3269
3270,3270
3270,3271
3270,3272
3271,3204
3271,3205
3271,3206
3271,3207
3271,3208
3271,3209
3271,3243
3271,3244
3271,3245
3271,3255
3271,3256
3271,3257
3271,3258
3271,3259
3271,3260
3271,3267
3271,3268
3271,3269
3271,3270
3271,3271
3271,3272
3272,3204
3272,3205
3272,3206
3272,3207
3272,3208
3272,3209
3272,3243
3272,3244
3272,3245
3272,3255
3272,3256
3272,3257
3272,3258
3272,3259
3272,3260
3272,3267
3272,3268
3272,3269
3272,3270
3272,3271
3272,3272
3273,2646
3273,2647
3273,2648
3273,2649
3273,2650
3273,2651
3273,3273
3273,3274
3273,3275
3273,3276
3273,3277
3273,3278
3273,3291
3273,3292
3273,3293
3273,3315
3273,3316
3273,3317
3273,3324
3273,3325
3273,3326
3274,2646
3274,2647
3274,2648
3274,2649
3274,2650
3274,2651
3274,3273
3274,3274
3274,3275
3274,3276
3274,3277
3274,3278
3274,3291
3274,3292
3274,3293
3274,3315
3274,3316
3274,3317
3274,3324
3274,3325
3274,3326
3275,2646
3275,2647
3275,2648
3275,2649
3275,2650
3275,2651
3275,3273
3275,3274
3275,3275
3275,3276
3275,3277
3275,3278
3275,3291
3275,3292
3275,3293
3275,3315
3275,3316
3275,3317
3275,3324
3275,3325
3275,3326
3276,3273
3276,3274
3276,3275
3276,3276
3276,3277
3276,3278
3276,3279
3276,3280
3276,3281
3276,3285
3276,3286
3276,3287
3276,3291
3276,3292
3276,3293
3276,3315
3276,3316
3276,3317
3276,3342
3276,3343
3276,3344
3277,3273
3277,3274
3277,3275
3277,3276
3277,3277
3277,3278
3277,3279
3277,3280
3277,3281
3277,3285
3277,3286
3277,3287
3277,3291
3277,3292
3277,3293
3277,3315
3277,3316
3277,3317
3277,3342
3277,3343
3277,3344
3278,3273
3278,3274
3278,3275
3278,3276
3278,3277
3278,3278
3278,3279
3278,3280
3278,3281
3278,3285
3278,3286
3278,3287
3278,3291
3278,3292
3278,3293
3278,3315
3278,3316
3278,3317
3278,3342
3278,3343
3278,3344
3279,3276
3279,3277
3279,3278
3279,3279
3279,3280
3279,3281
3279,3282
3279,3283
3279,3284
3279,3285
3279,3286
3279,3287
3279,3300
3279,3301
3279,3302
3279,3339
3279,3340
3279,3341
3279,3342
3279,3343
3279,3344
3280,3276
3280,3277
3280,3278
3280,3279
3280,3280
3280,3281
3280,3282
3280,3283
3280,3284
3280,3285
3280,3286
3280,3287
3280,3300
3280,3301
3280,3302
3280,3339
3280,3340
3280,3341
3280,3342
3280,3343
3280,3344
3281,3276
3281,3277
3281,3278
3281,3279
3281,3280
3281,3281
3281,3282
3281,3283
3281,3284
3281,3285
3281,3286
3281,3287
3281,3300
3281,3301
3281,3302
3281,3339
3281,3340
3281,3341
3281,3342
3281,3343
3281,3344
3282,3189
3282,3190
3282,3191
3282,3192
3282,3193
3282,3194
3282,3279
3282,3280
3282,3281
3282,3282
3282,3283
3282,3284
3282,3297
3282,3298
3282,3299
3282,3300
3282,3301
3282,3302
3282,3339
3282,3340
3282,3341
3283,3189
3283,3190
3283,3191
3283,3192
3283,3193
3283,3194
3283,3279
3283,3280
3283,3281
3283,3282
3283,3283
3283,3284
3283,3297
3283,3298
3283,3299
3283,3300
3283,3301
3283,3302
3283,3339
3283,3340
3283,3341
3284,3189
3284,3190
3284,3191
3284,3192
3284,3193
3284,3194
3284,3279
3284,3280
3284,3281
3284,3282
3284,3283
3284,3284
3284,3297
3284,3298
3284,3299
3284,3300
3284,3301
3284,3302
3284,3339
3284,3340
3284,3341
3285,3276
3285,3277
3285,3278
3285,3279
3285,3280
3285,3281
3285,3285
3285,3286
3285,3287
3285,3288
3285,3289
3285,3290
3285,3291
3285,3292
3285,3293
3285,3294
3285,3295
3285,3296
3285,3300
3285,3301
3285,3302
3286,3276
3286,3277
3286,3278
3286,3279
3286,3280
3286,3281
3286,3285
3286,3286
3286,3287
3286,3288
3286,3289
3286,3290
3286,3291
3286,3292
3286,3293
3286,3294
3286,3295
3286,3296
3286,3300
3286,3301
3286,3302
3287,3276
3287,3277
3287,3278
3287,3279
3287,3280
3287,3281
3287,3285
3287,3286
3287,3287
3287,3288
3287,3289
3287,3290
3287,3291
3287,3292
3287,3293
3287,3294
3287,3295
3287,3296
3287,3300
3287,3301
3287,3302
3288,3177
3288,3178
3288,3179
3288,3180
3288,3181
3288,3182
3288,3285
3288,3286
3288,3287
3288,3288
3288,3289
3288,3290
3288,3294
3288,3295
3288,3296
3288,3300
3288,3301
3288,3302
3288,3306
3288,3307
3288,3308
3289,3177
3289,3178
3289,3179
3289,3180
3289,3181
3289,3182
3289,3285
3289,3286
3289,3287
3289,3288
3289,3289
3289,3290
3289,3294
3289,3295
3289,3296
3289,3300
3289,3301
3289,3302
3289,3306
3289,3307
3289,3308
3290,3177
3290,3178
3290,3179
3290,3180
3290,3181
3290,3182
3290,3285
3290,3286
3290,3287
3290,3288
3290,3289
3290,3290
3290,3294
3290,3295
3290,3296
3290,3300
3290,3301
3290,3302
3290,3306
3290,3307
3290,3308
3291,2649
3291,2650
3291,2651
3291,2652
3291,2653
3291,2654
3291,3273
3291,3274
3291,3275
3291,3276
3291,3277
3291,3278
3291,3285
3291,3286
3291,3287
3291,3291
3291,3292
3291,3293
3291,3294
3291,3295
3291,3296
3292,2649
3292,2650
3292,2651
3292,2652
3292,2653
3292,2654
3292,3273
3292,3274
3292,3275
3292,3276
3292,3277
3292,3278
3292,3285
3292,3286
3292,3287
3292,3291
3292,3292
3292,3293
3292,3294
3292,3295
3292,3296
3293,2649
3293,2650
3293,2651
3293,2652
3293,2653
3293,2654
3293,3273
3293,3274
3293,3275
3293,3276
3293,3277
3293,3278
3293,3285
3293,3286
3293,3287
3293,3291
3293,3292
3293,3293
3293,3294
3293,3295
3293,3296
3294,2652
3294,2653
3294,2654
3294,2655
3294,2656
3294,2657
3294,3180
3294,3181
3294,3182
3294,3285
3294,3286
3294,3287
3294,3288
3294,3289
3294,3290
3294,3291
3294,3292
3294,3293
3294,3294
3294,3295
3294,3296
3295,2652
3295,2653
3295,2654
3295,2655
3295,2656
3295,2657
3295,3180
3295,3181
3295,3182
3295,3285
3295,3286
3295,3287
3295,3288
3295,3289
3295,3290
3295,3291
3295,3292
3295,3293
3295,3294
3295,3295
3295,3296
3296,2652
3296,2653
3296,2654
3296,2655
3296,2656
3296,2657
3296,3180
3296,3181
3296,3182
3296,3285
3296,3286
3296,3287
3296,3288
3296,3289
3296,3290
3296,3291
3296,3292
3296,3293
3296,3294
3296,3295
3296,3296
3297,3186
3297,3187
3297,3188
3297,3189
3297,3190
3297,3191
3297,3282
3297,3283
3297,3284
3297,3297
3297,3298
3297,3299
3297,3300
3297,3301
3297,3302
3297,3303
3297,3304
3297,3305
3297,3306
3297,3307
3297,3308
3298,3186
3298,3187
3298,3188
3298,3189
3298,3190
3298,3191
3298,3282
3298,3283
3298,3284
3298,3297
3298,3298
3298,3299
3298,3300
3298,3301
3298,3302
3298,3303
3298,3304
3298,3305
3298,3306
3298,3307
3298,3308
3299,3186
3299,3187
3299,3188
3299,3189
3299,3190
3299,3191
3299,3282
3299,3283
3299,3284
3299,3297
3299,3298
3299,3299
3299,3300
3299,3301
3299,3302
3299,3303
3299,3304
3299,3305
3299,3306
3299,3307
3299,3308
3300,3279
3300,3280
3300,3281
3300,3282
3300,3283
3300,3284
3300,3285
3300,3286
3300,3287
3300,3288
3300,3289
3300,3290
3300,3297
3300,3298
3300,3299
3300,3300
3300,3301
3300,3302
3300,3306
3300,3307
3300,3308
3301,3279
3301,3280
3301,3281
3301,3282
3301,3283
3301,3284
3301,3285
3301,3286
3301,3287
3301,3288
3301,3289
3301,3290
3301,3297
3301,3298
3301,3299
3301,3300
3301,3301
3301,3302
3301,3306
3301,3307
3301,3308
3302,3279
3302,3280
3302,3281
3302,3282
3302,3283
3302,3284
3302,3285
3302,3286
3302,3287
3302,3288
3302,3289
3302,3290
3302,3297
3302,3298
3302,3299
3302,3300
3302,3301
3302,3302
3302,3306
3302,3307
3302,3308
3303,3171
3303,3172
3303,3173
3303,3174
3303,3175
3303,3176
3303,3183
3303,3184
3303,3185
3303,3186
3303,3187
3303,3188
3303,3297
3303,3298
3303,3299
3303,3303
3303,3304
3303,3305
3303,3306
3303,3307
3303,3308
3304,3171
3304,3172
3304,3173
3304,3174
3304,3175
3304,3176
3304,3183
3304,3184
3304,3185
3304,3186
3304,3187
3304,3188
3304,3297
3304,3298
3304,3299
3304,3303
3304,3304
3304,3305
3304,3306
3304,3307
3304,3308
3305,3171
3305,3172
3305,3173
3305,3174
3305,3175
3305,3176
3305,3183
3305,3184
3305,3185
3305,3186
3305,3187
3305,3188
3305,3297
3305,3298
3305,3299
3305,3303
3305,3304
3305,3305
3305,3306
3305,3307
3305,3308
3306,3174
3306,3175
3306,3176
3306,3177
3306,3178
3306,3179
3306,3288
3306,3289
3306,3290
3306,3297
3306,3298
3306,3299
3306,3300
3306,3301
3306,3302
3306,3303
3306,3304
3306,3305
3306,3306
3306,3307
3306,3308
3307,3174
3307,3175
3307,3176
3307,3177
3307,3178
3307,3179
3307,3288
3307,3289
3307,3290
3307,3297
3307,3298
3307,3299
3307,3300
3307,3301
3307,3302
3307,3303
3307,3304
3307,3305
3307,3306
3307,3307
3307,3308
3308,3174
3308,3175
3308,3176
3308,3177
3308,3178
3308,3179
3308,3288
3308,3289
3308,3290
3308,3297
3308,3298
3308,3299
3308,3300
3308,3301
3308,3302
3308,3303
3308,3304
3308,3305
3308,3306
3308,3307
3308,3308
3309,1128
3309,1129
3309,1130
3309,1131
3309,1132
3309,1133
3309,3309
3309,3310
3309,3311
3309,3312
3309,3313
3309,3314
3309,3318
3309,3319
3309,3320
3309,3321
3309,3322
3309,3323
3309,3336
3309,3337
3309,3338
3310,1128
3310,1129
3310,1130
3310,1131
3310,1132
3310,1133
3310,3309
3310,3310
3310,3311
3310,3312
3310,3313
3310,3314
3310,3318
3310,3319
3310,3320
3310,3321
3310,3322
3310,3323
3310,3336
3310,3337
3310,3338
3311,1128
3311,1129
3311,1130
3311,1131
3311,1132
3311,1133
3311,3309
3311,3310
3311,3311
3311,3312
3311,3313
3311,3314
3311,3318
3311,3319
3311,3320
3311,3321
3311,3322
3311,3323
3311,3336
3311,3337
3311,3338
3312,3309
3312,3310
3312,3311
3312,3312
3312,3313
3312,3314
3312,3315
3312,3316
3312,3317
3312,3318
3312,3319
3312,3320
3312,3324
3312,3325
3312,3326
3312,3330
3312,3331
3312,3332
3312,3336
3312,3337
3312,3338
3313,3309
3313,3310
3313,3311
3313,3312
3313,3313
3313,3314
3313,3315
3313,3316
3313,3317
3313,3318
3313,3319
3313,3320
3313,3324
3313,3325
3313,3326
3313,3330
3313,3331
3313,3332
3313,3336
3313,3337
3313,3338
3314,3309
3314,3310
3314,3311
3314,3312
3314,3313
3314,3314
3314,3315
3314,3316
3314,3317
3314,3318
3314,3319
3314,3320
3314,3324
3314,3325
3314,3326
3314,3330
3314,3331
3314,3332
3314,3336
3314,3337
3314,3338
3315,3273
3315,3274
3315,3275
3315,3276
3315,3277
3315,3278
3315,3312
3315,3313
3315,3314
3315,3315
3315,3316
3315,3317
3315,3324
3315,3325
3315,3326
3315,3330
3315,3331
3315,3332
3315,3342
3315,3343
3315,3344
3316,3273
3316,3274
3316,3275
3316,3276
3316,3277
3316,3278
3316,3312
3316,3313
3316,3314
3316,3315
3316,3316
3316,3317
3316,3324
3316,3325
3316,3326
3316,3330
3316,3331
3316,3332
3316,3342
3316,3343
3316,3344
3317,3273
3317,3274
3317,3275
3317,3276
3317,3277
3317,3278
3317,3312
3317,3313
3317,3314
3317,3315
3317,3316
3317,3317
3317,3324
3317,3325
3317,3326
3317,3330
3317,3331
3317,3332
3317,3342
3317,3343
3317,3344
3318,2640
3318,2641
3318,2642
3318,2643
3318,2644
3318,2645
3318,3309
3318,3310
3318,3311
3318,3312
3318,3313
3318,3314
3318,3318
3318,3319
3318,3320
3318,3321
3318,3322
3318,3323
3318,3324
3318,3325
3318,3326
3319,2640
3319,2641
3319,2642
3319,2643
3319,2644
3319,2645
3319,3309
3319,3310
3319,3311
3319,3312
3319,3313
3319,3314
3319,3318
3319,3319
3319,3320
3319,3321
3319,3322
3319,3323
3319,3324
3319,3325
3319,3326
3320,2640
3320,2641
3320,2642
3320,2643
3320,2644
3320,2645
3320,3309
3320,3310
3320,3311
3320,3312
3320,3313
3320,3314
3320,3318
3320,3319
3320,3320
3320,3321
3320,3322
3320,3323
3320,3324
3320,3325
3320,3326
3321,1125
3321,1126
3321,1127
3321,1128
3321,1129
3321,1130
3321,2637
3321,2638
3321,2639
3321,2640
3321,2641
3321,2642
3321,3309
3321,3310
3321,3311
3321,3318
3321,3319
3321,3320
3321,3321
3321,3322
3321,3323
3322,1125
3322,1126
3322,1127
3322,1128
3322,1129
3322,1130
3322,2637
3322,2638
3322,2639
3322,2640
3322,2641
3322,2642
3322,3309
3322,3310
3322,3311
3322,3318
3322,3319
3322,3320
3322,3321
3322,3322
3322,3323
3323,1125
3323,1126
3323,1127
3323,1128
3323,1129
3323,1130
3323,2637
3323,2638
3323,2639
3323,2640
3323,2641
3323,2642
3323,3309
3323,3310
3323,3311
3323,3318
3323,3319
3323,3320
3323,3321
3323,3322
3323,3323
3324,2643
3324,2644
3324,2645
3324,2646
3324,2647
3324,2648
3324,3273
3324,3274
3324,3275
3324,3312
3324,3313
3324,3314
3324,3315
3324,3316
3324,3317
3324,3318
3324,3319
3324,3320
3324,3324
3324,3325
3324,3326
3325,2643
3325,2644
3325,2645
3325,2646
3325,2647
3325,2648
3325,3273
3325,3274
3325,3275
3325,3312
3325,3313
3325,3314
3325,3315
3325,3316
3325,3317
3325,3318
3325,3319
3325,3320
3325,3324
3325,3325
3325,3326
3326,2643
3326,2644
3326,2645
3326,2646
3326,2647
3326,2648
3326,3273
3326,3274
3326,3275
3326,3312
3326,3313
3326,3314
3326,3315
3326,3316
3326,3317
3326,3318
3326,3319
3326,3320
3326,3324
3326,3325
3326,3326
3327,3195
3327,3196
3327,3197
3327,3198
3327,3199
3327,3200
3327,3327
3327,3328
3327,3329
3327,3330
3327,3331
3327,3332
3327,3333
3327,3334
3327,3335
3327,3339
3327,3340
3327,3341
3327,3342
3327,3343
3327,3344
3328,3195
3328,3196
3328,3197
3328,3198
3328,3199
3328,3200
3328,3327
3328,3328
3328,3329
3328,3330
3328,3331
3328,3332
3328,3333
3328,3334
3328,3335
3328,3339
3328,3340
3328,3341
3328,3342
3328,3343
3328,3344
3329,3195
3329,3196
3329,3197
3329,3198
3329,3199
3329,3200
3329,3327
3329,3328
3329,3329
3329,3330
3329,3331
3329,3332
3329,3333
3329,3334
3329,3335
3329,3339
3329,3340
3329,3341
3329,3342
3329,3343
3329,3344
3330,3312
3330,3313
3330,3314
3330,3315
3330,3316
3330,3317
3330,3327
3330,3328
3330,3329
3330,3330
3330,3331
3330,3332
3330,3333
3330,3334
3330,3335
3330,3336
3330,3337
3330,3338
3330,3342
3330,3343
3330,3344
3331,3312
3331,3313
3331,3314
3331,3315
3331,3316
3331,3317
3331,3327
3331,3328
3331,3329
3331,3330
3331,3331
3331,3332
3331,3333
3331,3334
3331,3335
3331,3336
3331,3337
3331,3338
3331,3342
3331,3343
3331,3344
3332,3312
3332,3313
3332,3314
3332,3315
3332,3316
3332,3317
3332,3327
3332,3328
3332,3329
3332,3330
3332,3331
3332,3332
3332,3333
3332,3334
3332,3335
3332,3336
3332,3337
3332,3338
3332,3342
3332,3343
3332,3344
3333,1134
3333,1135
3333,1136
3333,1137
3333,1138
3333,1139
3333,3198
3333,3199
3333,3200
3333,3327
3333,3328
3333,3329
3333,3330
3333,3331
3333,3332
3333,3333
3333,3334
3333,3335
3333,3336
3333,3337
3333,3338
3334,1134
3334,1135
3334,1136
3334,1137
3334,1138
3334,1139
3334,3198
3334,3199
3334,3200
3334,3327
3334,3328
3334,3329
3334,3330
3334,3331
3334,3332
3334,3333
3334,3334
3334,3335
3334,3336
3334,3337
3334,3338
3335,1134
3335,1135
3335,1136
3335,1137
3335,1138
3335,1139
3335,3198
3335,3199
3335,3200
3335,3327
3335,3328
3335,3329
3335,3330
3335,3331
3335,3332
3335,3333
3335,3334
3335,3335
3335,3336
3335,3337
3335,3338
3336,1131
3336,1132
3336,1133
3336,1134
3336,1135
3336,1136
3336,3309
3336,3310
3336,3311
3336,3312
3336,3313
3336,3314
3336,3330
3336,3331
3336,3332
3336,3333
3336,3334
3336,3335
3336,3336
3336,3337
3336,3338
3337,1131
3337,1132
3337,1133
3337,1134
3337,1135
3337,1136
3337,3309
3337,3310
3337,3311
3337,3312
3337,3313
3337,3314
3337,3330
3337,3331
3337,3332
3337,3333
3337,3334
3337,3335
3337,3336
3337,3337
3337,3338
3338,1131
3338,1132
3338,1133
3338,1134
3338,1135
3338,1136
3338,3309
3338,3310
3338,3311
3338,3312
3338,3313
3338,3314
3338,3330
3338,3331
3338,3332
3338,3333
3338,3334
3338,3335
3338,3336
3338,3337
3338,3338
3339,3192
3339,3193
3339,3194
3339,3195
3339,3196
3339,3197
3339,3279
3339,3280
3339,3281
3339,3282
3339,3283
3339,3284
3339,3327
3339,3328
3339,3329
3339,3339
3339,3340
3339,3341
3339,3342
3339,3343
3339,3344
3340,3192
3340,3193
3340,3194
3340,3195
3340,3196
3340,3197
3340,3279
3340,3280
3340,3281
3340,3282
3340,3283
3340,3284
3340,3327
3340,3328
3340,3329
3340,3339
3340,3340
3340,3341
3340,3342
3340,3343
3340,3344
3341,3192
3341,3193
3341,3194
3341,3195
3341,3196
3341,3197
3341,3279
3341,3280
3341,3281
3341,3282
3341,3283
3341,3284
3341,3327
3341,3328
3341,3329
3341,3339
3341,3340
3341,3341
3341,3342
3341,3343
3341,3344
3342,3276
3342,3277
3342,3278
3342,3279
3342,3280
3342,3281
3342,3315
3342,3316
3342,3317
3342,3327
3342,3328
3342,3329
3342,3330
3342,3331
3342,3332
3342,3339
3342,3340
3342,3341
3342,3342
3342,3343
3342,3344
3343,3276
3343,3277
3343,3278
3343,3279
3343,3280
3343,3281
3343,3315
3343,3316
3343,3317
3343,3327
3343,3328
3343,3329
3343,3330
3343,3331
3343,3332
3343,3339
3343,3340
3343,3341
3343,3342
3343,3343
3343,3344
3344,3276
3344,3277
3344,3278
3344,3279
3344,3280
3344,3281
3344,3315
3344,3316
3344,3317
3344,3327
3344,3328
3344,3329
3344,3330
3344,3331
3344,3332
3344,3339
3344,3340
3344,3341
3344,3342
3344,3343
3344,3344
3345,3165
3345,3166
3345,3167
3345,3168
3345,3169
3345,3170
3345,3345
3345,3346
3345,3347
3345,3348
3345,3349
3345,3350
3345,3381
3345,3382
3345,3383
3345,3384
3345,3385
3345,3386
3345,3465
3345,3466
3345,3467
3346,3165
3346,3166
3346,3167
3346,3168
3346,3169
3346,3170
3346,3345
3346,3346
3346,3347
3346,3348
3346,3349
3346,3350
3346,3381
3346,3382
3346,3383
3346,3384
3346,3385
3346,3386
3346,3465
3346,3466
3346,3467
3347,3165
3347,3166
3347,3167
3347,3168
3347,3169
3347,3170
3347,3345
3347,3346
3347,3347
3347,3348
3347,3349
3347,3350
3347,3381
3347,3382
3347,3383
3347,3384
3347,3385
3347,3386
3347,3465
3347,3466
3347,3467
3348,3345
3348,3346
3348,3347
3348,3348
3348,3349
3348,3350
3348,3351
3348,3352
3348,3353
3348,3363
3348,3364
3348,3365
3348,3381
3348,3382
3348,3383
3348,3459
3348,3460
3348,3461
3348,3465
3348,3466
3348,3467
3349,3345
3349,3346
3349,3347
3349,3348
3349,3349
3349,3350
3349,3351
3349,3352
3349,3353
3349,3363
3349,3364
3349,3365
3349,3381
3349,3382
3349,3383
3349,3459
3349,3460
3349,3461
3349,3465
3349,3466
3349,3467
3350,3345
3350,3346
3350,3347
3350,3348
3350,3349
3350,3350
3350,3351
3350,3352
3350,3353
3350,3363
3350,3364
3350,3365
3350,3381
3350,3382
3350,3383
3350,3459
3350,3460
3350,3461
3350,3465
3350,3466
3350,3467
3351,3348
3351,3349
3351,3350
3351,3351
3351,3352
3351,3353
3351,3354
3351,3355
3351,3356
3351,3363
3351,3364
3351,3365
3351,3414
3351,3415
3351,3416
3351,3447
3351,3448
3351,3449
3351,3459
3351,3460
3351,3461
3351,3462
3351,3463
3351,3464
3352,3348
3352,3349
3352,3350
3352,3351
3352,3352
3352,3353
3352,3354
3352,3355
3352,3356
3352,3363
3352,3364
3352,3365
3352,3414
3352,3415
3352,3416
3352,3447
3352,3448
3352,3449
3352,3459
3352,3460
3352,3461
3352,3462
3352,3463
3352,3464
3353,3348
3353,3349
3353,3350
3353,3351
3353,3352
3353,3353
3353,3354
3353,3355
3353,3356
3353,3363
3353,3364
3353,3365
3353,3414
3353,3415
3353,3416
3353,3447
3353,3448
3353,3449
3353,3459
3353,3460
3353,3461
3353,3462
3353,3463
3353,3464
3354,3351
3354,3352
3354,3353
3354,3354
3354,3355
3354,3356
3354,3357
3354,3358
3354,3359
3354,3408
3354,3409
3354,3410
3354,3414
3354,3415
3354,3416
3354,3447
3354,3448
3354,3449
3354,3525
3354,3526
3354,3527
3355,3351
3355,3352
3355,3353
3355,3354
3355,3355
3355,3356
3355,3357
3355,3358
3355,3359
3355,3408
3355,3409
3355,3410
3355,3414
3355,3415
3355,3416
3355,3447
3355,3448
3355,3449
3355,3525
3355,3526
3355,3527
3356,3351
3356,3352
3356,3353
3356,3354
3356,3355
3356,3356
3356,3357
3356,3358
3356,3359
3356,3408
3356,3409
3356,3410
3356,3414
3356,3415
3356,3416
3356,3447
3356,3448
3356,3449
3356,3525
3356,3526
3356,3527
3357,3354
3357,3355
3357,3356
3357,3357
3357,3358
3357,3359
3357,3360
3357,3361
3357,3362
3357,3408
3357,3409
3357,3410
3357,3411
3357,3412
3357,3413
3357,3513
3357,3514
3357,3515
3357,3525
3357,3526
3357,3527
3358,3354
3358,3355
3358,3356
3358,3357
3358,3358
3358,3359
3358,3360
3358,3361
3358,3362
3358,3408
3358,3409
3358,3410
3358,3411
3358,3412
3358,3413
3358,3513
3358,3514
3358,3515
3358,3525
3358,3526
3358,3527
3359,3354
3359,3355
3359,3356
3359,3357
3359,3358
3359,3359
3359,3360
3359,3361
3359,3362
3359,3408
3359,3409
3359,3410
3359,3411
3359,3412
3359,3413
3359,3513
3359,3514
3359,3515
3359,3525
3359,3526
3359,3527
3360,1395
3360,1396
3360,1397
3360,1398
3360,1399
3360,1400
3360,3357
3360,3358
3360,3359
3360,3360
3360,3361
3360,3362
3360,3411
3360,3412
3360,3413
3360,3513
3360,3514
3360,3515
3360,3519
3360,3520
3360,3521
3361,1395
3361,1396
3361,1397
3361,1398
3361,1399
3361,1400
3361,3357
3361,3358
3361,3359
3361,3360
3361,3361
3361,3362
3361,3411
3361,3412
3361,3413
3361,3513
3361,3514
3361,3515
3361,3519
3361,3520
3361,3521
3362,1395
3362,1396
3362,1397
3362,1398
3362,1399
3362,1400
3362,3357
3362,3358
3362,3359
3362,3360
3362,3361
3362,3362
3362,3411
3362,3412
3362,3413
3362,3513
3362,3514
3362,3515
3362,3519
3362,3520
3362,3521
3363,3348
3363,3349
3363,3350
3363,3351
3363,3352
3363,3353
3363,3363
3363,3364
3363,3365
3363,3366
3363,3367
3363,3368
3363,3381
3363,3382
3363,3383
3363,3405
3363,3406
3363,3407
3363,3414
3363,3415
3363,3416
3364,3348
3364,3349
3364,3350
3364,3351
3364,3352
3364,3353
3364,3363
3364,3364
3364,3365
3364,3366
3364,3367
3364,3368
3364,3381
3364,3382
3364,3383
3364,3405
3364,3406
3364,3407
3364,3414
3364,3415
3364,3416
3365,3348
3365,3349
3365,3350
3365,3351
3365,3352
3365,3353
3365,3363
3365,3364
3365,3365
3365,3366
3365,3367
3365,3368
3365,3381
3365,3382
3365,3383
3365,3405
3365,3406
3365,3407
3365,3414
3365,3415
3365,3416
3366,3363
3366,3364
3366,3365
3366,3366
3366,3367
3366,3368
3366,3369
3366,3370
3366,3371
3366,3375
3366,3376
3366,3377
3366,3381
3366,3382
3366,3383
3366,3405
3366,3406
3366,3407
3366,3432
3366,3433
3366,3434
3367,3363
3367,3364
3367,3365
3367,3366
3367,3367
3367,3368
3367,3369
3367,3370
3367,3371
3367,3375
3367,3376
3367,3377
3367,3381
3367,3382
3367,3383
3367,3405
3367,3406
3367,3407
3367,3432
3367,3433
3367,3434
3368,3363
3368,3364
3368,3365
3368,3366
3368,3367
3368,3368
3368,3369
3368,3370
3368,3371
3368,3375
3368,3376
3368,3377
3368,3381
3368,3382
3368,3383
3368,3405
3368,3406
3368,3407
3368,3432
3368,3433
3368,3434
3369,3366
3369,3367
3369,3368
3369,3369
3369,3370
3369,3371
3369,3372
3369,3373
3369,3374
3369,3375
3369,3376
3369,3377
3369,3390
3369,3391
3369,3392
3369,3429
3369,3430
3369,3431
3369,3432
3369,3433
3369,3434
3370,3366
3370,3367
3370,3368
3370,3369
3370,3370
3370,3371
3370,3372
3370,3373
3370,3374
3370,3375
3370,3376
3370,3377
3370,3390
3370,3391
3370,3392
3370,3429
3370,3430
3370,3431
3370,3432
3370,3433
3370,3434
3371,3366
3371,3367
3371,3368
3371,3369
3371,3370
3371,3371
3371,3372
3371,3373
3371,3374
3371,3375
3371,3376
3371,3377
3371,3390
3371,3391
3371,3392
3371,3429
3371,3430
3371,3431
3371,3432
3371,3433
3371,3434
3372,2664
3372,2665
3372,2666
3372,2667
3372,2668
3372,2669
3372,3369
3372,3370
3372,3371
3372,3372
3372,3373
3372,3374
3372,3387
3372,3388
3372,3389
3372,3390
3372,3391
3372,3392
3372,3429
3372,3430
3372,3431
3373,2664
3373,2665
3373,2666
3373,2667
3373,2668
3373,2669
3373,3369
3373,3370
3373,3371
3373,3372
3373,3373
3373,3374
3373,3387
3373,3388
3373,3389
3373,3390
3373,3391
3373,3392
3373,3429
3373,3430
3373,3431
3374,2664
3374,2665
3374,2666
3374,2667
3374,2668
3374,2669
3374,3369
3374,3370
3374,3371
3374,3372
3374,3373
3374,3374
3374,3387
3374,3388
3374,3389
3374,3390
3374,3391
3374,3392
3374,3429
3374,3430
3374,3431
3375,3366
3375,3367
3375,3368
3375,3369
3375,3370
3375,3371
3375,3375
3375,3376
3375,3377
3375,3378
3375,3379
3375,3380
3375,3381
3375,3382
3375,3383
3375,3384
3375,3385
3375,3386
3375,3390
3375,3391
3375,3392
3376,3366
3376,3367
3376,3368
3376,3369
3376,3370
3376,3371
3376,3375
3376,3376
3376,3377
3376,3378
3376,3379
3376,3380
3376,3381
3376,3382
3376,3383
3376,3384
3376,3385
3376,3386
3376,3390
3376,3391
3376,3392
3377,3366
3377,3367
3377,3368
3377,3369
3377,3370
3377,3371
3377,3375
3377,3376
3377,3377
3377,3378
3377,3379
3377,3380
3377,3381
3377,3382
3377,3383
3377,3384
3377,3385
3377,3386
3377,3390
3377,3391
3377,3392
3378,3171
3378,3172
3378,3173
3378,3174
3378,3175
3378,3176
3378,3375
3378,3376
3378,3377
3378,3378
3378,3379
3378,3380
3378,3384
3378,3385
3378,3386
3378,3390
3378,3391
3378,3392
3378,3396
3378,3397
3378,3398
3379,3171
3379,3172
3379,3173
3379,3174
3379,3175
3379,3176
3379,3375
3379,3376
3379,3377
3379,3378
3379,3379
3379,3380
3379,3384
3379,3385
3379,3386
3379,3390
3379,3391
3379,3392
3379,3396
3379,3397
3379,3398
3380,3171
3380,3172
3380,3173
3380,3174
3380,3175
3380,3176
3380,3375
3380,3376
3380,3377
3380,3378
3380,3379
3380,3380
3380,3384
3380,3385
3380,3386
3380,3390
3380,3391
3380,3392
3380,3396
3380,3397
3380,3398
3381,3345
3381,3346
3381,3347
3381,3348
3381,3349
3381,3350
3381,3363
3381,3364
3381,3365
3381,3366
3381,3367
3381,3368
3381,3375
3381,3376
3381,3377
3381,3381
3381,3382
3381,3383
3381,3384
3381,3385
3381,3386
3382,3345
3382,3346
3382,3347
3382,3348
3382,3349
3382,3350
3382,3363
3382,3364
3382,3365
3382,3366
3382,3367
3382,3368
3382,3375
3382,3376
3382,3377
3382,3381
3382,3382
3382,3383
3382,3384
3382,3385
3382,3386
3383,3345
3383,3346
3383,3347
3383,3348
3383,3349
3383,3350
3383,3363
3383,3364
3383,3365
3383,3366
3383,3367
3383,3368
3383,3375
3383,3376
3383,3377
3383,3381
3383,3382
3383,3383
3383,3384
3383,3385
3383,3386
3384,3168
3384,3169
3384,3170
3384,3171
3384,3172
3384,3173
3384,3345
3384,3346
3384,3347
3384,3375
3384,3376
3384,3377
3384,3378
3384,3379
3384,3380
3384,3381
3384,3382
3384,3383
3384,3384
3384,3385
3384,3386
3385,3168
3385,3169
3385,3170
3385,3171
3385,3172
3385,3173
3385,3345
3385,3346
3385,3347
3385,3375
3385,3376
3385,3377
3385,3378
3385,3379
3385,3380
3385,3381
3385,3382
3385,3383
3385,3384
3385,3385
3385,3386
3386,3168
3386,3169
3386,3170
3386,3171
3386,3172
3386,3173
3386,3345
3386,3346
3386,3347
3386,3375
3386,3376
3386,3377
3386,3378
3386,3379
3386,3380
3386,3381
3386,3382
3386,3383
3386,3384
3386,3385
3386,3386
3387,2661
3387,2662
3387,2663
3387,2664
3387,2665
3387,2666
3387,3372
3387,3373
3387,3374
3387,3387
3387,3388
3387,3389
3387,3390
3387,3391
3387,3392
3387,3393
3387,3394
3387,3395
3387,3396
3387,3397
3387,3398
3388,2661
3388,2662
3388,2663
3388,2664
3388,2665
3388,2666
3388,3372
3388,3373
3388,3374
3388,3387
3388,3388
3388,3389
3388,3390
3388,3391
3388,3392
3388,3393
3388,3394
3388,3395
3388,3396
3388,3397
3388,3398
3389,2661
3389,2662
3389,2663
3389,2664
3389,2665
3389,2666
3389,3372
3389,3373
3389,3374
3389,3387
3389,3388
3389,3389
3389,3390
3389,3391
3389,3392
3389,3393
3389,3394
3389,3395
3389,3396
3389,3397
3389,3398
3390,3369
3390,3370
3390,3371
3390,3372
3390,3373
3390,3374
3390,3375
3390,3376
3390,3377
3390,3378
3390,3379
3390,3380
3390,3387
3390,3388
3390,3389
3390,3390
3390,3391
3390,3392
3390,3396
3390,3397
3390,3398
3391,3369
3391,3370
3391,3371
3391,3372
3391,3373
3391,3374
3391,3375
3391,3376
3391,3377
3391,3378
3391,3379
3391,3380
3391,3387
3391,3388
3391,3389
3391,3390
3391,3391
3391,3392
3391,3396
3391,3397
3391,3398
3392,3369
3392,3370
3392,3371
3392,3372
3392,3373
3392,3374
3392,3375
3392,3376
3392,3377
3392,3378
3392,3379
3392,3380
3392,3387
3392,3388
3392,3389
3392,3390
3392,3391
3392,3392
3392,3396
3392,3397
3392,3398
3393,2658
3393,2659
3393,2660
3393,2661
3393,2662
3393,2663
3393,3177
3393,3178
3393,3179
3393,3180
3393,3181
3393,3182
3393,3387
3393,3388
3393,3389
3393,3393
3393,3394
3393,3395
3393,3396
3393,3397
3393,3398
3394,2658
3394,2659
3394,2660
3394,2661
3394,2662
3394,2663
3394,3177
3394,3178
3394,3179
3394,3180
3394,3181
3394,3182
3394,3387
3394,3388
3394,3389
3394,3393
3394,3394
3394,3395
3394,3396
3394,3397
3394,3398
3395,2658
3395,2659
3395,2660
3395,2661
3395,2662
3395,2663
3395,3177
3395,3178
3395,3179
3395,3180
3395,3181
3395,3182
3395,3387
3395,3388
3395,3389
3395,3393
3395,3394
3395,3395
3395,3396
3395,3397
3395,3398
3396,3174
3396,3175
3396,3176
3396,3177
3396,3178
3396,3179
3396,3378
3396,3379
3396,3380
3396,3387
3396,3388
3396,3389
3396,3390
3396,3391
3396,3392
3396,3393
3396,3394
3396,3395
3396,3396
3396,3397
3396,3398
3397,3174
3397,3175
3397,3176
3397,3177
3397,3178
3397,3179
3397,3378
3397,3379
3397,3380
3397,3387
3397,3388
3397,3389
3397,3390
3397,3391
3397,3392
3397,3393
3397,3394
3397,3395
3397,3396
3397,3397
3397,3398
3398,3174
3398,3175
3398,3176
3398,3177
3398,3178
3398,3179
3398,3378
3398,3379
3398,3380
3398,3387
3398,3388
3398,3389
3398,3390
3398,3391
3398,3392
3398,3393
3398,3394
3398,3395
3398,3396
3398,3397
3398,3398
3399,1401
3399,1402
3399,1403
3399,1404
3399,1405
3399,1406
3399,3399
3399,3400
3399,3401
3399,3402
3399,3403
3399,3404
3399,3408
3399,3409
3399,3410
3399,3411
3399,3412
3399,3413
3399,3426
3399,3427
3399,3428
3400,1401
3400,1402
3400,1403
3400,1404
3400,1405
3400,1406
3400,3399
3400,3400
3400,3401
3400,3402
3400,3403
3400,3404
3400,3408
3400,3409
3400,3410
3400,3411
3400,3412
3400,3413
3400,3426
3400,3427
3400,3428
3401,1401
3401,1402
3401,1403
3401,1404
3401,1405
3401,1406
3401,3399
3401,3400
3401,3401
3401,3402
3401,3403
3401,3404
3401,3408
3401,3409
3401,3410
3401,3411
3401,3412
3401,3413
3401,3426
3401,3427
3401,3428
3402,3399
3402,3400
3402,3401
3402,3402
3402,3403
3402,3404
3402,3405
3402,3406
3402,3407
3402,3408
3402,3409
3402,3410
3402,3414
3402,3415
3402,3416
3402,3420
3402,3421
3402,3422
3402,3426
3402,3427
3402,3428
3403,3399
3403,3400
3403,3401
3403,3402
3403,3403
3403,3404
3403,3405
3403,3406
3403,3407
3403,3408
3403,3409
3403,3410
3403,3414
3403,3415
3403,3416
3403,3420
3403,3421
3403,3422
3403,3426
3403,3427
3403,3428
3404,3399
3404,3400
3404,3401
3404,3402
3404,3403
3404,3404
3404,3405
3404,3406
3404,3407
3404,3408
3404,3409
3404,3410
3404,3414
3404,3415
3404,3416
3404,3420
3404,3421
3404,3422
3404,3426
3404,3427
3404,3428
3405,3363
3405,3364
3405,3365
3405,3366
3405,3367
3405,3368
3405,3402
3405,3403
3405,3404
3405,3405
3405,3406
3405,3407
3405,3414
3405,3415
3405,3416
3405,3420
3405,3421
3405,3422
3405,3432
3405,3433
3405,3434
3406,3363
3406,3364
3406,3365
3406,3366
3406,3367
3406,3368
3406,3402
3406,3403
3406,3404
3406,3405
3406,3406
3406,3407
3406,3414
3406,3415
3406,3416
3406,3420
3406,3421
3406,3422
3406,3432
3406,3433
3406,3434
3407,3363
3407,3364
3407,3365
3407,3366
3407,3367
3407,3368
3407,3402
3407,3403
3407,3404
3407,3405
3407,3406
3407,3407
3407,3414
3407,3415
3407,3416
3407,3420
3407,3421
3407,3422
3407,3432
3407,3433
3407,3434
3408,3354
3408,3355
3408,3356
3408,3357
3408,3358
3408,3359
3408,3399
3408,3400
3408,3401
3408,3402
3408,3403
3408,3404
3408,3408
3408,3409
3408,3410
3408,3411
3408,3412
3408,3413
3408,3414
3408,3415
3408,3416
3409,3354
3409,3355
3409,3356
3409,3357
3409,3358
3409,3359
3409,3399
3409,3400
3409,3401
3409,3402
3409,3403
3409,3404
3409,3408
3409,3409
3409,3410
3409,3411
3409,3412
3409,3413
3409,3414
3409,3415
3409,3416
3410,3354
3410,3355
3410,3356
3410,3357
3410,3358
3410,3359
3410,3399
3410,3400
3410,3401
3410,3402
3410,3403
3410,3404
3410,3408
3410,3409
3410,3410
3410,3411
3410,3412
3410,3413
3410,3414
3410,3415
3410,3416
3411,1398
3411,1399
3411,1400
3411,1401
3411,1402
3411,1403
3411,3357
3411,3358
3411,3359
3411,3360
3411,3361
3411,3362
3411,3399
3411,3400
3411,3401
3411,3408
3411,3409
3411,3410
3411,3411
3411,3412
3411,3413
3412,1398
3412,1399
3412,1400
3412,1401
3412,1402
3412,1403
3412,3357
3412,3358
3412,3359
3412,3360
3412,3361
3412,3362
3412,3399
3412,3400
3412,3401
3412,3408
3412,3409
3412,3410
3412,3411
3412,3412
3412,3413
3413,1398
3413,1399
3413,1400
3413,1401
3413,1402
3413,1403
3413,3357
3413,3358
3413,3359
3413,3360
3413,3361
3413,3362
3413,3399
3413,3400
3413,3401
3413,3408
3413,3409
3413,3410
3413,3411
3413,3412
3413,3413
3414,3351
3414,3352
3414,3353
3414,3354
3414,3355
3414,3356
3414,3363
3414,3364
3414,3365
3414,3402
3414,3403
3414,3404
3414,3405
3414,3406
3414,3407
3414,3408
3414,3409
3414,3410
3414,3414
3414,3415
3414,3416
3415,3351
3415,3352
3415,3353
3415,3354
3415,3355
3415,3356
3415,3363
3415,3364
3415,3365
3415,3402
3415,3403
3415,3404
3415,3405
3415,3406
3415,3407
3415,3408
3415,3409
3415,3410
3415,3414
3415,3415
3415,3416
3416,3351
3416,3352
3416,3353
3416,3354
3416,3355
3416,3356
3416,3363
3416,3364
3416,3365
3416,3402
3416,3403
3416,3404
3416,3405
3416,3406
3416,3407
3416,3408
3416,3409
3416,3410
3416,3414
3416,3415
3416,3416
3417,2670
3417,2671
3417,2672
3417,2673
3417,2674
3417,2675
3417,3417
3417,3418
3417,3419
3417,3420
3417,3421
3417,3422
3417,3423
3417,3424
3417,3425
3417,3429
3417,3430
3417,3431
3417,3432
3417,3433
3417,3434
3418,2670
3418,2671
3418,2672
3418,2673
3418,2674
3418,2675
3418,3417
3418,3418
3418,3419
3418,3420
3418,3421
3418,3422
3418,3423
3418,3424
3418,3425
3418,3429
3418,3430
3418,3431
3418,3432
3418,3433
3418,3434
3419,2670
3419,2671
3419,2672
3419,2673
3419,2674
3419,2675
3419,3417
3419,3418
3419,3419
3419,3420
3419,3421
3419,3422
3419,3423
3419,3424
3419,3425
3419,3429
3419,3430
3419,3431
3419,3432
3419,3433
3419,3434
3420,3402
3420,3403
3420,3404
3420,3405
3420,3406
3420,3407
3420,3417
3420,3418
3420,3419
3420,3420
3420,3421
3420,3422
3420,3423
3420,3424
3420,3425
3420,3426
3420,3427
3420,3428
3420,3432
3420,3433
3420,3434
3421,3402
3421,3403
3421,3404
3421,3405
3421,3406
3421,3407
3421,3417
3421,3418
3421,3419
3421,3420
3421,3421
3421,3422
3421,3423
3421,3424
3421,3425
3421,3426
3421,3427
3421,3428
3421,3432
3421,3433
3421,3434
3422,3402
3422,3403
3422,3404
3422,3405
3422,3406
3422,3407
3422,3417
3422,3418
3422,3419
3422,3420
3422,3421
3422,3422
3422,3423
3422,3424
3422,3425
3422,3426
3422,3427
3422,3428
3422,3432
3422,3433
3422,3434
3423,1407
3423,1408
3423,1409
3423,1410
3423,1411
3423,1412
3423,2673
3423,2674
3423,2675
3423,3417
3423,3418
3423,3419
3423,3420
3423,3421
3423,3422
3423,3423
3423,3424
3423,3425
3423,3426
3423,3427
3423,3428
3424,1407
3424,1408
3424,1409
3424,1410
3424,1411
3424,1412
3424,2673
3424,2674
3424,2675
3424,3417
3424,3418
3424,3419
3424,3420
3424,3421
3424,3422
3424,3423
3424,3424
3424,3425
3424,3426
3424,3427
3424,3428
3425,1407
3425,1408
3425,1409
3425,1410
3425,1411
3425,1412
3425,2673
3425,2674
3425,2675
3425,3417
3425,3418
3425,3419
3425,3420
3425,3421
3425,3422
3425,3423
3425,3424
3425,3425
3425,3426
3425,3427
3425,3428
3426,1404
3426,1405
3426,1406
3426,1407
3426,1408
3426,1409
3426,3399
3426,3400
3426,3401
3426,3402
3426,3403
3426,3404
3426,3420
3426,3421
3426,3422
3426,3423
3426,3424
3426,3425
3426,3426
3426,3427
3426,3428
3427,1404
3427,1405
3427,1406
3427,1407
3427,1408
3427,1409
3427,3399
3427,3400
3427,3401
3427,3402
3427,3403
3427,3404
3427,3420
3427,3421
3427,3422
3427,3423
3427,3424
3427,3425
3427,3426
3427,3427
3427,3428
3428,1404
3428,1405
3428,1406
3428,1407
3428,1408
3428,1409
3428,3399
3428,3400
3428,3401
3428,3402
3428,3403
3428,3404
3428,3420
3428,3421
3428,3422
3428,3423
3428,3424
3428,3425
3428,3426
3428,3427
3428,3428
3429,2667
3429,2668
3429,2669
3429,2670
3429,2671
3429,2672
3429,3369
3429,3370
3429,3371
3429,3372
3429,3373
3429,3374
3429,3417
3429,3418
3429,3419
3429,3429
3429,3430
3429,3431
3429,3432
3429,3433
3429,3434
3430,2667
3430,2668
3430,2669
3430,2670
3430,2671
3430,2672
3430,3369
3430,3370
3430,3371
3430,3372
3430,3373
3430,3374
3430,3417
3430,3418
3430,3419
3430,3429
3430,3430
3430,3431
3430,3432
3430,3433
3430,3434
3431,2667
3431,2668
3431,2669
3431,2670
3431,2671
3431,2672
3431,3369
3431,3370
3431,3371
3431,3372
3431,3373
3431,3374
3431,3417
3431,3418
3431,3419
3431,3429
3431,3430
3431,3431
3431,3432
3431,3433
3431,3434
3432,3366
3432,3367
3432,3368
3432,3369
3432,3370
3432,3371
3432,3405
3432,3406
3432,3407
3432,3417
3432,3418
3432,3419
3432,3420
3432,3421
3432,3422
3432,3429
3432,3430
3432,3431
3432,3432
3432,3433
3432,3434
3433,3366
3433,3367
3433,3368
3433,3369
3433,3370
3433,3371
3433,3405
3433,3406
3433,3407
3433,3417
3433,3418
3433,3419
3433,3420
3433,3421
3433,3422
3433,3429
3433,3430
3433,3431
3433,3432
3433,3433
3433,3434
3434,3366
3434,3367
3434,3368
3434,3369
3434,3370
3434,3371
3434,3405
3434,3406
3434,3407
3434,3417
3434,3418
3434,3419
3434,3420
3434,3421
3434,3422
3434,3429
3434,3430
3434,3431
3434,3432
3434,3433
3434,3434
3435,1470
3435,1471
3435,1472
3435,1473
3435,1474
3435,1475
3435,3435
3435,3436
3435,3437
3435,3438
3435,3439
3435,3440
3435,3480
3435,3481
3435,3482
3435,3507
3435,3508
3435,3509
3435,3510
3435,3511
3435,3512
3436,1470
3436,1471
3436,1472
3436,1473
3436,1474
3436,1475
3436,3435
3436,3436
3436,3437
3436,3438
3436,3439
3436,3440
3436,3480
3436,3481
3436,3482
3436,3507
3436,3508
3436,3509
3436,3510
3436,3511
3436,3512
3437,1470
3437,1471
3437,1472
3437,1473
3437,1474
3437,1475
3437,3435
3437,3436
3437,3437
3437,3438
3437,3439
3437,3440
3437,3480
3437,3481
3437,3482
3437,3507
3437,3508
3437,3509
3437,3510
3437,3511
3437,3512
3438,3435
3438,3436
3438,3437
3438,3438
3438,3439
3438,3440
3438,3441
3438,3442
3438,3443
3438,3480
3438,3481
3438,3482
3438,3483
3438,3484
3438,3485
3438,3492
3438,3493
3438,3494
3438,3507
3438,3508
3438,3509
3439,3435
3439,3436
3439,3437
3439,3438
3439,3439
3439,3440
3439,3441
3439,3442
3439,3443
3439,3480
3439,3481
3439,3482
3439,3483
3439,3484
3439,3485
3439,3492
3439,3493
3439,3494
3439,3507
3439,3508
3439,3509
3440,3435
3440,3436
3440,3437
3440,3438
3440,3439
3440,3440
3440,3441
3440,3442
3440,3443
3440,3480
3440,3481
3440,3482
3440,3483
3440,3484
3440,3485
3440,3492
3440,3493
3440,3494
3440,3507
3440,3508
3440,3509
3441,3438
3441,3439
3441,3440
3441,3441
3441,3442
3441,3443
3441,3444
3441,3445
3441,3446
3441,3456
3441,3457
3441,3458
3441,3483
3441,3484
3441,3485
3441,3492
3441,3493
3441,3494
3441,3528
3441,3529
3441,3530
3442,3438
3442,3439
3442,3440
3442,3441
3442,3442
3442,3443
3442,3444
3442,3445
3442,3446
3442,3456
3442,3457
3442,3458
3442,3483
3442,3484
3442,3485
3442,3492
3442,3493
3442,3494
3442,3528
3442,3529
3442,3530
3443,3438
3443,3439
3443,3440
3443,3441
3443,3442
3443,3443
3443,3444
3443,3445
3443,3446
3443,3456
3443,3457
3443,3458
3443,3483
3443,3484
3443,3485
3443,3492
3443,3493
3443,3494
3443,3528
3443,3529
3443,3530
3444,3441
3444,3442
3444,3443
3444,3444
3444,3445
3444,3446
3444,3447
3444,3448
3444,3449
3444,3456
3444,3457
3444,3458
3444,3462
3444,3463
3444,3464
3444,3525
3444,3526
3444,3527
3444,3528
3444,3529
3444,3530
3445,3441
3445,3442
3445,3443
3445,3444
3445,3445
3445,3446
3445,3447
3445,3448
3445,3449
3445,3456
3445,3457
3445,3458
3445,3462
3445,3463
3445,3464
3445,3525
3445,3526
3445,3527
3445,3528
3445,3529
3445,3530
3446,3441
3446,3442
3446,3443
3446,3444
3446,3445
3446,3446
3446,3447
3446,3448
3446,3449
3446,3456
3446,3457
3446,3458
3446,3462
3446,3463
3446,3464
3446,3525
3446,3526
3446,3527
3446,3528
3446,3529
3446,3530
3447,3351
3447,3352
3447,3353
3447,3354
3447,3355
3447,3356
3447,3444
3447,3445
3447,3446
3447,3447
3447,3448
3447,3449
3447,3462
3447,3463
3447,3464
3447,3525
3447,3526
3447,3527
3448,3351
3448,3352
3448,3353
3448,3354
3448,3355
3448,3356
3448,3444
3448,3445
3448,3446
3448,3447
3448,3448
3448,3449
3448,3462
3448,3463
3448,3464
3448,3525
3448,3526
3448,3527
3449,3351
3449,3352
3449,3353
3449,3354
3449,3355
3449,3356
3449,3444
3449,3445
3449,3446
3449,3447
3449,3448
3449,3449
3449,3462
3449,3463
3449,3464
3449,3525
3449,3526
3449,3527
3450,3159
3450,3160
3450,3161
3450,3162
3450,3163
3450,3164
3450,3450
3450,3451
3450,3452
3450,3453
3450,3454
3450,3455
3450,3459
3450,3460
3450,3461
3450,3465
3450,3466
3450,3467
3450,3477
3450,3478
3450,3479
3451,3159
3451,3160
3451,3161
3451,3162
3451,3163
3451,3164
3451,3450
3451,3451
3451,3452
3451,3453
3451,3454
3451,3455
3451,3459
3451,3460
3451,3461
3451,3465
3451,3466
3451,3467
3451,3477
3451,3478
3451,3479
3452,3159
3452,3160
3452,3161
3452,3162
3452,3163
3452,3164
3452,3450
3452,3451
3452,3452
3452,3453
3452,3454
3452,3455
3452,3459
3452,3460
3452,3461
3452,3465
3452,3466
3452,3467
3452,3477
3452,3478
3452,3479
3453,3450
3453,3451
3453,3452
3453,3453
3453,3454
3453,3455
3453,3456
3453,3457
3453,3458
3453,3459
3453,3460
3453,3461
3453,3462
3453,3463
3453,3464
3453,3471
3453,3472
3453,3473
3453,3477
3453,3478
3453,3479
3454,3450
3454,3451
3454,3452
3454,3453
3454,3454
3454,3455
3454,3456
3454,3457
3454,3458
3454,3459
3454,3460
3454,3461
3454,3462
3454,3463
3454,3464
3454,3471
3454,3472
3454,3473
3454,3477
3454,3478
3454,3479
3455,3450
3455,3451
3455,3452
3455,3453
3455,3454
3455,3455
3455,3456
3455,3457
3455,3458
3455,3459
3455,3460
3455,3461
3455,3462
3455,3463
3455,3464
3455,3471
3455,3472
3455,3473
3455,3477
3455,3478
3455,3479
3456,3441
3456,3442
3456,3443
3456,3444
3456,3445
3456,3446
3456,3453
3456,3454
3456,3455
3456,3456
3456,3457
3456,3458
3456,3462
3456,3463
3456,3464
3456,3471
3456,3472
3456,3473
3456,3483
3456,3484
3456,3485
3457,3441
3457,3442
3457,3443
3457,3444
3457,3445
3457,3446
3457,3453
3457,3454
3457,3455
3457,3456
3457,3457
3457,3458
3457,3462
3457,3463
3457,3464
3457,3471
3457,3472
3457,3473
3457,3483
3457,3484
3457,3485
3458,3441
3458,3442
3458,3443
3458,3444
3458,3445
3458,3446
3458,3453
3458,3454
3458,3455
3458,3456
3458,3457
3458,3458
3458,3462
3458,3463
3458,3464
3458,3471
3458,3472
3458,3473
3458,3483
3458,3484
3458,3485
3459,3348
3459,3349
3459,3350
3459,3351
3459,3352
3459,3353
3459,3450
3459,3451
3459,3452
3459,3453
3459,3454
3459,3455
3459,3459
3459,3460
3459,3461
3459,3462
3459,3463
3459,3464
3459,3465
3459,3466
3459,3467
3460,3348
3460,3349
3460,3350
3460,3351
3460,3352
3460,3353
3460,3450
3460,3451
3460,3452
3460,3453
3460,3454
3460,3455
3460,3459
3460,3460
3460,3461
3460,3462
3460,3463
3460,3464
3460,3465
3460,3466
3460,3467
3461,3348
3461,3349
3461,3350
3461,3351
3461,3352
3461,3353
3461,3450
3461,3451
3461,3452
3461,3453
3461,3454
3461,3455
3461,3459
3461,3460
3461,3461
3461,3462
3461,3463
3461,3464
3461,3465
3461,3466
3461,3467
3462,3351
3462,3352
3462,3353
3462,3444
3462,3445
3462,3446
3462,3447
3462,3448
3462,3449
3462,3453
3462,3454
3462,3455
3462,3456
3462,3457
3462,3458
3462,3459
3462,3460
3462,3461
3462,3462
3462,3463
3462,3464
3463,3351
3463,3352
3463,3353
3463,3444
3463,3445
3463,3446
3463,3447
3463,3448
3463,3449
3463,3453
3463,3454
3463,3455
3463,3456
3463,3457
3463,3458
3463,3459
3463,3460
3463,3461
3463,3462
3463,3463
3463,3464
3464,3351
3464,3352
3464,3353
3464,3444
3464,3445
3464,3446
3464,3447
3464,3448
3464,3449
3464,3453
3464,3454
3464,3455
3464,3456
3464,3457
3464,3458
3464,3459
3464,3460
3464,3461
3464,3462
3464,3463
3464,3464
3465,3162
3465,3163
3465,3164
3465,3165
3465,3166
3465,3167
3465,3345
3465,3346
3465,3347
3465,3348
3465,3349
3465,3350
3465,3450
3465,3451
3465,3452
3465,3459
3465,3460
3465,3461
3465,3465
3465,3466
3465,3467
3466,3162
3466,3163
3466,3164
3466,3165
3466,3166
3466,3167
3466,3345
3466,3346
3466,3347
3466,3348
3466,3349
3466,3350
3466,3450
3466,3451
3466,3452
3466,3459
3466,3460
3466,3461
3466,3465
3466,3466
3466,3467
3467,3162
3467,3163
3467,3164
3467,3165
3467,3166
3467,3167
3467,3345
3467,3346
3467,3347
3467,3348
3467,3349
3467,3350
3467,3450
3467,3451
3467,3452
3467,3459
3467,3460
3467,3461
3467,3465
3467,3466
3467,3467
3468,1476
3468,1477
3468,1478
3468,3468
3468,3469
3468,3470
3468,3471
3468,3472
3468,3473
3468,3474
3468,3475
3468,3476
3468,3480
3468,3481
3468,3482
3468,3483
3468,3484
3468,3485
3469,1476
3469,1477
3469,1478
3469,3468
3469,3469
3469,3470
3469,3471
3469,3472
3469,3473
3469,3474
3469,3475
3469,3476
3469,3480
3469,3481
3469,3482
3469,3483
3469,3484
3469,3485
3470,1476
3470,1477
3470,1478
3470,3468
3470,3469
3470,3470
3470,3471
3470,3472
3470,3473
3470,3474
3470,3475
3470,3476
3470,3480
3470,3481
3470,3482
3470,3483
3470,3484
3470,3485
3471,3453
3471,3454
3471,3455
3471,3456
3471,3457
3471,3458
3471,3468
3471,3469
3471,3470
3471,3471
3471,3472
3471,3473
3471,3474
3471,3475
3471,3476
3471,3477
3471,3478
3471,3479
3471,3483
3471,3484
3471,3485
3472,3453
3472,3454
3472,3455
3472,3456
3472,3457
3472,3458
3472,3468
3472,3469
3472,3470
3472,3471
3472,3472
3472,3473
3472,3474
3472,3475
3472,3476
3472,3477
3472,3478
3472,3479
3472,3483
3472,3484
3472,3485
3473,3453
3473,3454
3473,3455
3473,3456
3473,3457
3473,3458
3473,3468
3473,3469
3473,3470
3473,3471
3473,3472
3473,3473
3473,3474
3473,3475
3473,3476
3473,3477
3473,3478
3473,3479
3473,3483
3473,3484
3473,3485
3474,1476
3474,1477
3474,1478
3474,1479
3474,1480
3474,1481
3474,3156
3474,3157
3474,3158
3474,3468
3474,3469
3474,3470
3474,3471
3474,3472
3474,3473
3474,3474
3474,3475
3474,3476
3474,3477
3474,3478
3474,3479
3475,1476
3475,1477
3475,1478
3475,1479
3475,1480
3475,1481
3475,3156
3475,3157
3475,3158
3475,3468
3475,3469
3475,3470
3475,3471
3475,3472
3475,3473
3475,3474
3475,3475
3475,3476
3475,3477
3475,3478
3475,3479
3476,1476
3476,1477
3476,1478
3476,1479
3476,1480
3476,1481
3476,3156
3476,3157
3476,3158
3476,3468
3476,3469
3476,3470
3476,3471
3476,3472
3476,3473
3476,3474
3476,3475
3476,3476
3476,3477
3476,3478
3476,3479
3477,3156
3477,3157
3477,3158
3477,3159
3477,3160
3477,3161
3477,3450
3477,3451
3477,3452
3477,3453
3477,3454
3477,3455
3477,3471
3477,3472
3477,3473
3477,3474
3477,3475
3477,3476
3477,3477
3477,3478
3477,3479
3478,3156
3478,3157
3478,3158
3478,3159
3478,3160
3478,3161
3478,3450
3478,3451
3478,3452
3478,3453
3478,3454
3478,3455
3478,3471
3478,3472
3478,3473
3478,3474
3478,3475
3478,3476
3478,3477
3478,3478
3478,3479
3479,3156
3479,3157
3479,3158
3479,3159
3479,3160
3479,3161
3479,3450
3479,3451
3479,3452
3479,3453
3479,3454
3479,3455
3479,3471
3479,3472
3479,3473
3479,3474
3479,3475
3479,3476
3479,3477
3479,3478
3479,3479
3480,1473
3480,1474
3480,1475
3480,1476
3480,1477
3480,1478
3480,3435
3480,3436
3480,3437
3480,3438
3480,3439
3480,3440
3480,3468
3480,3469
3480,3470
3480,3480
3480,3481
3480,3482
3480,3483
3480,3484
3480,3485
3481,1473
3481,1474
3481,1475
3481,1476
3481,1477
3481,1478
3481,3435
3481,3436
3481,3437
3481,3438
3481,3439
3481,3440
3481,3468
3481,3469
3481,3470
3481,3480
3481,3481
3481,3482
3481,3483
3481,3484
3481,3485
3482,1473
3482,1474
3482,1475
3482,1476
3482,1477
3482,1478
3482,3435
3482,3436
3482,3437
3482,3438
3482,3439
3482,3440
3482,3468
3482,3469
3482,3470
3482,3480
3482,3481
3482,3482
3482,3483
3482,3484
3482,3485
3483,3438
3483,3439
3483,3440
3483,3441
3483,3442
3483,3443
3483,3456
3483,3457
3483,3458
3483,3468
3483,3469
3483,3470
3483,3471
3483,3472
3483,3473
3483,3480
3483,3481
3483,3482
3483,3483
3483,3484
3483,3485
3484,3438
3484,3439
3484,3440
3484,3441
3484,3442
3484,3443
3484,3456
3484,3457
3484,3458
3484,3468
3484,3469
3484,3470
3484,3471
3484,3472
3484,3473
3484,3480
3484,3481
3484,3482
3484,3483
3484,3484
3484,3485
3485,3438
3485,3439
3485,3440
3485,3441
3485,3442
3485,3443
3485,3456
3485,3457
3485,3458
3485,3468
3485,3469
3485,3470
3485,3471
3485,3472
3485,3473
3485,3480
3485,3481
3485,3482
3485,3483
3485,3484
3485,3485
3486,1386
3486,1387
3486,1388
3486,1389
3486,1390
3486,1391
3486,3486
3486,3487
3486,3488
3486,3489
3486,3490
3486,3491
3486,3495
3486,3496
3486,3497
3486,3501
3486,3502
3486,3503
3486,3522
3486,3523
3486,3524
3487,1386
3487,1387
3487,1388
3487,1389
3487,1390
3487,1391
3487,3486
3487,3487
3487,3488
3487,3489
3487,3490
3487,3491
3487,3495
3487,3496
3487,3497
3487,3501
3487,3502
3487,3503
3487,3522
3487,3523
3487,3524
3488,1386
3488,1387
3488,1388
3488,1389
3488,1390
3488,1391
3488,3486
3488,3487
3488,3488
3488,3489
3488,3490
3488,3491
3488,3495
3488,3496
3488,3497
3488,3501
3488,3502
3488,3503
3488,3522
3488,3523
3488,3524
3489,3486
3489,3487
3489,3488
3489,3489
3489,3490
3489,3491
3489,3492
3489,3493
3489,3494
3489,3495
3489,3496
3489,3497
3489,3507
3489,3508
3489,3509
3489,3516
3489,3517
3489,3518
3489,3522
3489,3523
3489,3524
3490,3486
3490,3487
3490,3488
3490,3489
3490,3490
3490,3491
3490,3492
3490,3493
3490,3494
3490,3495
3490,3496
3490,3497
3490,3507
3490,3508
3490,3509
3490,3516
3490,3517
3490,3518
3490,3522
3490,3523
3490,3524
3491,3486
3491,3487
3491,3488
3491,3489
3491,3490
3491,3491
3491,3492
3491,3493
3491,3494
3491,3495
3491,3496
3491,3497
3491,3507
3491,3508
3491,3509
3491,3516
3491,3517
3491,3518
3491,3522
3491,3523
3491,3524
3492,3438
3492,3439
3492,3440
3492,3441
3492,3442
3492,3443
3492,3489
3492,3490
3492,3491
3492,3492
3492,3493
3492,3494
3492,3507
3492,3508
3492,3509
3492,3516
3492,3517
3492,3518
3492,3528
3492,3529
3492,3530
3493,3438
3493,3439
3493,3440
3493,3441
3493,3442
3493,3443
3493,3489
3493,3490
3493,3491
3493,3492
3493,3493
3493,3494
3493,3507
3493,3508
3493,3509
3493,3516
3493,3517
3493,3518
3493,3528
3493,3529
3493,3530
3494,3438
3494,3439
3494,3440
3494,3441
3494,3442
3494,3443
3494,3489
3494,3490
3494,3491
3494,3492
3494,3493
3494,3494
3494,3507
3494,3508
3494,3509
3494,3516
3494,3517
3494,3518
3494,3528
3494,3529
3494,3530
3495,3486
3495,3487
3495,3488
3495,3489
3495,3490
3495,3491
3495,3495
3495,3496
3495,3497
3495,3498
3495,3499
3495,3500
3495,3501
3495,3502
3495,3503
3495,3507
3495,3508
3495,3509
3495,3510
3495,3511
3495,3512
3496,3486
3496,3487
3496,3488
3496,3489
3496,3490
3496,3491
3496,3495
3496,3496
3496,3497
3496,3498
3496,3499
3496,3500
3496,3501
3496,3502
3496,3503
3496,3507
3496,3508
3496,3509
3496,3510
3496,3511
3496,3512
3497,3486
3497,3487
3497,3488
3497,3489
3497,3490
3497,3491
3497,3495
3497,3496
3497,3497
3497,3498
3497,3499
3497,3500
3497,3501
3497,3502
3497,3503
3497,3507
3497,3508
3497,3509
3497,3510
3497,3511
3497,3512
3498,1464
3498,1465
3498,1466
3498,1467
3498,1468
3498,1469
3498,3495
3498,3496
3498,3497
3498,3498
3498,3499
3498,3500
3498,3501
3498,3502
3498,3503
3498,3504
3498,3505
3498,3506
3498,3510
3498,3511
3498,3512
3499,1464
3499,1465
3499,1466
3499,1467
3499,1468
3499,1469
3499,3495
3499,3496
3499,3497
3499,3498
3499,3499
3499,3500
3499,3501
3499,3502
3499,3503
3499,3504
3499,3505
3499,3506
3499,3510
3499,3511
3499,3512
3500,1464
3500,1465
3500,1466
3500,1467
3500,1468
3500,1469
3500,3495
3500,3496
3500,3497
3500,3498
3500,3499
3500,3500
3500,3501
3500,3502
3500,3503
3500,3504
3500,3505
3500,3506
3500,3510
3500,3511
3500,3512
3501,1383
3501,1384
3501,1385
3501,1386
3501,1387
3501,1388
3501,3486
3501,3487
3501,3488
3501,3495
3501,3496
3501,3497
3501,3498
3501,3499
3501,3500
3501,3501
3501,3502
3501,3503
3501,3504
3501,3505
3501,3506
3502,1383
3502,1384
3502,1385
3502,1386
3502,1387
3502,1388
3502,3486
3502,3487
3502,3488
3502,3495
3502,3496
3502,3497
3502,3498
3502,3499
3502,3500
3502,3501
3502,3502
3502,3503
3502,3504
3502,3505
3502,3506
3503,1383
3503,1384
3503,1385
3503,1386
3503,1387
3503,1388
3503,3486
3503,3487
3503,3488
3503,3495
3503,3496
3503,3497
3503,3498
3503,3499
3503,3500
3503,3501
3503,3502
3503,3503
3503,3504
3503,3505
3503,3506
3504,1380
3504,1381
3504,1382
3504,1383
3504,1384
3504,1385
3504,1461
3504,1462
3504,1463
3504,1464
3504,1465
3504,1466
3504,3498
3504,3499
3504,3500
3504,3501
3504,3502
3504,3503
3504,3504
3504,3505
3504,3506
3505,1380
3505,1381
3505,1382
3505,1383
3505,1384
3505,1385
3505,1461
3505,1462
3505,1463
3505,1464
3505,1465
3505,1466
3505,3498
3505,3499
3505,3500
3505,3501
3505,3502
3505,3503
3505,3504
3505,3505
3505,3506
3506,1380
3506,1381
3506,1382
3506,1383
3506,1384
3506,1385
3506,1461
3506,1462
3506,1463
3506,1464
3506,1465
3506,1466
3506,3498
3506,3499
3506,3500
3506,3501
3506,3502
3506,3503
3506,3504
3506,3505
3506,3506
3507,3435
3507,3436
3507,3437
3507,3438
3507,3439
3507,3440
3507,3489
3507,3490
3507,3491
3507,3492
3507,3493
3507,3494
3507,3495
3507,3496
3507,3497
3507,3507
3507,3508
3507,3509
3507,3510
3507,3511
3507,3512
3508,3435
3508,3436
3508,3437
3508,3438
3508,3439
3508,3440
3508,3489
3508,3490
3508,3491
3508,3492
3508,3493
3508,3494
3508,3495
3508,3496
3508,3497
3508,3507
3508,3508
3508,3509
3508,3510
3508,3511
3508,3512
3509,3435
3509,3436
3509,3437
3509,3438
3509,3439
3509,3440
3509,3489
3509,3490
3509,3491
3509,3492
3509,3493
3509,3494
3509,3495
3509,3496
3509,3497
3509,3507
3509,3508
3509,3509
3509,3510
3509,3511
3509,3512
3510,1467
3510,1468
3510,1469
3510,1470
3510,1471
3510,1472
3510,3435
3510,3436
3510,3437
3510,3495
3510,3496
3510,3497
3510,3498
3510,3499
3510,3500
3510,3507
3510,3508
3510,3509
3510,3510
3510,3511
3510,3512
3511,1467
3511,1468
3511,1469
3511,1470
3511,1471
3511,1472
3511,3435
3511,3436
3511,3437
3511,3495
3511,3496
3511,3497
3511,3498
3511,3499
3511,3500
3511,3507
3511,3508
3511,3509
3511,3510
3511,3511
3511,3512
3512,1467
3512,1468
3512,1469
3512,1470
3512,1471
3512,1472
3512,3435
3512,3436
3512,3437
3512,3495
3512,3496
3512,3497
3512,3498
3512,3499
3512,3500
3512,3507
3512,3508
3512,3509
3512,3510
3512,3511
3512,3512
3513,3357
3513,3358
3513,3359
3513,3360
3513,3361
3513,3362
3513,3513
3513,3514
3513,3515
3513,3516
3513,3517
3513,3518
3513,3519
3513,3520
3513,3521
3513,3525
3513,3526
3513,3527
3513,3528
3513,3529
3513,3530
3514,3357
3514,3358
3514,3359
3514,3360
3514,3361
3514,3362
3514,3513
3514,3514
3514,3515
3514,3516
3514,3517
3514,3518
3514,3519
3514,3520
3514,3521
3514,3525
3514,3526
3514,3527
3514,3528
3514,3529
3514,3530
3515,3357
3515,3358
3515,3359
3515,3360
3515,3361
3515,3362
3515,3513
3515,3514
3515,3515
3515,3516
3515,3517
3515,3518
3515,3519
3515,3520
3515,3521
3515,3525
3515,3526
3515,3527
3515,3528
3515,3529
3515,3530
3516,3489
3516,3490
3516,3491
3516,3492
3516,3493
3516,3494
3516,3513
3516,3514
3516,3515
3516,3516
3516,3517
3516,3518
3516,3519
3516,3520
3516,3521
3516,3522
3516,3523
3516,3524
3516,3528
3516,3529
3516,3530
3517,3489
3517,3490
3517,3491
3517,3492
3517,3493
3517,3494
3517,3513
3517,3514
3517,3515
3517,3516
3517,3517
3517,3518
3517,3519
3517,3520
3517,3521
3517,3522
3517,3523
3517,3524
3517,3528
3517,3529
3517,3530
3518,3489
3518,3490
3518,3491
3518,3492
3518,3493
3518,3494
3518,3513
3518,3514
3518,3515
3518,3516
3518,3517
3518,3518
3518,3519
3518,3520
3518,3521
3518,3522
3518,3523
3518,3524
3518,3528
3518,3529
3518,3530
3519,1392
3519,1393
3519,1394
3519,1395
3519,1396
3519,1397
3519,3360
3519,3361
3519,3362
3519,3513
3519,3514
3519,3515
3519,3516
3519,3517
3519,3518
3519,3519
3519,3520
3519,3521
3519,3522
3519,3523
3519,3524
3520,1392
3520,1393
3520,1394
3520,1395
3520,1396
3520,1397
3520,3360
3520,3361
3520,3362
3520,3513
3520,3514
3520,3515
3520,3516
3520,3517
3520,3518
3520,3519
3520,3520
3520,3521
3520,3522
3520,3523
3520,3524
3521,1392
3521,1393
3521,1394
3521,1395
3521,1396
3521,1397
3521,3360
3521,3361
3521,3362
3521,3513
3521,3514
3521,3515
3521,3516
3521,3517
3521,3518
3521,3519
3521,3520
3521,3521
3521,3522
3521,3523
3521,3524
3522,1389
3522,1390
3522,1391
3522,1392
3522,1393
3522,1394
3522,3486
3522,3487
3522,3488
3522,3489
3522,3490
3522,3491
3522,3516
3522,3517
3522,3518
3522,3519
3522,3520
3522,3521
3522,3522
3522,3523
3522,3524
3523,1389
3523,1390
3523,1391
3523,1392
3523,1393
3523,1394
3523,3486
3523,3487
3523,3488
3523,3489
3523,3490
3523,3491
3523,3516
3523,3517
3523,3518
3523,3519
3523,3520
3523,3521
3523,3522
3523,3523
3523,3524
3524,1389
3524,1390
3524,1391
3524,1392
3524,1393
3524,1394
3524,3486
3524,3487
3524,3488
3524,3489
3524,3490
3524,3491
3524,3516
3524,3517
3524,3518
3524,3519
3524,3520
3524,3521
3524,3522
3524,3523
3524,3524
3525,3354
3525,3355
3525,3356
3525,3357
3525,3358
3525,3359
3525,3444
3525,3445
3525,3446
3525,3447
3525,3448
3525,3449
3525,3513
3525,3514
3525,3515
3525,3525
3525,3526
3525,3527
3525,3528
3525,3529
3525,3530
3526,3354
3526,3355
3526,3356
3526,3357
3526,3358
3526,3359
3526,3444
3526,3445
3526,3446
3526,3447
3526,3448
3526,3449
3526,3513
3526,3514
3526,3515
3526,3525
3526,3526
3526,3527
3526,3528
3526,3529
3526,3530
3527,3354
3527,3355
3527,3356
3527,3357
3527,3358
3527,3359
3527,3444
3527,3445
3527,3446
3527,3447
3527,3448
3527,3449
3527,3513
3527,3514
3527,3515
3527,3525
3527,3526
3527,3527
3527,3528
3527,3529
3527,3530
3528,3441
3528,3442
3528,3443
3528,3444
3528,3445
3528,3446
3528,3492
3528,3493
3528,3494
3528,3513
3528,3514
3528,3515
3528,3516
3528,3517
3528,3518
3528,3525
3528,3526
3528,3527
3528,3528
3528,3529
3528,3530
3529,3441
3529,3442
3529,3443
3529,3444
3529,3445
3529,3446
3529,3492
3529,3493
3529,3494
3529,3513
3529,3514
3529,3515
3529,3516
3529,3517
3529,3518
3529,3525
3529,3526
3529,3527
3529,3528
3529,3529
3529,3530
3530,3441
3530,3442
3530,3443
3530,3444
3530,3445
3530,3446
3530,3492
3530,3493
3530,3494
3530,3513
3530,3514
3530,3515
3530,3516
3530,3517
3530,3518
3530,3525
3530,3526
3530,3527
3530,3528
3530,3529
3530,3530
3531,543
3531,544
3531,545
3531,546
3531,547
3531,548
3531,3531
3531,3532
3531,3533
3531,3534
3531,3535
3531,3536
3531,3660
3531,3661
3531,3662
3531,3894
3531,3895
3531,3896
3532,543
3532,544
3532,545
3532,546
3532,547
3532,548
3532,3531
3532,3532
3532,3533
3532,3534
3532,3535
3532,3536
3532,3660
3532,3661
3532,3662
3532,3894
3532,3895
3532,3896
3533,543
3533,544
3533,545
3533,546
3533,547
3533,548
3533,3531
3533,3532
3533,3533
3533,3534
3533,3535
3533,3536
3533,3660
3533,3661
3533,3662
3533,3894
3533,3895
3533,3896
3534,540
3534,541
3534,542
3534,543
3534,544
3534,545
3534,3531
3534,3532
3534,3533
3534,3534
3534,3535
3534,3536
3534,3537
3534,3538
3534,3539
3534,3891
3534,3892
3534,3893
3534,3894
3534,3895
3534,3896
3535,540
3535,541
3535,542
3535,543
3535,544
3535,545
3535,3531
3535,3532
3535,3533
3535,3534
3535,3535
3535,3536
3535,3537
3535,3538
3535,3539
3535,3891
3535,3892
3535,3893
3535,3894
3535,3895
3535,3896
3536,540
3536,541
3536,542
3536,543
3536,544
3536,545
3536,3531
3536,3532
3536,3533
3536,3534
3536,3535
3536,3536
3536,3537
3536,3538
3536,3539
3536,3891
3536,3892
3536,3893
3536,3894
3536,3895
3536,3896
3537,537
3537,538
3537,539
3537,540
3537,541
3537,542
3537,3534
3537,3535
3537,3536
3537,3537
3537,3538
3537,3539
3537,3540
3537,3541
3537,3542
3537,3885
3537,3886
3537,3887
3537,3891
3537,3892
3537,3893
3538,537
3538,538
3538,539
3538,540
3538,541
3538,542
3538,3534
3538,3535
3538,3536
3538,3537
3538,3538
3538,3539
3538,3540
3538,3541
3538,3542
3538,3885
3538,3886
3538,3887
3538,3891
3538,3892
3538,3893
3539,537
3539,538
3539,539
3539,540
3539,541
3539,542
3539,3534
3539,3535
3539,3536
3539,3537
3539,3538
3539,3539
3539,3540
3539,3541
3539,3542
3539,3885
3539,3886
3539,3887
3539,3891
3539,3892
3539,3893
3540,534
3540,535
3540,536
3540,537
3540,538
3540,539
3540,3537
3540,3538
3540,3539
3540,3540
3540,3541
3540,3542
3540,3543
3540,3544
3540,3545
3540,3867
3540,3868
3540,3869
3540,3885
3540,3886
3540,3887
3541,534
3541,535
3541,536
3541,537
3541,538
3541,539
3541,3537
3541,3538
3541,3539
3541,3540
3541,3541
3541,3542
3541,3543
3541,3544
3541,3545
3541,3867
3541,3868
3541,3869
3541,3885
3541,3886
3541,3887
3542,534
3542,535
3542,536
3542,537
3542,538
3542,539
3542,3537
3542,3538
3542,3539
3542,3540
3542,3541
3542,3542
3542,3543
3542,3544
3542,3545
3542,3867
3542,3868
3542,3869
3542,3885
3542,3886
3542,3887
3543,531
3543,532
3543,533
3543,534
3543,535
3543,536
3543,3540
3543,3541
3543,3542
3543,3543
3543,3544
3543,3545
3543,3546
3543,3547
3543,3548
3543,3867
3543,3868
3543,3869
3543,3876
3543,3877
3543,3878
3544,531
3544,532
3544,533
3544,534
3544,535
3544,536
3544,3540
3544,3541
3544,3542
3544,3543
3544,3544
3544,3545
3544,3546
3544,3547
3544,3548
3544,3867
3544,3868
3544,3869
3544,3876
3544,3877
3544,3878
3545,531
3545,532
3545,533
3545,534
3545,535
3545,536
3545,3540
3545,3541
3545,3542
3545,3543
3545,3544
3545,3545
3545,3546
3545,3547
3545,3548
3545,3867
3545,3868
3545,3869
3545,3876
3545,3877
3545,3878
3546,525
3546,526
3546,527
3546,528
3546,529
3546,530
3546,531
3546,532
3546,533
3546,3543
3546,3544
3546,3545
3546,3546
3546,3547
3546,3548
3546,3549
3546,3550
3546,3551
3546,3876
3546,3877
3546,3878
3546,3879
3546,3880
3546,3881
3547,525
3547,526
3547,527
3547,528
3547,529
3547,530
3547,531
3547,532
3547,533
3547,3543
3547,3544
3547,3545
3547,3546
3547,3547
3547,3548
3547,3549
3547,3550
3547,3551
3547,3876
3547,3877
3547,3878
3547,3879
3547,3880
3547,3881
3548,525
3548,526
3548,527
3548,528
3548,529
3548,530
3548,531
3548,532
3548,533
3548,3543
3548,3544
3548,3545
3548,3546
3548,3547
3548,3548
3548,3549
3548,3550
3548,3551
3548,3876
3548,3877
3548,3878
3548,3879
3548,3880
3548,3881
3549,522
3549,523
3549,524
3549,525
3549,526
3549,527
3549,3546
3549,3547
3549,3548
3549,3549
3549,3550
3549,3551
3549,3552
3549,3553
3549,3554
3549,3777
3549,3778
3549,3779
3549,3879
3549,3880
3549,3881
3550,522
3550,523
3550,524
3550,525
3550,526
3550,527
3550,3546
3550,3547
3550,3548
3550,3549
3550,3550
3550,3551
3550,3552
3550,3553
3550,3554
3550,3777
3550,3778
3550,3779
3550,3879
3550,3880
3550,3881
3551,522
3551,523
3551,524
3551,525
3551,526
3551,527
3551,3546
3551,3547
3551,3548
3551,3549
3551,3550
3551,3551
3551,3552
3551,3553
3551,3554
3551,3777
3551,3778
3551,3779
3551,3879
3551,3880
3551,3881
3552,519
3552,520
3552,521
3552,522
3552,523
3552,524
3552,3549
3552,3550
3552,3551
3552,3552
3552,3553
3552,3554
3552,3555
3552,3556
3552,3557
3552,3777
3552,3778
3552,3779
3552,3813
3552,3814
3552,3815
3553,519
3553,520
3553,521
3553,522
3553,523
3553,524
3553,3549
3553,3550
3553,3551
3553,3552
3553,3553
3553,3554
3553,3555
3553,3556
3553,3557
3553,3777
3553,3778
3553,3779
3553,3813
3553,3814
3553,3815
3554,519
3554,520
3554,521
3554,522
3554,523
3554,524
3554,3549
3554,3550
3554,3551
3554,3552
3554,3553
3554,3554
3554,3555
3554,3556
3554,3557
3554,3777
3554,3778
3554,3779
3554,3813
3554,3814
3554,3815
3555,516
3555,517
3555,518
3555,519
3555,520
3555,521
3555,777
3555,778
3555,779
3555,3552
3555,3553
3555,3554
3555,3555
3555,3556
3555,3557
3555,3558
3555,3559
3555,3560
3555,3807
3555,3808
3555,3809
3555,3813
3555,3814
3555,3815
3556,516
3556,517
3556,518
3556,519
3556,520
3556,521
3556,777
3556,778
3556,779
3556,3552
3556,3553
3556,3554
3556,3555
3556,3556
3556,3557
3556,3558
3556,3559
3556,3560
3556,3807
3556,3808
3556,3809
3556,3813
3556,3814
3556,3815
3557,516
3557,517
3557,518
3557,519
3557,520
3557,521
3557,777
3557,778
3557,779
3557,3552
3557,3553
3557,3554
3557,3555
3557,3556
3557,3557
3557,3558
3557,3559
3557,3560
3557,3807
3557,3808
3557,3809
3557,3813
3557,3814
3557,3815
3558,513
3558,514
3558,515
3558,516
3558,517
3558,518
3558,780
3558,781
3558,782
3558,3555
3558,3556
3558,3557
3558,3558
3558,3559
3558,3560
3558,3561
3558,3562
3558,3563
3558,3807
3558,3808
3558,3809
3558,3819
3558,3820
3558,3821
3559,513
3559,514
3559,515
3559,516
3559,517
3559,518
3559,780
3559,781
3559,782
3559,3555
3559,3556
3559,3557
3559,3558
3559,3559
3559,3560
3559,3561
3559,3562
3559,3563
3559,3807
3559,3808
3559,3809
3559,3819
3559,3820
3559,3821
3560,513
3560,514
3560,515
3560,516
3560,517
3560,518
3560,780
3560,781
3560,782
3560,3555
3560,3556
3560,3557
3560,3558
3560,3559
3560,3560
3560,3561
3560,3562
3560,3563
3560,3807
3560,3808
3560,3809
3560,3819
3560,3820
3560,3821
3561,510
3561,511
3561,512
3561,513
3561,514
3561,515
3561,3558
3561,3559
3561,3560
3561,3561
3561,3562
3561,3563
3561,3564
3561,3565
3561,3566
3561,3675
3561,3676
3561,3677
3561,3819
3561,3820
3561,3821
3562,510
3562,511
3562,512
3562,513
3562,514
3562,515
3562,3558
3562,3559
3562,3560
3562,3561
3562,3562
3562,3563
3562,3564
3562,3565
3562,3566
3562,3675
3562,3676
3562,3677
3562,3819
3562,3820
3562,3821
3563,510
3563,511
3563,512
3563,513
3563,514
3563,515
3563,3558
3563,3559
3563,3560
3563,3561
3563,3562
3563,3563
3563,3564
3563,3565
3563,3566
3563,3675
3563,3676
3563,3677
3563,3819
3563,3820
3563,3821
3564,504
3564,505
3564,506
3564,507
3564,508
3564,509
3564,510
3564,511
3564,512
3564,3561
3564,3562
3564,3563
3564,3564
3564,3565
3564,3566
3564,3567
3564,3568
3564,3569
3564,3675
3564,3676
3564,3677
3564,3741
3564,3742
3564,3743
3565,504
3565,505
3565,506
3565,507
3565,508
3565,509
3565,510
3565,511
3565,512
3565,3561
3565,3562
3565,3563
3565,3564
3565,3565
3565,3566
3565,3567
3565,3568
3565,3569
3565,3675
3565,3676
3565,3677
3565,3741
3565,3742
3565,3743
3566,504
3566,505
3566,506
3566,507
3566,508
3566,509
3566,510
3566,511
3566,512
3566,3561
3566,3562
3566,3563
3566,3564
3566,3565
3566,3566
3566,3567
3566,3568
3566,3569
3566,3675
3566,3676
3566,3677
3566,3741
3566,3742
3566,3743
3567,501
3567,502
3567,503
3567,504
3567,505
3567,506
3567,3564
3567,3565
3567,3566
3567,3567
3567,3568
3567,3569
3567,3570
3567,3571
3567,3572
3567,3735
3567,3736
3567,3737
3567,3741
3567,3742
3567,3743
3568,501
3568,502
3568,503
3568,504
3568,505
3568,506
3568,3564
3568,3565
3568,3566
3568,3567
3568,3568
3568,3569
3568,3570
3568,3571
3568,3572
3568,3735
3568,3736
3568,3737
3568,3741
3568,3742
3568,3743
3569,501
3569,502
3569,503
3569,504
3569,505
3569,506
3569,3564
3569,3565
3569,3566
3569,3567
3569,3568
3569,3569
3569,3570
3569,3571
3569,3572
3569,3735
3569,3736
3569,3737
3569,3741
3569,3742
3569,3743
3570,498
3570,499
3570,500
3570,501
3570,502
3570,503
3570,3567
3570,3568
3570,3569
3570,3570
3570,3571
3570,3572
3570,3573
3570,3574
3570,3575
3570,3735
3570,3736
3570,3737
3570,3747
3570,3748
3570,3749
3571,498
3571,499
3571,500
3571,501
3571,502
3571,503
3571,3567
3571,3568
3571,3569
3571,3570
3571,3571
3571,3572
3571,3573
3571,3574
3571,3575
3571,3735
3571,3736
3571,3737
3571,3747
3571,3748
3571,3749
3572,498
3572,499
3572,500
3572,501
3572,502
3572,503
3572,3567
3572,3568
3572,3569
3572,3570
3572,3571
3572,3572
3572,3573
3572,3574
3572,3575
3572,3735
3572,3736
3572,3737
3572,3747
3572,3748
3572,3749
3573,495
3573,496
3573,497
3573,498
3573,499
3573,500
3573,3570
3573,3571
3573,3572
3573,3573
3573,3574
3573,3575
3573,3576
3573,3577
3573,3578
3573,3747
3573,3748
3573,3749
3573,3756
3573,3757
3573,3758
3574,495
3574,496
3574,497
3574,498
3574,499
3574,500
3574,3570
3574,3571
3574,3572
3574,3573
3574,3574
3574,3575
3574,3576
3574,3577
3574,3578
3574,3747
3574,3748
3574,3749
3574,3756
3574,3757
3574,3758
3575,495
3575,496
3575,497
3575,498
3575,499
3575,500
3575,3570
3575,3571
3575,3572
3575,3573
3575,3574
3575,3575
3575,3576
3575,3577
3575,3578
3575,3747
3575,3748
3575,3749
3575,3756
3575,3757
3575,3758
3576,492
3576,493
3576,494
3576,495
3576,496
3576,497
3576,801
3576,802
3576,803
3576,3573
3576,3574
3576,3575
3576,3576
3576,3577
3576,3578
3576,3579
3576,3580
3576,3581
3576,3753
3576,3754
3576,3755
3576,3756
3576,3757
3576,3758
3577,492
3577,493
3577,494
3577,495
3577,496
3577,497
3577,801
3577,802
3577,803
3577,3573
3577,3574
3577,3575
3577,3576
3577,3577
3577,3578
3577,3579
3577,3580
3577,3581
3577,3753
3577,3754
3577,3755
3577,3756
3577,3757
3577,3758
3578,492
3578,493
3578,494
3578,495
3578,496
3578,497
3578,801
3578,802
3578,803
3578,3573
3578,3574
3578,3575
3578,3576
3578,3577
3578,3578
3578,3579
3578,3580
3578,3581
3578,3753
3578,3754
3578,3755
3578,3756
3578,3757
3578,3758
3579,489
3579,490
3579,491
3579,492
3579,493
3579,494
3579,3576
3579,3577
3579,3578
3579,3579
3579,3580
3579,3581
3579,3582
3579,3583
3579,3584
3579,3753
3579,3754
3579,3755
3580,489
3580,490
3580,491
3580,492
3580,493
3580,494
3580,3576
3580,3577
3580,3578
3580,3579
3580,3580
3580,3581
3580,3582
3580,3583
3580,3584
3580,3753
3580,3754
3580,3755
3581,489
3581,490
3581,491
3581,492
3581,493
3581,494
3581,3576
3581,3577
3581,3578
3581,3579
3581,3580
3581,3581
3581,3582
3581,3583
3581,3584
3581,3753
3581,3754
3581,3755
3582,3579
3582,3580
3582,3581
3582,3582
3582,3583
3582,3584
3582,3585
3582,3586
3582,3587
3582,3753
3582,3754
3582,3755
3583,3579
3583,3580
3583,3581
3583,3582
3583,3583
3583,3584
3583,3585
3583,3586
3583,3587
3583,3753
3583,3754
3583,3755
3584,3579
3584,3580
3584,3581
3584,3582
3584,3583
3584,3584
3584,3585
3584,3586
3584,3587
3584,3753
3584,3754
3584,3755
3585,3582
3585,3583
3585,3584
3585,3585
3585,3586
3585,3587
3585,3588
3585,3589
3585,3590
3585,3693
3585,3694
3585,3695
3585,3753
3585,3754
3585,3755
3585,3762
3585,3763
3585,3764
3586,3582
3586,3583
3586,3584
3586,3585
3586,3586
3586,3587
3586,3588
3586,3589
3586,3590
3586,3693
3586,3694
3586,3695
3586,3753
3586,3754
3586,3755
3586,3762
3586,3763
3586,3764
3587,3582
3587,3583
3587,3584
3587,3585
3587,3586
3587,3587
3587,3588
3587,3589
3587,3590
3587,3693
3587,3694
3587,3695
3587,3753
3587,3754
3587,3755
3587,3762
3587,3763
3587,3764
3588,3585
3588,3586
3588,3587
3588,3588
3588,3589
3588,3590
3588,3591
3588,3592
3588,3593
3588,3693
3588,3694
3588,3695
3589,3585
3589,3586
3589,3587
3589,3588
3589,3589
3589,3590
3589,3591
3589,3592
3589,3593
3589,3693
3589,3694
3589,3695
3590,3585
3590,3586
3590,3587
3590,3588
3590,3589
3590,3590
3590,3591
3590,3592
3590,3593
3590,3693
3590,3694
3590,3695
3591,3588
3591,3589
3591,3590
3591,3591
3591,3592
3591,3593
3591,3594
3591,3595
3591,3596
3591,3693
3591,3694
3591,3695
3591,3723
3591,3724
3591,3725
3591,3732
3591,3733
3591,3734
3592,3588
3592,3589
3592,3590
3592,3591
3592,3592
3592,3593
3592,3594
3592,3595
3592,3596
3592,3693
3592,3694
3592,3695
3592,3723
3592,3724
3592,3725
3592,3732
3592,3733
3592,3734
3593,3588
3593,3589
3593,3590
3593,3591
3593,3592
3593,3593
3593,3594
3593,3595
3593,3596
3593,3693
3593,3694
3593,3695
3593,3723
3593,3724
3593,3725
3593,3732
3593,3733
3593,3734
3594,3591
3594,3592
3594,3593
3594,3594
3594,3595
3594,3596
3594,3597
3594,3598
3594,3599
3594,3732
3594,3733
3594,3734
3595,3591
3595,3592
3595,3593
3595,3594
3595,3595
3595,3596
3595,3597
3595,3598
3595,3599
3595,3732
3595,3733
3595,3734
3596,3591
3596,3592
3596,3593
3596,3594
3596,3595
3596,3596
3596,3597
3596,3598
3596,3599
3596,3732
3596,3733
3596,3734
3597,3594
3597,3595
3597,3596
3597,3597
3597,3598
3597,3599
3597,3600
3597,3601
3597,3602
3597,3732
3597,3733
3597,3734
3598,3594
3598,3595
3598,3596
3598,3597
3598,3598
3598,3599
3598,3600
3598,3601
3598,3602
3598,3732
3598,3733
3598,3734
3599,3594
3599,3595
3599,3596
3599,3597
3599,3598
3599,3599
3599,3600
3599,3601
3599,3602
3599,3732
3599,3733
3599,3734
3600,3597
3600,3598
3600,3599
3600,3600
3600,3601
3600,3602
3600,3603
3600,3604
3600,3605
3600,3729
3600,3730
3600,3731
3600,3732
3600,3733
3600,3734
3601,3597
3601,3598
3601,3599
3601,3600
3601,3601
3601,3602
3601,3603
3601,3604
3601,3605
3601,3729
3601,3730
3601,3731
3601,3732
3601,3733
3601,3734
3602,3597
3602,3598
3602,3599
3602,3600
3602,3601
3602,3602
3602,3603
3602,3604
3602,3605
3602,3729
3602,3730
3602,3731
3602,3732
3602,3733
3602,3734
3603,3600
3603,3601
3603,3602
3603,3603
3603,3604
3603,3605
3603,3606
3603,3607
3603,3608
3603,3699
3603,3700
3603,3701
3603,3729
3603,3730
3603,3731
3604,3600
3604,3601
3604,3602
3604,3603
3604,3604
3604,3605
3604,3606
3604,3607
3604,3608
3604,3699
3604,3700
3604,3701
3604,3729
3604,3730
3604,3731
3605,3600
3605,3601
3605,3602
3605,3603
3605,3604
3605,3605
3605,3606
3605,3607
3605,3608
3605,3699
3605,3700
3605,3701
3605,3729
3605,3730
3605,3731
3606,3603
3606,3604
3606,3605
3606,3606
3606,3607
3606,3608
3606,3609
3606,3610
3606,3611
3606,3699
3606,3700
3606,3701
3606,3720
3606,3721
3606,3722
3607,3603
3607,3604
3607,3605
3607,3606
3607,3607
3607,3608
3607,3609
3607,3610
3607,3611
3607,3699
3607,3700
3607,3701
3607,3720
3607,3721
3607,3722
3608,3603
3608,3604
3608,3605
3608,3606
3608,3607
3608,3608
3608,3609
3608,3610
3608,3611
3608,3699
3608,3700
3608,3701
3608,3720
3608,3721
3608,3722
3609,3606
3609,3607
3609,3608
3609,3609
3609,3610
3609,3611
3609,3612
3609,3613
3609,3614
3609,3705
3609,3706
3609,3707
3609,3720
3609,3721
3609,3722
3610,3606
3610,3607
3610,3608
3610,3609
3610,3610
3610,3611
3610,3612
3610,3613
3610,3614
3610,3705
3610,3706
3610,3707
3610,3720
3610,3721
3610,3722
3611,3606
3611,3607
3611,3608
3611,3609
3611,3610
3611,3611
3611,3612
3611,3613
3611,3614
3611,3705
3611,3706
3611,3707
3611,3720
3611,3721
3611,3722
3612,3609
3612,3610
3612,3611
3612,3612
3612,3613
3612,3614
3612,3615
3612,3616
3612,3617
3612,3705
3612,3706
3612,3707
3612,3711
3612,3712
3612,3713
3613,3609
3613,3610
3613,3611
3613,3612
3613,3613
3613,3614
3613,3615
3613,3616
3613,3617
3613,3705
3613,3706
3613,3707
3613,3711
3613,3712
3613,3713
3614,3609
3614,3610
3614,3611
3614,3612
3614,3613
3614,3614
3614,3615
3614,3616
3614,3617
3614,3705
3614,3706
3614,3707
3614,3711
3614,3712
3614,3713
3615,3612
3615,3613
3615,3614
3615,3615
3615,3616
3615,3617
3615,3618
3615,3619
3615,3620
3615,3711
3615,3712
3615,3713
3615,3714
3615,3715
3615,3716
3616,3612
3616,3613
3616,3614
3616,3615
3616,3616
3616,3617
3616,3618
3616,3619
3616,3620
3616,3711
3616,3712
3616,3713
3616,3714
3616,3715
3616,3716
3617,3612
3617,3613
3617,3614
3617,3615
3617,3616
3617,3617
3617,3618
3617,3619
3617,3620
3617,3711
3617,3712
3617,3713
3617,3714
3617,3715
3617,3716
3618,3615
3618,3616
3618,3617
3618,3618
3618,3619
3618,3620
3618,3621
3618,3622
3618,3623
3618,3663
3618,3664
3618,3665
3618,3714
3618,3715
3618,3716
3619,3615
3619,3616
3619,3617
3619,3618
3619,3619
3619,3620
3619,3621
3619,3622
3619,3623
3619,3663
3619,3664
3619,3665
3619,3714
3619,3715
3619,3716
3620,3615
3620,3616
3620,3617
3620,3618
3620,3619
3620,3620
3620,3621
3620,3622
3620,3623
3620,3663
3620,3664
3620,3665
3620,3714
3620,3715
3620,3716
3621,3618
3621,3619
3621,3620
3621,3621
3621,3622
3621,3623
3621,3624
3621,3625
3621,3626
3621,3663
3621,3664
3621,3665
3621,3804
3621,3805
3621,3806
3622,3618
3622,3619
3622,3620
3622,3621
3622,3622
3622,3623
3622,3624
3622,3625
3622,3626
3622,3663
3622,3664
3622,3665
3622,3804
3622,3805
3622,3806
3623,3618
3623,3619
3623,3620
3623,3621
3623,3622
3623,3623
3623,3624
3623,3625
3623,3626
3623,3663
3623,3664
3623,3665
3623,3804
3623,3805
3623,3806
3624,3621
3624,3622
3624,3623
3624,3624
3624,3625
3624,3626
3624,3627
3624,3628
3624,3629
3624,3792
3624,3793
3624,3794
3624,3804
3624,3805
3624,3806
3625,3621
3625,3622
3625,3623
3625,3624
3625,3625
3625,3626
3625,3627
3625,3628
3625,3629
3625,3792
3625,3793
3625,3794
3625,3804
3625,3805
3625,3806
3626,3621
3626,3622
3626,3623
3626,3624
3626,3625
3626,3626
3626,3627
3626,3628
3626,3629
3626,3792
3626,3793
3626,3794
3626,3804
3626,3805
3626,3806
3627,3624
3627,3625
3627,3626
3627,3627
3627,3628
3627,3629
3627,3630
3627,3631
3627,3632
3627,3792
3627,3793
3627,3794
3627,3798
3627,3799
3627,3800
3628,3624
3628,3625
3628,3626
3628,3627
3628,3628
3628,3629
3628,3630
3628,3631
3628,3632
3628,3792
3628,3793
3628,3794
3628,3798
3628,3799
3628,3800
3629,3624
3629,3625
3629,3626
3629,3627
3629,3628
3629,3629
3629,3630
3629,3631
3629,3632
3629,3792
3629,3793
3629,3794
3629,3798
3629,3799
3629,3800
3630,3627
3630,3628
3630,3629
3630,3630
3630,3631
3630,3632
3630,3633
3630,3634
3630,3635
3630,3765
3630,3766
3630,3767
3630,3798
3630,3799
3630,3800
3631,3627
3631,3628
3631,3629
3631,3630
3631,3631
3631,3632
3631,3633
3631,3634
3631,3635
3631,3765
3631,3766
3631,3767
3631,3798
3631,3799
3631,3800
3632,3627
3632,3628
3632,3629
3632,3630
3632,3631
3632,3632
3632,3633
3632,3634
3632,3635
3632,3765
3632,3766
3632,3767
3632,3798
3632,3799
3632,3800
3633,3630
3633,3631
3633,3632
3633,3633
3633,3634
3633,3635
3633,3636
3633,3637
3633,3638
3633,3765
3633,3766
3633,3767
3633,3846
3633,3847
3633,3848
3634,3630
3634,3631
3634,3632
3634,3633
3634,3634
3634,3635
3634,3636
3634,3637
3634,3638
3634,3765
3634,3766
3634,3767
3634,3846
3634,3847
3634,3848
3635,3630
3635,3631
3635,3632
3635,3633
3635,3634
3635,3635
3635,3636
3635,3637
3635,3638
3635,3765
3635,3766
3635,3767
3635,3846
3635,3847
3635,3848
3636,3633
3636,3634
3636,3635
3636,3636
3636,3637
3636,3638
3636,3639
3636,3640
3636,3641
3636,3840
3636,3841
3636,3842
3636,3846
3636,3847
3636,3848
3637,3633
3637,3634
3637,3635
3637,3636
3637,3637
3637,3638
3637,3639
3637,3640
3637,3641
3637,3840
3637,3841
3637,3842
3637,3846
3637,3847
3637,3848
3638,3633
3638,3634
3638,3635
3638,3636
3638,3637
3638,3638
3638,3639
3638,3640
3638,3641
3638,3840
3638,3841
3638,3842
3638,3846
3638,3847
3638,3848
3639,3636
3639,3637
3639,3638
3639,3639
3639,3640
3639,3641
3639,3642
3639,3643
3639,3644
3639,3840
3639,3841
3639,3842
3639,3855
3639,3856
3639,3857
3640,3636
3640,3637
3640,3638
3640,3639
3640,3640
3640,3641
3640,3642
3640,3643
3640,3644
3640,3840
3640,3841
3640,3842
3640,3855
3640,3856
3640,3857
3641,3636
3641,3637
3641,3638
3641,3639
3641,3640
3641,3641
3641,3642
3641,3643
3641,3644
3641,3840
3641,3841
3641,3842
3641,3855
3641,3856
3641,3857
3642,3639
3642,3640
3642,3641
3642,3642
3642,3643
3642,3644
3642,3645
3642,3646
3642,3647
3642,3852
3642,3853
3642,3854
3642,3855
3642,3856
3642,3857
3643,3639
3643,3640
3643,3641
3643,3642
3643,3643
3643,3644
3643,3645
3643,3646
3643,3647
3643,3852
3643,3853
3643,3854
3643,3855
3643,3856
3643,3857
3644,3639
3644,3640
3644,3641
3644,3642
3644,3643
3644,3644
3644,3645
3644,3646
3644,3647
3644,3852
3644,3853
3644,3854
3644,3855
3644,3856
3644,3857
3645,3642
3645,3643
3645,3644
3645,3645
3645,3646
3645,3647
3645,3648
3645,3649
3645,3650
3645,3852
3645,3853
3645,3854
3646,3642
3646,3643
3646,3644
3646,3645
3646,3646
3646,3647
3646,3648
3646,3649
3646,3650
3646,3852
3646,3853
3646,3854
3647,3642
3647,3643
3647,3644
3647,3645
3647,3646
3647,3647
3647,3648
3647,3649
3647,3650
3647,3852
3647,3853
3647,3854
3648,3645
3648,3646
3648,3647
3648,3648
3648,3649
3648,3650
3648,3651
3648,3652
3648,3653
3648,3852
3648,3853
3648,3854
3649,3645
3649,3646
3649,3647
3649,3648
3649,3649
3649,3650
3649,3651
3649,3652
3649,3653
3649,3852
3649,3853
3649,3854
3650,3645
3650,3646
3650,3647
3650,3648
3650,3649
3650,3650
3650,3651
3650,3652
3650,3653
3650,3852
3650,3853
3650,3854
3651,3648
3651,3649
3651,3650
3651,3651
3651,3652
3651,3653
3651,3654
3651,3655
3651,3656
3651,3825
3651,3826
3651,3827
3651,3852
3651,3853
3651,3854
3651,3861
3651,3862
3651,3863
3652,3648
3652,3649
3652,3650
3652,3651
3652,3652
3652,3653
3652,3654
3652,3655
3652,3656
3652,3825
3652,3826
3652,3827
3652,3852
3652,3853
3652,3854
3652,3861
3652,3862
3652,3863
3653,3648
3653,3649
3653,3650
3653,3651
3653,3652
3653,3653
3653,3654
3653,3655
3653,3656
3653,3825
3653,3826
3653,3827
3653,3852
3653,3853
3653,3854
3653,3861
3653,3862
3653,3863
3654,3651
3654,3652
3654,3653
3654,3654
3654,3655
3654,3656
3654,3657
3654,3658
3654,3659
3654,3825
3654,3826
3654,3827
3654,3888
3654,3889
3654,3890
3655,3651
3655,3652
3655,3653
3655,3654
3655,3655
3655,3656
3655,3657
3655,3658
3655,3659
3655,3825
3655,3826
3655,3827
3655,3888
3655,3889
3655,3890
3656,3651
3656,3652
3656,3653
3656,3654
3656,3655
3656,3656
3656,3657
3656,3658
3656,3659
3656,3825
3656,3826
3656,3827
3656,3888
3656,3889
3656,3890
3657,3654
3657,3655
3657,3656
3657,3657
3657,3658
3657,3659
3657,3660
3657,3661
3657,3662
3657,3888
3657,3889
3657,3890
3657,3894
3657,3895
3657,3896
3658,3654
3658,3655
3658,3656
3658,3657
3658,3658
3658,3659
3658,3660
3658,3661
3658,3662
3658,3888
3658,3889
3658,3890
3658,3894
3658,3895
3658,3896
3659,3654
3659,3655
3659,3656
3659,3657
3659,3658
3659,3659
3659,3660
3659,3661
3659,3662
3659,3888
3659,3889
3659,3890
3659,3894
3659,3895
3659,3896
3660,3531
3660,3532
3660,3533
3660,3657
3660,3658
3660,3659
3660,3660
3660,3661
3660,3662
3660,3894
3660,3895
3660,3896
3661,3531
3661,3532
3661,3533
3661,3657
3661,3658
3661,3659
3661,3660
3661,3661
3661,3662
3661,3894
3661,3895
3661,3896
3662,3531
3662,3532
3662,3533
3662,3657
3662,3658
3662,3659
3662,3660
3662,3661
3662,3662
3662,3894
3662,3895
3662,3896
3663,3618
3663,3619
3663,3620
3663,3621
3663,3622
3663,3623
3663,3663
3663,3664
3663,3665
3663,3666
3663,3667
3663,3668
3663,3714
3663,3715
3663,3716
3663,3801
3663,3802
3663,3803
3663,3804
3663,3805
3663,3806
3664,3618
3664,3619
3664,3620
3664,3621
3664,3622
3664,3623
3664,3663
3664,3664
3664,3665
3664,3666
3664,3667
3664,3668
3664,3714
3664,3715
3664,3716
3664,3801
3664,3802
3664,3803
3664,3804
3664,3805
3664,3806
3665,3618
3665,3619
3665,3620
3665,3621
3665,3622
3665,3623
3665,3663
3665,3664
3665,3665
3665,3666
3665,3667
3665,3668
3665,3714
3665,3715
3665,3716
3665,3801
3665,3802
3665,3803
3665,3804
3665,3805
3665,3806
3666,3663
3666,3664
3666,3665
3666,3666
3666,3667
3666,3668
3666,3669
3666,3670
3666,3671
3666,3708
3666,3709
3666,3710
3666,3714
3666,3715
3666,3716
3666,3786
3666,3787
3666,3788
3666,3801
3666,3802
3666,3803
3667,3663
3667,3664
3667,3665
3667,3666
3667,3667
3667,3668
3667,3669
3667,3670
3667,3671
3667,3708
3667,3709
3667,3710
3667,3714
3667,3715
3667,3716
3667,3786
3667,3787
3667,3788
3667,3801
3667,3802
3667,3803
3668,3663
3668,3664
3668,3665
3668,3666
3668,3667
3668,3668
3668,3669
3668,3670
3668,3671
3668,3708
3668,3709
3668,3710
3668,3714
3668,3715
3668,3716
3668,3786
3668,3787
3668,3788
3668,3801
3668,3802
3668,3803
3669,3666
3669,3667
3669,3668
3669,3669
3669,3670
3669,3671
3669,3672
3669,3673
3669,3674
3669,3678
3669,3679
3669,3680
3669,3708
3669,3709
3669,3710
3669,3786
3669,3787
3669,3788
3669,3822
3669,3823
3669,3824
3670,3666
3670,3667
3670,3668
3670,3669
3670,3670
3670,3671
3670,3672
3670,3673
3670,3674
3670,3678
3670,3679
3670,3680
3670,3708
3670,3709
3670,3710
3670,3786
3670,3787
3670,3788
3670,3822
3670,3823
3670,3824
3671,3666
3671,3667
3671,3668
3671,3669
3671,3670
3671,3671
3671,3672
3671,3673
3671,3674
3671,3678
3671,3679
3671,3680
3671,3708
3671,3709
3671,3710
3671,3786
3671,3787
3671,3788
3671,3822
3671,3823
3671,3824
3672,3669
3672,3670
3672,3671
3672,3672
3672,3673
3672,3674
3672,3675
3672,3676
3672,3677
3672,3678
3672,3679
3672,3680
3672,3744
3672,3745
3672,3746
3672,3819
3672,3820
3672,3821
3672,3822
3672,3823
3672,3824
3673,3669
3673,3670
3673,3671
3673,3672
3673,3673
3673,3674
3673,3675
3673,3676
3673,3677
3673,3678
3673,3679
3673,3680
3673,3744
3673,3745
3673,3746
3673,3819
3673,3820
3673,3821
3673,3822
3673,3823
3673,3824
3674,3669
3674,3670
3674,3671
3674,3672
3674,3673
3674,3674
3674,3675
3674,3676
3674,3677
3674,3678
3674,3679
3674,3680
3674,3744
3674,3745
3674,3746
3674,3819
3674,3820
3674,3821
3674,3822
3674,3823
3674,3824
3675,3561
3675,3562
3675,3563
3675,3564
3675,3565
3675,3566
3675,3672
3675,3673
3675,3674
3675,3675
3675,3676
3675,3677
3675,3741
3675,3742
3675,3743
3675,3744
3675,3745
3675,3746
3675,3819
3675,3820
3675,3821
3676,3561
3676,3562
3676,3563
3676,3564
3676,3565
3676,3566
3676,3672
3676,3673
3676,3674
3676,3675
3676,3676
3676,3677
3676,3741
3676,3742
3676,3743
3676,3744
3676,3745
3676,3746
3676,3819
3676,3820
3676,3821
3677,3561
3677,3562
3677,3563
3677,3564
3677,3565
3677,3566
3677,3672
3677,3673
3677,3674
3677,3675
3677,3676
3677,3677
3677,3741
3677,3742
3677,3743
3677,3744
3677,3745
3677,3746
3677,3819
3677,3820
3677,3821
3678,3669
3678,3670
3678,3671
3678,3672
3678,3673
3678,3674
3678,3678
3678,3679
3678,3680
3678,3681
3678,3682
3678,3683
3678,3702
3678,3703
3678,3704
3678,3708
3678,3709
3678,3710
3678,3744
3678,3745
3678,3746
3679,3669
3679,3670
3679,3671
3679,3672
3679,3673
3679,3674
3679,3678
3679,3679
3679,3680
3679,3681
3679,3682
3679,3683
3679,3702
3679,3703
3679,3704
3679,3708
3679,3709
3679,3710
3679,3744
3679,3745
3679,3746
3680,3669
3680,3670
3680,3671
3680,3672
3680,3673
3680,3674
3680,3678
3680,3679
3680,3680
3680,3681
3680,3682
3680,3683
3680,3702
3680,3703
3680,3704
3680,3708
3680,3709
3680,3710
3680,3744
3680,3745
3680,3746
3681,3678
3681,3679
3681,3680
3681,3681
3681,3682
3681,3683
3681,3684
3681,3685
3681,3686
3681,3702
3681,3703
3681,3704
3681,3717
3681,3718
3681,3719
3681,3738
3681,3739
3681,3740
3681,3744
3681,3745
3681,3746
3682,3678
3682,3679
3682,3680
3682,3681
3682,3682
3682,3683
3682,3684
3682,3685
3682,3686
3682,3702
3682,3703
3682,3704
3682,3717
3682,3718
3682,3719
3682,3738
3682,3739
3682,3740
3682,3744
3682,3745
3682,3746
3683,3678
3683,3679
3683,3680
3683,3681
3683,3682
3683,3683
3683,3684
3683,3685
3683,3686
3683,3702
3683,3703
3683,3704
3683,3717
3683,3718
3683,3719
3683,3738
3683,3739
3683,3740
3683,3744
3683,3745
3683,3746
3684,3681
3684,3682
3684,3683
3684,3684
3684,3685
3684,3686
3684,3687
3684,3688
3684,3689
3684,3696
3684,3697
3684,3698
3684,3717
3684,3718
3684,3719
3684,3738
3684,3739
3684,3740
3684,3750
3684,3751
3684,3752
3685,3681
3685,3682
3685,3683
3685,3684
3685,3685
3685,3686
3685,3687
3685,3688
3685,3689
3685,3696
3685,3697
3685,3698
3685,3717
3685,3718
3685,3719
3685,3738
3685,3739
3685,3740
3685,3750
3685,3751
3685,3752
3686,3681
3686,3682
3686,3683
3686,3684
3686,3685
3686,3686
3686,3687
3686,3688
3686,3689
3686,3696
3686,3697
3686,3698
3686,3717
3686,3718
3686,3719
3686,3738
3686,3739
3686,3740
3686,3750
3686,3751
3686,3752
3687,3684
3687,3685
3687,3686
3687,3687
3687,3688
3687,3689
3687,3690
3687,3691
3687,3692
3687,3696
3687,3697
3687,3698
3687,3726
3687,3727
3687,3728
3687,3750
3687,3751
3687,3752
3687,3759
3687,3760
3687,3761
3688,3684
3688,3685
3688,3686
3688,3687
3688,3688
3688,3689
3688,3690
3688,3691
3688,3692
3688,3696
3688,3697
3688,3698
3688,3726
3688,3727
3688,3728
3688,3750
3688,3751
3688,3752
3688,3759
3688,3760
3688,3761
3689,3684
3689,3685
3689,3686
3689,3687
3689,3688
3689,3689
3689,3690
3689,3691
3689,3692
3689,3696
3689,3697
3689,3698
3689,3726
3689,3727
3689,3728
3689,3750
3689,3751
3689,3752
3689,3759
3689,3760
3689,3761
3690,3687
3690,3688
3690,3689
3690,3690
3690,3691
3690,3692
3690,3693
3690,3694
3690,3695
3690,3723
3690,3724
3690,3725
3690,3726
3690,3727
3690,3728
3690,3759
3690,3760
3690,3761
3690,3762
3690,3763
3690,3764
3691,3687
3691,3688
3691,3689
3691,3690
3691,3691
3691,3692
3691,3693
3691,3694
3691,3695
3691,3723
3691,3724
3691,3725
3691,3726
3691,3727
3691,3728
3691,3759
3691,3760
3691,3761
3691,3762
3691,3763
3691,3764
3692,3687
3692,3688
3692,3689
3692,3690
3692,3691
3692,3692
3692,3693
3692,3694
3692,3695
3692,3723
3692,3724
3692,3725
3692,3726
3692,3727
3692,3728
3692,3759
3692,3760
3692,3761
3692,3762
3692,3763
3692,3764
3693,3585
3693,3586
3693,3587
3693,3588
3693,3589
3693,3590
3693,3591
3693,3592
3693,3593
3693,3690
3693,3691
3693,3692
3693,3693
3693,3694
3693,3695
3693,3723
3693,3724
3693,3725
3693,3762
3693,3763
3693,3764
3694,3585
3694,3586
3694,3587
3694,3588
3694,3589
3694,3590
3694,3591
3694,3592
3694,3593
3694,3690
3694,3691
3694,3692
3694,3693
3694,3694
3694,3695
3694,3723
3694,3724
3694,3725
3694,3762
3694,3763
3694,3764
3695,3585
3695,3586
3695,3587
3695,3588
3695,3589
3695,3590
3695,3591
3695,3592
3695,3593
3695,3690
3695,3691
3695,3692
3695,3693
3695,3694
3695,3695
3695,3723
3695,3724
3695,3725
3695,3762
3695,3763
3695,3764
3696,3684
3696,3685
3696,3686
3696,3687
3696,3688
3696,3689
3696,3696
3696,3697
3696,3698
3696,3699
3696,3700
3696,3701
3696,3717
3696,3718
3696,3719
3696,3720
3696,3721
3696,3722
3696,3726
3696,3727
3696,3728
3697,3684
3697,3685
3697,3686
3697,3687
3697,3688
3697,3689
3697,3696
3697,3697
3697,3698
3697,3699
3697,3700
3697,3701
3697,3717
3697,3718
3697,3719
3697,3720
3697,3721
3697,3722
3697,3726
3697,3727
3697,3728
3698,3684
3698,3685
3698,3686
3698,3687
3698,3688
3698,3689
3698,3696
3698,3697
3698,3698
3698,3699
3698,3700
3698,3701
3698,3717
3698,3718
3698,3719
3698,3720
3698,3721
3698,3722
3698,3726
3698,3727
3698,3728
3699,3603
3699,3604
3699,3605
3699,3606
3699,3607
3699,3608
3699,3696
3699,3697
3699,3698
3699,3699
3699,3700
3699,3701
3699,3720
3699,3721
3699,3722
3699,3726
3699,3727
3699,3728
3699,3729
3699,3730
3699,3731
3700,3603
3700,3604
3700,3605
3700,3606
3700,3607
3700,3608
3700,3696
3700,3697
3700,3698
3700,3699
3700,3700
3700,3701
3700,3720
3700,3721
3700,3722
3700,3726
3700,3727
3700,3728
3700,3729
3700,3730
3700,3731
3701,3603
3701,3604
3701,3605
3701,3606
3701,3607
3701,3608
3701,3696
3701,3697
3701,3698
3701,3699
3701,3700
3701,3701
3701,3720
3701,3721
3701,3722
3701,3726
3701,3727
3701,3728
3701,3729
3701,3730
3701,3731
3702,3678
3702,3679
3702,3680
3702,3681
3702,3682
3702,3683
3702,3702
3702,3703
3702,3704
3702,3705
3702,3706
3702,3707
3702,3708
3702,3709
3702,3710
3702,3711
3702,3712
3702,3713
3702,3717
3702,3718
3702,3719
3703,3678
3703,3679
3703,3680
3703,3681
3703,3682
3703,3683
3703,3702
3703,3703
3703,3704
3703,3705
3703,3706
3703,3707
3703,3708
3703,3709
3703,3710
3703,3711
3703,3712
3703,3713
3703,3717
3703,3718
3703,3719
3704,3678
3704,3679
3704,3680
3704,3681
3704,3682
3704,3683
3704,3702
3704,3703
3704,3704
3704,3705
3704,3706
3704,3707
3704,3708
3704,3709
3704,3710
3704,3711
3704,3712
3704,3713
3704,3717
3704,3718
3704,3719
3705,3609
3705,3610
3705,3611
3705,3612
3705,3613
3705,3614
3705,3702
3705,3703
3705,3704
3705,3705
3705,3706
3705,3707
3705,3711
3705,3712
3705,3713
3705,3717
3705,3718
3705,3719
3705,3720
3705,3721
3705,3722
3706,3609
3706,3610
3706,3611
3706,3612
3706,3613
3706,3614
3706,3702
3706,3703
3706,3704
3706,3705
3706,3706
3706,3707
3706,3711
3706,3712
3706,3713
3706,3717
3706,3718
3706,3719
3706,3720
3706,3721
3706,3722
3707,3609
3707,3610
3707,3611
3707,3612
3707,3613
3707,3614
3707,3702
3707,3703
3707,3704
3707,3705
3707,3706
3707,3707
3707,3711
3707,3712
3707,3713
3707,3717
3707,3718
3707,3719
3707,3720
3707,3721
3707,3722
3708,3666
3708,3667
3708,3668
3708,3669
3708,3670
3708,3671
3708,3678
3708,3679
3708,3680
3708,3702
3708,3703
3708,3704
3708,3708
3708,3709
3708,3710
3708,3711
3708,3712
3708,3713
3708,3714
3708,3715
3708,3716
3709,3666
3709,3667
3709,3668
3709,3669
3709,3670
3709,3671
3709,3678
3709,3679
3709,3680
3709,3702
3709,3703
3709,3704
3709,3708
3709,3709
3709,3710
3709,3711
3709,3712
3709,3713
3709,3714
3709,3715
3709,3716
3710,3666
3710,3667
3710,3668
3710,3669
3710,3670
3710,3671
3710,3678
3710,3679
3710,3680
3710,3702
3710,3703
3710,3704
3710,3708
3710,3709
3710,3710
3710,3711
3710,3712
3710,3713
3710,3714
3710,3715
3710,3716
3711,3612
3711,3613
3711,3614
3711,3615
3711,3616
3711,3617
3711,3702
3711,3703
3711,3704
3711,3705
3711,3706
3711,3707
3711,3708
3711,3709
3711,3710
3711,3711
3711,3712
3711,3713
3711,3714
3711,3715
3711,3716
3712,3612
3712,3613
3712,3614
3712,3615
3712,3616
3712,3617
3712,3702
3712,3703
3712,3704
3712,3705
3712,3706
3712,3707
3712,3708
3712,3709
3712,3710
3712,3711
3712,3712
3712,3713
3712,3714
3712,3715
3712,3716
3713,3612
3713,3613
3713,3614
3713,3615
3713,3616
3713,3617
3713,3702
3713,3703
3713,3704
3713,3705
3713,3706
3713,3707
3713,3708
3713,3709
3713,3710
3713,3711
3713,3712
3713,3713
3713,3714
3713,3715
3713,3716
3714,3615
3714,3616
3714,3617
3714,3618
3714,3619
3714,3620
3714,3663
3714,3664
3714,3665
3714,3666
3714,3667
3714,3668
3714,3708
3714,3709
3714,3710
3714,3711
3714,3712
3714,3713
3714,3714
3714,3715
3714,3716
3715,3615
3715,3616
3715,3617
3715,3618
3715,3619
3715,3620
3715,3663
3715,3664
3715,3665
3715,3666
3715,3667
3715,3668
3715,3708
3715,3709
3715,3710
3715,3711
3715,3712
3715,3713
3715,3714
3715,3715
3715,3716
3716,3615
3716,3616
3716,3617
3716,3618
3716,3619
3716,3620
3716,3663
3716,3664
3716,3665
3716,3666
3716,3667
3716,3668
3716,3708
3716,3709
3716,3710
3716,3711
3716,3712
3716,3713
3716,3714
3716,3715
3716,3716
3717,3681
3717,3682
3717,3683
3717,3684
3717,3685
3717,3686
3717,3696
3717,3697
3717,3698
3717,3702
3717,3703
3717,3704
3717,3705
3717,3706
3717,3707
3717,3717
3717,3718
3717,3719
3717,3720
3717,3721
3717,3722
3718,3681
3718,3682
3718,3683
3718,3684
3718,3685
3718,3686
3718,3696
3718,3697
3718,3698
3718,3702
3718,3703
3718,3704
3718,3705
3718,3706
3718,3707
3718,3717
3718,3718
3718,3719
3718,3720
3718,3721
3718,3722
3719,3681
3719,3682
3719,3683
3719,3684
3719,3685
3719,3686
3719,3696
3719,3697
3719,3698
3719,3702
3719,3703
3719,3704
3719,3705
3719,3706
3719,3707
3719,3717
3719,3718
3719,3719
3719,3720
3719,3721
3719,3722
3720,3606
3720,3607
3720,3608
3720,3609
3720,3610
3720,3611
3720,3696
3720,3697
3720,3698
3720,3699
3720,3700
3720,3701
3720,3705
3720,3706
3720,3707
3720,3717
3720,3718
3720,3719
3720,3720
3720,3721
3720,3722
3721,3606
3721,3607
3721,3608
3721,3609
3721,3610
3721,3611
3721,3696
3721,3697
3721,3698
3721,3699
3721,3700
3721,3701
3721,3705
3721,3706
3721,3707
3721,3717
3721,3718
3721,3719
3721,3720
3721,3721
3721,3722
3722,3606
3722,3607
3722,3608
3722,3609
3722,3610
3722,3611
3722,3696
3722,3697
3722,3698
3722,3699
3722,3700
3722,3701
3722,3705
3722,3706
3722,3707
3722,3717
3722,3718
3722,3719
3722,3720
3722,3721
3722,3722
3723,3591
3723,3592
3723,3593
3723,3690
3723,3691
3723,3692
3723,3693
3723,3694
3723,3695
3723,3723
3723,3724
3723,3725
3723,3726
3723,3727
3723,3728
3723,3729
3723,3730
3723,3731
3723,3732
3723,3733
3723,3734
3724,3591
3724,3592
3724,3593
3724,3690
3724,3691
3724,3692
3724,3693
3724,3694
3724,3695
3724,3723
3724,3724
3724,3725
3724,3726
3724,3727
3724,3728
3724,3729
3724,3730
3724,3731
3724,3732
3724,3733
3724,3734
3725,3591
3725,3592
3725,3593
3725,3690
3725,3691
3725,3692
3725,3693
3725,3694
3725,3695
3725,3723
3725,3724
3725,3725
3725,3726
3725,3727
3725,3728
3725,3729
3725,3730
3725,3731
3725,3732
3725,3733
3725,3734
3726,3687
3726,3688
3726,3689
3726,3690
3726,3691
3726,3692
3726,3696
3726,3697
3726,3698
3726,3699
3726,3700
3726,3701
3726,3723
3726,3724
3726,3725
3726,3726
3726,3727
3726,3728
3726,3729
3726,3730
3726,3731
3727,3687
3727,3688
3727,3689
3727,3690
3727,3691
3727,3692
3727,3696
3727,3697
3727,3698
3727,3699
3727,3700
3727,3701
3727,3723
3727,3724
3727,3725
3727,3726
3727,3727
3727,3728
3727,3729
3727,3730
3727,3731
3728,3687
3728,3688
3728,3689
3728,3690
3728,3691
3728,3692
3728,3696
3728,3697
3728,3698
3728,3699
3728,3700
3728,3701
3728,3723
3728,3724
3728,3725
3728,3726
3728,3727
3728,3728
3728,3729
3728,3730
3728,3731
3729,3600
3729,3601
3729,3602
3729,3603
3729,3604
3729,3605
3729,3699
3729,3700
3729,3701
3729,3723
3729,3724
3729,3725
3729,3726
3729,3727
3729,3728
3729,3729
3729,3730
3729,3731
3729,3732
3729,3733
3729,3734
3730,3600
3730,3601
3730,3602
3730,3603
3730,3604
3730,3605
3730,3699
3730,3700
3730,3701
3730,3723
3730,3724
3730,3725
3730,3726
3730,3727
3730,3728
3730,3729
3730,3730
3730,3731
3730,3732
3730,3733
3730,3734
3731,3600
3731,3601
3731,3602
3731,3603
3731,3604
3731,3605
3731,3699
3731,3700
3731,3701
3731,3723
3731,3724
3731,3725
3731,3726
3731,3727
3731,3728
3731,3729
3731,3730
3731,3731
3731,3732
3731,3733
3731,3734
3732,3591
3732,3592
3732,3593
3732,3594
3732,3595
3732,3596
3732,3597
3732,3598
3732,3599
3732,3600
3732,3601
3732,3602
3732,3723
3732,3724
3732,3725
3732,3729
3732,3730
3732,3731
3732,3732
3732,3733
3732,3734
3733,3591
3733,3592
3733,3593
3733,3594
3733,3595
3733,3596
3733,3597
3733,3598
3733,3599
3733,3600
3733,3601
3733,3602
3733,3723
3733,3724
3733,3725
3733,3729
3733,3730
3733,3731
3733,3732
3733,3733
3733,3734
3734,3591
3734,3592
3734,3593
3734,3594
3734,3595
3734,3596
3734,3597
3734,3598
3734,3599
3734,3600
3734,3601
3734,3602
3734,3723
3734,3724
3734,3725
3734,3729
3734,3730
3734,3731
3734,3732
3734,3733
3734,3734
3735,3567
3735,3568
3735,3569
3735,3570
3735,3571
3735,3572
3735,3735
3735,3736
3735,3737
3735,3738
3735,3739
3735,3740
3735,3741
3735,3742
3735,3743
3735,3747
3735,3748
3735,3749
3735,3750
3735,3751
3735,3752
3736,3567
3736,3568
3736,3569
3736,3570
3736,3571
3736,3572
3736,3735
3736,3736
3736,3737
3736,3738
3736,3739
3736,3740
3736,3741
3736,3742
3736,3743
3736,3747
3736,3748
3736,3749
3736,3750
3736,3751
3736,3752
3737,3567
3737,3568
3737,3569
3737,3570
3737,3571
3737,3572
3737,3735
3737,3736
3737,3737
3737,3738
3737,3739
3737,3740
3737,3741
3737,3742
3737,3743
3737,3747
3737,3748
3737,3749
3737,3750
3737,3751
3737,3752
3738,3681
3738,3682
3738,3683
3738,3684
3738,3685
3738,3686
3738,3735
3738,3736
3738,3737
3738,3738
3738,3739
3738,3740
3738,3741
3738,3742
3738,3743
3738,3744
3738,3745
3738,3746
3738,3750
3738,3751
3738,3752
3739,3681
3739,3682
3739,3683
3739,3684
3739,3685
3739,3686
3739,3735
3739,3736
3739,3737
3739,3738
3739,3739
3739,3740
3739,3741
3739,3742
3739,3743
3739,3744
3739,3745
3739,3746
3739,3750
3739,3751
3739,3752
3740,3681
3740,3682
3740,3683
3740,3684
3740,3685
3740,3686
3740,3735
3740,3736
3740,3737
3740,3738
3740,3739
3740,3740
3740,3741
3740,3742
3740,3743
3740,3744
3740,3745
3740,3746
3740,3750
3740,3751
3740,3752
3741,3564
3741,3565
3741,3566
3741,3567
3741,3568
3741,3569
3741,3675
3741,3676
3741,3677
3741,3735
3741,3736
3741,3737
3741,3738
3741,3739
3741,3740
3741,3741
3741,3742
3741,3743
3741,3744
3741,3745
3741,3746
3742,3564
3742,3565
3742,3566
3742,3567
3742,3568
3742,3569
3742,3675
3742,3676
3742,3677
3742,3735
3742,3736
3742,3737
3742,3738
3742,3739
3742,3740
3742,3741
3742,3742
3742,3743
3742,3744
3742,3745
3742,3746
3743,3564
3743,3565
3743,3566
3743,3567
3743,3568
3743,3569
3743,3675
3743,3676
3743,3677
3743,3735
3743,3736
3743,3737
3743,3738
3743,3739
3743,3740
3743,3741
3743,3742
3743,3743
3743,3744
3743,3745
3743,3746
3744,3672
3744,3673
3744,3674
3744,3675
3744,3676
3744,3677
3744,3678
3744,3679
3744,3680
3744,3681
3744,3682
3744,3683
3744,3738
3744,3739
3744,3740
3744,3741
3744,3742
3744,3743
3744,3744
3744,3745
3744,3746
3745,3672
3745,3673
3745,3674
3745,3675
3745,3676
3745,3677
3745,3678
3745,3679
3745,3680
3745,3681
3745,3682
3745,3683
3745,3738
3745,3739
3745,3740
3745,3741
3745,3742
3745,3743
3745,3744
3745,3745
3745,3746
3746,3672
3746,3673
3746,3674
3746,3675
3746,3676
3746,3677
3746,3678
3746,3679
3746,3680
3746,3681
3746,3682
3746,3683
3746,3738
3746,3739
3746,3740
3746,3741
3746,3742
3746,3743
3746,3744
3746,3745
3746,3746
3747,3570
3747,3571
3747,3572
3747,3573
3747,3574
3747,3575
3747,3735
3747,3736
3747,3737
3747,3747
3747,3748
3747,3749
3747,3750
3747,3751
3747,3752
3747,3756
3747,3757
3747,3758
3747,3759
3747,3760
3747,3761
3748,3570
3748,3571
3748,3572
3748,3573
3748,3574
3748,3575
3748,3735
3748,3736
3748,3737
3748,3747
3748,3748
3748,3749
3748,3750
3748,3751
3748,3752
3748,3756
3748,3757
3748,3758
3748,3759
3748,3760
3748,3761
3749,3570
3749,3571
3749,3572
3749,3573
3749,3574
3749,3575
3749,3735
3749,3736
3749,3737
3749,3747
3749,3748
3749,3749
3749,3750
3749,3751
3749,3752
3749,3756
3749,3757
3749,3758
3749,3759
3749,3760
3749,3761
3750,3684
3750,3685
3750,3686
3750,3687
3750,3688
3750,3689
3750,3735
3750,3736
3750,3737
3750,3738
3750,3739
3750,3740
3750,3747
3750,3748
3750,3749
3750,3750
3750,3751
3750,3752
3750,3759
3750,3760
3750,3761
3751,3684
3751,3685
3751,3686
3751,3687
3751,3688
3751,3689
3751,3735
3751,3736
3751,3737
3751,3738
3751,3739
3751,3740
3751,3747
3751,3748
3751,3749
3751,3750
3751,3751
3751,3752
3751,3759
3751,3760
3751,3761
3752,3684
3752,3685
3752,3686
3752,3687
3752,3688
3752,3689
3752,3735
3752,3736
3752,3737
3752,3738
3752,3739
3752,3740
3752,3747
3752,3748
3752,3749
3752,3750
3752,3751
3752,3752
3752,3759
3752,3760
3752,3761
3753,3576
3753,3577
3753,3578
3753,3579
3753,3580
3753,3581
3753,3582
3753,3583
3753,3584
3753,3585
3753,3586
3753,3587
3753,3753
3753,3754
3753,3755
3753,3756
3753,3757
3753,3758
3753,3762
3753,3763
3753,3764
3754,3576
3754,3577
3754,3578
3754,3579
3754,3580
3754,3581
3754,3582
3754,3583
3754,3584
3754,3585
3754,3586
3754,3587
3754,3753
3754,3754
3754,3755
3754,3756
3754,3757
3754,3758
3754,3762
3754,3763
3754,3764
3755,3576
3755,3577
3755,3578
3755,3579
3755,3580
3755,3581
3755,3582
3755,3583
3755,3584
3755,3585
3755,3586
3755,3587
3755,3753
3755,3754
3755,3755
3755,3756
3755,3757
3755,3758
3755,3762
3755,3763
3755,3764
3756,3573
3756,3574
3756,3575
3756,3576
3756,3577
3756,3578
3756,3747
3756,3748
3756,3749
3756,3753
3756,3754
3756,3755
3756,3756
3756,3757
3756,3758
3756,3759
3756,3760
3756,3761
3756,3762
3756,3763
3756,3764
3757,3573
3757,3574
3757,3575
3757,3576
3757,3577
3757,3578
3757,3747
3757,3748
3757,3749
3757,3753
3757,3754
3757,3755
3757,3756
3757,3757
3757,3758
3757,3759
3757,3760
3757,3761
3757,3762
3757,3763
3757,3764
3758,3573
3758,3574
3758,3575
3758,3576
3758,3577
3758,3578
3758,3747
3758,3748
3758,3749
3758,3753
3758,3754
3758,3755
3758,3756
3758,3757
3758,3758
3758,3759
3758,3760
3758,3761
3758,3762
3758,3763
3758,3764
3759,3687
3759,3688
3759,3689
3759,3690
3759,3691
3759,3692
3759,3747
3759,3748
3759,3749
3759,3750
3759,3751
3759,3752
3759,3756
3759,3757
3759,3758
3759,3759
3759,3760
3759,3761
3759,3762
3759,3763
3759,3764
3760,3687
3760,3688
3760,3689
3760,3690
3760,3691
3760,3692
3760,3747
3760,3748
3760,3749
3760,3750
3760,3751
3760,3752
3760,3756
3760,3757
3760,3758
3760,3759
3760,3760
3760,3761
3760,3762
3760,3763
3760,3764
3761,3687
3761,3688
3761,3689
3761,3690
3761,3691
3761,3692
3761,3747
3761,3748
3761,3749
3761,3750
3761,3751
3761,3752
3761,3756
3761,3757
3761,3758
3761,3759
3761,3760
3761,3761
3761,3762
3761,3763
3761,3764
3762,3585
3762,3586
3762,3587
3762,3690
3762,3691
3762,3692
3762,3693
3762,3694
3762,3695
3762,3753
3762,3754
3762,3755
3762,3756
3762,3757
3762,3758
3762,3759
3762,3760
3762,3761
3762,3762
3762,3763
3762,3764
3763,3585
3763,3586
3763,3587
3763,3690
3763,3691
3763,3692
3763,3693
3763,3694
3763,3695
3763,3753
3763,3754
3763,3755
3763,3756
3763,3757
3763,3758
3763,3759
3763,3760
3763,3761
3763,3762
3763,3763
3763,3764
3764,3585
3764,3586
3764,3587
3764,3690
3764,3691
3764,3692
3764,3693
3764,3694
3764,3695
3764,3753
3764,3754
3764,3755
3764,3756
3764,3757
3764,3758
3764,3759
3764,3760
3764,3761
3764,3762
3764,3763
3764,3764
3765,3630
3765,3631
3765,3632
3765,3633
3765,3634
3765,3635
3765,3765
3765,3766
3765,3767
3765,3768
3765,3769
3765,3770
3765,3798
3765,3799
3765,3800
3765,3846
3765,3847
3765,3848
3765,3849
3765,3850
3765,3851
3766,3630
3766,3631
3766,3632
3766,3633
3766,3634
3766,3635
3766,3765
3766,3766
3766,3767
3766,3768
3766,3769
3766,3770
3766,3798
3766,3799
3766,3800
3766,3846
3766,3847
3766,3848
3766,3849
3766,3850
3766,3851
3767,3630
3767,3631
3767,3632
3767,3633
3767,3634
3767,3635
3767,3765
3767,3766
3767,3767
3767,3768
3767,3769
3767,3770
3767,3798
3767,3799
3767,3800
3767,3846
3767,3847
3767,3848
3767,3849
3767,3850
3767,3851
3768,3765
3768,3766
3768,3767
3768,3768
3768,3769
3768,3770
3768,3771
3768,3772
3768,3773
3768,3795
3768,3796
3768,3797
3768,3798
3768,3799
3768,3800
3768,3837
3768,3838
3768,3839
3768,3849
3768,3850
3768,3851
3769,3765
3769,3766
3769,3767
3769,3768
3769,3769
3769,3770
3769,3771
3769,3772
3769,3773
3769,3795
3769,3796
3769,3797
3769,3798
3769,3799
3769,3800
3769,3837
3769,3838
3769,3839
3769,3849
3769,3850
3769,3851
3770,3765
3770,3766
3770,3767
3770,3768
3770,3769
3770,3770
3770,3771
3770,3772
3770,3773
3770,3795
3770,3796
3770,3797
3770,3798
3770,3799
3770,3800
3770,3837
3770,3838
3770,3839
3770,3849
3770,3850
3770,3851
3771,3768
3771,3769
3771,3770
3771,3771
3771,3772
3771,3773
3771,3774
3771,3775
3771,3776
3771,3780
3771,3781
3771,3782
3771,3795
3771,3796
3771,3797
3771,3837
3771,3838
3771,3839
3771,3873
3771,3874
3771,3875
3772,3768
3772,3769
3772,3770
3772,3771
3772,3772
3772,3773
3772,3774
3772,3775
3772,3776
3772,3780
3772,3781
3772,3782
3772,3795
3772,3796
3772,3797
3772,3837
3772,3838
3772,3839
3772,3873
3772,3874
3772,3875
3773,3768
3773,3769
3773,3770
3773,3771
3773,3772
3773,3773
3773,3774
3773,3775
3773,3776
3773,3780
3773,3781
3773,3782
3773,3795
3773,3796
3773,3797
3773,3837
3773,3838
3773,3839
3773,3873
3773,3874
3773,3875
3774,3771
3774,3772
3774,3773
3774,3774
3774,3775
3774,3776
3774,3777
3774,3778
3774,3779
3774,3780
3774,3781
3774,3782
3774,3816
3774,3817
3774,3818
3774,3873
3774,3874
3774,3875
3774,3879
3774,3880
3774,3881
3775,3771
3775,3772
3775,3773
3775,3774
3775,3775
3775,3776
3775,3777
3775,3778
3775,3779
3775,3780
3775,3781
3775,3782
3775,3816
3775,3817
3775,3818
3775,3873
3775,3874
3775,3875
3775,3879
3775,3880
3775,3881
3776,3771
3776,3772
3776,3773
3776,3774
3776,3775
3776,3776
3776,3777
3776,3778
3776,3779
3776,3780
3776,3781
3776,3782
3776,3816
3776,3817
3776,3818
3776,3873
3776,3874
3776,3875
3776,3879
3776,3880
3776,3881
3777,3549
3777,3550
3777,3551
3777,3552
3777,3553
3777,3554
3777,3774
3777,3775
3777,3776
3777,3777
3777,3778
3777,3779
3777,3813
3777,3814
3777,3815
3777,3816
3777,3817
3777,3818
3777,3879
3777,3880
3777,3881
3778,3549
3778,3550
3778,3551
3778,3552
3778,3553
3778,3554
3778,3774
3778,3775
3778,3776
3778,3777
3778,3778
3778,3779
3778,3813
3778,3814
3778,3815
3778,3816
3778,3817
3778,3818
3778,3879
3778,3880
3778,3881
3779,3549
3779,3550
3779,3551
3779,3552
3779,3553
3779,3554
3779,3774
3779,3775
3779,3776
3779,3777
3779,3778
3779,3779
3779,3813
3779,3814
3779,3815
3779,3816
3779,3817
3779,3818
3779,3879
3779,3880
3779,3881
3780,3771
3780,3772
3780,3773
3780,3774
3780,3775
3780,3776
3780,3780
3780,3781
3780,3782
3780,3783
3780,3784
3780,3785
3780,3789
3780,3790
3780,3791
3780,3795
3780,3796
3780,3797
3780,3816
3780,3817
3780,3818
3781,3771
3781,3772
3781,3773
3781,3774
3781,3775
3781,3776
3781,3780
3781,3781
3781,3782
3781,3783
3781,3784
3781,3785
3781,3789
3781,3790
3781,3791
3781,3795
3781,3796
3781,3797
3781,3816
3781,3817
3781,3818
3782,3771
3782,3772
3782,3773
3782,3774
3782,3775
3782,3776
3782,3780
3782,3781
3782,3782
3782,3783
3782,3784
3782,3785
3782,3789
3782,3790
3782,3791
3782,3795
3782,3796
3782,3797
3782,3816
3782,3817
3782,3818
3783,3780
3783,3781
3783,3782
3783,3783
3783,3784
3783,3785
3783,3786
3783,3787
3783,3788
3783,3789
3783,3790
3783,3791
3783,3801
3783,3802
3783,3803
3783,3810
3783,3811
3783,3812
3783,3816
3783,3817
3783,3818
3784,3780
3784,3781
3784,3782
3784,3783
3784,3784
3784,3785
3784,3786
3784,3787
3784,3788
3784,3789
3784,3790
3784,3791
3784,3801
3784,3802
3784,3803
3784,3810
3784,3811
3784,3812
3784,3816
3784,3817
3784,3818
3785,3780
3785,3781
3785,3782
3785,3783
3785,3784
3785,3785
3785,3786
3785,3787
3785,3788
3785,3789
3785,3790
3785,3791
3785,3801
3785,3802
3785,3803
3785,3810
3785,3811
3785,3812
3785,3816
3785,3817
3785,3818
3786,3666
3786,3667
3786,3668
3786,3669
3786,3670
3786,3671
3786,3783
3786,3784
3786,3785
3786,3786
3786,3787
3786,3788
3786,3801
3786,3802
3786,3803
3786,3810
3786,3811
3786,3812
3786,3822
3786,3823
3786,3824
3787,3666
3787,3667
3787,3668
3787,3669
3787,3670
3787,3671
3787,3783
3787,3784
3787,3785
3787,3786
3787,3787
3787,3788
3787,3801
3787,3802
3787,3803
3787,3810
3787,3811
3787,3812
3787,3822
3787,3823
3787,3824
3788,3666
3788,3667
3788,3668
3788,3669
3788,3670
3788,3671
3788,3783
3788,3784
3788,3785
3788,3786
3788,3787
3788,3788
3788,3801
3788,3802
3788,3803
3788,3810
3788,3811
3788,3812
3788,3822
3788,3823
3788,3824
3789,3780
3789,3781
3789,3782
3789,3783
3789,3784
3789,3785
3789,3789
3789,3790
3789,3791
3789,3792
3789,3793
3789,3794
3789,3795
3789,3796
3789,3797
3789,3801
3789,3802
3789,3803
3789,3804
3789,3805
3789,3806
3790,3780
3790,3781
3790,3782
3790,3783
3790,3784
3790,3785
3790,3789
3790,3790
3790,3791
3790,3792
3790,3793
3790,3794
3790,3795
3790,3796
3790,3797
3790,3801
3790,3802
3790,3803
3790,3804
3790,3805
3790,3806
3791,3780
3791,3781
3791,3782
3791,3783
3791,3784
3791,3785
3791,3789
3791,3790
3791,3791
3791,3792
3791,3793
3791,3794
3791,3795
3791,3796
3791,3797
3791,3801
3791,3802
3791,3803
3791,3804
3791,3805
3791,3806
3792,3624
3792,3625
3792,3626
3792,3627
3792,3628
3792,3629
3792,3789
3792,3790
3792,3791
3792,3792
3792,3793
3792,3794
3792,3795
3792,3796
3792,3797
3792,3798
3792,3799
3792,3800
3792,3804
3792,3805
3792,3806
3793,3624
3793,3625
3793,3626
3793,3627
3793,3628
3793,3629
3793,3789
3793,3790
3793,3791
3793,3792
3793,3793
3793,3794
3793,3795
3793,3796
3793,3797
3793,3798
3793,3799
3793,3800
3793,3804
3793,3805
3793,3806
3794,3624
3794,3625
3794,3626
3794,3627
3794,3628
3794,3629
3794,3789
3794,3790
3794,3791
3794,3792
3794,3793
3794,3794
3794,3795
3794,3796
3794,3797
3794,3798
3794,3799
3794,3800
3794,3804
3794,3805
3794,3806
3795,3768
3795,3769
3795,3770
3795,3771
3795,3772
3795,3773
3795,3780
3795,3781
3795,3782
3795,3789
3795,3790
3795,3791
3795,3792
3795,3793
3795,3794
3795,3795
3795,3796
3795,3797
3795,3798
3795,3799
3795,3800
3796,3768
3796,3769
3796,3770
3796,3771
3796,3772
3796,3773
3796,3780
3796,3781
3796,3782
3796,3789
3796,3790
3796,3791
3796,3792
3796,3793
3796,3794
3796,3795
3796,3796
3796,3797
3796,3798
3796,3799
3796,3800
3797,3768
3797,3769
3797,3770
3797,3771
3797,3772
3797,3773
3797,3780
3797,3781
3797,3782
3797,3789
3797,3790
3797,3791
3797,3792
3797,3793
3797,3794
3797,3795
3797,3796
3797,3797
3797,3798
3797,3799
3797,3800
3798,3627
3798,3628
3798,3629
3798,3630
3798,3631
3798,3632
3798,3765
3798,3766
3798,3767
3798,3768
3798,3769
3798,3770
3798,3792
3798,3793
3798,3794
3798,3795
3798,3796
3798,3797
3798,3798
3798,3799
3798,3800
3799,3627
3799,3628
3799,3629
3799,3630
3799,3631
3799,3632
3799,3765
3799,3766
3799,3767
3799,3768
3799,3769
3799,3770
3799,3792
3799,3793
3799,3794
3799,3795
3799,3796
3799,3797
3799,3798
3799,3799
3799,3800
3800,3627
3800,3628
3800,3629
3800,3630
3800,3631
3800,3632
3800,3765
3800,3766
3800,3767
3800,3768
3800,3769
3800,3770
3800,3792
3800,3793
3800,3794
3800,3795
3800,3796
3800,3797
3800,3798
3800,3799
3800,3800
3801,3663
3801,3664
3801,3665
3801,3666
3801,3667
3801,3668
3801,3783
3801,3784
3801,3785
3801,3786
3801,3787
3801,3788
3801,3789
3801,3790
3801,3791
3801,3801
3801,3802
3801,3803
3801,3804
3801,3805
3801,3806
3802,3663
3802,3664
3802,3665
3802,3666
3802,3667
3802,3668
3802,3783
3802,3784
3802,3785
3802,3786
3802,3787
3802,3788
3802,3789
3802,3790
3802,3791
3802,3801
3802,3802
3802,3803
3802,3804
3802,3805
3802,3806
3803,3663
3803,3664
3803,3665
3803,3666
3803,3667
3803,3668
3803,3783
3803,3784
3803,3785
3803,3786
3803,3787
3803,3788
3803,3789
3803,3790
3803,3791
3803,3801
3803,3802
3803,3803
3803,3804
3803,3805
3803,3806
3804,3621
3804,3622
3804,3623
3804,3624
3804,3625
3804,3626
3804,3663
3804,3664
3804,3665
3804,3789
3804,3790
3804,3791
3804,3792
3804,3793
3804,3794
3804,3801
3804,3802
3804,3803
3804,3804
3804,3805
3804,3806
3805,3621
3805,3622
3805,3623
3805,3624
3805,3625
3805,3626
3805,3663
3805,3664
3805,3665
3805,3789
3805,3790
3805,3791
3805,3792
3805,3793
3805,3794
3805,3801
3805,3802
3805,3803
3805,3804
3805,3805
3805,3806
3806,3621
3806,3622
3806,3623
3806,3624
3806,3625
3806,3626
3806,3663
3806,3664
3806,3665
3806,3789
3806,3790
3806,3791
3806,3792
3806,3793
3806,3794
3806,3801
3806,3802
3806,3803
3806,3804
3806,3805
3806,3806
3807,3555
3807,3556
3807,3557
3807,3558
3807,3559
3807,3560
3807,3807
3807,3808
3807,3809
3807,3810
3807,3811
3807,3812
3807,3813
3807,3814
3807,3815
3807,3819
3807,3820
3807,3821
3807,3822
3807,3823
3807,3824
3808,3555
3808,3556
3808,3557
3808,3558
3808,3559
3808,3560
3808,3807
3808,3808
3808,3809
3808,3810
3808,3811
3808,3812
3808,3813
3808,3814
3808,3815
3808,3819
3808,3820
3808,3821
3808,3822
3808,3823
3808,3824
3809,3555
3809,3556
3809,3557
3809,3558
3809,3559
3809,3560
3809,3807
3809,3808
3809,3809
3809,3810
3809,3811
3809,3812
3809,3813
3809,3814
3809,3815
3809,3819
3809,3820
3809,3821
3809,3822
3809,3823
3809,3824
3810,3783
3810,3784
3810,3785
3810,3786
3810,3787
3810,3788
3810,3807
3810,3808
3810,3809
3810,3810
3810,3811
3810,3812
3810,3813
3810,3814
3810,3815
3810,3816
3810,3817
3810,3818
3810,3822
3810,3823
3810,3824
3811,3783
3811,3784
3811,3785
3811,3786
3811,3787
3811,3788
3811,3807
3811,3808
3811,3809
3811,3810
3811,3811
3811,3812
3811,3813
3811,3814
3811,3815
3811,3816
3811,3817
3811,3818
3811,3822
3811,3823
3811,3824
3812,3783
3812,3784
3812,3785
3812,3786
3812,3787
3812,3788
3812,3807
3812,3808
3812,3809
3812,3810
3812,3811
3812,3812
3812,3813
3812,3814
3812,3815
3812,3816
3812,3817
3812,3818
3812,3822
3812,3823
3812,3824
3813,3552
3813,3553
3813,3554
3813,3555
3813,3556
3813,3557
3813,3777
3813,3778
3813,3779
3813,3807
3813,3808
3813,3809
3813,3810
3813,3811
3813,3812
3813,3813
3813,3814
3813,3815
3813,3816
3813,3817
3813,3818
3814,3552
3814,3553
3814,3554
3814,3555
3814,3556
3814,3557
3814,3777
3814,3778
3814,3779
3814,3807
3814,3808
3814,3809
3814,3810
3814,3811
3814,3812
3814,3813
3814,3814
3814,3815
3814,3816
3814,3817
3814,3818
3815,3552
3815,3553
3815,3554
3815,3555
3815,3556
3815,3557
3815,3777
3815,3778
3815,3779
3815,3807
3815,3808
3815,3809
3815,3810
3815,3811
3815,3812
3815,3813
3815,3814
3815,3815
3815,3816
3815,3817
3815,3818
3816,3774
3816,3775
3816,3776
3816,3777
3816,3778
3816,3779
3816,3780
3816,3781
3816,3782
3816,3783
3816,3784
3816,3785
3816,3810
3816,3811
3816,3812
3816,3813
3816,3814
3816,3815
3816,3816
3816,3817
3816,3818
3817,3774
3817,3775
3817,3776
3817,3777
3817,3778
3817,3779
3817,3780
3817,3781
3817,3782
3817,3783
3817,3784
3817,3785
3817,3810
3817,3811
3817,3812
3817,3813
3817,3814
3817,3815
3817,3816
3817,3817
3817,3818
3818,3774
3818,3775
3818,3776
3818,3777
3818,3778
3818,3779
3818,3780
3818,3781
3818,3782
3818,3783
3818,3784
3818,3785
3818,3810
3818,3811
3818,3812
3818,3813
3818,3814
3818,3815
3818,3816
3818,3817
3818,3818
3819,3558
3819,3559
3819,3560
3819,3561
3819,3562
3819,3563
3819,3672
3819,3673
3819,3674
3819,3675
3819,3676
3819,3677
3819,3807
3819,3808
3819,3809
3819,3819
3819,3820
3819,3821
3819,3822
3819,3823
3819,3824
3820,3558
3820,3559
3820,3560
3820,3561
3820,3562
3820,3563
3820,3672
3820,3673
3820,3674
3820,3675
3820,3676
3820,3677
3820,3807
3820,3808
3820,3809
3820,3819
3820,3820
3820,3821
3820,3822
3820,3823
3820,3824
3821,3558
3821,3559
3821,3560
3821,3561
3821,3562
3821,3563
3821,3672
3821,3673
3821,3674
3821,3675
3821,3676
3821,3677
3821,3807
3821,3808
3821,3809
3821,3819
3821,3820
3821,3821
3821,3822
3821,3823
3821,3824
3822,3669
3822,3670
3822,3671
3822,3672
3822,3673
3822,3674
3822,3786
3822,3787
3822,3788
3822,3807
3822,3808
3822,3809
3822,3810
3822,3811
3822,3812
3822,3819
3822,3820
3822,3821
3822,3822
3822,3823
3822,3824
3823,3669
3823,3670
3823,3671
3823,3672
3823,3673
3823,3674
3823,3786
3823,3787
3823,3788
3823,3807
3823,3808
3823,3809
3823,3810
3823,3811
3823,3812
3823,3819
3823,3820
3823,3821
3823,3822
3823,3823
3823,3824
3824,3669
3824,3670
3824,3671
3824,3672
3824,3673
3824,3674
3824,3786
3824,3787
3824,3788
3824,3807
3824,3808
3824,3809
3824,3810
3824,3811
3824,3812
3824,3819
3824,3820
3824,3821
3824,3822
3824,3823
3824,3824
3825,3651
3825,3652
3825,3653
3825,3654
3825,3655
3825,3656
3825,3825
3825,3826
3825,3827
3825,3828
3825,3829
3825,3830
3825,3861
3825,3862
3825,3863
3825,3888
3825,3889
3825,3890
3826,3651
3826,3652
3826,3653
3826,3654
3826,3655
3826,3656
3826,3825
3826,3826
3826,3827
3826,3828
3826,3829
3826,3830
3826,3861
3826,3862
3826,3863
3826,3888
3826,3889
3826,3890
3827,3651
3827,3652
3827,3653
3827,3654
3827,3655
3827,3656
3827,3825
3827,3826
3827,3827
3827,3828
3827,3829
3827,3830
3827,3861
3827,3862
3827,3863
3827,3888
3827,3889
3827,3890
3828,3825
3828,3826
3828,3827
3828,3828
3828,3829
3828,3830
3828,3831
3828,3832
3828,3833
3828,3858
3828,3859
3828,3860
3828,3861
3828,3862
3828,3863
3828,3882
3828,3883
3828,3884
3828,3888
3828,3889
3828,3890
3829,3825
3829,3826
3829,3827
3829,3828
3829,3829
3829,3830
3829,3831
3829,3832
3829,3833
3829,3858
3829,3859
3829,3860
3829,3861
3829,3862
3829,3863
3829,3882
3829,3883
3829,3884
3829,3888
3829,3889
3829,3890
3830,3825
3830,3826
3830,3827
3830,3828
3830,3829
3830,3830
3830,3831
3830,3832
3830,3833
3830,3858
3830,3859
3830,3860
3830,3861
3830,3862
3830,3863
3830,3882
3830,3883
3830,3884
3830,3888
3830,3889
3830,3890
3831,3828
3831,3829
3831,3830
3831,3831
3831,3832
3831,3833
3831,3834
3831,3835
3831,3836
3831,3843
3831,3844
3831,3845
3831,3858
3831,3859
3831,3860
3831,3864
3831,3865
3831,3866
3831,3882
3831,3883
3831,3884
3832,3828
3832,3829
3832,3830
3832,3831
3832,3832
3832,3833
3832,3834
3832,3835
3832,3836
3832,3843
3832,3844
3832,3845
3832,3858
3832,3859
3832,3860
3832,3864
3832,3865
3832,3866
3832,3882
3832,3883
3832,3884
3833,3828
3833,3829
3833,3830
3833,3831
3833,3832
3833,3833
3833,3834
3833,3835
3833,3836
3833,3843
3833,3844
3833,3845
3833,3858
3833,3859
3833,3860
3833,3864
3833,3865
3833,3866
3833,3882
3833,3883
3833,3884
3834,3831
3834,3832
3834,3833
3834,3834
3834,3835
3834,3836
3834,3837
3834,3838
3834,3839
3834,3843
3834,3844
3834,3845
3834,3849
3834,3850
3834,3851
3834,3864
3834,3865
3834,3866
3834,3870
3834,3871
3834,3872
3835,3831
3835,3832
3835,3833
3835,3834
3835,3835
3835,3836
3835,3837
3835,3838
3835,3839
3835,3843
3835,3844
3835,3845
3835,3849
3835,3850
3835,3851
3835,3864
3835,3865
3835,3866
3835,3870
3835,3871
3835,3872
3836,3831
3836,3832
3836,3833
3836,3834
3836,3835
3836,3836
3836,3837
3836,3838
3836,3839
3836,3843
3836,3844
3836,3845
3836,3849
3836,3850
3836,3851
3836,3864
3836,3865
3836,3866
3836,3870
3836,3871
3836,3872
3837,3768
3837,3769
3837,3770
3837,3771
3837,3772
3837,3773
3837,3834
3837,3835
3837,3836
3837,3837
3837,3838
3837,3839
3837,3849
3837,3850
3837,3851
3837,3870
3837,3871
3837,3872
3837,3873
3837,3874
3837,3875
3838,3768
3838,3769
3838,3770
3838,3771
3838,3772
3838,3773
3838,3834
3838,3835
3838,3836
3838,3837
3838,3838
3838,3839
3838,3849
3838,3850
3838,3851
3838,3870
3838,3871
3838,3872
3838,3873
3838,3874
3838,3875
3839,3768
3839,3769
3839,3770
3839,3771
3839,3772
3839,3773
3839,3834
3839,3835
3839,3836
3839,3837
3839,3838
3839,3839
3839,3849
3839,3850
3839,3851
3839,3870
3839,3871
3839,3872
3839,3873
3839,3874
3839,3875
3840,3636
3840,3637
3840,3638
3840,3639
3840,3640
3840,3641
3840,3840
3840,3841
3840,3842
3840,3843
3840,3844
3840,3845
3840,3846
3840,3847
3840,3848
3840,3855
3840,3856
3840,3857
3840,3858
3840,3859
3840,3860
3841,3636
3841,3637
3841,3638
3841,3639
3841,3640
3841,3641
3841,3840
3841,3841
3841,3842
3841,3843
3841,3844
3841,3845
3841,3846
3841,3847
3841,3848
3841,3855
3841,3856
3841,3857
3841,3858
3841,3859
3841,3860
3842,3636
3842,3637
3842,3638
3842,3639
3842,3640
3842,3641
3842,3840
3842,3841
3842,3842
3842,3843
3842,3844
3842,3845
3842,3846
3842,3847
3842,3848
3842,3855
3842,3856
3842,3857
3842,3858
3842,3859
3842,3860
3843,3831
3843,3832
3843,3833
3843,3834
3843,3835
3843,3836
3843,3840
3843,3841
3843,3842
3843,3843
3843,3844
3843,3845
3843,3846
3843,3847
3843,3848
3843,3849
3843,3850
3843,3851
3843,3858
3843,3859
3843,3860
3844,3831
3844,3832
3844,3833
3844,3834
3844,3835
3844,3836
3844,3840
3844,3841
3844,3842
3844,3843
3844,3844
3844,3845
3844,3846
3844,3847
3844,3848
3844,3849
3844,3850
3844,3851
3844,3858
3844,3859
3844,3860
3845,3831
3845,3832
3845,3833
3845,3834
3845,3835
3845,3836
3845,3840
3845,3841
3845,3842
3845,3843
3845,3844
3845,3845
3845,3846
3845,3847
3845,3848
3845,3849
3845,3850
3845,3851
3845,3858
3845,3859
3845,3860
3846,3633
3846,3634
3846,3635
3846,3636
3846,3637
3846,3638
3846,3765
3846,3766
3846,3767
3846,3840
3846,3841
3846,3842
3846,3843
3846,3844
3846,3845
3846,3846
3846,3847
3846,3848
3846,3849
3846,3850
3846,3851
3847,3633
3847,3634
3847,3635
3847,3636
3847,3637
3847,3638
3847,3765
3847,3766
3847,3767
3847,3840
3847,3841
3847,3842
3847,3843
3847,3844
3847,3845
3847,3846
3847,3847
3847,3848
3847,3849
3847,3850
3847,3851
3848,3633
3848,3634
3848,3635
3848,3636
3848,3637
3848,3638
3848,3765
3848,3766
3848,3767
3848,3840
3848,3841
3848,3842
3848,3843
3848,3844
3848,3845
3848,3846
3848,3847
3848,3848
3848,3849
3848,3850
3848,3851
3849,3765
3849,3766
3849,3767
3849,3768
3849,3769
3849,3770
3849,3834
3849,3835
3849,3836
3849,3837
3849,3838
3849,3839
3849,3843
3849,3844
3849,3845
3849,3846
3849,3847
3849,3848
3849,3849
3849,3850
3849,3851
3850,3765
3850,3766
3850,3767
3850,3768
3850,3769
3850,3770
3850,3834
3850,3835
3850,3836
3850,3837
3850,3838
3850,3839
3850,3843
3850,3844
3850,3845
3850,3846
3850,3847
3850,3848
3850,3849
3850,3850
3850,3851
3851,3765
3851,3766
3851,3767
3851,3768
3851,3769
3851,3770
3851,3834
3851,3835
3851,3836
3851,3837
3851,3838
3851,3839
3851,3843
3851,3844
3851,3845
3851,3846
3851,3847
3851,3848
3851,3849
3851,3850
3851,3851
3852,3642
3852,3643
3852,3644
3852,3645
3852,3646
3852,3647
3852,3648
3852,3649
3852,3650
3852,3651
3852,3652
3852,3653
3852,3852
3852,3853
3852,3854
3852,3855
3852,3856
3852,3857
3852,3861
3852,3862
3852,3863
3853,3642
3853,3643
3853,3644
3853,3645
3853,3646
3853,3647
3853,3648
3853,3649
3853,3650
3853,3651
3853,3652
3853,3653
3853,3852
3853,3853
3853,3854
3853,3855
3853,3856
3853,3857
3853,3861
3853,3862
3853,3863
3854,3642
3854,3643
3854,3644
3854,3645
3854,3646
3854,3647
3854,3648
3854,3649
3854,3650
3854,3651
3854,3652
3854,3653
3854,3852
3854,3853
3854,3854
3854,3855
3854,3856
3854,3857
3854,3861
3854,3862
3854,3863
3855,3639
3855,3640
3855,3641
3855,3642
3855,3643
3855,3644
3855,3840
3855,3841
3855,3842
3855,3852
3855,3853
3855,3854
3855,3855
3855,3856
3855,3857
3855,3858
3855,3859
3855,3860
3855,3861
3855,3862
3855,3863
3856,3639
3856,3640
3856,3641
3856,3642
3856,3643
3856,3644
3856,3840
3856,3841
3856,3842
3856,3852
3856,3853
3856,3854
3856,3855
3856,3856
3856,3857
3856,3858
3856,3859
3856,3860
3856,3861
3856,3862
3856,3863
3857,3639
3857,3640
3857,3641
3857,3642
3857,3643
3857,3644
3857,3840
3857,3841
3857,3842
3857,3852
3857,3853
3857,3854
3857,3855
3857,3856
3857,3857
3857,3858
3857,3859
3857,3860
3857,3861
3857,3862
3857,3863
3858,3828
3858,3829
3858,3830
3858,3831
3858,3832
3858,3833
3858,3840
3858,3841
3858,3842
3858,3843
3858,3844
3858,3845
3858,3855
3858,3856
3858,3857
3858,3858
3858,3859
3858,3860
3858,3861
3858,3862
3858,3863
3859,3828
3859,3829
3859,3830
3859,3831
3859,3832
3859,3833
3859,3840
3859,3841
3859,3842
3859,3843
3859,3844
3859,3845
3859,3855
3859,3856
3859,3857
3859,3858
3859,3859
3859,3860
3859,3861
3859,3862
3859,3863
3860,3828
3860,3829
3860,3830
3860,3831
3860,3832
3860,3833
3860,3840
3860,3841
3860,3842
3860,3843
3860,3844
3860,3845
3860,3855
3860,3856
3860,3857
3860,3858
3860,3859
3860,3860
3860,3861
3860,3862
3860,3863
3861,3651
3861,3652
3861,3653
3861,3825
3861,3826
3861,3827
3861,3828
3861,3829
3861,3830
3861,3852
3861,3853
3861,3854
3861,3855
3861,3856
3861,3857
3861,3858
3861,3859
3861,3860
3861,3861
3861,3862
3861,3863
3862,3651
3862,3652
3862,3653
3862,3825
3862,3826
3862,3827
3862,3828
3862,3829
3862,3830
3862,3852
3862,3853
3862,3854
3862,3855
3862,3856
3862,3857
3862,3858
3862,3859
3862,3860
3862,3861
3862,3862
3862,3863
3863,3651
3863,3652
3863,3653
3863,3825
3863,3826
3863,3827
3863,3828
3863,3829
3863,3830
3863,3852
3863,3853
3863,3854
3863,3855
3863,3856
3863,3857
3863,3858
3863,3859
3863,3860
3863,3861
3863,3862
3863,3863
3864,3831
3864,3832
3864,3833
3864,3834
3864,3835
3864,3836
3864,3864
3864,3865
3864,3866
3864,3867
3864,3868
3864,3869
3864,3870
3864,3871
3864,3872
3864,3882
3864,3883
3864,3884
3864,3885
3864,3886
3864,3887
3865,3831
3865,3832
3865,3833
3865,3834
3865,3835
3865,3836
3865,3864
3865,3865
3865,3866
3865,3867
3865,3868
3865,3869
3865,3870
3865,3871
3865,3872
3865,3882
3865,3883
3865,3884
3865,3885
3865,3886
3865,3887
3866,3831
3866,3832
3866,3833
3866,3834
3866,3835
3866,3836
3866,3864
3866,3865
3866,3866
3866,3867
3866,3868
3866,3869
3866,3870
3866,3871
3866,3872
3866,3882
3866,3883
3866,3884
3866,3885
3866,3886
3866,3887
3867,3540
3867,3541
3867,3542
3867,3543
3867,3544
3867,3545
3867,3864
3867,3865
3867,3866
3867,3867
3867,3868
3867,3869
3867,3870
3867,3871
3867,3872
3867,3876
3867,3877
3867,3878
3867,3885
3867,3886
3867,3887
3868,3540
3868,3541
3868,3542
3868,3543
3868,3544
3868,3545
3868,3864
3868,3865
3868,3866
3868,3867
3868,3868
3868,3869
3868,3870
3868,3871
3868,3872
3868,3876
3868,3877
3868,3878
3868,3885
3868,3886
3868,3887
3869,3540
3869,3541
3869,3542
3869,3543
3869,3544
3869,3545
3869,3864
3869,3865
3869,3866
3869,3867
3869,3868
3869,3869
3869,3870
3869,3871
3869,3872
3869,3876
3869,3877
3869,3878
3869,3885
3869,3886
3869,3887
3870,3834
3870,3835
3870,3836
3870,3837
3870,3838
3870,3839
3870,3864
3870,3865
3870,3866
3870,3867
3870,3868
3870,3869
3870,3870
3870,3871
3870,3872
3870,3873
3870,3874
3870,3875
3870,3876
3870,3877
3870,3878
3871,3834
3871,3835
3871,3836
3871,3837
3871,3838
3871,3839
3871,3864
3871,3865
3871,3866
3871,3867
3871,3868
3871,3869
3871,3870
3871,3871
3871,3872
3871,3873
3871,3874
3871,3875
3871,3876
3871,3877
3871,3878
3872,3834
3872,3835
3872,3836
3872,3837
3872,3838
3872,3839
3872,3864
3872,3865
3872,3866
3872,3867
3872,3868
3872,3869
3872,3870
3872,3871
3872,3872
3872,3873
3872,3874
3872,3875
3872,3876
3872,3877
3872,3878
3873,3771
3873,3772
3873,3773
3873,3774
3873,3775
3873,3776
3873,3837
3873,3838
3873,3839
3873,3870
3873,3871
3873,3872
3873,3873
3873,3874
3873,3875
3873,3876
3873,3877
3873,3878
3873,3879
3873,3880
3873,3881
3874,3771
3874,3772
3874,3773
3874,3774
3874,3775
3874,3776
3874,3837
3874,3838
3874,3839
3874,3870
3874,3871
3874,3872
3874,3873
3874,3874
3874,3875
3874,3876
3874,3877
3874,3878
3874,3879
3874,3880
3874,3881
3875,3771
3875,3772
3875,3773
3875,3774
3875,3775
3875,3776
3875,3837
3875,3838
3875,3839
3875,3870
3875,3871
3875,3872
3875,3873
3875,3874
3875,3875
3875,3876
3875,3877
3875,3878
3875,3879
3875,3880
3875,3881
3876,3543
3876,3544
3876,3545
3876,3546
3876,3547
3876,3548
3876,3867
3876,3868
3876,3869
3876,3870
3876,3871
3876,3872
3876,3873
3876,3874
3876,3875
3876,3876
3876,3877
3876,3878
3876,3879
3876,3880
3876,3881
3877,3543
3877,3544
3877,3545
3877,3546
3877,3547
3877,3548
3877,3867
3877,3868
3877,3869
3877,3870
3877,3871
3877,3872
3877,3873
3877,3874
3877,3875
3877,3876
3877,3877
3877,3878
3877,3879
3877,3880
3877,3881
3878,3543
3878,3544
3878,3545
3878,3546
3878,3547
3878,3548
3878,3867
3878,3868
3878,3869
3878,3870
3878,3871
3878,3872
3878,3873
3878,3874
3878,3875
3878,3876
3878,3877
3878,3878
3878,3879
3878,3880
3878,3881
3879,3546
3879,3547
3879,3548
3879,3549
3879,3550
3879,3551
3879,3774
3879,3775
3879,3776
3879,3777
3879,3778
3879,3779
3879,3873
3879,3874
3879,3875
3879,3876
3879,3877
3879,3878
3879,3879
3879,3880
3879,3881
3880,3546
3880,3547
3880,3548
3880,3549
3880,3550
3880,3551
3880,3774
3880,3775
3880,3776
3880,3777
3880,3778
3880,3779
3880,3873
3880,3874
3880,3875
3880,3876
3880,3877
3880,3878
3880,3879
3880,3880
3880,3881
3881,3546
3881,3547
3881,3548
3881,3549
3881,3550
3881,3551
3881,3774
3881,3775
3881,3776
3881,3777
3881,3778
3881,3779
3881,3873
3881,3874
3881,3875
3881,3876
3881,3877
3881,3878
3881,3879
3881,3880
3881,3881
3882,3828
3882,3829
3882,3830
3882,3831
3882,3832
3882,3833
3882,3864
3882,3865
3882,3866
3882,3882
3882,3883
3882,3884
3882,3885
3882,3886
3882,3887
3882,3888
3882,3889
3882,3890
3882,3891
3882,3892
3882,3893
3883,3828
3883,3829
3883,3830
3883,3831
3883,3832
3883,3833
3883,3864
3883,3865
3883,3866
3883,3882
3883,3883
3883,3884
3883,3885
3883,3886
3883,3887
3883,3888
3883,3889
3883,3890
3883,3891
3883,3892
3883,3893
3884,3828
3884,3829
3884,3830
3884,3831
3884,3832
3884,3833
3884,3864
3884,3865
3884,3866
3884,3882
3884,3883
3884,3884
3884,3885
3884,3886
3884,3887
3884,3888
3884,3889
3884,3890
3884,3891
3884,3892
3884,3893
3885,3537
3885,3538
3885,3539
3885,3540
3885,3541
3885,3542
3885,3864
3885,3865
3885,3866
3885,3867
3885,3868
3885,3869
3885,3882
3885,3883
3885,3884
3885,3885
3885,3886
3885,3887
3885,3891
3885,3892
3885,3893
3886,3537
3886,3538
3886,3539
3886,3540
3886,3541
3886,3542
3886,3864
3886,3865
3886,3866
3886,3867
3886,3868
3886,3869
3886,3882
3886,3883
3886,3884
3886,3885
3886,3886
3886,3887
3886,3891
3886,3892
3886,3893
3887,3537
3887,3538
3887,3539
3887,3540
3887,3541
3887,3542
3887,3864
3887,3865
3887,3866
3887,3867
3887,3868
3887,3869
3887,3882
3887,3883
3887,3884
3887,3885
3887,3886
3887,3887
3887,3891
3887,3892
3887,3893
3888,3654
3888,3655
3888,3656
3888,3657
3888,3658
3888,3659
3888,3825
3888,3826
3888,3827
3888,3828
3888,3829
3888,3830
3888,3882
3888,3883
3888,3884
3888,3888
3888,3889
3888,3890
3888,3891
3888,3892
3888,3893
3888,3894
3888,3895
3888,3896
3889,3654
3889,3655
3889,3656
3889,3657
3889,3658
3889,3659
3889,3825
3889,3826
3889,3827
3889,3828
3889,3829
3889,3830
3889,3882
3889,3883
3889,3884
3889,3888
3889,3889
3889,3890
3889,3891
3889,3892
3889,3893
3889,3894
3889,3895
3889,3896
3890,3654
3890,3655
3890,3656
3890,3657
3890,3658
3890,3659
3890,3825
3890,3826
3890,3827
3890,3828
3890,3829
3890,3830
3890,3882
3890,3883
3890,3884
3890,3888
3890,3889
3890,3890
3890,3891
3890,3892
3890,3893
3890,3894
3890,3895
3890,3896
3891,3534
3891,3535
3891,3536
3891,3537
3891,3538
3891,3539
3891,3882
3891,3883
3891,3884
3891,3885
3891,3886
3891,3887
3891,3888
3891,3889
3891,3890
3891,3891
3891,3892
3891,3893
3891,3894
3891,3895
3891,3896
3892,3534
3892,3535
3892,3536
3892,3537
3892,3538
3892,3539
3892,3882
3892,3883
3892,3884
3892,3885
3892,3886
3892,3887
3892,3888
3892,3889
3892,3890
3892,3891
3892,3892
3892,3893
3892,3894
3892,3895
3892,3896
3893,3534
3893,3535
3893,3536
3893,3537
3893,3538
3893,3539
3893,3882
3893,3883
3893,3884
3893,3885
3893,3886
3893,3887
3893,3888
3893,3889
3893,3890
3893,3891
3893,3892
3893,3893
3893,3894
3893,3895
3893,3896
3894,3531
3894,3532
3894,3533
3894,3534
3894,3535
3894,3536
3894,3657
3894,3658
3894,3659
3894,3660
3894,3661
3894,3662
3894,3888
3894,3889
3894,3890
3894,3891
3894,3892
3894,3893
3894,3894
3894,3895
3894,3896
3895,3531
3895,3532
3895,3533
3895,3534
3895,3535
3895,3536
3895,3657
3895,3658
3895,3659
3895,3660
3895,3661
3895,3662
3895,3888
3895,3889
3895,3890
3895,3891
3895,3892
3895,3893
3895,3894
3895,3895
3895,3896
3896,3531
3896,3532
3896,3533
3896,3534
3896,3535
3896,3536
3896,3657
3896,3658
3896,3659
3896,3660
3896,3661
3896,3662
3896,3888
3896,3889
3896,3890
3896,3891
3896,3892
3896,3893
3896,3894
3896,3895
3896,3896
3897,600
3897,601
3897,602
3897,603
3897,604
3897,605
3897,3897
3897,3898
3897,3899
3897,3900
3897,3901
3897,3902
3898,600
3898,601
3898,602
3898,603
3898,604
3898,605
3898,3897
3898,3898
3898,3899
3898,3900
3898,3901
3898,3902
3899,600
3899,601
3899,602
3899,603
3899,604
3899,605
3899,3897
3899,3898
3899,3899
3899,3900
3899,3901
3899,3902
3900,3897
3900,3898
3900,3899
3900,3900
3900,3901
3900,3902
3900,3903
3900,3904
3900,3905
3901,3897
3901,3898
3901,3899
3901,3900
3901,3901
3901,3902
3901,3903
3901,3904
3901,3905
3902,3897
3902,3898
3902,3899
3902,3900
3902,3901
3902,3902
3902,3903
3902,3904
3902,3905
3903,3900
3903,3901
3903,3902
3903,3903
3903,3904
3903,3905
3903,3906
3903,3907
3903,3908
3904,3900
3904,3901
3904,3902
3904,3903
3904,3904
3904,3905
3904,3906
3904,3907
3904,3908
3905,3900
3905,3901
3905,3902
3905,3903
3905,3904
3905,3905
3905,3906
3905,3907
3905,3908
3906,3903
3906,3904
3906,3905
3906,3906
3906,3907
3906,3908
3906,3909
3906,3910
3906,3911
3907,3903
3907,3904
3907,3905
3907,3906
3907,3907
3907,3908
3907,3909
3907,3910
3907,3911
3908,3903
3908,3904
3908,3905
3908,3906
3908,3907
3908,3908
3908,3909
3908,3910
3908,3911
3909,3906
3909,3907
3909,3908
3909,3909
3909,3910
3909,3911
3909,3912
3909,3913
3909,3914
3910,3906
3910,3907
3910,3908
3910,3909
3910,3910
3910,3911
3910,3912
3910,3913
3910,3914
3911,3906
3911,3907
3911,3908
3911,3909
3911,3910
3911,3911
3911,3912
3911,3913
3911,3914
3912,3909
3912,3910
3912,3911
3912,3912
3912,3913
3912,3914
3912,3915
3912,3916
3912,3917
3913,3909
3913,3910
3913,3911
3913,3912
3913,3913
3913,3914
3913,3915
3913,3916
3913,3917
3914,3909
3914,3910
3914,3911
3914,3912
3914,3913
3914,3914
3914,3915
3914,3916
3914,3917
3915,3912
3915,3913
3915,3914
3915,3915
3915,3916
3915,3917
3915,3918
3915,3919
3915,3920
3916,3912
3916,3913
3916,3914
3916,3915
3916,3916
3916,3917
3916,3918
3916,3919
3916,3920
3917,3912
3917,3913
3917,3914
3917,3915
3917,3916
3917,3917
3917,3918
3917,3919
3917,3920
3918,3915
3918,3916
3918,3917
3918,3918
3918,3919
3918,3920
3918,3921
3918,3922
3918,3923
3919,3915
3919,3916
3919,3917
3919,3918
3919,3919
3919,3920
3919,3921
3919,3922
3919,3923
3920,3915
3920,3916
3920,3917
3920,3918
3920,3919
3920,3920
3920,3921
3920,3922
3920,3923
3921,3918
3921,3919
3921,3920
3921,3921
3921,3922
3921,3923
3921,3924
3921,3925
3921,3926
3921,3927
3921,3928
3921,3929
3922,3918
3922,3919
3922,3920
3922,3921
3922,3922
3922,3923
3922,3924
3922,3925
3922,3926
3922,3927
3922,3928
3922,3929
3923,3918
3923,3919
3923,3920
3923,3921
3923,3922
3923,3923
3923,3924
3923,3925
3923,3926
3923,3927
3923,3928
3923,3929
3924,3921
3924,3922
3924,3923
3924,3924
3924,3925
3924,3926
3924,3927
3924,3928
3924,3929
3925,3921
3925,3922
3925,3923
3925,3924
3925,3925
3925,3926
3925,3927
3925,3928
3925,3929
3926,3921
3926,3922
3926,3923
3926,3924
3926,3925
3926,3926
3926,3927
3926,3928
3926,3929
3927,3921
3927,3922
3927,3923
3927,3924
3927,3925
3927,3926
3927,3927
3927,3928
3927,3929
3927,3930
3927,3931
3927,3932
3928,3921
3928,3922
3928,3923
3928,3924
3928,3925
3928,3926
3928,3927
3928,3928
3928,3929
3928,3930
3928,3931
3928,3932
3929,3921
3929,3922
3929,3923
3929,3924
3929,3925
3929,3926
3929,3927
3929,3928
3929,3929
3929,3930
3929,3931
3929,3932
3930,3927
3930,3928
3930,3929
3930,3930
3930,3931
3930,3932
3930,3933
3930,3934
3930,3935
3931,3927
3931,3928
3931,3929
3931,3930
3931,3931
3931,3932
3931,3933
3931,3934
3931,3935
3932,3927
3932,3928
3932,3929
3932,3930
3932,3931
3932,3932
3932,3933
3932,3934
3932,3935
3933,3930
3933,3931
3933,3932
3933,3933
3933,3934
3933,3935
3933,3936
3933,3937
3933,3938
3934,3930
3934,3931
3934,3932
3934,3933
3934,3934
3934,3935
3934,3936
3934,3937
3934,3938
3935,3930
3935,3931
3935,3932
3935,3933
3935,3934
3935,3935
3935,3936
3935,3937
3935,3938
3936,3933
3936,3934
3936,3935
3936,3936
3936,3937
3936,3938
3936,3939
3936,3940
3936,3941
3937,3933
3937,3934
3937,3935
3937,3936
3937,3937
3937,3938
3937,3939
3937,3940
3937,3941
3938,3933
3938,3934
3938,3935
3938,3936
3938,3937
3938,3938
3938,3939
3938,3940
3938,3941
3939,3936
3939,3937
3939,3938
3939,3939
3939,3940
3939,3941
3939,3942
3939,3943
3939,3944
3940,3936
3940,3937
3940,3938
3940,3939
3940,3940
3940,3941
3940,3942
3940,3943
3940,3944
3941,3936
3941,3937
3941,3938
3941,3939
3941,3940
3941,3941
3941,3942
3941,3943
3941,3944
3942,3939
3942,3940
3942,3941
3942,3942
3942,3943
3942,3944
3942,3945
3942,3946
3942,3947
3943,3939
3943,3940
3943,3941
3943,3942
3943,3943
3943,3944
3943,3945
3943,3946
3943,3947
3944,3939
3944,3940
3944,3941
3944,3942
3944,3943
3944,3944
3944,3945
3944,3946
3944,3947
3945,3942
3945,3943
3945,3944
3945,3945
3945,3946
3945,3947
3945,3948
3945,3949
3945,3950
3946,3942
3946,3943
3946,3944
3946,3945
3946,3946
3946,3947
3946,3948
3946,3949
3946,3950
3947,3942
3947,3943
3947,3944
3947,3945
3947,3946
3947,3947
3947,3948
3947,3949
3947,3950
3948,3945
3948,3946
3948,3947
3948,3948
3948,3949
3948,3950
3948,3951
3948,3952
3948,3953
3949,3945
3949,3946
3949,3947
3949,3948
3949,3949
3949,3950
3949,3951
3949,3952
3949,3953
3950,3945
3950,3946
3950,3947
3950,3948
3950,3949
3950,3950
3950,3951
3950,3952
3950,3953
3951,3948
3951,3949
3951,3950
3951,3951
3951,3952
3951,3953
3951,3954
3951,3955
3951,3956
3952,3948
3952,3949
3952,3950
3952,3951
3952,3952
3952,3953
3952,3954
3952,3955
3952,3956
3953,3948
3953,3949
3953,3950
3953,3951
3953,3952
3953,3953
3953,3954
3953,3955
3953,3956
3954,3951
3954,3952
3954,3953
3954,3954
3954,3955
3954,3956
3954,3957
3954,3958
3954,3959
3955,3951
3955,3952
3955,3953
3955,3954
3955,3955
3955,3956
3955,3957
3955,3958
3955,3959
3956,3951
3956,3952
3956,3953
3956,3954
3956,3955
3956,3956
3956,3957
3956,3958
3956,3959
3957,3954
3957,3955
3957,3956
3957,3957
3957,3958
3957,3959
3957,3960
3957,3961
3957,3962
3958,3954
3958,3955
3958,3956
3958,3957
3958,3958
3958,3959
3958,3960
3958,3961
3958,3962
3959,3954
3959,3955
3959,3956
3959,3957
3959,3958
3959,3959
3959,3960
3959,3961
3959,3962
3960,3957
3960,3958
3960,3959
3960,3960
3960,3961
3960,3962
3960,3963
3960,3964
3960,3965
3961,3957
3961,3958
3961,3959
3961,3960
3961,3961
3961,3962
3961,3963
3961,3964
3961,3965
3962,3957
3962,3958
3962,3959
3962,3960
3962,3961
3962,3962
3962,3963
3962,3964
3962,3965
3963,3960
3963,3961
3963,3962
3963,3963
3963,3964
3963,3965
3963,3966
3963,3967
3963,3968
3964,3960
3964,3961
3964,3962
3964,3963
3964,3964
3964,3965
3964,3966
3964,3967
3964,3968
3965,3960
3965,3961
3965,3962
3965,3963
3965,3964
3965,3965
3965,3966
3965,3967
3965,3968
3966,3963
3966,3964
3966,3965
3966,3966
3966,3967
3966,3968
3966,3969
3966,3970
3966,3971
3967,3963
3967,3964
3967,3965
3967,3966
3967,3967
3967,3968
3967,3969
3967,3970
3967,3971
3968,3963
3968,3964
3968,3965
3968,3966
3968,3967
3968,3968
3968,3969
3968,3970
3968,3971
3969,3966
3969,3967
3969,3968
3969,3969
3969,3970
3969,3971
3969,3972
3969,3973
3969,3974
3970,3966
3970,3967
3970,3968
3970,3969
3970,3970
3970,3971
3970,3972
3970,3973
3970,3974
3971,3966
3971,3967
3971,3968
3971,3969
3971,3970
3971,3971
3971,3972
3971,3973
3971,3974
3972,3969
3972,3970
3972,3971
3972,3972
3972,3973
3972,3974
3972,3975
3972,3976
3972,3977
3973,3969
3973,3970
3973,3971
3973,3972
3973,3973
3973,3974
3973,3975
3973,3976
3973,3977
3974,3969
3974,3970
3974,3971
3974,3972
3974,3973
3974,3974
3974,3975
3974,3976
3974,3977
3975,3972
3975,3973
3975,3974
3975,3975
3975,3976
3975,3977
3975,3978
3975,3979
3975,3980
3976,3972
3976,3973
3976,3974
3976,3975
3976,3976
3976,3977
3976,3978
3976,3979
3976,3980
3977,3972
3977,3973
3977,3974
3977,3975
3977,3976
3977,3977
3977,3978
3977,3979
3977,3980
3978,3975
3978,3976
3978,3977
3978,3978
3978,3979
3978,3980
3978,3981
3978,3982
3978,3983
3979,3975
3979,3976
3979,3977
3979,3978
3979,3979
3979,3980
3979,3981
3979,3982
3979,3983
3980,3975
3980,3976
3980,3977
3980,3978
3980,3979
3980,3980
3980,3981
3980,3982
3980,3983
3981,3978
3981,3979
3981,3980
3981,3981
3981,3982
3981,3983
3981,3984
3981,3985
3981,3986
3982,3978
3982,3979
3982,3980
3982,3981
3982,3982
3982,3983
3982,3984
3982,3985
3982,3986
3983,3978
3983,3979
3983,3980
3983,3981
3983,3982
3983,3983
3983,3984
3983,3985
3983,3986
3984,3981
3984,3982
3984,3983
3984,3984
3984,3985
3984,3986
3984,3987
3984,3988
3984,3989
3985,3981
3985,3982
3985,3983
3985,3984
3985,3985
3985,3986
3985,3987
3985,3988
3985,3989
3986,3981
3986,3982
3986,3983
3986,3984
3986,3985
3986,3986
3986,3987
3986,3988
3986,3989
3987,3984
3987,3985
3987,3986
3987,3987
3987,3988
3987,3989
3987,3990
3987,3991
3987,3992
3988,3984
3988,3985
3988,3986
3988,3987
3988,3988
3988,3989
3988,3990
3988,3991
3988,3992
3989,3984
3989,3985
3989,3986
3989,3987
3989,3988
3989,3989
3989,3990
3989,3991
3989,3992
3990,3987
3990,3988
3990,3989
3990,3990
3990,3991
3990,3992
3990,3993
3990,3994
3990,3995
3991,3987
3991,3988
3991,3989
3991,3990
3991,3991
3991,3992
3991,3993
3991,3994
3991,3995
3992,3987
3992,3988
3992,3989
3992,3990
3992,3991
3992,3992
3992,3993
3992,3994
3992,3995
3993,3990
3993,3991
3993,3992
3993,3993
3993,3994
3993,3995
3993,3996
3993,3997
3993,3998
3994,3990
3994,3991
3994,3992
3994,3993
3994,3994
3994,3995
3994,3996
3994,3997
3994,3998
3995,3990
3995,3991
3995,3992
3995,3993
3995,3994
3995,3995
3995,3996
3995,3997
3995,3998
3996,3993
3996,3994
3996,3995
3996,3996
3996,3997
3996,3998
3996,3999
3996,4000
3996,4001
3997,3993
3997,3994
3997,3995
3997,3996
3997,3997
3997,3998
3997,3999
3997,4000
3997,4001
3998,3993
3998,3994
3998,3995
3998,3996
3998,3997
3998,3998
3998,3999
3998,4000
3998,4001
3999,3996
3999,3997
3999,3998
3999,3999
3999,4000
3999,4001
3999,4002
3999,4003
3999,4004
4000,3996
4000,3997
4000,3998
4000,3999
4000,4000
4000,4001
4000,4002
4000,4003
4000,4004
4001,3996
4001,3997
4001,3998
4001,3999
4001,4000
4001,4001
4001,4002
4001,4003
4001,4004
4002,3999
4002,4000
4002,4001
4002,4002
4002,4003
4002,4004
4002,4005
4002,4006
4002,4007
4003,3999
4003,4000
4003,4001
4003,4002
4003,4003
4003,4004
4003,4005
4003,4006
4003,4007
4004,3999
4004,4000
4004,4001
4004,4002
4004,4003
4004,4004
4004,4005
4004,4006
4004,4007
4005,4002
4005,4003
4005,4004
4005,4005
4005,4006
4005,4007
4005,4008
4005,4009
4005,4010
4006,4002
4006,4003
4006,4004
4006,4005
4006,4006
4006,4007
4006,4008
4006,4009
4006,4010
4007,4002
4007,4003
4007,4004
4007,4005
4007,4006
4007,4007
4007,4008
4007,4009
4007,4010
4008,4005
4008,4006
4008,4007
4008,4008
4008,4009
4008,4010
4008,4011
4008,4012
4008,4013
4009,4005
4009,4006
4009,4007
4009,4008
4009,4009
4009,4010
4009,4011
4009,4012
4009,4013
4010,4005
4010,4006
4010,4007
4010,4008
4010,4009
4010,4010
4010,4011
4010,4012
4010,4013
4011,4008
4011,4009
4011,4010
4011,4011
4011,4012
4011,4013
4011,4014
4011,4015
4011,4016
4012,4008
4012,4009
4012,4010
4012,4011
4012,4012
4012,4013
4012,4014
4012,4015
4012,4016
4013,4008
4013,4009
4013,4010
4013,4011
4013,4012
4013,4013
4013,4014
4013,4015
4013,4016
4014,4011
4014,4012
4014,4013
4014,4014
4014,4015
4014,4016
4014,4017
4014,4018
4014,4019
4015,4011
4015,4012
4015,4013
4015,4014
4015,4015
4015,4016
4015,4017
4015,4018
4015,4019
4016,4011
4016,4012
4016,4013
4016,4014
4016,4015
4016,4016
4016,4017
4016,4018
4016,4019
4017,4014
4017,4015
4017,4016
4017,4017
4017,4018
4017,4019
4017,4020
4017,4021
4017,4022
4018,4014
4018,4015
4018,4016
4018,4017
4018,4018
4018,4019
4018,4020
4018,4021
4018,4022
4019,4014
4019,4015
4019,4016
4019,4017
4019,4018
4019,4019
4019,4020
4019,4021
4019,4022
4020,4017
4020,4018
4020,4019
4020,4020
4020,4021
4020,4022
4020,4023
4020,4024
4020,4025
4021,4017
4021,4018
4021,4019
4021,4020
4021,4021
4021,4022
4021,4023
4021,4024
4021,4025
4022,4017
4022,4018
4022,4019
4022,4020
4022,4021
4022,4022
4022,4023
4022,4024
4022,4025
4023,4020
4023,4021
4023,4022
4023,4023
4023,4024
4023,4025
4023,4026
4023,4027
4023,4028
4024,4020
4024,4021
4024,4022
4024,4023
4024,4024
4024,4025
4024,4026
4024,4027
4024,4028
4025,4020
4025,4021
4025,4022
4025,4023
4025,4024
4025,4025
4025,4026
4025,4027
4025,4028
4026,4023
4026,4024
4026,4025
4026,4026
4026,4027
4026,4028
4026,4029
4026,4030
4026,4031
4027,4023
4027,4024
4027,4025
4027,4026
4027,4027
4027,4028
4027,4029
4027,4030
4027,4031
4028,4023
4028,4024
4028,4025
4028,4026
4028,4027
4028,4028
4028,4029
4028,4030
4028,4031
4029,4026
4029,4027
4029,4028
4029,4029
4029,4030
4029,4031
4029,4032
4029,4033
4029,4034
4030,4026
4030,4027
4030,4028
4030,4029
4030,4030
4030,4031
4030,4032
4030,4033
4030,4034
4031,4026
4031,4027
4031,4028
4031,4029
4031,4030
4031,4031
4031,4032
4031,4033
4031,4034
4032,4029
4032,4030
4032,4031
4032,4032
4032,4033
4032,4034
4032,4035
4032,4036
4032,4037
4033,4029
4033,4030
4033,4031
4033,4032
4033,4033
4033,4034
4033,4035
4033,4036
4033,4037
4034,4029
4034,4030
4034,4031
4034,4032
4034,4033
4034,4034
4034,4035
4034,4036
4034,4037
4035,4032
4035,4033
4035,4034
4035,4035
4035,4036
4035,4037
4035,4038
4035,4039
4035,4040
4036,4032
4036,4033
4036,4034
4036,4035
4036,4036
4036,4037
4036,4038
4036,4039
4036,4040
4037,4032
4037,4033
4037,4034
4037,4035
4037,4036
4037,4037
4037,4038
4037,4039
4037,4040
4038,4035
4038,4036
4038,4037
4038,4038
4038,4039
4038,4040
4038,4041
4038,4042
4038,4043
4039,4035
4039,4036
4039,4037
4039,4038
4039,4039
4039,4040
4039,4041
4039,4042
4039,4043
4040,4035
4040,4036
4040,4037
4040,4038
4040,4039
4040,4040
4040,4041
4040,4042
4040,4043
4041,4038
4041,4039
4041,4040
4041,4041
4041,4042
4041,4043
4041,4044
4041,4045
4041,4046
4042,4038
4042,4039
4042,4040
4042,4041
4042,4042
4042,4043
4042,4044
4042,4045
4042,4046
4043,4038
4043,4039
4043,4040
4043,4041
4043,4042
4043,4043
4043,4044
4043,4045
4043,4046
4044,4041
4044,4042
4044,4043
4044,4044
4044,4045
4044,4046
4044,4047
4044,4048
4044,4049
4045,4041
4045,4042
4045,4043
4045,4044
4045,4045
4045,4046
4045,4047
4045,4048
4045,4049
4046,4041
4046,4042
4046,4043
4046,4044
4046,4045
4046,4046
4046,4047
4046,4048
4046,4049
4047,4044
4047,4045
4047,4046
4047,4047
4047,4048
4047,4049
4047,4050
4047,4051
4047,4052
4048,4044
4048,4045
4048,4046
4048,4047
4048,4048
4048,4049
4048,4050
4048,4051
4048,4052
4049,4044
4049,4045
4049,4046
4049,4047
4049,4048
4049,4049
4049,4050
4049,4051
4049,4052
4050,4047
4050,4048
4050,4049
4050,4050
4050,4051
4050,4052
4050,4053
4050,4054
4050,4055
4051,4047
4051,4048
4051,4049
4051,4050
4051,4051
4051,4052
4051,4053
4051,4054
4051,4055
4052,4047
4052,4048
4052,4049
4052,4050
4052,4051
4052,4052
4052,4053
4052,4054
4052,4055
4053,4050
4053,4051
4053,4052
4053,4053
4053,4054
4053,4055
4053,4056
4053,4057
4053,4058
4054,4050
4054,4051
4054,4052
4054,4053
4054,4054
4054,4055
4054,4056
4054,4057
4054,4058
4055,4050
4055,4051
4055,4052
4055,4053
4055,4054
4055,4055
4055,4056
4055,4057
4055,4058
4056,4053
4056,4054
4056,4055
4056,4056
4056,4057
4056,4058
4056,4059
4056,4060
4056,4061
4057,4053
4057,4054
4057,4055
4057,4056
4057,4057
4057,4058
4057,4059
4057,4060
4057,4061
4058,4053
4058,4054
4058,4055
4058,4056
4058,4057
4058,4058
4058,4059
4058,4060
4058,4061
4059,4056
4059,4057
4059,4058
4059,4059
4059,4060
4059,4061
4059,4062
4059,4063
4059,4064
4060,4056
4060,4057
4060,4058
4060,4059
4060,4060
4060,4061
4060,4062
4060,4063
4060,4064
4061,4056
4061,4057
4061,4058
4061,4059
4061,4060
4061,4061
4061,4062
4061,4063
4061,4064
4062,4059
4062,4060
4062,4061
4062,4062
4062,4063
4062,4064
4062,4065
4062,4066
4062,4067
4063,4059
4063,4060
4063,4061
4063,4062
4063,4063
4063,4064
4063,4065
4063,4066
4063,4067
4064,4059
4064,4060
4064,4061
4064,4062
4064,4063
4064,4064
4064,4065
4064,4066
4064,4067
4065,4062
4065,4063
4065,4064
4065,4065
4065,4066
4065,4067
4065,4068
4065,4069
4065,4070
4066,4062
4066,4063
4066,4064
4066,4065
4066,4066
4066,4067
4066,4068
4066,4069
4066,4070
4067,4062
4067,4063
4067,4064
4067,4065
4067,4066
4067,4067
4067,4068
4067,4069
4067,4070
4068,4065
4068,4066
4068,4067
4068,4068
4068,4069
4068,4070
4068,4071
4068,4072
4068,4073
4069,4065
4069,4066
4069,4067
4069,4068
4069,4069
4069,4070
4069,4071
4069,4072
4069,4073
4070,4065
4070,4066
4070,4067
4070,4068
4070,4069
4070,4070
4070,4071
4070,4072
4070,4073
4071,4068
4071,4069
4071,4070
4071,4071
4071,4072
4071,4073
4071,4074
4071,4075
4071,4076
4072,4068
4072,4069
4072,4070
4072,4071
4072,4072
4072,4073
4072,4074
4072,4075
4072,4076
4073,4068
4073,4069
4073,4070
4073,4071
4073,4072
4073,4073
4073,4074
4073,4075
4073,4076
4074,4071
4074,4072
4074,4073
4074,4074
4074,4075
4074,4076
4074,4077
4074,4078
4074,4079
4075,4071
4075,4072
4075,4073
4075,4074
4075,4075
4075,4076
4075,4077
4075,4078
4075,4079
4076,4071
4076,4072
4076,4073
4076,4074
4076,4075
4076,4076
4076,4077
4076,4078
4076,4079
4077,4074
4077,4075
4077,4076
4077,4077
4077,4078
4077,4079
4077,4080
4077,4081
4077,4082
4078,4074
4078,4075
4078,4076
4078,4077
4078,4078
4078,4079
4078,4080
4078,4081
4078,4082
4079,4074
4079,4075
4079,4076
4079,4077
4079,4078
4079,4079
4079,4080
4079,4081
4079,4082
4080,4077
4080,4078
4080,4079
4080,4080
4080,4081
4080,4082
4080,4083
4080,4084
4080,4085
4081,4077
4081,4078
4081,4079
4081,4080
4081,4081
4081,4082
4081,4083
4081,4084
4081,4085
4082,4077
4082,4078
4082,4079
4082,4080
4082,4081
4082,4082
4082,4083
4082,4084
4082,4085
4083,4080
4083,4081
4083,4082
4083,4083
4083,4084
4083,4085
4083,4086
4083,4087
4083,4088
4084,4080
4084,4081
4084,4082
4084,4083
4084,4084
4084,4085
4084,4086
4084,4087
4084,4088
4085,4080
4085,4081
4085,4082
4085,4083
4085,4084
4085,4085
4085,4086
4085,4087
4085,4088
4086,4083
4086,4084
4086,4085
4086,4086
4086,4087
4086,4088
4086,4089
4086,4090
4086,4091
4087,4083
4087,4084
4087,4085
4087,4086
4087,4087
4087,4088
4087,4089
4087,4090
4087,4091
4088,4083
4088,4084
4088,4085
4088,4086
4088,4087
4088,4088
4088,4089
4088,4090
4088,4091
4089,4086
4089,4087
4089,4088
4089,4089
4089,4090
4089,4091
4089,4092
4089,4093
4089,4094
4090,4086
4090,4087
4090,4088
4090,4089
4090,4090
4090,4091
4090,4092
4090,4093
4090,4094
4091,4086
4091,4087
4091,4088
4091,4089
4091,4090
4091,4091
4091,4092
4091,4093
4091,4094
4092,4089
4092,4090
4092,4091
4092,4092
4092,4093
4092,4094
4092,4095
4093,4089
4093,4090
4093,4091
4093,4092
4093,4093
4093,4094
4093,4095
4094,4089
4094,4090
4094,4091
4094,4092
4094,4093
4094,4094
4094,4095
4095,4092
4095,4093
4095,4094
4095,4095
