evaluation_schema_version,metric_contract,case_name,mesh,element_type,stiffness_model,kernel,nodes,elements,dofs,repeat_index,run_status,run_error,mode,numeric_backend,threads,strategy_label,assemblies_per_symbolic,symbolic_builds,symbolic_csr_ms,symbolic_plan_ms,symbolic_total_ms,symbolic_temporary_bytes,backend_prepare_ms,assembly_numeric_ms,legacy_numeric_ms_without_prepare,numeric_ms,direct_generate_ms,direct_bucket_merge_ms,direct_sort_reduce_ms,amortized_total_ms,symbolic_gain_vs_direct,serial_direct_baseline_ms,speedup_vs_serial_direct,rel_l2,max_abs,matrix_correctness_status,matrix_correctness_reference_strategy,csr_bytes,plan_bytes,symbolic_persistent_bytes,common_output_matrix_bytes,numeric_backend_extra_bytes,direct_transient_bytes,estimated_peak_bytes,delta_vs_serial_symbolic_serial_numeric_bytes,delta_vs_serial_direct_bytes,isolated_peak_rss_mb,isolated_memory_metric,isolated_memory_measurement_source,isolated_peak_working_set_mb,isolated_peak_private_bytes_mb,memory_reference_strategy,time_scope,speedup_baseline_strategy,platform,cpu_model,physical_cores,logical_cores
pgsa-basic-metrics-v1,correctness_memory_time_v1,3d-WindTurbineHub,3d-WindTurbineHub,Tet4,linear_elastic_solid,linear_elastic_solid,228384,1113684,685152,1,PASS,,symbolic_reuse_serial,cpu_serial,1,serial_symbolic_serial_numeric,1,1,2133.643606,1372.089562,3505.733168,0,0,707.879749,707.879749,707.879749,0,0,0,4213.612917,0,0,0,0,0,PASS,serial_symbolic_serial_numeric,332767012,699393556,1032160568,332767012,0,0,1364927580,0,0,3099.882812,process_ru_maxrss,resource.getrusage(RUSAGE_CHILDREN).ru_maxrss,,,direct_no_symbolic_serial,mesh_ready_to_matrix_assembled,direct_no_symbolic_serial,Linux;x86_64;GCC 13.3;OpenMP 201511,Intel(R) Core(TM) Ultra 7 265KF,20,20
pgsa-basic-metrics-v1,correctness_memory_time_v1,3d-WindTurbineHub,3d-WindTurbineHub,Tet4,linear_elastic_solid,linear_elastic_solid,228384,1113684,685152,2,PASS,,symbolic_reuse_serial,cpu_serial,1,serial_symbolic_serial_numeric,1,1,2154.344258,1373.347169,3527.691427,0,0,696.362006,696.362006,696.362006,0,0,0,4224.053433,0,0,0,0,0,PASS,serial_symbolic_serial_numeric,332767012,699393556,1032160568,332767012,0,0,1364927580,0,0,3099.957031,process_ru_maxrss,resource.getrusage(RUSAGE_CHILDREN).ru_maxrss,,,direct_no_symbolic_serial,mesh_ready_to_matrix_assembled,direct_no_symbolic_serial,Linux;x86_64;GCC 13.3;OpenMP 201511,Intel(R) Core(TM) Ultra 7 265KF,20,20
pgsa-basic-metrics-v1,correctness_memory_time_v1,3d-WindTurbineHub,3d-WindTurbineHub,Tet4,linear_elastic_solid,linear_elastic_solid,228384,1113684,685152,3,PASS,,symbolic_reuse_serial,cpu_serial,1,serial_symbolic_serial_numeric,1,1,2113.020647,1360.423019,3473.443666,0,0,687.12216,687.12216,687.12216,0,0,0,4160.565826,0,0,0,0,0,PASS,serial_symbolic_serial_numeric,332767012,699393556,1032160568,332767012,0,0,1364927580,0,0,3100.113281,process_ru_maxrss,resource.getrusage(RUSAGE_CHILDREN).ru_maxrss,,,direct_no_symbolic_serial,mesh_ready_to_matrix_assembled,direct_no_symbolic_serial,Linux;x86_64;GCC 13.3;OpenMP 201511,Intel(R) Core(TM) Ultra 7 265KF,20,20
pgsa-basic-metrics-v1,correctness_memory_time_v1,3d-WindTurbineHub,3d-WindTurbineHub,Tet4,linear_elastic_solid,linear_elastic_solid,228384,1113684,685152,1,PASS,,parallel_symbolic_reuse,cpu_atomic,1,parallel_symbolic_parallel_numeric,1,1,2071.599841,1514.493883,3586.093724,149752608,0,1244.81523,1244.81523,1244.81523,0,0,0,4830.908954,0,0,0,0,0,PASS,serial_symbolic_serial_numeric,332767012,699393556,1032160568,332767012,0,0,1514680188,149752608,0,3120.996094,process_ru_maxrss,resource.getrusage(RUSAGE_CHILDREN).ru_maxrss,,,direct_no_symbolic_serial,mesh_ready_to_matrix_assembled,direct_no_symbolic_serial,Linux;x86_64;GCC 13.3;OpenMP 201511,Intel(R) Core(TM) Ultra 7 265KF,20,20
pgsa-basic-metrics-v1,correctness_memory_time_v1,3d-WindTurbineHub,3d-WindTurbineHub,Tet4,linear_elastic_solid,linear_elastic_solid,228384,1113684,685152,2,PASS,,parallel_symbolic_reuse,cpu_atomic,1,parallel_symbolic_parallel_numeric,1,1,2052.158743,1491.503412,3543.662155,149752608,0,1224.895589,1224.895589,1224.895589,0,0,0,4768.557744,0,0,0,0,0,PASS,serial_symbolic_serial_numeric,332767012,699393556,1032160568,332767012,0,0,1514680188,149752608,0,3120.910156,process_ru_maxrss,resource.getrusage(RUSAGE_CHILDREN).ru_maxrss,,,direct_no_symbolic_serial,mesh_ready_to_matrix_assembled,direct_no_symbolic_serial,Linux;x86_64;GCC 13.3;OpenMP 201511,Intel(R) Core(TM) Ultra 7 265KF,20,20
pgsa-basic-metrics-v1,correctness_memory_time_v1,3d-WindTurbineHub,3d-WindTurbineHub,Tet4,linear_elastic_solid,linear_elastic_solid,228384,1113684,685152,3,PASS,,parallel_symbolic_reuse,cpu_atomic,1,parallel_symbolic_parallel_numeric,1,1,2056.173764,1508.562835,3564.736599,149752608,0,1211.554008,1211.554008,1211.554008,0,0,0,4776.290607,0,0,0,0,0,PASS,serial_symbolic_serial_numeric,332767012,699393556,1032160568,332767012,0,0,1514680188,149752608,0,3120.988281,process_ru_maxrss,resource.getrusage(RUSAGE_CHILDREN).ru_maxrss,,,direct_no_symbolic_serial,mesh_ready_to_matrix_assembled,direct_no_symbolic_serial,Linux;x86_64;GCC 13.3;OpenMP 201511,Intel(R) Core(TM) Ultra 7 265KF,20,20
pgsa-basic-metrics-v1,correctness_memory_time_v1,3d-WindTurbineHub,3d-WindTurbineHub,Tet4,linear_elastic_solid,linear_elastic_solid,228384,1113684,685152,1,PASS,,parallel_symbolic_reuse,cpu_private_csr,1,parallel_symbolic_parallel_numeric,1,1,2076.465266,1499.61615,3576.081416,149752608,67.00241,748.625766,748.625766,815.628176,0,0,0,4391.709592,0,0,0,0,0,PASS,serial_symbolic_serial_numeric,332767012,699393556,1032160568,332767012,220017600,0,1734697788,369770208,0,3225.683594,process_ru_maxrss,resource.getrusage(RUSAGE_CHILDREN).ru_maxrss,,,direct_no_symbolic_serial,mesh_ready_to_matrix_assembled,direct_no_symbolic_serial,Linux;x86_64;GCC 13.3;OpenMP 201511,Intel(R) Core(TM) Ultra 7 265KF,20,20
pgsa-basic-metrics-v1,correctness_memory_time_v1,3d-WindTurbineHub,3d-WindTurbineHub,Tet4,linear_elastic_solid,linear_elastic_solid,228384,1113684,685152,2,PASS,,parallel_symbolic_reuse,cpu_private_csr,1,parallel_symbolic_parallel_numeric,1,1,2053.389821,1493.084763,3546.474584,149752608,65.799635,736.255938,736.255938,802.055573,0,0,0,4348.530157,0,0,0,0,0,PASS,serial_symbolic_serial_numeric,332767012,699393556,1032160568,332767012,220017600,0,1734697788,369770208,0,3225.707031,process_ru_maxrss,resource.getrusage(RUSAGE_CHILDREN).ru_maxrss,,,direct_no_symbolic_serial,mesh_ready_to_matrix_assembled,direct_no_symbolic_serial,Linux;x86_64;GCC 13.3;OpenMP 201511,Intel(R) Core(TM) Ultra 7 265KF,20,20
pgsa-basic-metrics-v1,correctness_memory_time_v1,3d-WindTurbineHub,3d-WindTurbineHub,Tet4,linear_elastic_solid,linear_elastic_solid,228384,1113684,685152,3,PASS,,parallel_symbolic_reuse,cpu_private_csr,1,parallel_symbolic_parallel_numeric,1,1,2050.733349,1511.368341,3562.10169,149752608,66.833454,731.884304,731.884304,798.717758,0,0,0,4360.819448,0,0,0,0,0,PASS,serial_symbolic_serial_numeric,332767012,699393556,1032160568,332767012,220017600,0,1734697788,369770208,0,3225.714844,process_ru_maxrss,resource.getrusage(RUSAGE_CHILDREN).ru_maxrss,,,direct_no_symbolic_serial,mesh_ready_to_matrix_assembled,direct_no_symbolic_serial,Linux;x86_64;GCC 13.3;OpenMP 201511,Intel(R) Core(TM) Ultra 7 265KF,20,20
pgsa-basic-metrics-v1,correctness_memory_time_v1,3d-WindTurbineHub,3d-WindTurbineHub,Tet4,linear_elastic_solid,linear_elastic_solid,228384,1113684,685152,1,PASS,,parallel_symbolic_reuse,cpu_lock_guard,1,parallel_symbolic_parallel_numeric,1,1,2056.449436,1502.156528,3558.605964,149752608,415.701307,2475.16458,2475.16458,2890.865887,0,0,0,6449.471851,0,0,0,0,0,PASS,serial_symbolic_serial_numeric,332767012,699393556,1032160568,332767012,1100088000,0,2614768188,1249840608,0,4065.222656,process_ru_maxrss,resource.getrusage(RUSAGE_CHILDREN).ru_maxrss,,,direct_no_symbolic_serial,mesh_ready_to_matrix_assembled,direct_no_symbolic_serial,Linux;x86_64;GCC 13.3;OpenMP 201511,Intel(R) Core(TM) Ultra 7 265KF,20,20
pgsa-basic-metrics-v1,correctness_memory_time_v1,3d-WindTurbineHub,3d-WindTurbineHub,Tet4,linear_elastic_solid,linear_elastic_solid,228384,1113684,685152,2,PASS,,parallel_symbolic_reuse,cpu_lock_guard,1,parallel_symbolic_parallel_numeric,1,1,2050.727401,1489.860889,3540.58829,149752608,412.442818,2473.100472,2473.100472,2885.54329,0,0,0,6426.13158,0,0,0,0,0,PASS,serial_symbolic_serial_numeric,332767012,699393556,1032160568,332767012,1100088000,0,2614768188,1249840608,0,4065.089844,process_ru_maxrss,resource.getrusage(RUSAGE_CHILDREN).ru_maxrss,,,direct_no_symbolic_serial,mesh_ready_to_matrix_assembled,direct_no_symbolic_serial,Linux;x86_64;GCC 13.3;OpenMP 201511,Intel(R) Core(TM) Ultra 7 265KF,20,20
pgsa-basic-metrics-v1,correctness_memory_time_v1,3d-WindTurbineHub,3d-WindTurbineHub,Tet4,linear_elastic_solid,linear_elastic_solid,228384,1113684,685152,3,PASS,,parallel_symbolic_reuse,cpu_lock_guard,1,parallel_symbolic_parallel_numeric,1,1,2024.912435,1498.766328,3523.678763,149752608,412.921249,2453.080291,2453.080291,2866.00154,0,0,0,6389.680303,0,0,0,0,0,PASS,serial_symbolic_serial_numeric,332767012,699393556,1032160568,332767012,1100088000,0,2614768188,1249840608,0,4065.218750,process_ru_maxrss,resource.getrusage(RUSAGE_CHILDREN).ru_maxrss,,,direct_no_symbolic_serial,mesh_ready_to_matrix_assembled,direct_no_symbolic_serial,Linux;x86_64;GCC 13.3;OpenMP 201511,Intel(R) Core(TM) Ultra 7 265KF,20,20
pgsa-basic-metrics-v1,correctness_memory_time_v1,3d-WindTurbineHub,3d-WindTurbineHub,Tet4,linear_elastic_solid,linear_elastic_solid,228384,1113684,685152,1,PASS,,parallel_symbolic_reuse,cpu_graph_coloring,1,parallel_symbolic_parallel_numeric,1,1,2036.461969,1507.96691,3544.428879,149752608,199.611636,1335.212947,1335.212947,1534.824583,0,0,0,5079.253462,0,0,0,1.225939172e-16,0.0048828125,PASS,serial_symbolic_serial_numeric,332767012,699393556,1032160568,332767012,8909472,0,1523589660,158662080,0,3015.949219,process_ru_maxrss,resource.getrusage(RUSAGE_CHILDREN).ru_maxrss,,,direct_no_symbolic_serial,mesh_ready_to_matrix_assembled,direct_no_symbolic_serial,Linux;x86_64;GCC 13.3;OpenMP 201511,Intel(R) Core(TM) Ultra 7 265KF,20,20
pgsa-basic-metrics-v1,correctness_memory_time_v1,3d-WindTurbineHub,3d-WindTurbineHub,Tet4,linear_elastic_solid,linear_elastic_solid,228384,1113684,685152,2,PASS,,parallel_symbolic_reuse,cpu_graph_coloring,1,parallel_symbolic_parallel_numeric,1,1,2030.872951,1506.849705,3537.722656,149752608,199.860943,1337.755531,1337.755531,1537.616474,0,0,0,5075.33913,0,0,0,1.225939172e-16,0.0048828125,PASS,serial_symbolic_serial_numeric,332767012,699393556,1032160568,332767012,8909472,0,1523589660,158662080,0,3016.113281,process_ru_maxrss,resource.getrusage(RUSAGE_CHILDREN).ru_maxrss,,,direct_no_symbolic_serial,mesh_ready_to_matrix_assembled,direct_no_symbolic_serial,Linux;x86_64;GCC 13.3;OpenMP 201511,Intel(R) Core(TM) Ultra 7 265KF,20,20
pgsa-basic-metrics-v1,correctness_memory_time_v1,3d-WindTurbineHub,3d-WindTurbineHub,Tet4,linear_elastic_solid,linear_elastic_solid,228384,1113684,685152,3,PASS,,parallel_symbolic_reuse,cpu_graph_coloring,1,parallel_symbolic_parallel_numeric,1,1,2038.871153,1500.320152,3539.191305,149752608,198.314514,1342.061235,1342.061235,1540.375749,0,0,0,5079.567054,0,0,0,1.225939172e-16,0.0048828125,PASS,serial_symbolic_serial_numeric,332767012,699393556,1032160568,332767012,8909472,0,1523589660,158662080,0,3015.968750,process_ru_maxrss,resource.getrusage(RUSAGE_CHILDREN).ru_maxrss,,,direct_no_symbolic_serial,mesh_ready_to_matrix_assembled,direct_no_symbolic_serial,Linux;x86_64;GCC 13.3;OpenMP 201511,Intel(R) Core(TM) Ultra 7 265KF,20,20
pgsa-basic-metrics-v1,correctness_memory_time_v1,3d-WindTurbineHub,3d-WindTurbineHub,Tet4,linear_elastic_solid,linear_elastic_solid,228384,1113684,685152,1,PASS,,parallel_symbolic_reuse,cpu_row_owner,1,parallel_symbolic_parallel_numeric,1,1,2052.343732,1519.191302,3571.535034,149752608,4192.700365,820.138993,820.138993,5012.839358,0,0,0,8584.374392,0,0,0,0,0,PASS,serial_symbolic_serial_numeric,332767012,699393556,1032160568,332767012,1924445952,0,3439126140,2074198560,0,4851.328125,process_ru_maxrss,resource.getrusage(RUSAGE_CHILDREN).ru_maxrss,,,direct_no_symbolic_serial,mesh_ready_to_matrix_assembled,direct_no_symbolic_serial,Linux;x86_64;GCC 13.3;OpenMP 201511,Intel(R) Core(TM) Ultra 7 265KF,20,20
pgsa-basic-metrics-v1,correctness_memory_time_v1,3d-WindTurbineHub,3d-WindTurbineHub,Tet4,linear_elastic_solid,linear_elastic_solid,228384,1113684,685152,2,PASS,,parallel_symbolic_reuse,cpu_row_owner,1,parallel_symbolic_parallel_numeric,1,1,2052.188832,1489.560078,3541.74891,149752608,4158.325788,809.563512,809.563512,4967.8893,0,0,0,8509.63821,0,0,0,0,0,PASS,serial_symbolic_serial_numeric,332767012,699393556,1032160568,332767012,1924445952,0,3439126140,2074198560,0,4851.121094,process_ru_maxrss,resource.getrusage(RUSAGE_CHILDREN).ru_maxrss,,,direct_no_symbolic_serial,mesh_ready_to_matrix_assembled,direct_no_symbolic_serial,Linux;x86_64;GCC 13.3;OpenMP 201511,Intel(R) Core(TM) Ultra 7 265KF,20,20
pgsa-basic-metrics-v1,correctness_memory_time_v1,3d-WindTurbineHub,3d-WindTurbineHub,Tet4,linear_elastic_solid,linear_elastic_solid,228384,1113684,685152,3,PASS,,parallel_symbolic_reuse,cpu_row_owner,1,parallel_symbolic_parallel_numeric,1,1,2040.680383,1491.84581,3532.526193,149752608,4154.938553,827.396797,827.396797,4982.33535,0,0,0,8514.861543,0,0,0,0,0,PASS,serial_symbolic_serial_numeric,332767012,699393556,1032160568,332767012,1924445952,0,3439126140,2074198560,0,4851.312500,process_ru_maxrss,resource.getrusage(RUSAGE_CHILDREN).ru_maxrss,,,direct_no_symbolic_serial,mesh_ready_to_matrix_assembled,direct_no_symbolic_serial,Linux;x86_64;GCC 13.3;OpenMP 201511,Intel(R) Core(TM) Ultra 7 265KF,20,20
pgsa-basic-metrics-v1,correctness_memory_time_v1,3d-WindTurbineHub,3d-WindTurbineHub,Tet4,linear_elastic_solid,linear_elastic_solid,228384,1113684,685152,1,PASS,,parallel_symbolic_reuse,cpu_atomic,2,parallel_symbolic_parallel_numeric,1,1,1215.051796,896.754779,2111.806575,149752608,0,657.696211,657.696211,657.696211,0,0,0,2769.502786,0,0,0,8.504211025e-18,0.00390625,PASS,serial_symbolic_serial_numeric,332767012,699393556,1032160568,332767012,0,0,1514680188,149752608,0,3340.234375,process_ru_maxrss,resource.getrusage(RUSAGE_CHILDREN).ru_maxrss,,,direct_no_symbolic_serial,mesh_ready_to_matrix_assembled,direct_no_symbolic_serial,Linux;x86_64;GCC 13.3;OpenMP 201511,Intel(R) Core(TM) Ultra 7 265KF,20,20
pgsa-basic-metrics-v1,correctness_memory_time_v1,3d-WindTurbineHub,3d-WindTurbineHub,Tet4,linear_elastic_solid,linear_elastic_solid,228384,1113684,685152,2,PASS,,parallel_symbolic_reuse,cpu_atomic,2,parallel_symbolic_parallel_numeric,1,1,1227.237341,885.030021,2112.267362,149752608,0,648.652381,648.652381,648.652381,0,0,0,2760.919743,0,0,0,9.133864789e-18,0.0048828125,PASS,serial_symbolic_serial_numeric,332767012,699393556,1032160568,332767012,0,0,1514680188,149752608,0,3340.242188,process_ru_maxrss,resource.getrusage(RUSAGE_CHILDREN).ru_maxrss,,,direct_no_symbolic_serial,mesh_ready_to_matrix_assembled,direct_no_symbolic_serial,Linux;x86_64;GCC 13.3;OpenMP 201511,Intel(R) Core(TM) Ultra 7 265KF,20,20
pgsa-basic-metrics-v1,correctness_memory_time_v1,3d-WindTurbineHub,3d-WindTurbineHub,Tet4,linear_elastic_solid,linear_elastic_solid,228384,1113684,685152,3,PASS,,parallel_symbolic_reuse,cpu_atomic,2,parallel_symbolic_parallel_numeric,1,1,1240.133446,887.140148,2127.273594,149752608,0,650.008773,650.008773,650.008773,0,0,0,2777.282367,0,0,0,9.58966777e-18,0.00390625,PASS,serial_symbolic_serial_numeric,332767012,699393556,1032160568,332767012,0,0,1514680188,149752608,0,3340.257812,process_ru_maxrss,resource.getrusage(RUSAGE_CHILDREN).ru_maxrss,,,direct_no_symbolic_serial,mesh_ready_to_matrix_assembled,direct_no_symbolic_serial,Linux;x86_64;GCC 13.3;OpenMP 201511,Intel(R) Core(TM) Ultra 7 265KF,20,20
pgsa-basic-metrics-v1,correctness_memory_time_v1,3d-WindTurbineHub,3d-WindTurbineHub,Tet4,linear_elastic_solid,linear_elastic_solid,228384,1113684,685152,1,PASS,,parallel_symbolic_reuse,cpu_private_csr,2,parallel_symbolic_parallel_numeric,1,1,1231.086876,879.172235,2110.259111,149752608,131.067263,438.553568,438.553568,569.620831,0,0,0,2679.879942,0,0,0,8.361934979e-18,0.00390625,PASS,serial_symbolic_serial_numeric,332767012,699393556,1032160568,332767012,440035200,0,1954715388,589787808,0,3718.816406,process_ru_maxrss,resource.getrusage(RUSAGE_CHILDREN).ru_maxrss,,,direct_no_symbolic_serial,mesh_ready_to_matrix_assembled,direct_no_symbolic_serial,Linux;x86_64;GCC 13.3;OpenMP 201511,Intel(R) Core(TM) Ultra 7 265KF,20,20
pgsa-basic-metrics-v1,correctness_memory_time_v1,3d-WindTurbineHub,3d-WindTurbineHub,Tet4,linear_elastic_solid,linear_elastic_solid,228384,1113684,685152,2,PASS,,parallel_symbolic_reuse,cpu_private_csr,2,parallel_symbolic_parallel_numeric,1,1,1228.252148,891.649055,2119.901203,149752608,132.987521,443.172535,443.172535,576.160056,0,0,0,2696.061259,0,0,0,8.361934979e-18,0.00390625,PASS,serial_symbolic_serial_numeric,332767012,699393556,1032160568,332767012,440035200,0,1954715388,589787808,0,3718.832031,process_ru_maxrss,resource.getrusage(RUSAGE_CHILDREN).ru_maxrss,,,direct_no_symbolic_serial,mesh_ready_to_matrix_assembled,direct_no_symbolic_serial,Linux;x86_64;GCC 13.3;OpenMP 201511,Intel(R) Core(TM) Ultra 7 265KF,20,20
pgsa-basic-metrics-v1,correctness_memory_time_v1,3d-WindTurbineHub,3d-WindTurbineHub,Tet4,linear_elastic_solid,linear_elastic_solid,228384,1113684,685152,3,PASS,,parallel_symbolic_reuse,cpu_private_csr,2,parallel_symbolic_parallel_numeric,1,1,1233.62359,892.008495,2125.632085,149752608,132.382732,443.519213,443.519213,575.901945,0,0,0,2701.53403,0,0,0,8.361934979e-18,0.00390625,PASS,serial_symbolic_serial_numeric,332767012,699393556,1032160568,332767012,440035200,0,1954715388,589787808,0,3718.648438,process_ru_maxrss,resource.getrusage(RUSAGE_CHILDREN).ru_maxrss,,,direct_no_symbolic_serial,mesh_ready_to_matrix_assembled,direct_no_symbolic_serial,Linux;x86_64;GCC 13.3;OpenMP 201511,Intel(R) Core(TM) Ultra 7 265KF,20,20
pgsa-basic-metrics-v1,correctness_memory_time_v1,3d-WindTurbineHub,3d-WindTurbineHub,Tet4,linear_elastic_solid,linear_elastic_solid,228384,1113684,685152,1,PASS,,parallel_symbolic_reuse,cpu_lock_guard,2,parallel_symbolic_parallel_numeric,1,1,1221.604337,884.346139,2105.950476,149752608,415.426161,1747.57726,1747.57726,2163.003421,0,0,0,4268.953897,0,0,0,9.711933794e-18,0.00390625,PASS,serial_symbolic_serial_numeric,332767012,699393556,1032160568,332767012,1100088000,0,2614768188,1249840608,0,4348.199219,process_ru_maxrss,resource.getrusage(RUSAGE_CHILDREN).ru_maxrss,,,direct_no_symbolic_serial,mesh_ready_to_matrix_assembled,direct_no_symbolic_serial,Linux;x86_64;GCC 13.3;OpenMP 201511,Intel(R) Core(TM) Ultra 7 265KF,20,20
pgsa-basic-metrics-v1,correctness_memory_time_v1,3d-WindTurbineHub,3d-WindTurbineHub,Tet4,linear_elastic_solid,linear_elastic_solid,228384,1113684,685152,2,PASS,,parallel_symbolic_reuse,cpu_lock_guard,2,parallel_symbolic_parallel_numeric,1,1,1240.784833,881.540161,2122.324994,149752608,415.477265,1751.644208,1751.644208,2167.121473,0,0,0,4289.446467,0,0,0,8.655715946e-18,0.0048828125,PASS,serial_symbolic_serial_numeric,332767012,699393556,1032160568,332767012,1100088000,0,2614768188,1249840608,0,4348.191406,process_ru_maxrss,resource.getrusage(RUSAGE_CHILDREN).ru_maxrss,,,direct_no_symbolic_serial,mesh_ready_to_matrix_assembled,direct_no_symbolic_serial,Linux;x86_64;GCC 13.3;OpenMP 201511,Intel(R) Core(TM) Ultra 7 265KF,20,20
pgsa-basic-metrics-v1,correctness_memory_time_v1,3d-WindTurbineHub,3d-WindTurbineHub,Tet4,linear_elastic_solid,linear_elastic_solid,228384,1113684,685152,3,PASS,,parallel_symbolic_reuse,cpu_lock_guard,2,parallel_symbolic_parallel_numeric,1,1,1209.258351,887.038498,2096.296849,149752608,413.690335,1742.145656,1742.145656,2155.835991,0,0,0,4252.13284,0,0,0,8.717229398e-18,0.0048828125,PASS,serial_symbolic_serial_numeric,332767012,699393556,1032160568,332767012,1100088000,0,2614768188,1249840608,0,4348.058594,process_ru_maxrss,resource.getrusage(RUSAGE_CHILDREN).ru_maxrss,,,direct_no_symbolic_serial,mesh_ready_to_matrix_assembled,direct_no_symbolic_serial,Linux;x86_64;GCC 13.3;OpenMP 201511,Intel(R) Core(TM) Ultra 7 265KF,20,20
pgsa-basic-metrics-v1,correctness_memory_time_v1,3d-WindTurbineHub,3d-WindTurbineHub,Tet4,linear_elastic_solid,linear_elastic_solid,228384,1113684,685152,1,PASS,,parallel_symbolic_reuse,cpu_graph_coloring,2,parallel_symbolic_parallel_numeric,1,1,1242.327494,881.576251,2123.903745,149752608,197.024997,716.187725,716.187725,913.212722,0,0,0,3037.116467,0,0,0,1.225939172e-16,0.0048828125,PASS,serial_symbolic_serial_numeric,332767012,699393556,1032160568,332767012,8909472,0,1523589660,158662080,0,3273.250000,process_ru_maxrss,resource.getrusage(RUSAGE_CHILDREN).ru_maxrss,,,direct_no_symbolic_serial,mesh_ready_to_matrix_assembled,direct_no_symbolic_serial,Linux;x86_64;GCC 13.3;OpenMP 201511,Intel(R) Core(TM) Ultra 7 265KF,20,20
pgsa-basic-metrics-v1,correctness_memory_time_v1,3d-WindTurbineHub,3d-WindTurbineHub,Tet4,linear_elastic_solid,linear_elastic_solid,228384,1113684,685152,2,PASS,,parallel_symbolic_reuse,cpu_graph_coloring,2,parallel_symbolic_parallel_numeric,1,1,1211.558392,878.039701,2089.598093,149752608,200.578309,719.703668,719.703668,920.281977,0,0,0,3009.88007,0,0,0,1.225939172e-16,0.0048828125,PASS,serial_symbolic_serial_numeric,332767012,699393556,1032160568,332767012,8909472,0,1523589660,158662080,0,3273.335938,process_ru_maxrss,resource.getrusage(RUSAGE_CHILDREN).ru_maxrss,,,direct_no_symbolic_serial,mesh_ready_to_matrix_assembled,direct_no_symbolic_serial,Linux;x86_64;GCC 13.3;OpenMP 201511,Intel(R) Core(TM) Ultra 7 265KF,20,20
pgsa-basic-metrics-v1,correctness_memory_time_v1,3d-WindTurbineHub,3d-WindTurbineHub,Tet4,linear_elastic_solid,linear_elastic_solid,228384,1113684,685152,3,PASS,,parallel_symbolic_reuse,cpu_graph_coloring,2,parallel_symbolic_parallel_numeric,1,1,1227.950629,886.409798,2114.360427,149752608,200.232754,725.802624,725.802624,926.035378,0,0,0,3040.395805,0,0,0,1.225939172e-16,0.0048828125,PASS,serial_symbolic_serial_numeric,332767012,699393556,1032160568,332767012,8909472,0,1523589660,158662080,0,3273.230469,process_ru_maxrss,resource.getrusage(RUSAGE_CHILDREN).ru_maxrss,,,direct_no_symbolic_serial,mesh_ready_to_matrix_assembled,direct_no_symbolic_serial,Linux;x86_64;GCC 13.3;OpenMP 201511,Intel(R) Core(TM) Ultra 7 265KF,20,20
pgsa-basic-metrics-v1,correctness_memory_time_v1,3d-WindTurbineHub,3d-WindTurbineHub,Tet4,linear_elastic_solid,linear_elastic_solid,228384,1113684,685152,1,PASS,,parallel_symbolic_reuse,cpu_row_owner,2,parallel_symbolic_parallel_numeric,1,1,1222.346952,879.344656,2101.691608,149752608,4366.51434,465.678915,465.678915,4832.193255,0,0,0,6933.884863,0,0,0,0,0,PASS,serial_symbolic_serial_numeric,332767012,699393556,1032160568,332767012,1924445952,0,3439126140,2074198560,0,5736.941406,process_ru_maxrss,resource.getrusage(RUSAGE_CHILDREN).ru_maxrss,,,direct_no_symbolic_serial,mesh_ready_to_matrix_assembled,direct_no_symbolic_serial,Linux;x86_64;GCC 13.3;OpenMP 201511,Intel(R) Core(TM) Ultra 7 265KF,20,20
pgsa-basic-metrics-v1,correctness_memory_time_v1,3d-WindTurbineHub,3d-WindTurbineHub,Tet4,linear_elastic_solid,linear_elastic_solid,228384,1113684,685152,2,PASS,,parallel_symbolic_reuse,cpu_row_owner,2,parallel_symbolic_parallel_numeric,1,1,1214.986904,885.969755,2100.956659,149752608,4389.772858,469.586005,469.586005,4859.358863,0,0,0,6960.315522,0,0,0,0,0,PASS,serial_symbolic_serial_numeric,332767012,699393556,1032160568,332767012,1924445952,0,3439126140,2074198560,0,5736.949219,process_ru_maxrss,resource.getrusage(RUSAGE_CHILDREN).ru_maxrss,,,direct_no_symbolic_serial,mesh_ready_to_matrix_assembled,direct_no_symbolic_serial,Linux;x86_64;GCC 13.3;OpenMP 201511,Intel(R) Core(TM) Ultra 7 265KF,20,20
pgsa-basic-metrics-v1,correctness_memory_time_v1,3d-WindTurbineHub,3d-WindTurbineHub,Tet4,linear_elastic_solid,linear_elastic_solid,228384,1113684,685152,3,PASS,,parallel_symbolic_reuse,cpu_row_owner,2,parallel_symbolic_parallel_numeric,1,1,1216.201797,884.595823,2100.79762,149752608,4363.758899,477.690847,477.690847,4841.449746,0,0,0,6942.247366,0,0,0,0,0,PASS,serial_symbolic_serial_numeric,332767012,699393556,1032160568,332767012,1924445952,0,3439126140,2074198560,0,5736.683594,process_ru_maxrss,resource.getrusage(RUSAGE_CHILDREN).ru_maxrss,,,direct_no_symbolic_serial,mesh_ready_to_matrix_assembled,direct_no_symbolic_serial,Linux;x86_64;GCC 13.3;OpenMP 201511,Intel(R) Core(TM) Ultra 7 265KF,20,20
pgsa-basic-metrics-v1,correctness_memory_time_v1,3d-WindTurbineHub,3d-WindTurbineHub,Tet4,linear_elastic_solid,linear_elastic_solid,228384,1113684,685152,1,PASS,,parallel_symbolic_reuse,cpu_atomic,3,parallel_symbolic_parallel_numeric,1,1,905.120051,758.170693,1663.290744,149752608,0,463.522306,463.522306,463.522306,0,0,0,2126.81305,0,0,0,1.383697124e-17,0.005859375,PASS,serial_symbolic_serial_numeric,332767012,699393556,1032160568,332767012,0,0,1514680188,149752608,0,3478.078125,process_ru_maxrss,resource.getrusage(RUSAGE_CHILDREN).ru_maxrss,,,direct_no_symbolic_serial,mesh_ready_to_matrix_assembled,direct_no_symbolic_serial,Linux;x86_64;GCC 13.3;OpenMP 201511,Intel(R) Core(TM) Ultra 7 265KF,20,20
pgsa-basic-metrics-v1,correctness_memory_time_v1,3d-WindTurbineHub,3d-WindTurbineHub,Tet4,linear_elastic_solid,linear_elastic_solid,228384,1113684,685152,2,PASS,,parallel_symbolic_reuse,cpu_atomic,3,parallel_symbolic_parallel_numeric,1,1,921.058584,681.730379,1602.788963,149752608,0,471.956507,471.956507,471.956507,0,0,0,2074.74547,0,0,0,1.433644455e-17,0.005859375,PASS,serial_symbolic_serial_numeric,332767012,699393556,1032160568,332767012,0,0,1514680188,149752608,0,3478.183594,process_ru_maxrss,resource.getrusage(RUSAGE_CHILDREN).ru_maxrss,,,direct_no_symbolic_serial,mesh_ready_to_matrix_assembled,direct_no_symbolic_serial,Linux;x86_64;GCC 13.3;OpenMP 201511,Intel(R) Core(TM) Ultra 7 265KF,20,20
pgsa-basic-metrics-v1,correctness_memory_time_v1,3d-WindTurbineHub,3d-WindTurbineHub,Tet4,linear_elastic_solid,linear_elastic_solid,228384,1113684,685152,3,PASS,,parallel_symbolic_reuse,cpu_atomic,3,parallel_symbolic_parallel_numeric,1,1,910.619365,686.985321,1597.604686,149752608,0,460.909209,460.909209,460.909209,0,0,0,2058.513895,0,0,0,1.403818049e-17,0.005859375,PASS,serial_symbolic_serial_numeric,332767012,699393556,1032160568,332767012,0,0,1514680188,149752608,0,3478.183594,process_ru_maxrss,resource.getrusage(RUSAGE_CHILDREN).ru_maxrss,,,direct_no_symbolic_serial,mesh_ready_to_matrix_assembled,direct_no_symbolic_serial,Linux;x86_64;GCC 13.3;OpenMP 201511,Intel(R) Core(TM) Ultra 7 265KF,20,20
pgsa-basic-metrics-v1,correctness_memory_time_v1,3d-WindTurbineHub,3d-WindTurbineHub,Tet4,linear_elastic_solid,linear_elastic_solid,228384,1113684,685152,1,PASS,,parallel_symbolic_reuse,cpu_private_csr,3,parallel_symbolic_parallel_numeric,1,1,919.28108,681.195433,1600.476513,149752608,198.384207,353.578818,353.578818,551.963025,0,0,0,2152.439538,0,0,0,1.295314281e-17,0.00390625,PASS,serial_symbolic_serial_numeric,332767012,699393556,1032160568,332767012,660052800,0,2174732988,809805408,0,4066.316406,process_ru_maxrss,resource.getrusage(RUSAGE_CHILDREN).ru_maxrss,,,direct_no_symbolic_serial,mesh_ready_to_matrix_assembled,direct_no_symbolic_serial,Linux;x86_64;GCC 13.3;OpenMP 201511,Intel(R) Core(TM) Ultra 7 265KF,20,20
pgsa-basic-metrics-v1,correctness_memory_time_v1,3d-WindTurbineHub,3d-WindTurbineHub,Tet4,linear_elastic_solid,linear_elastic_solid,228384,1113684,685152,2,PASS,,parallel_symbolic_reuse,cpu_private_csr,3,parallel_symbolic_parallel_numeric,1,1,898.415689,682.736419,1581.152108,149752608,196.458768,349.894822,349.894822,546.35359,0,0,0,2127.505698,0,0,0,1.295314281e-17,0.00390625,PASS,serial_symbolic_serial_numeric,332767012,699393556,1032160568,332767012,660052800,0,2174732988,809805408,0,4066.246094,process_ru_maxrss,resource.getrusage(RUSAGE_CHILDREN).ru_maxrss,,,direct_no_symbolic_serial,mesh_ready_to_matrix_assembled,direct_no_symbolic_serial,Linux;x86_64;GCC 13.3;OpenMP 201511,Intel(R) Core(TM) Ultra 7 265KF,20,20
pgsa-basic-metrics-v1,correctness_memory_time_v1,3d-WindTurbineHub,3d-WindTurbineHub,Tet4,linear_elastic_solid,linear_elastic_solid,228384,1113684,685152,3,PASS,,parallel_symbolic_reuse,cpu_private_csr,3,parallel_symbolic_parallel_numeric,1,1,917.584126,685.971596,1603.555722,149752608,199.35751,350.471976,350.471976,549.829486,0,0,0,2153.385208,0,0,0,1.295314281e-17,0.00390625,PASS,serial_symbolic_serial_numeric,332767012,699393556,1032160568,332767012,660052800,0,2174732988,809805408,0,4066.324219,process_ru_maxrss,resource.getrusage(RUSAGE_CHILDREN).ru_maxrss,,,direct_no_symbolic_serial,mesh_ready_to_matrix_assembled,direct_no_symbolic_serial,Linux;x86_64;GCC 13.3;OpenMP 201511,Intel(R) Core(TM) Ultra 7 265KF,20,20
pgsa-basic-metrics-v1,correctness_memory_time_v1,3d-WindTurbineHub,3d-WindTurbineHub,Tet4,linear_elastic_solid,linear_elastic_solid,228384,1113684,685152,1,PASS,,parallel_symbolic_reuse,cpu_lock_guard,3,parallel_symbolic_parallel_numeric,1,1,903.351396,682.534463,1585.885859,149752608,412.32822,1284.38908,1284.38908,1696.7173,0,0,0,3282.603159,0,0,0,1.396430544e-17,0.005859375,PASS,serial_symbolic_serial_numeric,332767012,699393556,1032160568,332767012,1100088000,0,2614768188,1249840608,0,4485.894531,process_ru_maxrss,resource.getrusage(RUSAGE_CHILDREN).ru_maxrss,,,direct_no_symbolic_serial,mesh_ready_to_matrix_assembled,direct_no_symbolic_serial,Linux;x86_64;GCC 13.3;OpenMP 201511,Intel(R) Core(TM) Ultra 7 265KF,20,20
pgsa-basic-metrics-v1,correctness_memory_time_v1,3d-WindTurbineHub,3d-WindTurbineHub,Tet4,linear_elastic_solid,linear_elastic_solid,228384,1113684,685152,2,PASS,,parallel_symbolic_reuse,cpu_lock_guard,3,parallel_symbolic_parallel_numeric,1,1,917.469754,685.538114,1603.007868,149752608,413.973275,1279.0272,1279.0272,1693.000475,0,0,0,3296.008343,0,0,0,1.400056785e-17,0.005859375,PASS,serial_symbolic_serial_numeric,332767012,699393556,1032160568,332767012,1100088000,0,2614768188,1249840608,0,4486.003906,process_ru_maxrss,resource.getrusage(RUSAGE_CHILDREN).ru_maxrss,,,direct_no_symbolic_serial,mesh_ready_to_matrix_assembled,direct_no_symbolic_serial,Linux;x86_64;GCC 13.3;OpenMP 201511,Intel(R) Core(TM) Ultra 7 265KF,20,20
pgsa-basic-metrics-v1,correctness_memory_time_v1,3d-WindTurbineHub,3d-WindTurbineHub,Tet4,linear_elastic_solid,linear_elastic_solid,228384,1113684,685152,3,PASS,,parallel_symbolic_reuse,cpu_lock_guard,3,parallel_symbolic_parallel_numeric,1,1,919.273919,685.843475,1605.117394,149752608,414.463161,1278.220418,1278.220418,1692.683579,0,0,0,3297.800973,0,0,0,1.395847927e-17,0.005859375,PASS,serial_symbolic_serial_numeric,332767012,699393556,1032160568,332767012,1100088000,0,2614768188,1249840608,0,4485.839844,process_ru_maxrss,resource.getrusage(RUSAGE_CHILDREN).ru_maxrss,,,direct_no_symbolic_serial,mesh_ready_to_matrix_assembled,direct_no_symbolic_serial,Linux;x86_64;GCC 13.3;OpenMP 201511,Intel(R) Core(TM) Ultra 7 265KF,20,20
pgsa-basic-metrics-v1,correctness_memory_time_v1,3d-WindTurbineHub,3d-WindTurbineHub,Tet4,linear_elastic_solid,linear_elastic_solid,228384,1113684,685152,1,PASS,,parallel_symbolic_reuse,cpu_graph_coloring,3,parallel_symbolic_parallel_numeric,1,1,906.765189,683.989106,1590.754295,149752608,200.201725,544.312262,544.312262,744.513987,0,0,0,2335.268282,0,0,0,1.225939172e-16,0.0048828125,PASS,serial_symbolic_serial_numeric,332767012,699393556,1032160568,332767012,8909472,0,1523589660,158662080,0,3411.230469,process_ru_maxrss,resource.getrusage(RUSAGE_CHILDREN).ru_maxrss,,,direct_no_symbolic_serial,mesh_ready_to_matrix_assembled,direct_no_symbolic_serial,Linux;x86_64;GCC 13.3;OpenMP 201511,Intel(R) Core(TM) Ultra 7 265KF,20,20
pgsa-basic-metrics-v1,correctness_memory_time_v1,3d-WindTurbineHub,3d-WindTurbineHub,Tet4,linear_elastic_solid,linear_elastic_solid,228384,1113684,685152,2,PASS,,parallel_symbolic_reuse,cpu_graph_coloring,3,parallel_symbolic_parallel_numeric,1,1,951.535897,686.528591,1638.064488,149752608,197.25701,549.199651,549.199651,746.456661,0,0,0,2384.521149,0,0,0,1.225939172e-16,0.0048828125,PASS,serial_symbolic_serial_numeric,332767012,699393556,1032160568,332767012,8909472,0,1523589660,158662080,0,3411.210938,process_ru_maxrss,resource.getrusage(RUSAGE_CHILDREN).ru_maxrss,,,direct_no_symbolic_serial,mesh_ready_to_matrix_assembled,direct_no_symbolic_serial,Linux;x86_64;GCC 13.3;OpenMP 201511,Intel(R) Core(TM) Ultra 7 265KF,20,20
pgsa-basic-metrics-v1,correctness_memory_time_v1,3d-WindTurbineHub,3d-WindTurbineHub,Tet4,linear_elastic_solid,linear_elastic_solid,228384,1113684,685152,3,PASS,,parallel_symbolic_reuse,cpu_graph_coloring,3,parallel_symbolic_parallel_numeric,1,1,910.997379,688.458125,1599.455504,149752608,201.56836,543.015924,543.015924,744.584284,0,0,0,2344.039788,0,0,0,1.225939172e-16,0.0048828125,PASS,serial_symbolic_serial_numeric,332767012,699393556,1032160568,332767012,8909472,0,1523589660,158662080,0,3411.269531,process_ru_maxrss,resource.getrusage(RUSAGE_CHILDREN).ru_maxrss,,,direct_no_symbolic_serial,mesh_ready_to_matrix_assembled,direct_no_symbolic_serial,Linux;x86_64;GCC 13.3;OpenMP 201511,Intel(R) Core(TM) Ultra 7 265KF,20,20
pgsa-basic-metrics-v1,correctness_memory_time_v1,3d-WindTurbineHub,3d-WindTurbineHub,Tet4,linear_elastic_solid,linear_elastic_solid,228384,1113684,685152,1,PASS,,parallel_symbolic_reuse,cpu_row_owner,3,parallel_symbolic_parallel_numeric,1,1,900.117532,686.853515,1586.971047,149752608,4052.954599,351.013531,351.013531,4403.96813,0,0,0,5990.939177,0,0,0,0,0,PASS,serial_symbolic_serial_numeric,332767012,699393556,1032160568,332767012,1924445952,0,3439126140,2074198560,0,5568.359375,process_ru_maxrss,resource.getrusage(RUSAGE_CHILDREN).ru_maxrss,,,direct_no_symbolic_serial,mesh_ready_to_matrix_assembled,direct_no_symbolic_serial,Linux;x86_64;GCC 13.3;OpenMP 201511,Intel(R) Core(TM) Ultra 7 265KF,20,20
pgsa-basic-metrics-v1,correctness_memory_time_v1,3d-WindTurbineHub,3d-WindTurbineHub,Tet4,linear_elastic_solid,linear_elastic_solid,228384,1113684,685152,2,PASS,,parallel_symbolic_reuse,cpu_row_owner,3,parallel_symbolic_parallel_numeric,1,1,904.268912,683.731889,1588.000801,149752608,4078.029587,371.063557,371.063557,4449.093144,0,0,0,6037.093945,0,0,0,0,0,PASS,serial_symbolic_serial_numeric,332767012,699393556,1032160568,332767012,1924445952,0,3439126140,2074198560,0,5568.242188,process_ru_maxrss,resource.getrusage(RUSAGE_CHILDREN).ru_maxrss,,,direct_no_symbolic_serial,mesh_ready_to_matrix_assembled,direct_no_symbolic_serial,Linux;x86_64;GCC 13.3;OpenMP 201511,Intel(R) Core(TM) Ultra 7 265KF,20,20
pgsa-basic-metrics-v1,correctness_memory_time_v1,3d-WindTurbineHub,3d-WindTurbineHub,Tet4,linear_elastic_solid,linear_elastic_solid,228384,1113684,685152,3,PASS,,parallel_symbolic_reuse,cpu_row_owner,3,parallel_symbolic_parallel_numeric,1,1,896.170054,682.553766,1578.72382,149752608,4076.217882,351.352323,351.352323,4427.570205,0,0,0,6006.294025,0,0,0,0,0,PASS,serial_symbolic_serial_numeric,332767012,699393556,1032160568,332767012,1924445952,0,3439126140,2074198560,0,5568.281250,process_ru_maxrss,resource.getrusage(RUSAGE_CHILDREN).ru_maxrss,,,direct_no_symbolic_serial,mesh_ready_to_matrix_assembled,direct_no_symbolic_serial,Linux;x86_64;GCC 13.3;OpenMP 201511,Intel(R) Core(TM) Ultra 7 265KF,20,20
pgsa-basic-metrics-v1,correctness_memory_time_v1,3d-WindTurbineHub,3d-WindTurbineHub,Tet4,linear_elastic_solid,linear_elastic_solid,228384,1113684,685152,1,PASS,,parallel_symbolic_reuse,cpu_atomic,4,parallel_symbolic_parallel_numeric,1,1,750.22613,580.651682,1330.877812,149752608,0,359.237153,359.237153,359.237153,0,0,0,1690.114965,0,0,0,1.742210608e-17,0.005859375,PASS,serial_symbolic_serial_numeric,332767012,699393556,1032160568,332767012,0,0,1514680188,149752608,0,3442.238281,process_ru_maxrss,resource.getrusage(RUSAGE_CHILDREN).ru_maxrss,,,direct_no_symbolic_serial,mesh_ready_to_matrix_assembled,direct_no_symbolic_serial,Linux;x86_64;GCC 13.3;OpenMP 201511,Intel(R) Core(TM) Ultra 7 265KF,20,20
pgsa-basic-metrics-v1,correctness_memory_time_v1,3d-WindTurbineHub,3d-WindTurbineHub,Tet4,linear_elastic_solid,linear_elastic_solid,228384,1113684,685152,2,PASS,,parallel_symbolic_reuse,cpu_atomic,4,parallel_symbolic_parallel_numeric,1,1,730.466463,580.902283,1311.368746,149752608,0,358.692257,358.692257,358.692257,0,0,0,1670.061003,0,0,0,1.713050141e-17,0.005859375,PASS,serial_symbolic_serial_numeric,332767012,699393556,1032160568,332767012,0,0,1514680188,149752608,0,3442.421875,process_ru_maxrss,resource.getrusage(RUSAGE_CHILDREN).ru_maxrss,,,direct_no_symbolic_serial,mesh_ready_to_matrix_assembled,direct_no_symbolic_serial,Linux;x86_64;GCC 13.3;OpenMP 201511,Intel(R) Core(TM) Ultra 7 265KF,20,20
pgsa-basic-metrics-v1,correctness_memory_time_v1,3d-WindTurbineHub,3d-WindTurbineHub,Tet4,linear_elastic_solid,linear_elastic_solid,228384,1113684,685152,3,PASS,,parallel_symbolic_reuse,cpu_atomic,4,parallel_symbolic_parallel_numeric,1,1,742.939919,582.931835,1325.871754,149752608,0,358.551769,358.551769,358.551769,0,0,0,1684.423523,0,0,0,1.73937983e-17,0.005859375,PASS,serial_symbolic_serial_numeric,332767012,699393556,1032160568,332767012,0,0,1514680188,149752608,0,3442.382812,process_ru_maxrss,resource.getrusage(RUSAGE_CHILDREN).ru_maxrss,,,direct_no_symbolic_serial,mesh_ready_to_matrix_assembled,direct_no_symbolic_serial,Linux;x86_64;GCC 13.3;OpenMP 201511,Intel(R) Core(TM) Ultra 7 265KF,20,20
pgsa-basic-metrics-v1,correctness_memory_time_v1,3d-WindTurbineHub,3d-WindTurbineHub,Tet4,linear_elastic_solid,linear_elastic_solid,228384,1113684,685152,1,PASS,,parallel_symbolic_reuse,cpu_private_csr,4,parallel_symbolic_parallel_numeric,1,1,728.600452,583.969639,1312.570091,149752608,263.694775,307.204446,307.204446,570.899221,0,0,0,1883.469312,0,0,0,1.596975678e-17,0.005859375,PASS,serial_symbolic_serial_numeric,332767012,699393556,1032160568,332767012,880070400,0,2394750588,1029823008,0,4345.292969,process_ru_maxrss,resource.getrusage(RUSAGE_CHILDREN).ru_maxrss,,,direct_no_symbolic_serial,mesh_ready_to_matrix_assembled,direct_no_symbolic_serial,Linux;x86_64;GCC 13.3;OpenMP 201511,Intel(R) Core(TM) Ultra 7 265KF,20,20
pgsa-basic-metrics-v1,correctness_memory_time_v1,3d-WindTurbineHub,3d-WindTurbineHub,Tet4,linear_elastic_solid,linear_elastic_solid,228384,1113684,685152,2,PASS,,parallel_symbolic_reuse,cpu_private_csr,4,parallel_symbolic_parallel_numeric,1,1,746.64868,580.813641,1327.462321,149752608,265.415124,308.003078,308.003078,573.418202,0,0,0,1900.880523,0,0,0,1.596975678e-17,0.005859375,PASS,serial_symbolic_serial_numeric,332767012,699393556,1032160568,332767012,880070400,0,2394750588,1029823008,0,4345.238281,process_ru_maxrss,resource.getrusage(RUSAGE_CHILDREN).ru_maxrss,,,direct_no_symbolic_serial,mesh_ready_to_matrix_assembled,direct_no_symbolic_serial,Linux;x86_64;GCC 13.3;OpenMP 201511,Intel(R) Core(TM) Ultra 7 265KF,20,20
pgsa-basic-metrics-v1,correctness_memory_time_v1,3d-WindTurbineHub,3d-WindTurbineHub,Tet4,linear_elastic_solid,linear_elastic_solid,228384,1113684,685152,3,PASS,,parallel_symbolic_reuse,cpu_private_csr,4,parallel_symbolic_parallel_numeric,1,1,751.085444,582.562855,1333.648299,149752608,264.756988,308.598686,308.598686,573.355674,0,0,0,1907.003973,0,0,0,1.596975678e-17,0.005859375,PASS,serial_symbolic_serial_numeric,332767012,699393556,1032160568,332767012,880070400,0,2394750588,1029823008,0,4345.273438,process_ru_maxrss,resource.getrusage(RUSAGE_CHILDREN).ru_maxrss,,,direct_no_symbolic_serial,mesh_ready_to_matrix_assembled,direct_no_symbolic_serial,Linux;x86_64;GCC 13.3;OpenMP 201511,Intel(R) Core(TM) Ultra 7 265KF,20,20
pgsa-basic-metrics-v1,correctness_memory_time_v1,3d-WindTurbineHub,3d-WindTurbineHub,Tet4,linear_elastic_solid,linear_elastic_solid,228384,1113684,685152,1,PASS,,parallel_symbolic_reuse,cpu_lock_guard,4,parallel_symbolic_parallel_numeric,1,1,728.762471,582.195312,1310.957783,149752608,411.39174,1044.961542,1044.961542,1456.353282,0,0,0,2767.311065,0,0,0,1.706272386e-17,0.005859375,PASS,serial_symbolic_serial_numeric,332767012,699393556,1032160568,332767012,1100088000,0,2614768188,1249840608,0,4555.144531,process_ru_maxrss,resource.getrusage(RUSAGE_CHILDREN).ru_maxrss,,,direct_no_symbolic_serial,mesh_ready_to_matrix_assembled,direct_no_symbolic_serial,Linux;x86_64;GCC 13.3;OpenMP 201511,Intel(R) Core(TM) Ultra 7 265KF,20,20
pgsa-basic-metrics-v1,correctness_memory_time_v1,3d-WindTurbineHub,3d-WindTurbineHub,Tet4,linear_elastic_solid,linear_elastic_solid,228384,1113684,685152,2,PASS,,parallel_symbolic_reuse,cpu_lock_guard,4,parallel_symbolic_parallel_numeric,1,1,734.359763,585.11257,1319.472333,149752608,420.451925,1044.609191,1044.609191,1465.061116,0,0,0,2784.533449,0,0,0,1.706129265e-17,0.005859375,PASS,serial_symbolic_serial_numeric,332767012,699393556,1032160568,332767012,1100088000,0,2614768188,1249840608,0,4555.070312,process_ru_maxrss,resource.getrusage(RUSAGE_CHILDREN).ru_maxrss,,,direct_no_symbolic_serial,mesh_ready_to_matrix_assembled,direct_no_symbolic_serial,Linux;x86_64;GCC 13.3;OpenMP 201511,Intel(R) Core(TM) Ultra 7 265KF,20,20
pgsa-basic-metrics-v1,correctness_memory_time_v1,3d-WindTurbineHub,3d-WindTurbineHub,Tet4,linear_elastic_solid,linear_elastic_solid,228384,1113684,685152,3,PASS,,parallel_symbolic_reuse,cpu_lock_guard,4,parallel_symbolic_parallel_numeric,1,1,737.788397,580.249304,1318.037701,149752608,416.44212,1047.83101,1047.83101,1464.27313,0,0,0,2782.310831,0,0,0,1.710012109e-17,0.005859375,PASS,serial_symbolic_serial_numeric,332767012,699393556,1032160568,332767012,1100088000,0,2614768188,1249840608,0,4555.101562,process_ru_maxrss,resource.getrusage(RUSAGE_CHILDREN).ru_maxrss,,,direct_no_symbolic_serial,mesh_ready_to_matrix_assembled,direct_no_symbolic_serial,Linux;x86_64;GCC 13.3;OpenMP 201511,Intel(R) Core(TM) Ultra 7 265KF,20,20
pgsa-basic-metrics-v1,correctness_memory_time_v1,3d-WindTurbineHub,3d-WindTurbineHub,Tet4,linear_elastic_solid,linear_elastic_solid,228384,1113684,685152,1,PASS,,parallel_symbolic_reuse,cpu_graph_coloring,4,parallel_symbolic_parallel_numeric,1,1,740.920223,581.958611,1322.878834,149752608,197.898318,432.626103,432.626103,630.524421,0,0,0,1953.403255,0,0,0,1.225939172e-16,0.0048828125,PASS,serial_symbolic_serial_numeric,332767012,699393556,1032160568,332767012,8909472,0,1523589660,158662080,0,3480.300781,process_ru_maxrss,resource.getrusage(RUSAGE_CHILDREN).ru_maxrss,,,direct_no_symbolic_serial,mesh_ready_to_matrix_assembled,direct_no_symbolic_serial,Linux;x86_64;GCC 13.3;OpenMP 201511,Intel(R) Core(TM) Ultra 7 265KF,20,20
pgsa-basic-metrics-v1,correctness_memory_time_v1,3d-WindTurbineHub,3d-WindTurbineHub,Tet4,linear_elastic_solid,linear_elastic_solid,228384,1113684,685152,2,PASS,,parallel_symbolic_reuse,cpu_graph_coloring,4,parallel_symbolic_parallel_numeric,1,1,740.476206,589.381827,1329.858033,149752608,197.496343,432.433209,432.433209,629.929552,0,0,0,1959.787585,0,0,0,1.225939172e-16,0.0048828125,PASS,serial_symbolic_serial_numeric,332767012,699393556,1032160568,332767012,8909472,0,1523589660,158662080,0,3480.386719,process_ru_maxrss,resource.getrusage(RUSAGE_CHILDREN).ru_maxrss,,,direct_no_symbolic_serial,mesh_ready_to_matrix_assembled,direct_no_symbolic_serial,Linux;x86_64;GCC 13.3;OpenMP 201511,Intel(R) Core(TM) Ultra 7 265KF,20,20
pgsa-basic-metrics-v1,correctness_memory_time_v1,3d-WindTurbineHub,3d-WindTurbineHub,Tet4,linear_elastic_solid,linear_elastic_solid,228384,1113684,685152,3,PASS,,parallel_symbolic_reuse,cpu_graph_coloring,4,parallel_symbolic_parallel_numeric,1,1,728.366331,577.444075,1305.810406,149752608,197.728397,429.865552,429.865552,627.593949,0,0,0,1933.404355,0,0,0,1.225939172e-16,0.0048828125,PASS,serial_symbolic_serial_numeric,332767012,699393556,1032160568,332767012,8909472,0,1523589660,158662080,0,3480.289062,process_ru_maxrss,resource.getrusage(RUSAGE_CHILDREN).ru_maxrss,,,direct_no_symbolic_serial,mesh_ready_to_matrix_assembled,direct_no_symbolic_serial,Linux;x86_64;GCC 13.3;OpenMP 201511,Intel(R) Core(TM) Ultra 7 265KF,20,20
pgsa-basic-metrics-v1,correctness_memory_time_v1,3d-WindTurbineHub,3d-WindTurbineHub,Tet4,linear_elastic_solid,linear_elastic_solid,228384,1113684,685152,1,PASS,,parallel_symbolic_reuse,cpu_row_owner,4,parallel_symbolic_parallel_numeric,1,1,734.036452,584.889902,1318.926354,149752608,4275.413201,284.782595,284.782595,4560.195796,0,0,0,5879.12215,0,0,0,0,0,PASS,serial_symbolic_serial_numeric,332767012,699393556,1032160568,332767012,1924445952,0,3439126140,2074198560,0,5484.652344,process_ru_maxrss,resource.getrusage(RUSAGE_CHILDREN).ru_maxrss,,,direct_no_symbolic_serial,mesh_ready_to_matrix_assembled,direct_no_symbolic_serial,Linux;x86_64;GCC 13.3;OpenMP 201511,Intel(R) Core(TM) Ultra 7 265KF,20,20
pgsa-basic-metrics-v1,correctness_memory_time_v1,3d-WindTurbineHub,3d-WindTurbineHub,Tet4,linear_elastic_solid,linear_elastic_solid,228384,1113684,685152,2,PASS,,parallel_symbolic_reuse,cpu_row_owner,4,parallel_symbolic_parallel_numeric,1,1,732.277233,580.775156,1313.052389,149752608,4234.897195,284.653381,284.653381,4519.550576,0,0,0,5832.602965,0,0,0,0,0,PASS,serial_symbolic_serial_numeric,332767012,699393556,1032160568,332767012,1924445952,0,3439126140,2074198560,0,5484.660156,process_ru_maxrss,resource.getrusage(RUSAGE_CHILDREN).ru_maxrss,,,direct_no_symbolic_serial,mesh_ready_to_matrix_assembled,direct_no_symbolic_serial,Linux;x86_64;GCC 13.3;OpenMP 201511,Intel(R) Core(TM) Ultra 7 265KF,20,20
pgsa-basic-metrics-v1,correctness_memory_time_v1,3d-WindTurbineHub,3d-WindTurbineHub,Tet4,linear_elastic_solid,linear_elastic_solid,228384,1113684,685152,3,PASS,,parallel_symbolic_reuse,cpu_row_owner,4,parallel_symbolic_parallel_numeric,1,1,727.605908,578.895273,1306.501181,149752608,4252.111631,284.028862,284.028862,4536.140493,0,0,0,5842.641674,0,0,0,0,0,PASS,serial_symbolic_serial_numeric,332767012,699393556,1032160568,332767012,1924445952,0,3439126140,2074198560,0,5484.804688,process_ru_maxrss,resource.getrusage(RUSAGE_CHILDREN).ru_maxrss,,,direct_no_symbolic_serial,mesh_ready_to_matrix_assembled,direct_no_symbolic_serial,Linux;x86_64;GCC 13.3;OpenMP 201511,Intel(R) Core(TM) Ultra 7 265KF,20,20
pgsa-basic-metrics-v1,correctness_memory_time_v1,3d-WindTurbineHub,3d-WindTurbineHub,Tet4,linear_elastic_solid,linear_elastic_solid,228384,1113684,685152,1,PASS,,parallel_symbolic_reuse,cpu_atomic,5,parallel_symbolic_parallel_numeric,1,1,647.459832,518.629467,1166.089299,149752608,0,298.064359,298.064359,298.064359,0,0,0,1464.153658,0,0,0,9.155443732e-17,0.005859375,PASS,serial_symbolic_serial_numeric,332767012,699393556,1032160568,332767012,0,0,1514680188,149752608,0,3488.027344,process_ru_maxrss,resource.getrusage(RUSAGE_CHILDREN).ru_maxrss,,,direct_no_symbolic_serial,mesh_ready_to_matrix_assembled,direct_no_symbolic_serial,Linux;x86_64;GCC 13.3;OpenMP 201511,Intel(R) Core(TM) Ultra 7 265KF,20,20
pgsa-basic-metrics-v1,correctness_memory_time_v1,3d-WindTurbineHub,3d-WindTurbineHub,Tet4,linear_elastic_solid,linear_elastic_solid,228384,1113684,685152,2,PASS,,parallel_symbolic_reuse,cpu_atomic,5,parallel_symbolic_parallel_numeric,1,1,669.724537,522.25465,1191.979187,149752608,0,295.648036,295.648036,295.648036,0,0,0,1487.627223,0,0,0,9.155266565e-17,0.005859375,PASS,serial_symbolic_serial_numeric,332767012,699393556,1032160568,332767012,0,0,1514680188,149752608,0,3487.890625,process_ru_maxrss,resource.getrusage(RUSAGE_CHILDREN).ru_maxrss,,,direct_no_symbolic_serial,mesh_ready_to_matrix_assembled,direct_no_symbolic_serial,Linux;x86_64;GCC 13.3;OpenMP 201511,Intel(R) Core(TM) Ultra 7 265KF,20,20
pgsa-basic-metrics-v1,correctness_memory_time_v1,3d-WindTurbineHub,3d-WindTurbineHub,Tet4,linear_elastic_solid,linear_elastic_solid,228384,1113684,685152,3,PASS,,parallel_symbolic_reuse,cpu_atomic,5,parallel_symbolic_parallel_numeric,1,1,653.841814,523.055073,1176.896887,149752608,0,297.736195,297.736195,297.736195,0,0,0,1474.633082,0,0,0,9.155307527e-17,0.005859375,PASS,serial_symbolic_serial_numeric,332767012,699393556,1032160568,332767012,0,0,1514680188,149752608,0,3487.964844,process_ru_maxrss,resource.getrusage(RUSAGE_CHILDREN).ru_maxrss,,,direct_no_symbolic_serial,mesh_ready_to_matrix_assembled,direct_no_symbolic_serial,Linux;x86_64;GCC 13.3;OpenMP 201511,Intel(R) Core(TM) Ultra 7 265KF,20,20
pgsa-basic-metrics-v1,correctness_memory_time_v1,3d-WindTurbineHub,3d-WindTurbineHub,Tet4,linear_elastic_solid,linear_elastic_solid,228384,1113684,685152,1,PASS,,parallel_symbolic_reuse,cpu_private_csr,5,parallel_symbolic_parallel_numeric,1,1,644.287086,520.444515,1164.731601,149752608,332.201628,285.646872,285.646872,617.8485,0,0,0,1782.580101,0,0,0,6.920675397e-17,0.005859375,PASS,serial_symbolic_serial_numeric,332767012,699393556,1032160568,332767012,1100088000,0,2614768188,1249840608,0,4600.738281,process_ru_maxrss,resource.getrusage(RUSAGE_CHILDREN).ru_maxrss,,,direct_no_symbolic_serial,mesh_ready_to_matrix_assembled,direct_no_symbolic_serial,Linux;x86_64;GCC 13.3;OpenMP 201511,Intel(R) Core(TM) Ultra 7 265KF,20,20
pgsa-basic-metrics-v1,correctness_memory_time_v1,3d-WindTurbineHub,3d-WindTurbineHub,Tet4,linear_elastic_solid,linear_elastic_solid,228384,1113684,685152,2,PASS,,parallel_symbolic_reuse,cpu_private_csr,5,parallel_symbolic_parallel_numeric,1,1,647.850865,520.764077,1168.614942,149752608,330.318765,282.833292,282.833292,613.152057,0,0,0,1781.766999,0,0,0,6.920675397e-17,0.005859375,PASS,serial_symbolic_serial_numeric,332767012,699393556,1032160568,332767012,1100088000,0,2614768188,1249840608,0,4600.738281,process_ru_maxrss,resource.getrusage(RUSAGE_CHILDREN).ru_maxrss,,,direct_no_symbolic_serial,mesh_ready_to_matrix_assembled,direct_no_symbolic_serial,Linux;x86_64;GCC 13.3;OpenMP 201511,Intel(R) Core(TM) Ultra 7 265KF,20,20
pgsa-basic-metrics-v1,correctness_memory_time_v1,3d-WindTurbineHub,3d-WindTurbineHub,Tet4,linear_elastic_solid,linear_elastic_solid,228384,1113684,685152,3,PASS,,parallel_symbolic_reuse,cpu_private_csr,5,parallel_symbolic_parallel_numeric,1,1,649.843489,524.632603,1174.476092,149752608,332.150201,285.490149,285.490149,617.64035,0,0,0,1792.116442,0,0,0,6.920675397e-17,0.005859375,PASS,serial_symbolic_serial_numeric,332767012,699393556,1032160568,332767012,1100088000,0,2614768188,1249840608,0,4600.886719,process_ru_maxrss,resource.getrusage(RUSAGE_CHILDREN).ru_maxrss,,,direct_no_symbolic_serial,mesh_ready_to_matrix_assembled,direct_no_symbolic_serial,Linux;x86_64;GCC 13.3;OpenMP 201511,Intel(R) Core(TM) Ultra 7 265KF,20,20
pgsa-basic-metrics-v1,correctness_memory_time_v1,3d-WindTurbineHub,3d-WindTurbineHub,Tet4,linear_elastic_solid,linear_elastic_solid,228384,1113684,685152,1,PASS,,parallel_symbolic_reuse,cpu_lock_guard,5,parallel_symbolic_parallel_numeric,1,1,650.107628,518.684677,1168.792305,149752608,415.550816,910.332035,910.332035,1325.882851,0,0,0,2494.675156,0,0,0,9.15564877e-17,0.005859375,PASS,serial_symbolic_serial_numeric,332767012,699393556,1032160568,332767012,1100088000,0,2614768188,1249840608,0,4600.847656,process_ru_maxrss,resource.getrusage(RUSAGE_CHILDREN).ru_maxrss,,,direct_no_symbolic_serial,mesh_ready_to_matrix_assembled,direct_no_symbolic_serial,Linux;x86_64;GCC 13.3;OpenMP 201511,Intel(R) Core(TM) Ultra 7 265KF,20,20
pgsa-basic-metrics-v1,correctness_memory_time_v1,3d-WindTurbineHub,3d-WindTurbineHub,Tet4,linear_elastic_solid,linear_elastic_solid,228384,1113684,685152,2,PASS,,parallel_symbolic_reuse,cpu_lock_guard,5,parallel_symbolic_parallel_numeric,1,1,654.376598,519.952547,1174.329145,149752608,417.469851,910.289976,910.289976,1327.759827,0,0,0,2502.088972,0,0,0,9.155973001e-17,0.005859375,PASS,serial_symbolic_serial_numeric,332767012,699393556,1032160568,332767012,1100088000,0,2614768188,1249840608,0,4600.679688,process_ru_maxrss,resource.getrusage(RUSAGE_CHILDREN).ru_maxrss,,,direct_no_symbolic_serial,mesh_ready_to_matrix_assembled,direct_no_symbolic_serial,Linux;x86_64;GCC 13.3;OpenMP 201511,Intel(R) Core(TM) Ultra 7 265KF,20,20
pgsa-basic-metrics-v1,correctness_memory_time_v1,3d-WindTurbineHub,3d-WindTurbineHub,Tet4,linear_elastic_solid,linear_elastic_solid,228384,1113684,685152,3,PASS,,parallel_symbolic_reuse,cpu_lock_guard,5,parallel_symbolic_parallel_numeric,1,1,642.944954,518.460854,1161.405808,149752608,414.799033,911.122866,911.122866,1325.921899,0,0,0,2487.327707,0,0,0,9.15556279e-17,0.005859375,PASS,serial_symbolic_serial_numeric,332767012,699393556,1032160568,332767012,1100088000,0,2614768188,1249840608,0,4600.703125,process_ru_maxrss,resource.getrusage(RUSAGE_CHILDREN).ru_maxrss,,,direct_no_symbolic_serial,mesh_ready_to_matrix_assembled,direct_no_symbolic_serial,Linux;x86_64;GCC 13.3;OpenMP 201511,Intel(R) Core(TM) Ultra 7 265KF,20,20
pgsa-basic-metrics-v1,correctness_memory_time_v1,3d-WindTurbineHub,3d-WindTurbineHub,Tet4,linear_elastic_solid,linear_elastic_solid,228384,1113684,685152,1,PASS,,parallel_symbolic_reuse,cpu_graph_coloring,5,parallel_symbolic_parallel_numeric,1,1,655.140979,517.857051,1172.99803,149752608,198.039788,354.941624,354.941624,552.981412,0,0,0,1725.979442,0,0,0,1.225939172e-16,0.0048828125,PASS,serial_symbolic_serial_numeric,332767012,699393556,1032160568,332767012,8909472,0,1523589660,158662080,0,3525.929688,process_ru_maxrss,resource.getrusage(RUSAGE_CHILDREN).ru_maxrss,,,direct_no_symbolic_serial,mesh_ready_to_matrix_assembled,direct_no_symbolic_serial,Linux;x86_64;GCC 13.3;OpenMP 201511,Intel(R) Core(TM) Ultra 7 265KF,20,20
pgsa-basic-metrics-v1,correctness_memory_time_v1,3d-WindTurbineHub,3d-WindTurbineHub,Tet4,linear_elastic_solid,linear_elastic_solid,228384,1113684,685152,2,PASS,,parallel_symbolic_reuse,cpu_graph_coloring,5,parallel_symbolic_parallel_numeric,1,1,655.760422,522.80912,1178.569542,149752608,199.411147,354.420214,354.420214,553.831361,0,0,0,1732.400903,0,0,0,1.225939172e-16,0.0048828125,PASS,serial_symbolic_serial_numeric,332767012,699393556,1032160568,332767012,8909472,0,1523589660,158662080,0,3525.941406,process_ru_maxrss,resource.getrusage(RUSAGE_CHILDREN).ru_maxrss,,,direct_no_symbolic_serial,mesh_ready_to_matrix_assembled,direct_no_symbolic_serial,Linux;x86_64;GCC 13.3;OpenMP 201511,Intel(R) Core(TM) Ultra 7 265KF,20,20
pgsa-basic-metrics-v1,correctness_memory_time_v1,3d-WindTurbineHub,3d-WindTurbineHub,Tet4,linear_elastic_solid,linear_elastic_solid,228384,1113684,685152,3,PASS,,parallel_symbolic_reuse,cpu_graph_coloring,5,parallel_symbolic_parallel_numeric,1,1,647.045155,521.117327,1168.162482,149752608,199.518239,355.619872,355.619872,555.138111,0,0,0,1723.300593,0,0,0,1.225939172e-16,0.0048828125,PASS,serial_symbolic_serial_numeric,332767012,699393556,1032160568,332767012,8909472,0,1523589660,158662080,0,3525.937500,process_ru_maxrss,resource.getrusage(RUSAGE_CHILDREN).ru_maxrss,,,direct_no_symbolic_serial,mesh_ready_to_matrix_assembled,direct_no_symbolic_serial,Linux;x86_64;GCC 13.3;OpenMP 201511,Intel(R) Core(TM) Ultra 7 265KF,20,20
pgsa-basic-metrics-v1,correctness_memory_time_v1,3d-WindTurbineHub,3d-WindTurbineHub,Tet4,linear_elastic_solid,linear_elastic_solid,228384,1113684,685152,1,PASS,,parallel_symbolic_reuse,cpu_row_owner,5,parallel_symbolic_parallel_numeric,1,1,652.961033,519.793492,1172.754525,149752608,4059.056065,250.12587,250.12587,4309.181935,0,0,0,5481.93646,0,0,0,0,0,PASS,serial_symbolic_serial_numeric,332767012,699393556,1032160568,332767012,1924445952,0,3439126140,2074198560,0,5423.183594,process_ru_maxrss,resource.getrusage(RUSAGE_CHILDREN).ru_maxrss,,,direct_no_symbolic_serial,mesh_ready_to_matrix_assembled,direct_no_symbolic_serial,Linux;x86_64;GCC 13.3;OpenMP 201511,Intel(R) Core(TM) Ultra 7 265KF,20,20
pgsa-basic-metrics-v1,correctness_memory_time_v1,3d-WindTurbineHub,3d-WindTurbineHub,Tet4,linear_elastic_solid,linear_elastic_solid,228384,1113684,685152,2,PASS,,parallel_symbolic_reuse,cpu_row_owner,5,parallel_symbolic_parallel_numeric,1,1,648.678079,524.609236,1173.287315,149752608,4039.846436,250.147814,250.147814,4289.99425,0,0,0,5463.281565,0,0,0,0,0,PASS,serial_symbolic_serial_numeric,332767012,699393556,1032160568,332767012,1924445952,0,3439126140,2074198560,0,5423.042969,process_ru_maxrss,resource.getrusage(RUSAGE_CHILDREN).ru_maxrss,,,direct_no_symbolic_serial,mesh_ready_to_matrix_assembled,direct_no_symbolic_serial,Linux;x86_64;GCC 13.3;OpenMP 201511,Intel(R) Core(TM) Ultra 7 265KF,20,20
pgsa-basic-metrics-v1,correctness_memory_time_v1,3d-WindTurbineHub,3d-WindTurbineHub,Tet4,linear_elastic_solid,linear_elastic_solid,228384,1113684,685152,3,PASS,,parallel_symbolic_reuse,cpu_row_owner,5,parallel_symbolic_parallel_numeric,1,1,649.471403,520.262972,1169.734375,149752608,4087.193229,252.1551,252.1551,4339.348329,0,0,0,5509.082704,0,0,0,0,0,PASS,serial_symbolic_serial_numeric,332767012,699393556,1032160568,332767012,1924445952,0,3439126140,2074198560,0,5423.082031,process_ru_maxrss,resource.getrusage(RUSAGE_CHILDREN).ru_maxrss,,,direct_no_symbolic_serial,mesh_ready_to_matrix_assembled,direct_no_symbolic_serial,Linux;x86_64;GCC 13.3;OpenMP 201511,Intel(R) Core(TM) Ultra 7 265KF,20,20
pgsa-basic-metrics-v1,correctness_memory_time_v1,3d-WindTurbineHub,3d-WindTurbineHub,Tet4,linear_elastic_solid,linear_elastic_solid,228384,1113684,685152,1,PASS,,parallel_symbolic_reuse,cpu_atomic,6,parallel_symbolic_parallel_numeric,1,1,582.087292,480.028758,1062.11605,149752608,0,252.159108,252.159108,252.159108,0,0,0,1314.275158,0,0,0,1.511829298e-17,0.0048828125,PASS,serial_symbolic_serial_numeric,332767012,699393556,1032160568,332767012,0,0,1514680188,149752608,0,3511.050781,process_ru_maxrss,resource.getrusage(RUSAGE_CHILDREN).ru_maxrss,,,direct_no_symbolic_serial,mesh_ready_to_matrix_assembled,direct_no_symbolic_serial,Linux;x86_64;GCC 13.3;OpenMP 201511,Intel(R) Core(TM) Ultra 7 265KF,20,20
pgsa-basic-metrics-v1,correctness_memory_time_v1,3d-WindTurbineHub,3d-WindTurbineHub,Tet4,linear_elastic_solid,linear_elastic_solid,228384,1113684,685152,2,PASS,,parallel_symbolic_reuse,cpu_atomic,6,parallel_symbolic_parallel_numeric,1,1,580.796217,477.362955,1058.159172,149752608,0,252.600249,252.600249,252.600249,0,0,0,1310.759421,0,0,0,1.531723509e-17,0.0048828125,PASS,serial_symbolic_serial_numeric,332767012,699393556,1032160568,332767012,0,0,1514680188,149752608,0,3511.203125,process_ru_maxrss,resource.getrusage(RUSAGE_CHILDREN).ru_maxrss,,,direct_no_symbolic_serial,mesh_ready_to_matrix_assembled,direct_no_symbolic_serial,Linux;x86_64;GCC 13.3;OpenMP 201511,Intel(R) Core(TM) Ultra 7 265KF,20,20
pgsa-basic-metrics-v1,correctness_memory_time_v1,3d-WindTurbineHub,3d-WindTurbineHub,Tet4,linear_elastic_solid,linear_elastic_solid,228384,1113684,685152,3,PASS,,parallel_symbolic_reuse,cpu_atomic,6,parallel_symbolic_parallel_numeric,1,1,566.642819,480.651241,1047.29406,149752608,0,253.877175,253.877175,253.877175,0,0,0,1301.171235,0,0,0,1.520934586e-17,0.0048828125,PASS,serial_symbolic_serial_numeric,332767012,699393556,1032160568,332767012,0,0,1514680188,149752608,0,3510.988281,process_ru_maxrss,resource.getrusage(RUSAGE_CHILDREN).ru_maxrss,,,direct_no_symbolic_serial,mesh_ready_to_matrix_assembled,direct_no_symbolic_serial,Linux;x86_64;GCC 13.3;OpenMP 201511,Intel(R) Core(TM) Ultra 7 265KF,20,20
pgsa-basic-metrics-v1,correctness_memory_time_v1,3d-WindTurbineHub,3d-WindTurbineHub,Tet4,linear_elastic_solid,linear_elastic_solid,228384,1113684,685152,1,PASS,,parallel_symbolic_reuse,cpu_private_csr,6,parallel_symbolic_parallel_numeric,1,1,567.495721,480.537517,1048.033238,149752608,398.936834,272.293683,272.293683,671.230517,0,0,0,1719.263755,0,0,0,1.405209813e-17,0.00390625,PASS,serial_symbolic_serial_numeric,332767012,699393556,1032160568,332767012,1320105600,0,2834785788,1469858208,0,4833.816406,process_ru_maxrss,resource.getrusage(RUSAGE_CHILDREN).ru_maxrss,,,direct_no_symbolic_serial,mesh_ready_to_matrix_assembled,direct_no_symbolic_serial,Linux;x86_64;GCC 13.3;OpenMP 201511,Intel(R) Core(TM) Ultra 7 265KF,20,20
pgsa-basic-metrics-v1,correctness_memory_time_v1,3d-WindTurbineHub,3d-WindTurbineHub,Tet4,linear_elastic_solid,linear_elastic_solid,228384,1113684,685152,2,PASS,,parallel_symbolic_reuse,cpu_private_csr,6,parallel_symbolic_parallel_numeric,1,1,578.664786,479.011956,1057.676742,149752608,396.494306,274.589002,274.589002,671.083308,0,0,0,1728.76005,0,0,0,1.405209813e-17,0.00390625,PASS,serial_symbolic_serial_numeric,332767012,699393556,1032160568,332767012,1320105600,0,2834785788,1469858208,0,4833.824219,process_ru_maxrss,resource.getrusage(RUSAGE_CHILDREN).ru_maxrss,,,direct_no_symbolic_serial,mesh_ready_to_matrix_assembled,direct_no_symbolic_serial,Linux;x86_64;GCC 13.3;OpenMP 201511,Intel(R) Core(TM) Ultra 7 265KF,20,20
pgsa-basic-metrics-v1,correctness_memory_time_v1,3d-WindTurbineHub,3d-WindTurbineHub,Tet4,linear_elastic_solid,linear_elastic_solid,228384,1113684,685152,3,PASS,,parallel_symbolic_reuse,cpu_private_csr,6,parallel_symbolic_parallel_numeric,1,1,584.194831,489.732197,1073.927028,149752608,400.510858,273.177256,273.177256,673.688114,0,0,0,1747.615142,0,0,0,1.405209813e-17,0.00390625,PASS,serial_symbolic_serial_numeric,332767012,699393556,1032160568,332767012,1320105600,0,2834785788,1469858208,0,4833.660156,process_ru_maxrss,resource.getrusage(RUSAGE_CHILDREN).ru_maxrss,,,direct_no_symbolic_serial,mesh_ready_to_matrix_assembled,direct_no_symbolic_serial,Linux;x86_64;GCC 13.3;OpenMP 201511,Intel(R) Core(TM) Ultra 7 265KF,20,20
pgsa-basic-metrics-v1,correctness_memory_time_v1,3d-WindTurbineHub,3d-WindTurbineHub,Tet4,linear_elastic_solid,linear_elastic_solid,228384,1113684,685152,1,PASS,,parallel_symbolic_reuse,cpu_lock_guard,6,parallel_symbolic_parallel_numeric,1,1,583.111306,477.416375,1060.527681,149752608,413.347898,805.91323,805.91323,1219.261128,0,0,0,2279.788809,0,0,0,1.514083137e-17,0.0048828125,PASS,serial_symbolic_serial_numeric,332767012,699393556,1032160568,332767012,1100088000,0,2614768188,1249840608,0,4623.953125,process_ru_maxrss,resource.getrusage(RUSAGE_CHILDREN).ru_maxrss,,,direct_no_symbolic_serial,mesh_ready_to_matrix_assembled,direct_no_symbolic_serial,Linux;x86_64;GCC 13.3;OpenMP 201511,Intel(R) Core(TM) Ultra 7 265KF,20,20
pgsa-basic-metrics-v1,correctness_memory_time_v1,3d-WindTurbineHub,3d-WindTurbineHub,Tet4,linear_elastic_solid,linear_elastic_solid,228384,1113684,685152,2,PASS,,parallel_symbolic_reuse,cpu_lock_guard,6,parallel_symbolic_parallel_numeric,1,1,563.784222,480.277857,1044.062079,149752608,417.924333,804.738788,804.738788,1222.663121,0,0,0,2266.7252,0,0,0,1.485849311e-17,0.0048828125,PASS,serial_symbolic_serial_numeric,332767012,699393556,1032160568,332767012,1100088000,0,2614768188,1249840608,0,4623.972656,process_ru_maxrss,resource.getrusage(RUSAGE_CHILDREN).ru_maxrss,,,direct_no_symbolic_serial,mesh_ready_to_matrix_assembled,direct_no_symbolic_serial,Linux;x86_64;GCC 13.3;OpenMP 201511,Intel(R) Core(TM) Ultra 7 265KF,20,20
pgsa-basic-metrics-v1,correctness_memory_time_v1,3d-WindTurbineHub,3d-WindTurbineHub,Tet4,linear_elastic_solid,linear_elastic_solid,228384,1113684,685152,3,PASS,,parallel_symbolic_reuse,cpu_lock_guard,6,parallel_symbolic_parallel_numeric,1,1,565.183078,478.693468,1043.876546,149752608,415.70457,805.939758,805.939758,1221.644328,0,0,0,2265.520874,0,0,0,1.515515338e-17,0.0048828125,PASS,serial_symbolic_serial_numeric,332767012,699393556,1032160568,332767012,1100088000,0,2614768188,1249840608,0,4623.984375,process_ru_maxrss,resource.getrusage(RUSAGE_CHILDREN).ru_maxrss,,,direct_no_symbolic_serial,mesh_ready_to_matrix_assembled,direct_no_symbolic_serial,Linux;x86_64;GCC 13.3;OpenMP 201511,Intel(R) Core(TM) Ultra 7 265KF,20,20
pgsa-basic-metrics-v1,correctness_memory_time_v1,3d-WindTurbineHub,3d-WindTurbineHub,Tet4,linear_elastic_solid,linear_elastic_solid,228384,1113684,685152,1,PASS,,parallel_symbolic_reuse,cpu_graph_coloring,6,parallel_symbolic_parallel_numeric,1,1,566.05673,479.9772,1046.03393,149752608,200.565955,305.211474,305.211474,505.777429,0,0,0,1551.811359,0,0,0,1.225939172e-16,0.0048828125,PASS,serial_symbolic_serial_numeric,332767012,699393556,1032160568,332767012,8909472,0,1523589660,158662080,0,3549.003906,process_ru_maxrss,resource.getrusage(RUSAGE_CHILDREN).ru_maxrss,,,direct_no_symbolic_serial,mesh_ready_to_matrix_assembled,direct_no_symbolic_serial,Linux;x86_64;GCC 13.3;OpenMP 201511,Intel(R) Core(TM) Ultra 7 265KF,20,20
pgsa-basic-metrics-v1,correctness_memory_time_v1,3d-WindTurbineHub,3d-WindTurbineHub,Tet4,linear_elastic_solid,linear_elastic_solid,228384,1113684,685152,2,PASS,,parallel_symbolic_reuse,cpu_graph_coloring,6,parallel_symbolic_parallel_numeric,1,1,582.918763,480.885271,1063.804034,149752608,197.804408,308.506921,308.506921,506.311329,0,0,0,1570.115363,0,0,0,1.225939172e-16,0.0048828125,PASS,serial_symbolic_serial_numeric,332767012,699393556,1032160568,332767012,8909472,0,1523589660,158662080,0,3549.042969,process_ru_maxrss,resource.getrusage(RUSAGE_CHILDREN).ru_maxrss,,,direct_no_symbolic_serial,mesh_ready_to_matrix_assembled,direct_no_symbolic_serial,Linux;x86_64;GCC 13.3;OpenMP 201511,Intel(R) Core(TM) Ultra 7 265KF,20,20
pgsa-basic-metrics-v1,correctness_memory_time_v1,3d-WindTurbineHub,3d-WindTurbineHub,Tet4,linear_elastic_solid,linear_elastic_solid,228384,1113684,685152,3,PASS,,parallel_symbolic_reuse,cpu_graph_coloring,6,parallel_symbolic_parallel_numeric,1,1,573.236244,480.9588,1054.195044,149752608,196.971261,307.270136,307.270136,504.241397,0,0,0,1558.436441,0,0,0,1.225939172e-16,0.0048828125,PASS,serial_symbolic_serial_numeric,332767012,699393556,1032160568,332767012,8909472,0,1523589660,158662080,0,3549.089844,process_ru_maxrss,resource.getrusage(RUSAGE_CHILDREN).ru_maxrss,,,direct_no_symbolic_serial,mesh_ready_to_matrix_assembled,direct_no_symbolic_serial,Linux;x86_64;GCC 13.3;OpenMP 201511,Intel(R) Core(TM) Ultra 7 265KF,20,20
pgsa-basic-metrics-v1,correctness_memory_time_v1,3d-WindTurbineHub,3d-WindTurbineHub,Tet4,linear_elastic_solid,linear_elastic_solid,228384,1113684,685152,1,PASS,,parallel_symbolic_reuse,cpu_row_owner,6,parallel_symbolic_parallel_numeric,1,1,581.297277,483.267805,1064.565082,149752608,3925.10934,212.571784,212.571784,4137.681124,0,0,0,5202.246206,0,0,0,0,0,PASS,serial_symbolic_serial_numeric,332767012,699393556,1032160568,332767012,1924445952,0,3439126140,2074198560,0,5410.253906,process_ru_maxrss,resource.getrusage(RUSAGE_CHILDREN).ru_maxrss,,,direct_no_symbolic_serial,mesh_ready_to_matrix_assembled,direct_no_symbolic_serial,Linux;x86_64;GCC 13.3;OpenMP 201511,Intel(R) Core(TM) Ultra 7 265KF,20,20
pgsa-basic-metrics-v1,correctness_memory_time_v1,3d-WindTurbineHub,3d-WindTurbineHub,Tet4,linear_elastic_solid,linear_elastic_solid,228384,1113684,685152,2,PASS,,parallel_symbolic_reuse,cpu_row_owner,6,parallel_symbolic_parallel_numeric,1,1,580.879142,477.367832,1058.246974,149752608,3928.211898,211.625998,211.625998,4139.837896,0,0,0,5198.08487,0,0,0,0,0,PASS,serial_symbolic_serial_numeric,332767012,699393556,1032160568,332767012,1924445952,0,3439126140,2074198560,0,5410.257812,process_ru_maxrss,resource.getrusage(RUSAGE_CHILDREN).ru_maxrss,,,direct_no_symbolic_serial,mesh_ready_to_matrix_assembled,direct_no_symbolic_serial,Linux;x86_64;GCC 13.3;OpenMP 201511,Intel(R) Core(TM) Ultra 7 265KF,20,20
pgsa-basic-metrics-v1,correctness_memory_time_v1,3d-WindTurbineHub,3d-WindTurbineHub,Tet4,linear_elastic_solid,linear_elastic_solid,228384,1113684,685152,3,PASS,,parallel_symbolic_reuse,cpu_row_owner,6,parallel_symbolic_parallel_numeric,1,1,567.100811,480.304417,1047.405228,149752608,3942.949891,212.591732,212.591732,4155.541623,0,0,0,5202.946851,0,0,0,0,0,PASS,serial_symbolic_serial_numeric,332767012,699393556,1032160568,332767012,1924445952,0,3439126140,2074198560,0,5410.300781,process_ru_maxrss,resource.getrusage(RUSAGE_CHILDREN).ru_maxrss,,,direct_no_symbolic_serial,mesh_ready_to_matrix_assembled,direct_no_symbolic_serial,Linux;x86_64;GCC 13.3;OpenMP 201511,Intel(R) Core(TM) Ultra 7 265KF,20,20
pgsa-basic-metrics-v1,correctness_memory_time_v1,3d-WindTurbineHub,3d-WindTurbineHub,Tet4,linear_elastic_solid,linear_elastic_solid,228384,1113684,685152,1,PASS,,parallel_symbolic_reuse,cpu_atomic,7,parallel_symbolic_parallel_numeric,1,1,526.284381,484.46335,1010.747731,149752608,0,222.740445,222.740445,222.740445,0,0,0,1233.488176,0,0,0,1.091598733e-16,0.005859375,PASS,serial_symbolic_serial_numeric,332767012,699393556,1032160568,332767012,0,0,1514680188,149752608,0,3535.203125,process_ru_maxrss,resource.getrusage(RUSAGE_CHILDREN).ru_maxrss,,,direct_no_symbolic_serial,mesh_ready_to_matrix_assembled,direct_no_symbolic_serial,Linux;x86_64;GCC 13.3;OpenMP 201511,Intel(R) Core(TM) Ultra 7 265KF,20,20
pgsa-basic-metrics-v1,correctness_memory_time_v1,3d-WindTurbineHub,3d-WindTurbineHub,Tet4,linear_elastic_solid,linear_elastic_solid,228384,1113684,685152,2,PASS,,parallel_symbolic_reuse,cpu_atomic,7,parallel_symbolic_parallel_numeric,1,1,542.063979,448.944914,991.008893,149752608,0,222.948603,222.948603,222.948603,0,0,0,1213.957496,0,0,0,1.091632518e-16,0.005859375,PASS,serial_symbolic_serial_numeric,332767012,699393556,1032160568,332767012,0,0,1514680188,149752608,0,3535.097656,process_ru_maxrss,resource.getrusage(RUSAGE_CHILDREN).ru_maxrss,,,direct_no_symbolic_serial,mesh_ready_to_matrix_assembled,direct_no_symbolic_serial,Linux;x86_64;GCC 13.3;OpenMP 201511,Intel(R) Core(TM) Ultra 7 265KF,20,20
pgsa-basic-metrics-v1,correctness_memory_time_v1,3d-WindTurbineHub,3d-WindTurbineHub,Tet4,linear_elastic_solid,linear_elastic_solid,228384,1113684,685152,3,PASS,,parallel_symbolic_reuse,cpu_atomic,7,parallel_symbolic_parallel_numeric,1,1,531.13667,445.833047,976.969717,149752608,0,222.103549,222.103549,222.103549,0,0,0,1199.073266,0,0,0,1.091538239e-16,0.005859375,PASS,serial_symbolic_serial_numeric,332767012,699393556,1032160568,332767012,0,0,1514680188,149752608,0,3535.132812,process_ru_maxrss,resource.getrusage(RUSAGE_CHILDREN).ru_maxrss,,,direct_no_symbolic_serial,mesh_ready_to_matrix_assembled,direct_no_symbolic_serial,Linux;x86_64;GCC 13.3;OpenMP 201511,Intel(R) Core(TM) Ultra 7 265KF,20,20
pgsa-basic-metrics-v1,correctness_memory_time_v1,3d-WindTurbineHub,3d-WindTurbineHub,Tet4,linear_elastic_solid,linear_elastic_solid,228384,1113684,685152,1,PASS,,parallel_symbolic_reuse,cpu_private_csr,7,parallel_symbolic_parallel_numeric,1,1,524.703429,450.046259,974.749688,149752608,462.156971,268.817568,268.817568,730.974539,0,0,0,1705.724227,0,0,0,8.265713991e-17,0.005859375,PASS,serial_symbolic_serial_numeric,332767012,699393556,1032160568,332767012,1540123200,0,3054803388,1689875808,0,5067.625000,process_ru_maxrss,resource.getrusage(RUSAGE_CHILDREN).ru_maxrss,,,direct_no_symbolic_serial,mesh_ready_to_matrix_assembled,direct_no_symbolic_serial,Linux;x86_64;GCC 13.3;OpenMP 201511,Intel(R) Core(TM) Ultra 7 265KF,20,20
pgsa-basic-metrics-v1,correctness_memory_time_v1,3d-WindTurbineHub,3d-WindTurbineHub,Tet4,linear_elastic_solid,linear_elastic_solid,228384,1113684,685152,2,PASS,,parallel_symbolic_reuse,cpu_private_csr,7,parallel_symbolic_parallel_numeric,1,1,527.158049,450.988937,978.146986,149752608,468.142607,268.402173,268.402173,736.54478,0,0,0,1714.691766,0,0,0,8.265713991e-17,0.005859375,PASS,serial_symbolic_serial_numeric,332767012,699393556,1032160568,332767012,1540123200,0,3054803388,1689875808,0,5067.570312,process_ru_maxrss,resource.getrusage(RUSAGE_CHILDREN).ru_maxrss,,,direct_no_symbolic_serial,mesh_ready_to_matrix_assembled,direct_no_symbolic_serial,Linux;x86_64;GCC 13.3;OpenMP 201511,Intel(R) Core(TM) Ultra 7 265KF,20,20
pgsa-basic-metrics-v1,correctness_memory_time_v1,3d-WindTurbineHub,3d-WindTurbineHub,Tet4,linear_elastic_solid,linear_elastic_solid,228384,1113684,685152,3,PASS,,parallel_symbolic_reuse,cpu_private_csr,7,parallel_symbolic_parallel_numeric,1,1,526.106731,451.730814,977.837545,149752608,464.572513,269.994951,269.994951,734.567464,0,0,0,1712.405009,0,0,0,8.265713991e-17,0.005859375,PASS,serial_symbolic_serial_numeric,332767012,699393556,1032160568,332767012,1540123200,0,3054803388,1689875808,0,5067.613281,process_ru_maxrss,resource.getrusage(RUSAGE_CHILDREN).ru_maxrss,,,direct_no_symbolic_serial,mesh_ready_to_matrix_assembled,direct_no_symbolic_serial,Linux;x86_64;GCC 13.3;OpenMP 201511,Intel(R) Core(TM) Ultra 7 265KF,20,20
pgsa-basic-metrics-v1,correctness_memory_time_v1,3d-WindTurbineHub,3d-WindTurbineHub,Tet4,linear_elastic_solid,linear_elastic_solid,228384,1113684,685152,1,PASS,,parallel_symbolic_reuse,cpu_lock_guard,7,parallel_symbolic_parallel_numeric,1,1,546.508878,449.715696,996.224574,149752608,415.82516,733.428013,733.428013,1149.253173,0,0,0,2145.477747,0,0,0,1.091487391e-16,0.005859375,PASS,serial_symbolic_serial_numeric,332767012,699393556,1032160568,332767012,1100088000,0,2614768188,1249840608,0,4648.046875,process_ru_maxrss,resource.getrusage(RUSAGE_CHILDREN).ru_maxrss,,,direct_no_symbolic_serial,mesh_ready_to_matrix_assembled,direct_no_symbolic_serial,Linux;x86_64;GCC 13.3;OpenMP 201511,Intel(R) Core(TM) Ultra 7 265KF,20,20
pgsa-basic-metrics-v1,correctness_memory_time_v1,3d-WindTurbineHub,3d-WindTurbineHub,Tet4,linear_elastic_solid,linear_elastic_solid,228384,1113684,685152,2,PASS,,parallel_symbolic_reuse,cpu_lock_guard,7,parallel_symbolic_parallel_numeric,1,1,547.875135,449.747141,997.622276,149752608,410.942409,736.563145,736.563145,1147.505554,0,0,0,2145.12783,0,0,0,1.091518968e-16,0.005859375,PASS,serial_symbolic_serial_numeric,332767012,699393556,1032160568,332767012,1100088000,0,2614768188,1249840608,0,4648.035156,process_ru_maxrss,resource.getrusage(RUSAGE_CHILDREN).ru_maxrss,,,direct_no_symbolic_serial,mesh_ready_to_matrix_assembled,direct_no_symbolic_serial,Linux;x86_64;GCC 13.3;OpenMP 201511,Intel(R) Core(TM) Ultra 7 265KF,20,20
pgsa-basic-metrics-v1,correctness_memory_time_v1,3d-WindTurbineHub,3d-WindTurbineHub,Tet4,linear_elastic_solid,linear_elastic_solid,228384,1113684,685152,3,PASS,,parallel_symbolic_reuse,cpu_lock_guard,7,parallel_symbolic_parallel_numeric,1,1,534.56766,447.373824,981.941484,149752608,418.945689,731.371226,731.371226,1150.316915,0,0,0,2132.258399,0,0,0,1.091490089e-16,0.005859375,PASS,serial_symbolic_serial_numeric,332767012,699393556,1032160568,332767012,1100088000,0,2614768188,1249840608,0,4647.886719,process_ru_maxrss,resource.getrusage(RUSAGE_CHILDREN).ru_maxrss,,,direct_no_symbolic_serial,mesh_ready_to_matrix_assembled,direct_no_symbolic_serial,Linux;x86_64;GCC 13.3;OpenMP 201511,Intel(R) Core(TM) Ultra 7 265KF,20,20
pgsa-basic-metrics-v1,correctness_memory_time_v1,3d-WindTurbineHub,3d-WindTurbineHub,Tet4,linear_elastic_solid,linear_elastic_solid,228384,1113684,685152,1,PASS,,parallel_symbolic_reuse,cpu_graph_coloring,7,parallel_symbolic_parallel_numeric,1,1,527.874439,466.107301,993.98174,149752608,197.68627,267.014956,267.014956,464.701226,0,0,0,1458.682966,0,0,0,1.225939172e-16,0.0048828125,PASS,serial_symbolic_serial_numeric,332767012,699393556,1032160568,332767012,8909472,0,1523589660,158662080,0,3573.160156,process_ru_maxrss,resource.getrusage(RUSAGE_CHILDREN).ru_maxrss,,,direct_no_symbolic_serial,mesh_ready_to_matrix_assembled,direct_no_symbolic_serial,Linux;x86_64;GCC 13.3;OpenMP 201511,Intel(R) Core(TM) Ultra 7 265KF,20,20
pgsa-basic-metrics-v1,correctness_memory_time_v1,3d-WindTurbineHub,3d-WindTurbineHub,Tet4,linear_elastic_solid,linear_elastic_solid,228384,1113684,685152,2,PASS,,parallel_symbolic_reuse,cpu_graph_coloring,7,parallel_symbolic_parallel_numeric,1,1,528.162716,450.35962,978.522336,149752608,196.305745,269.069189,269.069189,465.374934,0,0,0,1443.89727,0,0,0,1.225939172e-16,0.0048828125,PASS,serial_symbolic_serial_numeric,332767012,699393556,1032160568,332767012,8909472,0,1523589660,158662080,0,3573.105469,process_ru_maxrss,resource.getrusage(RUSAGE_CHILDREN).ru_maxrss,,,direct_no_symbolic_serial,mesh_ready_to_matrix_assembled,direct_no_symbolic_serial,Linux;x86_64;GCC 13.3;OpenMP 201511,Intel(R) Core(TM) Ultra 7 265KF,20,20
pgsa-basic-metrics-v1,correctness_memory_time_v1,3d-WindTurbineHub,3d-WindTurbineHub,Tet4,linear_elastic_solid,linear_elastic_solid,228384,1113684,685152,3,PASS,,parallel_symbolic_reuse,cpu_graph_coloring,7,parallel_symbolic_parallel_numeric,1,1,530.856692,450.83913,981.695822,149752608,196.524149,268.512743,268.512743,465.036892,0,0,0,1446.732714,0,0,0,1.225939172e-16,0.0048828125,PASS,serial_symbolic_serial_numeric,332767012,699393556,1032160568,332767012,8909472,0,1523589660,158662080,0,3573.160156,process_ru_maxrss,resource.getrusage(RUSAGE_CHILDREN).ru_maxrss,,,direct_no_symbolic_serial,mesh_ready_to_matrix_assembled,direct_no_symbolic_serial,Linux;x86_64;GCC 13.3;OpenMP 201511,Intel(R) Core(TM) Ultra 7 265KF,20,20
pgsa-basic-metrics-v1,correctness_memory_time_v1,3d-WindTurbineHub,3d-WindTurbineHub,Tet4,linear_elastic_solid,linear_elastic_solid,228384,1113684,685152,1,PASS,,parallel_symbolic_reuse,cpu_row_owner,7,parallel_symbolic_parallel_numeric,1,1,545.463719,446.490193,991.953912,149752608,4018.387785,200.823354,200.823354,4219.211139,0,0,0,5211.165051,0,0,0,0,0,PASS,serial_symbolic_serial_numeric,332767012,699393556,1032160568,332767012,1924445952,0,3439126140,2074198560,0,5434.066406,process_ru_maxrss,resource.getrusage(RUSAGE_CHILDREN).ru_maxrss,,,direct_no_symbolic_serial,mesh_ready_to_matrix_assembled,direct_no_symbolic_serial,Linux;x86_64;GCC 13.3;OpenMP 201511,Intel(R) Core(TM) Ultra 7 265KF,20,20
pgsa-basic-metrics-v1,correctness_memory_time_v1,3d-WindTurbineHub,3d-WindTurbineHub,Tet4,linear_elastic_solid,linear_elastic_solid,228384,1113684,685152,2,PASS,,parallel_symbolic_reuse,cpu_row_owner,7,parallel_symbolic_parallel_numeric,1,1,543.139874,450.154428,993.294302,149752608,4021.8741,203.092678,203.092678,4224.966778,0,0,0,5218.26108,0,0,0,0,0,PASS,serial_symbolic_serial_numeric,332767012,699393556,1032160568,332767012,1924445952,0,3439126140,2074198560,0,5434.097656,process_ru_maxrss,resource.getrusage(RUSAGE_CHILDREN).ru_maxrss,,,direct_no_symbolic_serial,mesh_ready_to_matrix_assembled,direct_no_symbolic_serial,Linux;x86_64;GCC 13.3;OpenMP 201511,Intel(R) Core(TM) Ultra 7 265KF,20,20
pgsa-basic-metrics-v1,correctness_memory_time_v1,3d-WindTurbineHub,3d-WindTurbineHub,Tet4,linear_elastic_solid,linear_elastic_solid,228384,1113684,685152,3,PASS,,parallel_symbolic_reuse,cpu_row_owner,7,parallel_symbolic_parallel_numeric,1,1,541.879967,453.75331,995.633277,149752608,4002.264119,201.469821,201.469821,4203.73394,0,0,0,5199.367217,0,0,0,0,0,PASS,serial_symbolic_serial_numeric,332767012,699393556,1032160568,332767012,1924445952,0,3439126140,2074198560,0,5434.199219,process_ru_maxrss,resource.getrusage(RUSAGE_CHILDREN).ru_maxrss,,,direct_no_symbolic_serial,mesh_ready_to_matrix_assembled,direct_no_symbolic_serial,Linux;x86_64;GCC 13.3;OpenMP 201511,Intel(R) Core(TM) Ultra 7 265KF,20,20
pgsa-basic-metrics-v1,correctness_memory_time_v1,3d-WindTurbineHub,3d-WindTurbineHub,Tet4,linear_elastic_solid,linear_elastic_solid,228384,1113684,685152,1,PASS,,parallel_symbolic_reuse,cpu_atomic,8,parallel_symbolic_parallel_numeric,1,1,498.522887,428.750185,927.273072,149752608,0,200.464039,200.464039,200.464039,0,0,0,1127.737111,0,0,0,9.830976454e-17,0.0068359375,PASS,serial_symbolic_serial_numeric,332767012,699393556,1032160568,332767012,0,0,1514680188,149752608,0,3551.292969,process_ru_maxrss,resource.getrusage(RUSAGE_CHILDREN).ru_maxrss,,,direct_no_symbolic_serial,mesh_ready_to_matrix_assembled,direct_no_symbolic_serial,Linux;x86_64;GCC 13.3;OpenMP 201511,Intel(R) Core(TM) Ultra 7 265KF,20,20
pgsa-basic-metrics-v1,correctness_memory_time_v1,3d-WindTurbineHub,3d-WindTurbineHub,Tet4,linear_elastic_solid,linear_elastic_solid,228384,1113684,685152,2,PASS,,parallel_symbolic_reuse,cpu_atomic,8,parallel_symbolic_parallel_numeric,1,1,499.725668,426.232944,925.958612,149752608,0,200.465998,200.465998,200.465998,0,0,0,1126.42461,0,0,0,9.831195144e-17,0.0068359375,PASS,serial_symbolic_serial_numeric,332767012,699393556,1032160568,332767012,0,0,1514680188,149752608,0,3551.492188,process_ru_maxrss,resource.getrusage(RUSAGE_CHILDREN).ru_maxrss,,,direct_no_symbolic_serial,mesh_ready_to_matrix_assembled,direct_no_symbolic_serial,Linux;x86_64;GCC 13.3;OpenMP 201511,Intel(R) Core(TM) Ultra 7 265KF,20,20
pgsa-basic-metrics-v1,correctness_memory_time_v1,3d-WindTurbineHub,3d-WindTurbineHub,Tet4,linear_elastic_solid,linear_elastic_solid,228384,1113684,685152,3,PASS,,parallel_symbolic_reuse,cpu_atomic,8,parallel_symbolic_parallel_numeric,1,1,500.628111,426.404227,927.032338,149752608,0,199.765876,199.765876,199.765876,0,0,0,1126.798214,0,0,0,9.830961029e-17,0.0068359375,PASS,serial_symbolic_serial_numeric,332767012,699393556,1032160568,332767012,0,0,1514680188,149752608,0,3551.472656,process_ru_maxrss,resource.getrusage(RUSAGE_CHILDREN).ru_maxrss,,,direct_no_symbolic_serial,mesh_ready_to_matrix_assembled,direct_no_symbolic_serial,Linux;x86_64;GCC 13.3;OpenMP 201511,Intel(R) Core(TM) Ultra 7 265KF,20,20
pgsa-basic-metrics-v1,correctness_memory_time_v1,3d-WindTurbineHub,3d-WindTurbineHub,Tet4,linear_elastic_solid,linear_elastic_solid,228384,1113684,685152,1,PASS,,parallel_symbolic_reuse,cpu_private_csr,8,parallel_symbolic_parallel_numeric,1,1,501.063258,424.511108,925.574366,149752608,534.883187,274.709625,274.709625,809.592812,0,0,0,1735.167178,0,0,0,7.388096298e-17,0.005859375,PASS,serial_symbolic_serial_numeric,332767012,699393556,1032160568,332767012,1760140800,0,3274820988,1909893408,0,5293.656250,process_ru_maxrss,resource.getrusage(RUSAGE_CHILDREN).ru_maxrss,,,direct_no_symbolic_serial,mesh_ready_to_matrix_assembled,direct_no_symbolic_serial,Linux;x86_64;GCC 13.3;OpenMP 201511,Intel(R) Core(TM) Ultra 7 265KF,20,20
pgsa-basic-metrics-v1,correctness_memory_time_v1,3d-WindTurbineHub,3d-WindTurbineHub,Tet4,linear_elastic_solid,linear_elastic_solid,228384,1113684,685152,2,PASS,,parallel_symbolic_reuse,cpu_private_csr,8,parallel_symbolic_parallel_numeric,1,1,496.714652,440.584644,937.299296,149752608,530.424907,269.490884,269.490884,799.915791,0,0,0,1737.215087,0,0,0,7.388096298e-17,0.005859375,PASS,serial_symbolic_serial_numeric,332767012,699393556,1032160568,332767012,1760140800,0,3274820988,1909893408,0,5293.578125,process_ru_maxrss,resource.getrusage(RUSAGE_CHILDREN).ru_maxrss,,,direct_no_symbolic_serial,mesh_ready_to_matrix_assembled,direct_no_symbolic_serial,Linux;x86_64;GCC 13.3;OpenMP 201511,Intel(R) Core(TM) Ultra 7 265KF,20,20
pgsa-basic-metrics-v1,correctness_memory_time_v1,3d-WindTurbineHub,3d-WindTurbineHub,Tet4,linear_elastic_solid,linear_elastic_solid,228384,1113684,685152,3,PASS,,parallel_symbolic_reuse,cpu_private_csr,8,parallel_symbolic_parallel_numeric,1,1,512.050125,425.256192,937.306317,149752608,529.243223,272.799356,272.799356,802.042579,0,0,0,1739.348896,0,0,0,7.388096298e-17,0.005859375,PASS,serial_symbolic_serial_numeric,332767012,699393556,1032160568,332767012,1760140800,0,3274820988,1909893408,0,5293.464844,process_ru_maxrss,resource.getrusage(RUSAGE_CHILDREN).ru_maxrss,,,direct_no_symbolic_serial,mesh_ready_to_matrix_assembled,direct_no_symbolic_serial,Linux;x86_64;GCC 13.3;OpenMP 201511,Intel(R) Core(TM) Ultra 7 265KF,20,20
pgsa-basic-metrics-v1,correctness_memory_time_v1,3d-WindTurbineHub,3d-WindTurbineHub,Tet4,linear_elastic_solid,linear_elastic_solid,228384,1113684,685152,1,PASS,,parallel_symbolic_reuse,cpu_lock_guard,8,parallel_symbolic_parallel_numeric,1,1,512.006489,425.655214,937.661703,149752608,412.631281,681.371995,681.371995,1094.003276,0,0,0,2031.664979,0,0,0,9.831503973e-17,0.0068359375,PASS,serial_symbolic_serial_numeric,332767012,699393556,1032160568,332767012,1100088000,0,2614768188,1249840608,0,4664.015625,process_ru_maxrss,resource.getrusage(RUSAGE_CHILDREN).ru_maxrss,,,direct_no_symbolic_serial,mesh_ready_to_matrix_assembled,direct_no_symbolic_serial,Linux;x86_64;GCC 13.3;OpenMP 201511,Intel(R) Core(TM) Ultra 7 265KF,20,20
pgsa-basic-metrics-v1,correctness_memory_time_v1,3d-WindTurbineHub,3d-WindTurbineHub,Tet4,linear_elastic_solid,linear_elastic_solid,228384,1113684,685152,2,PASS,,parallel_symbolic_reuse,cpu_lock_guard,8,parallel_symbolic_parallel_numeric,1,1,496.556341,425.316806,921.873147,149752608,412.298722,682.495819,682.495819,1094.794541,0,0,0,2016.667688,0,0,0,9.831903208e-17,0.0078125,PASS,serial_symbolic_serial_numeric,332767012,699393556,1032160568,332767012,1100088000,0,2614768188,1249840608,0,4664.003906,process_ru_maxrss,resource.getrusage(RUSAGE_CHILDREN).ru_maxrss,,,direct_no_symbolic_serial,mesh_ready_to_matrix_assembled,direct_no_symbolic_serial,Linux;x86_64;GCC 13.3;OpenMP 201511,Intel(R) Core(TM) Ultra 7 265KF,20,20
pgsa-basic-metrics-v1,correctness_memory_time_v1,3d-WindTurbineHub,3d-WindTurbineHub,Tet4,linear_elastic_solid,linear_elastic_solid,228384,1113684,685152,3,PASS,,parallel_symbolic_reuse,cpu_lock_guard,8,parallel_symbolic_parallel_numeric,1,1,496.175106,426.591805,922.766911,149752608,411.244043,685.709942,685.709942,1096.953985,0,0,0,2019.720896,0,0,0,9.831575161e-17,0.0068359375,PASS,serial_symbolic_serial_numeric,332767012,699393556,1032160568,332767012,1100088000,0,2614768188,1249840608,0,4663.996094,process_ru_maxrss,resource.getrusage(RUSAGE_CHILDREN).ru_maxrss,,,direct_no_symbolic_serial,mesh_ready_to_matrix_assembled,direct_no_symbolic_serial,Linux;x86_64;GCC 13.3;OpenMP 201511,Intel(R) Core(TM) Ultra 7 265KF,20,20
pgsa-basic-metrics-v1,correctness_memory_time_v1,3d-WindTurbineHub,3d-WindTurbineHub,Tet4,linear_elastic_solid,linear_elastic_solid,228384,1113684,685152,1,PASS,,parallel_symbolic_reuse,cpu_graph_coloring,8,parallel_symbolic_parallel_numeric,1,1,512.853716,427.231035,940.084751,149752608,203.078635,241.585432,241.585432,444.664067,0,0,0,1384.748818,0,0,0,1.225939172e-16,0.0048828125,PASS,serial_symbolic_serial_numeric,332767012,699393556,1032160568,332767012,8909472,0,1523589660,158662080,0,3660.464844,process_ru_maxrss,resource.getrusage(RUSAGE_CHILDREN).ru_maxrss,,,direct_no_symbolic_serial,mesh_ready_to_matrix_assembled,direct_no_symbolic_serial,Linux;x86_64;GCC 13.3;OpenMP 201511,Intel(R) Core(TM) Ultra 7 265KF,20,20
pgsa-basic-metrics-v1,correctness_memory_time_v1,3d-WindTurbineHub,3d-WindTurbineHub,Tet4,linear_elastic_solid,linear_elastic_solid,228384,1113684,685152,2,PASS,,parallel_symbolic_reuse,cpu_graph_coloring,8,parallel_symbolic_parallel_numeric,1,1,507.188455,427.842303,935.030758,149752608,198.493758,242.151906,242.151906,440.645664,0,0,0,1375.676422,0,0,0,1.225939172e-16,0.0048828125,PASS,serial_symbolic_serial_numeric,332767012,699393556,1032160568,332767012,8909472,0,1523589660,158662080,0,3660.429688,process_ru_maxrss,resource.getrusage(RUSAGE_CHILDREN).ru_maxrss,,,direct_no_symbolic_serial,mesh_ready_to_matrix_assembled,direct_no_symbolic_serial,Linux;x86_64;GCC 13.3;OpenMP 201511,Intel(R) Core(TM) Ultra 7 265KF,20,20
pgsa-basic-metrics-v1,correctness_memory_time_v1,3d-WindTurbineHub,3d-WindTurbineHub,Tet4,linear_elastic_solid,linear_elastic_solid,228384,1113684,685152,3,PASS,,parallel_symbolic_reuse,cpu_graph_coloring,8,parallel_symbolic_parallel_numeric,1,1,513.864206,426.608434,940.47264,149752608,197.850192,242.4932,242.4932,440.343392,0,0,0,1380.816032,0,0,0,1.225939172e-16,0.0048828125,PASS,serial_symbolic_serial_numeric,332767012,699393556,1032160568,332767012,8909472,0,1523589660,158662080,0,3660.300781,process_ru_maxrss,resource.getrusage(RUSAGE_CHILDREN).ru_maxrss,,,direct_no_symbolic_serial,mesh_ready_to_matrix_assembled,direct_no_symbolic_serial,Linux;x86_64;GCC 13.3;OpenMP 201511,Intel(R) Core(TM) Ultra 7 265KF,20,20
pgsa-basic-metrics-v1,correctness_memory_time_v1,3d-WindTurbineHub,3d-WindTurbineHub,Tet4,linear_elastic_solid,linear_elastic_solid,228384,1113684,685152,1,PASS,,parallel_symbolic_reuse,cpu_row_owner,8,parallel_symbolic_parallel_numeric,1,1,509.668376,427.447405,937.115781,149752608,3980.747219,183.947606,183.947606,4164.694825,0,0,0,5101.810606,0,0,0,0,0,PASS,serial_symbolic_serial_numeric,332767012,699393556,1032160568,332767012,1924445952,0,3439126140,2074198560,0,5450.285156,process_ru_maxrss,resource.getrusage(RUSAGE_CHILDREN).ru_maxrss,,,direct_no_symbolic_serial,mesh_ready_to_matrix_assembled,direct_no_symbolic_serial,Linux;x86_64;GCC 13.3;OpenMP 201511,Intel(R) Core(TM) Ultra 7 265KF,20,20
pgsa-basic-metrics-v1,correctness_memory_time_v1,3d-WindTurbineHub,3d-WindTurbineHub,Tet4,linear_elastic_solid,linear_elastic_solid,228384,1113684,685152,2,PASS,,parallel_symbolic_reuse,cpu_row_owner,8,parallel_symbolic_parallel_numeric,1,1,496.743907,426.925879,923.669786,149752608,3969.555941,183.117328,183.117328,4152.673269,0,0,0,5076.343055,0,0,0,0,0,PASS,serial_symbolic_serial_numeric,332767012,699393556,1032160568,332767012,1924445952,0,3439126140,2074198560,0,5450.386719,process_ru_maxrss,resource.getrusage(RUSAGE_CHILDREN).ru_maxrss,,,direct_no_symbolic_serial,mesh_ready_to_matrix_assembled,direct_no_symbolic_serial,Linux;x86_64;GCC 13.3;OpenMP 201511,Intel(R) Core(TM) Ultra 7 265KF,20,20
pgsa-basic-metrics-v1,correctness_memory_time_v1,3d-WindTurbineHub,3d-WindTurbineHub,Tet4,linear_elastic_solid,linear_elastic_solid,228384,1113684,685152,3,PASS,,parallel_symbolic_reuse,cpu_row_owner,8,parallel_symbolic_parallel_numeric,1,1,496.560575,428.33735,924.897925,149752608,3978.392926,183.612667,183.612667,4162.005593,0,0,0,5086.903518,0,0,0,0,0,PASS,serial_symbolic_serial_numeric,332767012,699393556,1032160568,332767012,1924445952,0,3439126140,2074198560,0,5450.324219,process_ru_maxrss,resource.getrusage(RUSAGE_CHILDREN).ru_maxrss,,,direct_no_symbolic_serial,mesh_ready_to_matrix_assembled,direct_no_symbolic_serial,Linux;x86_64;GCC 13.3;OpenMP 201511,Intel(R) Core(TM) Ultra 7 265KF,20,20
pgsa-basic-metrics-v1,correctness_memory_time_v1,3d-WindTurbineHub,3d-WindTurbineHub,Tet4,linear_elastic_solid,linear_elastic_solid,228384,1113684,685152,1,PASS,,parallel_symbolic_reuse,cpu_atomic,9,parallel_symbolic_parallel_numeric,1,1,516.834975,457.151258,973.986233,149752608,0,223.865848,223.865848,223.865848,0,0,0,1197.852081,0,0,0,1.164030907e-16,0.0068359375,PASS,serial_symbolic_serial_numeric,332767012,699393556,1032160568,332767012,0,0,1514680188,149752608,0,3561.152344,process_ru_maxrss,resource.getrusage(RUSAGE_CHILDREN).ru_maxrss,,,direct_no_symbolic_serial,mesh_ready_to_matrix_assembled,direct_no_symbolic_serial,Linux;x86_64;GCC 13.3;OpenMP 201511,Intel(R) Core(TM) Ultra 7 265KF,20,20
pgsa-basic-metrics-v1,correctness_memory_time_v1,3d-WindTurbineHub,3d-WindTurbineHub,Tet4,linear_elastic_solid,linear_elastic_solid,228384,1113684,685152,2,PASS,,parallel_symbolic_reuse,cpu_atomic,9,parallel_symbolic_parallel_numeric,1,1,522.232175,460.615607,982.847782,149752608,0,224.139694,224.139694,224.139694,0,0,0,1206.987476,0,0,0,1.164049126e-16,0.0068359375,PASS,serial_symbolic_serial_numeric,332767012,699393556,1032160568,332767012,0,0,1514680188,149752608,0,3561.160156,process_ru_maxrss,resource.getrusage(RUSAGE_CHILDREN).ru_maxrss,,,direct_no_symbolic_serial,mesh_ready_to_matrix_assembled,direct_no_symbolic_serial,Linux;x86_64;GCC 13.3;OpenMP 201511,Intel(R) Core(TM) Ultra 7 265KF,20,20
pgsa-basic-metrics-v1,correctness_memory_time_v1,3d-WindTurbineHub,3d-WindTurbineHub,Tet4,linear_elastic_solid,linear_elastic_solid,228384,1113684,685152,3,PASS,,parallel_symbolic_reuse,cpu_atomic,9,parallel_symbolic_parallel_numeric,1,1,515.219992,459.6769,974.896892,149752608,0,223.660279,223.660279,223.660279,0,0,0,1198.557171,0,0,0,1.164313194e-16,0.0068359375,PASS,serial_symbolic_serial_numeric,332767012,699393556,1032160568,332767012,0,0,1514680188,149752608,0,3561.015625,process_ru_maxrss,resource.getrusage(RUSAGE_CHILDREN).ru_maxrss,,,direct_no_symbolic_serial,mesh_ready_to_matrix_assembled,direct_no_symbolic_serial,Linux;x86_64;GCC 13.3;OpenMP 201511,Intel(R) Core(TM) Ultra 7 265KF,20,20
pgsa-basic-metrics-v1,correctness_memory_time_v1,3d-WindTurbineHub,3d-WindTurbineHub,Tet4,linear_elastic_solid,linear_elastic_solid,228384,1113684,685152,1,PASS,,parallel_symbolic_reuse,cpu_private_csr,9,parallel_symbolic_parallel_numeric,1,1,515.475409,460.622143,976.097552,149752608,591.969364,299.798272,299.798272,891.767636,0,0,0,1867.865188,0,0,0,8.851448216e-17,0.0078125,PASS,serial_symbolic_serial_numeric,332767012,699393556,1032160568,332767012,1980158400,0,3494838588,2129911008,0,5513.046875,process_ru_maxrss,resource.getrusage(RUSAGE_CHILDREN).ru_maxrss,,,direct_no_symbolic_serial,mesh_ready_to_matrix_assembled,direct_no_symbolic_serial,Linux;x86_64;GCC 13.3;OpenMP 201511,Intel(R) Core(TM) Ultra 7 265KF,20,20
pgsa-basic-metrics-v1,correctness_memory_time_v1,3d-WindTurbineHub,3d-WindTurbineHub,Tet4,linear_elastic_solid,linear_elastic_solid,228384,1113684,685152,2,PASS,,parallel_symbolic_reuse,cpu_private_csr,9,parallel_symbolic_parallel_numeric,1,1,517.589555,458.857625,976.44718,149752608,595.417662,298.122126,298.122126,893.539788,0,0,0,1869.986968,0,0,0,8.851448216e-17,0.0078125,PASS,serial_symbolic_serial_numeric,332767012,699393556,1032160568,332767012,1980158400,0,3494838588,2129911008,0,5513.195312,process_ru_maxrss,resource.getrusage(RUSAGE_CHILDREN).ru_maxrss,,,direct_no_symbolic_serial,mesh_ready_to_matrix_assembled,direct_no_symbolic_serial,Linux;x86_64;GCC 13.3;OpenMP 201511,Intel(R) Core(TM) Ultra 7 265KF,20,20
pgsa-basic-metrics-v1,correctness_memory_time_v1,3d-WindTurbineHub,3d-WindTurbineHub,Tet4,linear_elastic_solid,linear_elastic_solid,228384,1113684,685152,3,PASS,,parallel_symbolic_reuse,cpu_private_csr,9,parallel_symbolic_parallel_numeric,1,1,515.888002,459.270049,975.158051,149752608,597.526155,299.349139,299.349139,896.875294,0,0,0,1872.033345,0,0,0,8.851448216e-17,0.0078125,PASS,serial_symbolic_serial_numeric,332767012,699393556,1032160568,332767012,1980158400,0,3494838588,2129911008,0,5513.074219,process_ru_maxrss,resource.getrusage(RUSAGE_CHILDREN).ru_maxrss,,,direct_no_symbolic_serial,mesh_ready_to_matrix_assembled,direct_no_symbolic_serial,Linux;x86_64;GCC 13.3;OpenMP 201511,Intel(R) Core(TM) Ultra 7 265KF,20,20
pgsa-basic-metrics-v1,correctness_memory_time_v1,3d-WindTurbineHub,3d-WindTurbineHub,Tet4,linear_elastic_solid,linear_elastic_solid,228384,1113684,685152,1,PASS,,parallel_symbolic_reuse,cpu_lock_guard,9,parallel_symbolic_parallel_numeric,1,1,514.181164,457.356991,971.538155,149752608,414.273177,642.640177,642.640177,1056.913354,0,0,0,2028.451509,0,0,0,1.164627717e-16,0.0068359375,PASS,serial_symbolic_serial_numeric,332767012,699393556,1032160568,332767012,1100088000,0,2614768188,1249840608,0,4673.660156,process_ru_maxrss,resource.getrusage(RUSAGE_CHILDREN).ru_maxrss,,,direct_no_symbolic_serial,mesh_ready_to_matrix_assembled,direct_no_symbolic_serial,Linux;x86_64;GCC 13.3;OpenMP 201511,Intel(R) Core(TM) Ultra 7 265KF,20,20
pgsa-basic-metrics-v1,correctness_memory_time_v1,3d-WindTurbineHub,3d-WindTurbineHub,Tet4,linear_elastic_solid,linear_elastic_solid,228384,1113684,685152,2,PASS,,parallel_symbolic_reuse,cpu_lock_guard,9,parallel_symbolic_parallel_numeric,1,1,518.270416,459.385846,977.656262,149752608,419.380202,648.610485,648.610485,1067.990687,0,0,0,2045.646949,0,0,0,1.164542973e-16,0.0068359375,PASS,serial_symbolic_serial_numeric,332767012,699393556,1032160568,332767012,1100088000,0,2614768188,1249840608,0,4673.816406,process_ru_maxrss,resource.getrusage(RUSAGE_CHILDREN).ru_maxrss,,,direct_no_symbolic_serial,mesh_ready_to_matrix_assembled,direct_no_symbolic_serial,Linux;x86_64;GCC 13.3;OpenMP 201511,Intel(R) Core(TM) Ultra 7 265KF,20,20
pgsa-basic-metrics-v1,correctness_memory_time_v1,3d-WindTurbineHub,3d-WindTurbineHub,Tet4,linear_elastic_solid,linear_elastic_solid,228384,1113684,685152,3,PASS,,parallel_symbolic_reuse,cpu_lock_guard,9,parallel_symbolic_parallel_numeric,1,1,520.773946,458.859545,979.633491,149752608,413.074738,639.980731,639.980731,1053.055469,0,0,0,2032.68896,0,0,0,1.164537787e-16,0.0068359375,PASS,serial_symbolic_serial_numeric,332767012,699393556,1032160568,332767012,1100088000,0,2614768188,1249840608,0,4673.652344,process_ru_maxrss,resource.getrusage(RUSAGE_CHILDREN).ru_maxrss,,,direct_no_symbolic_serial,mesh_ready_to_matrix_assembled,direct_no_symbolic_serial,Linux;x86_64;GCC 13.3;OpenMP 201511,Intel(R) Core(TM) Ultra 7 265KF,20,20
pgsa-basic-metrics-v1,correctness_memory_time_v1,3d-WindTurbineHub,3d-WindTurbineHub,Tet4,linear_elastic_solid,linear_elastic_solid,228384,1113684,685152,1,PASS,,parallel_symbolic_reuse,cpu_graph_coloring,9,parallel_symbolic_parallel_numeric,1,1,521.028724,461.329474,982.358198,149752608,200.911048,247.459439,247.459439,448.370487,0,0,0,1430.728685,0,0,0,1.225939172e-16,0.0048828125,PASS,serial_symbolic_serial_numeric,332767012,699393556,1032160568,332767012,8909472,0,1523589660,158662080,0,3598.906250,process_ru_maxrss,resource.getrusage(RUSAGE_CHILDREN).ru_maxrss,,,direct_no_symbolic_serial,mesh_ready_to_matrix_assembled,direct_no_symbolic_serial,Linux;x86_64;GCC 13.3;OpenMP 201511,Intel(R) Core(TM) Ultra 7 265KF,20,20
pgsa-basic-metrics-v1,correctness_memory_time_v1,3d-WindTurbineHub,3d-WindTurbineHub,Tet4,linear_elastic_solid,linear_elastic_solid,228384,1113684,685152,2,PASS,,parallel_symbolic_reuse,cpu_graph_coloring,9,parallel_symbolic_parallel_numeric,1,1,522.68828,458.991596,981.679876,149752608,199.99757,241.82217,241.82217,441.81974,0,0,0,1423.499616,0,0,0,1.225939172e-16,0.0048828125,PASS,serial_symbolic_serial_numeric,332767012,699393556,1032160568,332767012,8909472,0,1523589660,158662080,0,3598.890625,process_ru_maxrss,resource.getrusage(RUSAGE_CHILDREN).ru_maxrss,,,direct_no_symbolic_serial,mesh_ready_to_matrix_assembled,direct_no_symbolic_serial,Linux;x86_64;GCC 13.3;OpenMP 201511,Intel(R) Core(TM) Ultra 7 265KF,20,20
pgsa-basic-metrics-v1,correctness_memory_time_v1,3d-WindTurbineHub,3d-WindTurbineHub,Tet4,linear_elastic_solid,linear_elastic_solid,228384,1113684,685152,3,PASS,,parallel_symbolic_reuse,cpu_graph_coloring,9,parallel_symbolic_parallel_numeric,1,1,518.23913,459.94225,978.18138,149752608,197.936167,243.780444,243.780444,441.716611,0,0,0,1419.897991,0,0,0,1.225939172e-16,0.0048828125,PASS,serial_symbolic_serial_numeric,332767012,699393556,1032160568,332767012,8909472,0,1523589660,158662080,0,3599.050781,process_ru_maxrss,resource.getrusage(RUSAGE_CHILDREN).ru_maxrss,,,direct_no_symbolic_serial,mesh_ready_to_matrix_assembled,direct_no_symbolic_serial,Linux;x86_64;GCC 13.3;OpenMP 201511,Intel(R) Core(TM) Ultra 7 265KF,20,20
pgsa-basic-metrics-v1,correctness_memory_time_v1,3d-WindTurbineHub,3d-WindTurbineHub,Tet4,linear_elastic_solid,linear_elastic_solid,228384,1113684,685152,1,PASS,,parallel_symbolic_reuse,cpu_row_owner,9,parallel_symbolic_parallel_numeric,1,1,517.612494,488.548048,1006.160542,149752608,3741.115749,200.774178,200.774178,3941.889927,0,0,0,4948.050469,0,0,0,0,0,PASS,serial_symbolic_serial_numeric,332767012,699393556,1032160568,332767012,1924445952,0,3439126140,2074198560,0,5460.097656,process_ru_maxrss,resource.getrusage(RUSAGE_CHILDREN).ru_maxrss,,,direct_no_symbolic_serial,mesh_ready_to_matrix_assembled,direct_no_symbolic_serial,Linux;x86_64;GCC 13.3;OpenMP 201511,Intel(R) Core(TM) Ultra 7 265KF,20,20
pgsa-basic-metrics-v1,correctness_memory_time_v1,3d-WindTurbineHub,3d-WindTurbineHub,Tet4,linear_elastic_solid,linear_elastic_solid,228384,1113684,685152,2,PASS,,parallel_symbolic_reuse,cpu_row_owner,9,parallel_symbolic_parallel_numeric,1,1,523.394475,458.151528,981.546003,149752608,3731.091958,197.804014,197.804014,3928.895972,0,0,0,4910.441975,0,0,0,0,0,PASS,serial_symbolic_serial_numeric,332767012,699393556,1032160568,332767012,1924445952,0,3439126140,2074198560,0,5459.894531,process_ru_maxrss,resource.getrusage(RUSAGE_CHILDREN).ru_maxrss,,,direct_no_symbolic_serial,mesh_ready_to_matrix_assembled,direct_no_symbolic_serial,Linux;x86_64;GCC 13.3;OpenMP 201511,Intel(R) Core(TM) Ultra 7 265KF,20,20
pgsa-basic-metrics-v1,correctness_memory_time_v1,3d-WindTurbineHub,3d-WindTurbineHub,Tet4,linear_elastic_solid,linear_elastic_solid,228384,1113684,685152,3,PASS,,parallel_symbolic_reuse,cpu_row_owner,9,parallel_symbolic_parallel_numeric,1,1,513.72703,458.016796,971.743826,149752608,3728.187023,197.994967,197.994967,3926.18199,0,0,0,4897.925816,0,0,0,0,0,PASS,serial_symbolic_serial_numeric,332767012,699393556,1032160568,332767012,1924445952,0,3439126140,2074198560,0,5460.039062,process_ru_maxrss,resource.getrusage(RUSAGE_CHILDREN).ru_maxrss,,,direct_no_symbolic_serial,mesh_ready_to_matrix_assembled,direct_no_symbolic_serial,Linux;x86_64;GCC 13.3;OpenMP 201511,Intel(R) Core(TM) Ultra 7 265KF,20,20
pgsa-basic-metrics-v1,correctness_memory_time_v1,3d-WindTurbineHub,3d-WindTurbineHub,Tet4,linear_elastic_solid,linear_elastic_solid,228384,1113684,685152,1,PASS,,parallel_symbolic_reuse,cpu_atomic,10,parallel_symbolic_parallel_numeric,1,1,488.920577,447.163063,936.08364,149752608,0,217.246294,217.246294,217.246294,0,0,0,1153.329934,0,0,0,1.281938089e-16,0.005859375,PASS,serial_symbolic_serial_numeric,332767012,699393556,1032160568,332767012,0,0,1514680188,149752608,0,3677.781250,process_ru_maxrss,resource.getrusage(RUSAGE_CHILDREN).ru_maxrss,,,direct_no_symbolic_serial,mesh_ready_to_matrix_assembled,direct_no_symbolic_serial,Linux;x86_64;GCC 13.3;OpenMP 201511,Intel(R) Core(TM) Ultra 7 265KF,20,20
pgsa-basic-metrics-v1,correctness_memory_time_v1,3d-WindTurbineHub,3d-WindTurbineHub,Tet4,linear_elastic_solid,linear_elastic_solid,228384,1113684,685152,2,PASS,,parallel_symbolic_reuse,cpu_atomic,10,parallel_symbolic_parallel_numeric,1,1,487.699691,445.704097,933.403788,149752608,0,213.054759,213.054759,213.054759,0,0,0,1146.458547,0,0,0,1.281741685e-16,0.005859375,PASS,serial_symbolic_serial_numeric,332767012,699393556,1032160568,332767012,0,0,1514680188,149752608,0,3677.660156,process_ru_maxrss,resource.getrusage(RUSAGE_CHILDREN).ru_maxrss,,,direct_no_symbolic_serial,mesh_ready_to_matrix_assembled,direct_no_symbolic_serial,Linux;x86_64;GCC 13.3;OpenMP 201511,Intel(R) Core(TM) Ultra 7 265KF,20,20
pgsa-basic-metrics-v1,correctness_memory_time_v1,3d-WindTurbineHub,3d-WindTurbineHub,Tet4,linear_elastic_solid,linear_elastic_solid,228384,1113684,685152,3,PASS,,parallel_symbolic_reuse,cpu_atomic,10,parallel_symbolic_parallel_numeric,1,1,494.504105,442.730847,937.234952,149752608,0,212.367749,212.367749,212.367749,0,0,0,1149.602701,0,0,0,1.281951231e-16,0.005859375,PASS,serial_symbolic_serial_numeric,332767012,699393556,1032160568,332767012,0,0,1514680188,149752608,0,3677.769531,process_ru_maxrss,resource.getrusage(RUSAGE_CHILDREN).ru_maxrss,,,direct_no_symbolic_serial,mesh_ready_to_matrix_assembled,direct_no_symbolic_serial,Linux;x86_64;GCC 13.3;OpenMP 201511,Intel(R) Core(TM) Ultra 7 265KF,20,20
pgsa-basic-metrics-v1,correctness_memory_time_v1,3d-WindTurbineHub,3d-WindTurbineHub,Tet4,linear_elastic_solid,linear_elastic_solid,228384,1113684,685152,1,PASS,,parallel_symbolic_reuse,cpu_private_csr,10,parallel_symbolic_parallel_numeric,1,1,485.364285,445.734567,931.098852,149752608,666.496157,317.657283,317.657283,984.15344,0,0,0,1915.252292,0,0,0,9.677662906e-17,0.005859375,PASS,serial_symbolic_serial_numeric,332767012,699393556,1032160568,332767012,2200176000,0,3714856188,2349928608,0,5730.746094,process_ru_maxrss,resource.getrusage(RUSAGE_CHILDREN).ru_maxrss,,,direct_no_symbolic_serial,mesh_ready_to_matrix_assembled,direct_no_symbolic_serial,Linux;x86_64;GCC 13.3;OpenMP 201511,Intel(R) Core(TM) Ultra 7 265KF,20,20
pgsa-basic-metrics-v1,correctness_memory_time_v1,3d-WindTurbineHub,3d-WindTurbineHub,Tet4,linear_elastic_solid,linear_elastic_solid,228384,1113684,685152,2,PASS,,parallel_symbolic_reuse,cpu_private_csr,10,parallel_symbolic_parallel_numeric,1,1,484.583269,451.876887,936.460156,149752608,664.103344,313.010054,313.010054,977.113398,0,0,0,1913.573554,0,0,0,9.677662906e-17,0.005859375,PASS,serial_symbolic_serial_numeric,332767012,699393556,1032160568,332767012,2200176000,0,3714856188,2349928608,0,5730.554688,process_ru_maxrss,resource.getrusage(RUSAGE_CHILDREN).ru_maxrss,,,direct_no_symbolic_serial,mesh_ready_to_matrix_assembled,direct_no_symbolic_serial,Linux;x86_64;GCC 13.3;OpenMP 201511,Intel(R) Core(TM) Ultra 7 265KF,20,20
pgsa-basic-metrics-v1,correctness_memory_time_v1,3d-WindTurbineHub,3d-WindTurbineHub,Tet4,linear_elastic_solid,linear_elastic_solid,228384,1113684,685152,3,PASS,,parallel_symbolic_reuse,cpu_private_csr,10,parallel_symbolic_parallel_numeric,1,1,484.34089,444.941388,929.282278,149752608,666.163006,315.829648,315.829648,981.992654,0,0,0,1911.274932,0,0,0,9.677662906e-17,0.005859375,PASS,serial_symbolic_serial_numeric,332767012,699393556,1032160568,332767012,2200176000,0,3714856188,2349928608,0,5730.542969,process_ru_maxrss,resource.getrusage(RUSAGE_CHILDREN).ru_maxrss,,,direct_no_symbolic_serial,mesh_ready_to_matrix_assembled,direct_no_symbolic_serial,Linux;x86_64;GCC 13.3;OpenMP 201511,Intel(R) Core(TM) Ultra 7 265KF,20,20
pgsa-basic-metrics-v1,correctness_memory_time_v1,3d-WindTurbineHub,3d-WindTurbineHub,Tet4,linear_elastic_solid,linear_elastic_solid,228384,1113684,685152,1,PASS,,parallel_symbolic_reuse,cpu_lock_guard,10,parallel_symbolic_parallel_numeric,1,1,485.981207,443.198812,929.180019,149752608,412.279197,621.091296,621.091296,1033.370493,0,0,0,1962.550512,0,0,0,1.282753961e-16,0.005859375,PASS,serial_symbolic_serial_numeric,332767012,699393556,1032160568,332767012,1100088000,0,2614768188,1249840608,0,4681.343750,process_ru_maxrss,resource.getrusage(RUSAGE_CHILDREN).ru_maxrss,,,direct_no_symbolic_serial,mesh_ready_to_matrix_assembled,direct_no_symbolic_serial,Linux;x86_64;GCC 13.3;OpenMP 201511,Intel(R) Core(TM) Ultra 7 265KF,20,20
pgsa-basic-metrics-v1,correctness_memory_time_v1,3d-WindTurbineHub,3d-WindTurbineHub,Tet4,linear_elastic_solid,linear_elastic_solid,228384,1113684,685152,2,PASS,,parallel_symbolic_reuse,cpu_lock_guard,10,parallel_symbolic_parallel_numeric,1,1,486.577926,446.886056,933.463982,149752608,411.343623,616.529379,616.529379,1027.873002,0,0,0,1961.336984,0,0,0,1.282767167e-16,0.005859375,PASS,serial_symbolic_serial_numeric,332767012,699393556,1032160568,332767012,1100088000,0,2614768188,1249840608,0,4681.320312,process_ru_maxrss,resource.getrusage(RUSAGE_CHILDREN).ru_maxrss,,,direct_no_symbolic_serial,mesh_ready_to_matrix_assembled,direct_no_symbolic_serial,Linux;x86_64;GCC 13.3;OpenMP 201511,Intel(R) Core(TM) Ultra 7 265KF,20,20
pgsa-basic-metrics-v1,correctness_memory_time_v1,3d-WindTurbineHub,3d-WindTurbineHub,Tet4,linear_elastic_solid,linear_elastic_solid,228384,1113684,685152,3,PASS,,parallel_symbolic_reuse,cpu_lock_guard,10,parallel_symbolic_parallel_numeric,1,1,485.390677,446.865135,932.255812,149752608,413.66475,618.237344,618.237344,1031.902094,0,0,0,1964.157906,0,0,0,1.282793572e-16,0.005859375,PASS,serial_symbolic_serial_numeric,332767012,699393556,1032160568,332767012,1100088000,0,2614768188,1249840608,0,4681.484375,process_ru_maxrss,resource.getrusage(RUSAGE_CHILDREN).ru_maxrss,,,direct_no_symbolic_serial,mesh_ready_to_matrix_assembled,direct_no_symbolic_serial,Linux;x86_64;GCC 13.3;OpenMP 201511,Intel(R) Core(TM) Ultra 7 265KF,20,20
pgsa-basic-metrics-v1,correctness_memory_time_v1,3d-WindTurbineHub,3d-WindTurbineHub,Tet4,linear_elastic_solid,linear_elastic_solid,228384,1113684,685152,1,PASS,,parallel_symbolic_reuse,cpu_graph_coloring,10,parallel_symbolic_parallel_numeric,1,1,484.686383,444.920835,929.607218,149752608,199.907424,240.561294,240.561294,440.468718,0,0,0,1370.075936,0,0,0,1.225939172e-16,0.0048828125,PASS,serial_symbolic_serial_numeric,332767012,699393556,1032160568,332767012,8909472,0,1523589660,158662080,0,3632.410156,process_ru_maxrss,resource.getrusage(RUSAGE_CHILDREN).ru_maxrss,,,direct_no_symbolic_serial,mesh_ready_to_matrix_assembled,direct_no_symbolic_serial,Linux;x86_64;GCC 13.3;OpenMP 201511,Intel(R) Core(TM) Ultra 7 265KF,20,20
pgsa-basic-metrics-v1,correctness_memory_time_v1,3d-WindTurbineHub,3d-WindTurbineHub,Tet4,linear_elastic_solid,linear_elastic_solid,228384,1113684,685152,2,PASS,,parallel_symbolic_reuse,cpu_graph_coloring,10,parallel_symbolic_parallel_numeric,1,1,485.596439,440.482998,926.079437,149752608,199.121222,231.670491,231.670491,430.791713,0,0,0,1356.87115,0,0,0,1.225939172e-16,0.0048828125,PASS,serial_symbolic_serial_numeric,332767012,699393556,1032160568,332767012,8909472,0,1523589660,158662080,0,3632.324219,process_ru_maxrss,resource.getrusage(RUSAGE_CHILDREN).ru_maxrss,,,direct_no_symbolic_serial,mesh_ready_to_matrix_assembled,direct_no_symbolic_serial,Linux;x86_64;GCC 13.3;OpenMP 201511,Intel(R) Core(TM) Ultra 7 265KF,20,20
pgsa-basic-metrics-v1,correctness_memory_time_v1,3d-WindTurbineHub,3d-WindTurbineHub,Tet4,linear_elastic_solid,linear_elastic_solid,228384,1113684,685152,3,PASS,,parallel_symbolic_reuse,cpu_graph_coloring,10,parallel_symbolic_parallel_numeric,1,1,489.270362,446.14243,935.412792,149752608,202.119869,237.142127,237.142127,439.261996,0,0,0,1374.674788,0,0,0,1.225939172e-16,0.0048828125,PASS,serial_symbolic_serial_numeric,332767012,699393556,1032160568,332767012,8909472,0,1523589660,158662080,0,3632.238281,process_ru_maxrss,resource.getrusage(RUSAGE_CHILDREN).ru_maxrss,,,direct_no_symbolic_serial,mesh_ready_to_matrix_assembled,direct_no_symbolic_serial,Linux;x86_64;GCC 13.3;OpenMP 201511,Intel(R) Core(TM) Ultra 7 265KF,20,20
pgsa-basic-metrics-v1,correctness_memory_time_v1,3d-WindTurbineHub,3d-WindTurbineHub,Tet4,linear_elastic_solid,linear_elastic_solid,228384,1113684,685152,1,PASS,,parallel_symbolic_reuse,cpu_row_owner,10,parallel_symbolic_parallel_numeric,1,1,485.140032,445.504404,930.644436,149752608,3775.658691,202.473339,202.473339,3978.13203,0,0,0,4908.776466,0,0,0,0,0,PASS,serial_symbolic_serial_numeric,332767012,699393556,1032160568,332767012,1924445952,0,3439126140,2074198560,0,5467.679688,process_ru_maxrss,resource.getrusage(RUSAGE_CHILDREN).ru_maxrss,,,direct_no_symbolic_serial,mesh_ready_to_matrix_assembled,direct_no_symbolic_serial,Linux;x86_64;GCC 13.3;OpenMP 201511,Intel(R) Core(TM) Ultra 7 265KF,20,20
pgsa-basic-metrics-v1,correctness_memory_time_v1,3d-WindTurbineHub,3d-WindTurbineHub,Tet4,linear_elastic_solid,linear_elastic_solid,228384,1113684,685152,2,PASS,,parallel_symbolic_reuse,cpu_row_owner,10,parallel_symbolic_parallel_numeric,1,1,498.81037,448.035578,946.845948,149752608,3777.87168,199.589489,199.589489,3977.461169,0,0,0,4924.307117,0,0,0,0,0,PASS,serial_symbolic_serial_numeric,332767012,699393556,1032160568,332767012,1924445952,0,3439126140,2074198560,0,5467.652344,process_ru_maxrss,resource.getrusage(RUSAGE_CHILDREN).ru_maxrss,,,direct_no_symbolic_serial,mesh_ready_to_matrix_assembled,direct_no_symbolic_serial,Linux;x86_64;GCC 13.3;OpenMP 201511,Intel(R) Core(TM) Ultra 7 265KF,20,20
pgsa-basic-metrics-v1,correctness_memory_time_v1,3d-WindTurbineHub,3d-WindTurbineHub,Tet4,linear_elastic_solid,linear_elastic_solid,228384,1113684,685152,3,PASS,,parallel_symbolic_reuse,cpu_row_owner,10,parallel_symbolic_parallel_numeric,1,1,486.876963,447.946096,934.823059,149752608,3776.40466,199.632771,199.632771,3976.037431,0,0,0,4910.86049,0,0,0,0,0,PASS,serial_symbolic_serial_numeric,332767012,699393556,1032160568,332767012,1924445952,0,3439126140,2074198560,0,5467.683594,process_ru_maxrss,resource.getrusage(RUSAGE_CHILDREN).ru_maxrss,,,direct_no_symbolic_serial,mesh_ready_to_matrix_assembled,direct_no_symbolic_serial,Linux;x86_64;GCC 13.3;OpenMP 201511,Intel(R) Core(TM) Ultra 7 265KF,20,20
pgsa-basic-metrics-v1,correctness_memory_time_v1,3d-WindTurbineHub,3d-WindTurbineHub,Tet4,linear_elastic_solid,linear_elastic_solid,228384,1113684,685152,1,PASS,,parallel_symbolic_reuse,cpu_atomic,11,parallel_symbolic_parallel_numeric,1,1,464.953736,432.740924,897.69466,149752608,0,201.288996,201.288996,201.288996,0,0,0,1098.983656,0,0,0,1.372478814e-16,0.0068359375,PASS,serial_symbolic_serial_numeric,332767012,699393556,1032160568,332767012,0,0,1514680188,149752608,0,3683.128906,process_ru_maxrss,resource.getrusage(RUSAGE_CHILDREN).ru_maxrss,,,direct_no_symbolic_serial,mesh_ready_to_matrix_assembled,direct_no_symbolic_serial,Linux;x86_64;GCC 13.3;OpenMP 201511,Intel(R) Core(TM) Ultra 7 265KF,20,20
pgsa-basic-metrics-v1,correctness_memory_time_v1,3d-WindTurbineHub,3d-WindTurbineHub,Tet4,linear_elastic_solid,linear_elastic_solid,228384,1113684,685152,2,PASS,,parallel_symbolic_reuse,cpu_atomic,11,parallel_symbolic_parallel_numeric,1,1,461.932225,431.950652,893.882877,149752608,0,202.873057,202.873057,202.873057,0,0,0,1096.755934,0,0,0,1.372476771e-16,0.0068359375,PASS,serial_symbolic_serial_numeric,332767012,699393556,1032160568,332767012,0,0,1514680188,149752608,0,3683.128906,process_ru_maxrss,resource.getrusage(RUSAGE_CHILDREN).ru_maxrss,,,direct_no_symbolic_serial,mesh_ready_to_matrix_assembled,direct_no_symbolic_serial,Linux;x86_64;GCC 13.3;OpenMP 201511,Intel(R) Core(TM) Ultra 7 265KF,20,20
pgsa-basic-metrics-v1,correctness_memory_time_v1,3d-WindTurbineHub,3d-WindTurbineHub,Tet4,linear_elastic_solid,linear_elastic_solid,228384,1113684,685152,3,PASS,,parallel_symbolic_reuse,cpu_atomic,11,parallel_symbolic_parallel_numeric,1,1,468.514594,430.292567,898.807161,149752608,0,201.291579,201.291579,201.291579,0,0,0,1100.09874,0,0,0,1.372429728e-16,0.0068359375,PASS,serial_symbolic_serial_numeric,332767012,699393556,1032160568,332767012,0,0,1514680188,149752608,0,3683.089844,process_ru_maxrss,resource.getrusage(RUSAGE_CHILDREN).ru_maxrss,,,direct_no_symbolic_serial,mesh_ready_to_matrix_assembled,direct_no_symbolic_serial,Linux;x86_64;GCC 13.3;OpenMP 201511,Intel(R) Core(TM) Ultra 7 265KF,20,20
pgsa-basic-metrics-v1,correctness_memory_time_v1,3d-WindTurbineHub,3d-WindTurbineHub,Tet4,linear_elastic_solid,linear_elastic_solid,228384,1113684,685152,1,PASS,,parallel_symbolic_reuse,cpu_private_csr,11,parallel_symbolic_parallel_numeric,1,1,463.700541,430.494656,894.195197,149752608,728.451224,329.994218,329.994218,1058.445442,0,0,0,1952.640639,0,0,0,1.038038833e-16,0.005859375,PASS,serial_symbolic_serial_numeric,332767012,699393556,1032160568,332767012,2420193600,0,3934873788,2569946208,0,5946.003906,process_ru_maxrss,resource.getrusage(RUSAGE_CHILDREN).ru_maxrss,,,direct_no_symbolic_serial,mesh_ready_to_matrix_assembled,direct_no_symbolic_serial,Linux;x86_64;GCC 13.3;OpenMP 201511,Intel(R) Core(TM) Ultra 7 265KF,20,20
pgsa-basic-metrics-v1,correctness_memory_time_v1,3d-WindTurbineHub,3d-WindTurbineHub,Tet4,linear_elastic_solid,linear_elastic_solid,228384,1113684,685152,2,PASS,,parallel_symbolic_reuse,cpu_private_csr,11,parallel_symbolic_parallel_numeric,1,1,461.647308,431.610664,893.257972,149752608,725.065261,330.688984,330.688984,1055.754245,0,0,0,1949.012217,0,0,0,1.038038833e-16,0.005859375,PASS,serial_symbolic_serial_numeric,332767012,699393556,1032160568,332767012,2420193600,0,3934873788,2569946208,0,5946.003906,process_ru_maxrss,resource.getrusage(RUSAGE_CHILDREN).ru_maxrss,,,direct_no_symbolic_serial,mesh_ready_to_matrix_assembled,direct_no_symbolic_serial,Linux;x86_64;GCC 13.3;OpenMP 201511,Intel(R) Core(TM) Ultra 7 265KF,20,20
pgsa-basic-metrics-v1,correctness_memory_time_v1,3d-WindTurbineHub,3d-WindTurbineHub,Tet4,linear_elastic_solid,linear_elastic_solid,228384,1113684,685152,3,PASS,,parallel_symbolic_reuse,cpu_private_csr,11,parallel_symbolic_parallel_numeric,1,1,480.259607,432.614327,912.873934,149752608,733.144363,338.720075,338.720075,1071.864438,0,0,0,1984.738372,0,0,0,1.038038833e-16,0.005859375,PASS,serial_symbolic_serial_numeric,332767012,699393556,1032160568,332767012,2420193600,0,3934873788,2569946208,0,5946.003906,process_ru_maxrss,resource.getrusage(RUSAGE_CHILDREN).ru_maxrss,,,direct_no_symbolic_serial,mesh_ready_to_matrix_assembled,direct_no_symbolic_serial,Linux;x86_64;GCC 13.3;OpenMP 201511,Intel(R) Core(TM) Ultra 7 265KF,20,20
pgsa-basic-metrics-v1,correctness_memory_time_v1,3d-WindTurbineHub,3d-WindTurbineHub,Tet4,linear_elastic_solid,linear_elastic_solid,228384,1113684,685152,1,PASS,,parallel_symbolic_reuse,cpu_lock_guard,11,parallel_symbolic_parallel_numeric,1,1,456.777516,430.186683,886.964199,149752608,409.732306,603.370148,603.370148,1013.102454,0,0,0,1900.066653,0,0,0,1.372674913e-16,0.0068359375,PASS,serial_symbolic_serial_numeric,332767012,699393556,1032160568,332767012,1100088000,0,2614768188,1249840608,0,4686.761719,process_ru_maxrss,resource.getrusage(RUSAGE_CHILDREN).ru_maxrss,,,direct_no_symbolic_serial,mesh_ready_to_matrix_assembled,direct_no_symbolic_serial,Linux;x86_64;GCC 13.3;OpenMP 201511,Intel(R) Core(TM) Ultra 7 265KF,20,20
pgsa-basic-metrics-v1,correctness_memory_time_v1,3d-WindTurbineHub,3d-WindTurbineHub,Tet4,linear_elastic_solid,linear_elastic_solid,228384,1113684,685152,2,PASS,,parallel_symbolic_reuse,cpu_lock_guard,11,parallel_symbolic_parallel_numeric,1,1,459.910688,436.477682,896.38837,149752608,413.648671,603.150023,603.150023,1016.798694,0,0,0,1913.187064,0,0,0,1.37264637e-16,0.0068359375,PASS,serial_symbolic_serial_numeric,332767012,699393556,1032160568,332767012,1100088000,0,2614768188,1249840608,0,4686.835938,process_ru_maxrss,resource.getrusage(RUSAGE_CHILDREN).ru_maxrss,,,direct_no_symbolic_serial,mesh_ready_to_matrix_assembled,direct_no_symbolic_serial,Linux;x86_64;GCC 13.3;OpenMP 201511,Intel(R) Core(TM) Ultra 7 265KF,20,20
pgsa-basic-metrics-v1,correctness_memory_time_v1,3d-WindTurbineHub,3d-WindTurbineHub,Tet4,linear_elastic_solid,linear_elastic_solid,228384,1113684,685152,3,PASS,,parallel_symbolic_reuse,cpu_lock_guard,11,parallel_symbolic_parallel_numeric,1,1,460.309424,432.614743,892.924167,149752608,414.352455,602.386202,602.386202,1016.738657,0,0,0,1909.662824,0,0,0,1.372617888e-16,0.0068359375,PASS,serial_symbolic_serial_numeric,332767012,699393556,1032160568,332767012,1100088000,0,2614768188,1249840608,0,4686.816406,process_ru_maxrss,resource.getrusage(RUSAGE_CHILDREN).ru_maxrss,,,direct_no_symbolic_serial,mesh_ready_to_matrix_assembled,direct_no_symbolic_serial,Linux;x86_64;GCC 13.3;OpenMP 201511,Intel(R) Core(TM) Ultra 7 265KF,20,20
pgsa-basic-metrics-v1,correctness_memory_time_v1,3d-WindTurbineHub,3d-WindTurbineHub,Tet4,linear_elastic_solid,linear_elastic_solid,228384,1113684,685152,1,PASS,,parallel_symbolic_reuse,cpu_graph_coloring,11,parallel_symbolic_parallel_numeric,1,1,458.35567,429.705772,888.061442,149752608,197.707827,227.395691,227.395691,425.103518,0,0,0,1313.16496,0,0,0,1.225939172e-16,0.0048828125,PASS,serial_symbolic_serial_numeric,332767012,699393556,1032160568,332767012,8909472,0,1523589660,158662080,0,3637.738281,process_ru_maxrss,resource.getrusage(RUSAGE_CHILDREN).ru_maxrss,,,direct_no_symbolic_serial,mesh_ready_to_matrix_assembled,direct_no_symbolic_serial,Linux;x86_64;GCC 13.3;OpenMP 201511,Intel(R) Core(TM) Ultra 7 265KF,20,20
pgsa-basic-metrics-v1,correctness_memory_time_v1,3d-WindTurbineHub,3d-WindTurbineHub,Tet4,linear_elastic_solid,linear_elastic_solid,228384,1113684,685152,2,PASS,,parallel_symbolic_reuse,cpu_graph_coloring,11,parallel_symbolic_parallel_numeric,1,1,481.423211,434.333222,915.756433,149752608,201.563325,227.352798,227.352798,428.916123,0,0,0,1344.672556,0,0,0,1.225939172e-16,0.0048828125,PASS,serial_symbolic_serial_numeric,332767012,699393556,1032160568,332767012,8909472,0,1523589660,158662080,0,3637.859375,process_ru_maxrss,resource.getrusage(RUSAGE_CHILDREN).ru_maxrss,,,direct_no_symbolic_serial,mesh_ready_to_matrix_assembled,direct_no_symbolic_serial,Linux;x86_64;GCC 13.3;OpenMP 201511,Intel(R) Core(TM) Ultra 7 265KF,20,20
pgsa-basic-metrics-v1,correctness_memory_time_v1,3d-WindTurbineHub,3d-WindTurbineHub,Tet4,linear_elastic_solid,linear_elastic_solid,228384,1113684,685152,3,PASS,,parallel_symbolic_reuse,cpu_graph_coloring,11,parallel_symbolic_parallel_numeric,1,1,480.58167,429.003287,909.584957,149752608,198.381609,323.783669,323.783669,522.165278,0,0,0,1431.750235,0,0,0,1.225939172e-16,0.0048828125,PASS,serial_symbolic_serial_numeric,332767012,699393556,1032160568,332767012,8909472,0,1523589660,158662080,0,3637.933594,process_ru_maxrss,resource.getrusage(RUSAGE_CHILDREN).ru_maxrss,,,direct_no_symbolic_serial,mesh_ready_to_matrix_assembled,direct_no_symbolic_serial,Linux;x86_64;GCC 13.3;OpenMP 201511,Intel(R) Core(TM) Ultra 7 265KF,20,20
pgsa-basic-metrics-v1,correctness_memory_time_v1,3d-WindTurbineHub,3d-WindTurbineHub,Tet4,linear_elastic_solid,linear_elastic_solid,228384,1113684,685152,1,PASS,,parallel_symbolic_reuse,cpu_row_owner,11,parallel_symbolic_parallel_numeric,1,1,460.694353,429.480374,890.174727,149752608,3773.839302,189.651444,189.651444,3963.490746,0,0,0,4853.665473,0,0,0,0,0,PASS,serial_symbolic_serial_numeric,332767012,699393556,1032160568,332767012,1924445952,0,3439126140,2074198560,0,5473.023438,process_ru_maxrss,resource.getrusage(RUSAGE_CHILDREN).ru_maxrss,,,direct_no_symbolic_serial,mesh_ready_to_matrix_assembled,direct_no_symbolic_serial,Linux;x86_64;GCC 13.3;OpenMP 201511,Intel(R) Core(TM) Ultra 7 265KF,20,20
pgsa-basic-metrics-v1,correctness_memory_time_v1,3d-WindTurbineHub,3d-WindTurbineHub,Tet4,linear_elastic_solid,linear_elastic_solid,228384,1113684,685152,2,PASS,,parallel_symbolic_reuse,cpu_row_owner,11,parallel_symbolic_parallel_numeric,1,1,456.649451,430.501536,887.150987,149752608,3776.449477,191.80166,191.80166,3968.251137,0,0,0,4855.402124,0,0,0,0,0,PASS,serial_symbolic_serial_numeric,332767012,699393556,1032160568,332767012,1924445952,0,3439126140,2074198560,0,5473.125000,process_ru_maxrss,resource.getrusage(RUSAGE_CHILDREN).ru_maxrss,,,direct_no_symbolic_serial,mesh_ready_to_matrix_assembled,direct_no_symbolic_serial,Linux;x86_64;GCC 13.3;OpenMP 201511,Intel(R) Core(TM) Ultra 7 265KF,20,20
pgsa-basic-metrics-v1,correctness_memory_time_v1,3d-WindTurbineHub,3d-WindTurbineHub,Tet4,linear_elastic_solid,linear_elastic_solid,228384,1113684,685152,3,PASS,,parallel_symbolic_reuse,cpu_row_owner,11,parallel_symbolic_parallel_numeric,1,1,461.157422,432.59798,893.755402,149752608,3818.986913,188.503081,188.503081,4007.489994,0,0,0,4901.245396,0,0,0,0,0,PASS,serial_symbolic_serial_numeric,332767012,699393556,1032160568,332767012,1924445952,0,3439126140,2074198560,0,5473.136719,process_ru_maxrss,resource.getrusage(RUSAGE_CHILDREN).ru_maxrss,,,direct_no_symbolic_serial,mesh_ready_to_matrix_assembled,direct_no_symbolic_serial,Linux;x86_64;GCC 13.3;OpenMP 201511,Intel(R) Core(TM) Ultra 7 265KF,20,20
pgsa-basic-metrics-v1,correctness_memory_time_v1,3d-WindTurbineHub,3d-WindTurbineHub,Tet4,linear_elastic_solid,linear_elastic_solid,228384,1113684,685152,1,PASS,,parallel_symbolic_reuse,cpu_atomic,12,parallel_symbolic_parallel_numeric,1,1,462.509164,422.168322,884.677486,149752608,0,192.708292,192.708292,192.708292,0,0,0,1077.385778,0,0,0,1.93923162e-17,0.005859375,PASS,serial_symbolic_serial_numeric,332767012,699393556,1032160568,332767012,0,0,1514680188,149752608,0,3617.187500,process_ru_maxrss,resource.getrusage(RUSAGE_CHILDREN).ru_maxrss,,,direct_no_symbolic_serial,mesh_ready_to_matrix_assembled,direct_no_symbolic_serial,Linux;x86_64;GCC 13.3;OpenMP 201511,Intel(R) Core(TM) Ultra 7 265KF,20,20
pgsa-basic-metrics-v1,correctness_memory_time_v1,3d-WindTurbineHub,3d-WindTurbineHub,Tet4,linear_elastic_solid,linear_elastic_solid,228384,1113684,685152,2,PASS,,parallel_symbolic_reuse,cpu_atomic,12,parallel_symbolic_parallel_numeric,1,1,453.408369,421.183351,874.59172,149752608,0,192.563096,192.563096,192.563096,0,0,0,1067.154816,0,0,0,1.936303812e-17,0.005859375,PASS,serial_symbolic_serial_numeric,332767012,699393556,1032160568,332767012,0,0,1514680188,149752608,0,3617.187500,process_ru_maxrss,resource.getrusage(RUSAGE_CHILDREN).ru_maxrss,,,direct_no_symbolic_serial,mesh_ready_to_matrix_assembled,direct_no_symbolic_serial,Linux;x86_64;GCC 13.3;OpenMP 201511,Intel(R) Core(TM) Ultra 7 265KF,20,20
pgsa-basic-metrics-v1,correctness_memory_time_v1,3d-WindTurbineHub,3d-WindTurbineHub,Tet4,linear_elastic_solid,linear_elastic_solid,228384,1113684,685152,3,PASS,,parallel_symbolic_reuse,cpu_atomic,12,parallel_symbolic_parallel_numeric,1,1,440.570989,423.018234,863.589223,149752608,0,195.447603,195.447603,195.447603,0,0,0,1059.036826,0,0,0,1.931775877e-17,0.005859375,PASS,serial_symbolic_serial_numeric,332767012,699393556,1032160568,332767012,0,0,1514680188,149752608,0,3617.187500,process_ru_maxrss,resource.getrusage(RUSAGE_CHILDREN).ru_maxrss,,,direct_no_symbolic_serial,mesh_ready_to_matrix_assembled,direct_no_symbolic_serial,Linux;x86_64;GCC 13.3;OpenMP 201511,Intel(R) Core(TM) Ultra 7 265KF,20,20
pgsa-basic-metrics-v1,correctness_memory_time_v1,3d-WindTurbineHub,3d-WindTurbineHub,Tet4,linear_elastic_solid,linear_elastic_solid,228384,1113684,685152,1,PASS,,parallel_symbolic_reuse,cpu_private_csr,12,parallel_symbolic_parallel_numeric,1,1,463.084761,419.829953,882.914714,149752608,787.355722,345.907525,345.907525,1133.263247,0,0,0,2016.177961,0,0,0,1.932444198e-17,0.005859375,PASS,serial_symbolic_serial_numeric,332767012,699393556,1032160568,332767012,2640211200,0,4154891388,2789963808,0,6160.902344,process_ru_maxrss,resource.getrusage(RUSAGE_CHILDREN).ru_maxrss,,,direct_no_symbolic_serial,mesh_ready_to_matrix_assembled,direct_no_symbolic_serial,Linux;x86_64;GCC 13.3;OpenMP 201511,Intel(R) Core(TM) Ultra 7 265KF,20,20
pgsa-basic-metrics-v1,correctness_memory_time_v1,3d-WindTurbineHub,3d-WindTurbineHub,Tet4,linear_elastic_solid,linear_elastic_solid,228384,1113684,685152,2,PASS,,parallel_symbolic_reuse,cpu_private_csr,12,parallel_symbolic_parallel_numeric,1,1,437.569023,420.629371,858.198394,149752608,800.578841,349.06672,349.06672,1149.645561,0,0,0,2007.843955,0,0,0,1.932444198e-17,0.005859375,PASS,serial_symbolic_serial_numeric,332767012,699393556,1032160568,332767012,2640211200,0,4154891388,2789963808,0,6161.003906,process_ru_maxrss,resource.getrusage(RUSAGE_CHILDREN).ru_maxrss,,,direct_no_symbolic_serial,mesh_ready_to_matrix_assembled,direct_no_symbolic_serial,Linux;x86_64;GCC 13.3;OpenMP 201511,Intel(R) Core(TM) Ultra 7 265KF,20,20
pgsa-basic-metrics-v1,correctness_memory_time_v1,3d-WindTurbineHub,3d-WindTurbineHub,Tet4,linear_elastic_solid,linear_elastic_solid,228384,1113684,685152,3,PASS,,parallel_symbolic_reuse,cpu_private_csr,12,parallel_symbolic_parallel_numeric,1,1,439.056587,419.905505,858.962092,149752608,794.811784,341.386998,341.386998,1136.198782,0,0,0,1995.160874,0,0,0,1.932444198e-17,0.005859375,PASS,serial_symbolic_serial_numeric,332767012,699393556,1032160568,332767012,2640211200,0,4154891388,2789963808,0,6160.738281,process_ru_maxrss,resource.getrusage(RUSAGE_CHILDREN).ru_maxrss,,,direct_no_symbolic_serial,mesh_ready_to_matrix_assembled,direct_no_symbolic_serial,Linux;x86_64;GCC 13.3;OpenMP 201511,Intel(R) Core(TM) Ultra 7 265KF,20,20
pgsa-basic-metrics-v1,correctness_memory_time_v1,3d-WindTurbineHub,3d-WindTurbineHub,Tet4,linear_elastic_solid,linear_elastic_solid,228384,1113684,685152,1,PASS,,parallel_symbolic_reuse,cpu_lock_guard,12,parallel_symbolic_parallel_numeric,1,1,450.350167,423.115578,873.465745,149752608,411.579236,599.991982,599.991982,1011.571218,0,0,0,1885.036963,0,0,0,2.065217125e-17,0.005859375,PASS,serial_symbolic_serial_numeric,332767012,699393556,1032160568,332767012,1100088000,0,2614768188,1249840608,0,4692.011719,process_ru_maxrss,resource.getrusage(RUSAGE_CHILDREN).ru_maxrss,,,direct_no_symbolic_serial,mesh_ready_to_matrix_assembled,direct_no_symbolic_serial,Linux;x86_64;GCC 13.3;OpenMP 201511,Intel(R) Core(TM) Ultra 7 265KF,20,20
pgsa-basic-metrics-v1,correctness_memory_time_v1,3d-WindTurbineHub,3d-WindTurbineHub,Tet4,linear_elastic_solid,linear_elastic_solid,228384,1113684,685152,2,PASS,,parallel_symbolic_reuse,cpu_lock_guard,12,parallel_symbolic_parallel_numeric,1,1,439.100273,422.635221,861.735494,149752608,412.792573,603.936411,603.936411,1016.728984,0,0,0,1878.464478,0,0,0,2.059417837e-17,0.005859375,PASS,serial_symbolic_serial_numeric,332767012,699393556,1032160568,332767012,1100088000,0,2614768188,1249840608,0,4691.941406,process_ru_maxrss,resource.getrusage(RUSAGE_CHILDREN).ru_maxrss,,,direct_no_symbolic_serial,mesh_ready_to_matrix_assembled,direct_no_symbolic_serial,Linux;x86_64;GCC 13.3;OpenMP 201511,Intel(R) Core(TM) Ultra 7 265KF,20,20
pgsa-basic-metrics-v1,correctness_memory_time_v1,3d-WindTurbineHub,3d-WindTurbineHub,Tet4,linear_elastic_solid,linear_elastic_solid,228384,1113684,685152,3,PASS,,parallel_symbolic_reuse,cpu_lock_guard,12,parallel_symbolic_parallel_numeric,1,1,448.607637,420.350436,868.958073,149752608,415.073963,600.983225,600.983225,1016.057188,0,0,0,1885.015261,0,0,0,2.066476497e-17,0.005859375,PASS,serial_symbolic_serial_numeric,332767012,699393556,1032160568,332767012,1100088000,0,2614768188,1249840608,0,4692.121094,process_ru_maxrss,resource.getrusage(RUSAGE_CHILDREN).ru_maxrss,,,direct_no_symbolic_serial,mesh_ready_to_matrix_assembled,direct_no_symbolic_serial,Linux;x86_64;GCC 13.3;OpenMP 201511,Intel(R) Core(TM) Ultra 7 265KF,20,20
pgsa-basic-metrics-v1,correctness_memory_time_v1,3d-WindTurbineHub,3d-WindTurbineHub,Tet4,linear_elastic_solid,linear_elastic_solid,228384,1113684,685152,1,PASS,,parallel_symbolic_reuse,cpu_graph_coloring,12,parallel_symbolic_parallel_numeric,1,1,438.230614,419.753875,857.984489,149752608,204.054177,225.605192,225.605192,429.659369,0,0,0,1287.643858,0,0,0,1.225939172e-16,0.0048828125,PASS,serial_symbolic_serial_numeric,332767012,699393556,1032160568,332767012,8909472,0,1523589660,158662080,0,3642.835938,process_ru_maxrss,resource.getrusage(RUSAGE_CHILDREN).ru_maxrss,,,direct_no_symbolic_serial,mesh_ready_to_matrix_assembled,direct_no_symbolic_serial,Linux;x86_64;GCC 13.3;OpenMP 201511,Intel(R) Core(TM) Ultra 7 265KF,20,20
pgsa-basic-metrics-v1,correctness_memory_time_v1,3d-WindTurbineHub,3d-WindTurbineHub,Tet4,linear_elastic_solid,linear_elastic_solid,228384,1113684,685152,2,PASS,,parallel_symbolic_reuse,cpu_graph_coloring,12,parallel_symbolic_parallel_numeric,1,1,438.783477,421.580603,860.36408,149752608,202.320443,221.693854,221.693854,424.014297,0,0,0,1284.378377,0,0,0,1.225939172e-16,0.0048828125,PASS,serial_symbolic_serial_numeric,332767012,699393556,1032160568,332767012,8909472,0,1523589660,158662080,0,3642.773438,process_ru_maxrss,resource.getrusage(RUSAGE_CHILDREN).ru_maxrss,,,direct_no_symbolic_serial,mesh_ready_to_matrix_assembled,direct_no_symbolic_serial,Linux;x86_64;GCC 13.3;OpenMP 201511,Intel(R) Core(TM) Ultra 7 265KF,20,20
pgsa-basic-metrics-v1,correctness_memory_time_v1,3d-WindTurbineHub,3d-WindTurbineHub,Tet4,linear_elastic_solid,linear_elastic_solid,228384,1113684,685152,3,PASS,,parallel_symbolic_reuse,cpu_graph_coloring,12,parallel_symbolic_parallel_numeric,1,1,442.157525,422.55013,864.707655,149752608,197.580623,224.28909,224.28909,421.869713,0,0,0,1286.577368,0,0,0,1.225939172e-16,0.0048828125,PASS,serial_symbolic_serial_numeric,332767012,699393556,1032160568,332767012,8909472,0,1523589660,158662080,0,3642.882812,process_ru_maxrss,resource.getrusage(RUSAGE_CHILDREN).ru_maxrss,,,direct_no_symbolic_serial,mesh_ready_to_matrix_assembled,direct_no_symbolic_serial,Linux;x86_64;GCC 13.3;OpenMP 201511,Intel(R) Core(TM) Ultra 7 265KF,20,20
pgsa-basic-metrics-v1,correctness_memory_time_v1,3d-WindTurbineHub,3d-WindTurbineHub,Tet4,linear_elastic_solid,linear_elastic_solid,228384,1113684,685152,1,PASS,,parallel_symbolic_reuse,cpu_row_owner,12,parallel_symbolic_parallel_numeric,1,1,443.295354,416.644693,859.940047,149752608,3956.11269,169.177908,169.177908,4125.290598,0,0,0,4985.230645,0,0,0,0,0,PASS,serial_symbolic_serial_numeric,332767012,699393556,1032160568,332767012,1924445952,0,3439126140,2074198560,0,5478.050781,process_ru_maxrss,resource.getrusage(RUSAGE_CHILDREN).ru_maxrss,,,direct_no_symbolic_serial,mesh_ready_to_matrix_assembled,direct_no_symbolic_serial,Linux;x86_64;GCC 13.3;OpenMP 201511,Intel(R) Core(TM) Ultra 7 265KF,20,20
pgsa-basic-metrics-v1,correctness_memory_time_v1,3d-WindTurbineHub,3d-WindTurbineHub,Tet4,linear_elastic_solid,linear_elastic_solid,228384,1113684,685152,2,PASS,,parallel_symbolic_reuse,cpu_row_owner,12,parallel_symbolic_parallel_numeric,1,1,443.333103,422.931067,866.26417,149752608,3923.104354,168.450849,168.450849,4091.555203,0,0,0,4957.819373,0,0,0,0,0,PASS,serial_symbolic_serial_numeric,332767012,699393556,1032160568,332767012,1924445952,0,3439126140,2074198560,0,5478.191406,process_ru_maxrss,resource.getrusage(RUSAGE_CHILDREN).ru_maxrss,,,direct_no_symbolic_serial,mesh_ready_to_matrix_assembled,direct_no_symbolic_serial,Linux;x86_64;GCC 13.3;OpenMP 201511,Intel(R) Core(TM) Ultra 7 265KF,20,20
pgsa-basic-metrics-v1,correctness_memory_time_v1,3d-WindTurbineHub,3d-WindTurbineHub,Tet4,linear_elastic_solid,linear_elastic_solid,228384,1113684,685152,3,PASS,,parallel_symbolic_reuse,cpu_row_owner,12,parallel_symbolic_parallel_numeric,1,1,453.145195,421.359101,874.504296,149752608,3948.083878,170.299341,170.299341,4118.383219,0,0,0,4992.887515,0,0,0,0,0,PASS,serial_symbolic_serial_numeric,332767012,699393556,1032160568,332767012,1924445952,0,3439126140,2074198560,0,5478.019531,process_ru_maxrss,resource.getrusage(RUSAGE_CHILDREN).ru_maxrss,,,direct_no_symbolic_serial,mesh_ready_to_matrix_assembled,direct_no_symbolic_serial,Linux;x86_64;GCC 13.3;OpenMP 201511,Intel(R) Core(TM) Ultra 7 265KF,20,20
pgsa-basic-metrics-v1,correctness_memory_time_v1,3d-WindTurbineHub,3d-WindTurbineHub,Tet4,linear_elastic_solid,linear_elastic_solid,228384,1113684,685152,1,PASS,,parallel_symbolic_reuse,cpu_atomic,13,parallel_symbolic_parallel_numeric,1,1,430.962263,411.80441,842.766673,149752608,0,182.255494,182.255494,182.255494,0,0,0,1025.022167,0,0,0,1.473055398e-16,0.005859375,PASS,serial_symbolic_serial_numeric,332767012,699393556,1032160568,332767012,0,0,1514680188,149752608,0,3692.761719,process_ru_maxrss,resource.getrusage(RUSAGE_CHILDREN).ru_maxrss,,,direct_no_symbolic_serial,mesh_ready_to_matrix_assembled,direct_no_symbolic_serial,Linux;x86_64;GCC 13.3;OpenMP 201511,Intel(R) Core(TM) Ultra 7 265KF,20,20
pgsa-basic-metrics-v1,correctness_memory_time_v1,3d-WindTurbineHub,3d-WindTurbineHub,Tet4,linear_elastic_solid,linear_elastic_solid,228384,1113684,685152,2,PASS,,parallel_symbolic_reuse,cpu_atomic,13,parallel_symbolic_parallel_numeric,1,1,425.217649,408.856769,834.074418,149752608,0,183.320483,183.320483,183.320483,0,0,0,1017.394901,0,0,0,1.473275731e-16,0.005859375,PASS,serial_symbolic_serial_numeric,332767012,699393556,1032160568,332767012,0,0,1514680188,149752608,0,3692.925781,process_ru_maxrss,resource.getrusage(RUSAGE_CHILDREN).ru_maxrss,,,direct_no_symbolic_serial,mesh_ready_to_matrix_assembled,direct_no_symbolic_serial,Linux;x86_64;GCC 13.3;OpenMP 201511,Intel(R) Core(TM) Ultra 7 265KF,20,20
pgsa-basic-metrics-v1,correctness_memory_time_v1,3d-WindTurbineHub,3d-WindTurbineHub,Tet4,linear_elastic_solid,linear_elastic_solid,228384,1113684,685152,3,PASS,,parallel_symbolic_reuse,cpu_atomic,13,parallel_symbolic_parallel_numeric,1,1,433.902661,408.09714,841.999801,149752608,0,183.22843,183.22843,183.22843,0,0,0,1025.228231,0,0,0,1.473035216e-16,0.005859375,PASS,serial_symbolic_serial_numeric,332767012,699393556,1032160568,332767012,0,0,1514680188,149752608,0,3692.789062,process_ru_maxrss,resource.getrusage(RUSAGE_CHILDREN).ru_maxrss,,,direct_no_symbolic_serial,mesh_ready_to_matrix_assembled,direct_no_symbolic_serial,Linux;x86_64;GCC 13.3;OpenMP 201511,Intel(R) Core(TM) Ultra 7 265KF,20,20
pgsa-basic-metrics-v1,correctness_memory_time_v1,3d-WindTurbineHub,3d-WindTurbineHub,Tet4,linear_elastic_solid,linear_elastic_solid,228384,1113684,685152,1,PASS,,parallel_symbolic_reuse,cpu_private_csr,13,parallel_symbolic_parallel_numeric,1,1,436.381496,410.458199,846.839695,149752608,862.852203,362.102408,362.102408,1224.954611,0,0,0,2071.794306,0,0,0,1.128468268e-16,0.0078125,PASS,serial_symbolic_serial_numeric,332767012,699393556,1032160568,332767012,2860228800,0,4374908988,3009981408,0,6375.390625,process_ru_maxrss,resource.getrusage(RUSAGE_CHILDREN).ru_maxrss,,,direct_no_symbolic_serial,mesh_ready_to_matrix_assembled,direct_no_symbolic_serial,Linux;x86_64;GCC 13.3;OpenMP 201511,Intel(R) Core(TM) Ultra 7 265KF,20,20
pgsa-basic-metrics-v1,correctness_memory_time_v1,3d-WindTurbineHub,3d-WindTurbineHub,Tet4,linear_elastic_solid,linear_elastic_solid,228384,1113684,685152,2,PASS,,parallel_symbolic_reuse,cpu_private_csr,13,parallel_symbolic_parallel_numeric,1,1,424.871668,409.174134,834.045802,149752608,865.093049,356.647601,356.647601,1221.74065,0,0,0,2055.786452,0,0,0,1.128468268e-16,0.0078125,PASS,serial_symbolic_serial_numeric,332767012,699393556,1032160568,332767012,2860228800,0,4374908988,3009981408,0,6375.410156,process_ru_maxrss,resource.getrusage(RUSAGE_CHILDREN).ru_maxrss,,,direct_no_symbolic_serial,mesh_ready_to_matrix_assembled,direct_no_symbolic_serial,Linux;x86_64;GCC 13.3;OpenMP 201511,Intel(R) Core(TM) Ultra 7 265KF,20,20
pgsa-basic-metrics-v1,correctness_memory_time_v1,3d-WindTurbineHub,3d-WindTurbineHub,Tet4,linear_elastic_solid,linear_elastic_solid,228384,1113684,685152,3,PASS,,parallel_symbolic_reuse,cpu_private_csr,13,parallel_symbolic_parallel_numeric,1,1,435.529141,410.875313,846.404454,149752608,863.388358,359.612233,359.612233,1223.000591,0,0,0,2069.405045,0,0,0,1.128468268e-16,0.0078125,PASS,serial_symbolic_serial_numeric,332767012,699393556,1032160568,332767012,2860228800,0,4374908988,3009981408,0,6375.398438,process_ru_maxrss,resource.getrusage(RUSAGE_CHILDREN).ru_maxrss,,,direct_no_symbolic_serial,mesh_ready_to_matrix_assembled,direct_no_symbolic_serial,Linux;x86_64;GCC 13.3;OpenMP 201511,Intel(R) Core(TM) Ultra 7 265KF,20,20
pgsa-basic-metrics-v1,correctness_memory_time_v1,3d-WindTurbineHub,3d-WindTurbineHub,Tet4,linear_elastic_solid,linear_elastic_solid,228384,1113684,685152,1,PASS,,parallel_symbolic_reuse,cpu_lock_guard,13,parallel_symbolic_parallel_numeric,1,1,447.813506,410.01183,857.825336,149752608,413.359052,587.467488,587.467488,1000.82654,0,0,0,1858.651876,0,0,0,1.483725421e-16,0.005859375,PASS,serial_symbolic_serial_numeric,332767012,699393556,1032160568,332767012,1100088000,0,2614768188,1249840608,0,4696.640625,process_ru_maxrss,resource.getrusage(RUSAGE_CHILDREN).ru_maxrss,,,direct_no_symbolic_serial,mesh_ready_to_matrix_assembled,direct_no_symbolic_serial,Linux;x86_64;GCC 13.3;OpenMP 201511,Intel(R) Core(TM) Ultra 7 265KF,20,20
pgsa-basic-metrics-v1,correctness_memory_time_v1,3d-WindTurbineHub,3d-WindTurbineHub,Tet4,linear_elastic_solid,linear_elastic_solid,228384,1113684,685152,2,PASS,,parallel_symbolic_reuse,cpu_lock_guard,13,parallel_symbolic_parallel_numeric,1,1,424.47452,407.908956,832.383476,149752608,412.357538,587.613475,587.613475,999.971013,0,0,0,1832.354489,0,0,0,1.483682514e-16,0.005859375,PASS,serial_symbolic_serial_numeric,332767012,699393556,1032160568,332767012,1100088000,0,2614768188,1249840608,0,4696.800781,process_ru_maxrss,resource.getrusage(RUSAGE_CHILDREN).ru_maxrss,,,direct_no_symbolic_serial,mesh_ready_to_matrix_assembled,direct_no_symbolic_serial,Linux;x86_64;GCC 13.3;OpenMP 201511,Intel(R) Core(TM) Ultra 7 265KF,20,20
pgsa-basic-metrics-v1,correctness_memory_time_v1,3d-WindTurbineHub,3d-WindTurbineHub,Tet4,linear_elastic_solid,linear_elastic_solid,228384,1113684,685152,3,PASS,,parallel_symbolic_reuse,cpu_lock_guard,13,parallel_symbolic_parallel_numeric,1,1,432.837224,410.746213,843.583437,149752608,415.24435,595.332393,595.332393,1010.576743,0,0,0,1854.16018,0,0,0,1.483701511e-16,0.005859375,PASS,serial_symbolic_serial_numeric,332767012,699393556,1032160568,332767012,1100088000,0,2614768188,1249840608,0,4696.777344,process_ru_maxrss,resource.getrusage(RUSAGE_CHILDREN).ru_maxrss,,,direct_no_symbolic_serial,mesh_ready_to_matrix_assembled,direct_no_symbolic_serial,Linux;x86_64;GCC 13.3;OpenMP 201511,Intel(R) Core(TM) Ultra 7 265KF,20,20
pgsa-basic-metrics-v1,correctness_memory_time_v1,3d-WindTurbineHub,3d-WindTurbineHub,Tet4,linear_elastic_solid,linear_elastic_solid,228384,1113684,685152,1,PASS,,parallel_symbolic_reuse,cpu_graph_coloring,13,parallel_symbolic_parallel_numeric,1,1,426.530559,411.692338,838.222897,149752608,198.823575,222.117438,222.117438,420.941013,0,0,0,1259.16391,0,0,0,1.225939172e-16,0.0048828125,PASS,serial_symbolic_serial_numeric,332767012,699393556,1032160568,332767012,8909472,0,1523589660,158662080,0,3647.484375,process_ru_maxrss,resource.getrusage(RUSAGE_CHILDREN).ru_maxrss,,,direct_no_symbolic_serial,mesh_ready_to_matrix_assembled,direct_no_symbolic_serial,Linux;x86_64;GCC 13.3;OpenMP 201511,Intel(R) Core(TM) Ultra 7 265KF,20,20
pgsa-basic-metrics-v1,correctness_memory_time_v1,3d-WindTurbineHub,3d-WindTurbineHub,Tet4,linear_elastic_solid,linear_elastic_solid,228384,1113684,685152,2,PASS,,parallel_symbolic_reuse,cpu_graph_coloring,13,parallel_symbolic_parallel_numeric,1,1,434.672122,410.908964,845.581086,149752608,199.818275,213.226656,213.226656,413.044931,0,0,0,1258.626017,0,0,0,1.225939172e-16,0.0048828125,PASS,serial_symbolic_serial_numeric,332767012,699393556,1032160568,332767012,8909472,0,1523589660,158662080,0,3647.367188,process_ru_maxrss,resource.getrusage(RUSAGE_CHILDREN).ru_maxrss,,,direct_no_symbolic_serial,mesh_ready_to_matrix_assembled,direct_no_symbolic_serial,Linux;x86_64;GCC 13.3;OpenMP 201511,Intel(R) Core(TM) Ultra 7 265KF,20,20
pgsa-basic-metrics-v1,correctness_memory_time_v1,3d-WindTurbineHub,3d-WindTurbineHub,Tet4,linear_elastic_solid,linear_elastic_solid,228384,1113684,685152,3,PASS,,parallel_symbolic_reuse,cpu_graph_coloring,13,parallel_symbolic_parallel_numeric,1,1,426.147977,411.000562,837.148539,149752608,199.983766,221.819114,221.819114,421.80288,0,0,0,1258.951419,0,0,0,1.225939172e-16,0.0048828125,PASS,serial_symbolic_serial_numeric,332767012,699393556,1032160568,332767012,8909472,0,1523589660,158662080,0,3647.542969,process_ru_maxrss,resource.getrusage(RUSAGE_CHILDREN).ru_maxrss,,,direct_no_symbolic_serial,mesh_ready_to_matrix_assembled,direct_no_symbolic_serial,Linux;x86_64;GCC 13.3;OpenMP 201511,Intel(R) Core(TM) Ultra 7 265KF,20,20
pgsa-basic-metrics-v1,correctness_memory_time_v1,3d-WindTurbineHub,3d-WindTurbineHub,Tet4,linear_elastic_solid,linear_elastic_solid,228384,1113684,685152,1,PASS,,parallel_symbolic_reuse,cpu_row_owner,13,parallel_symbolic_parallel_numeric,1,1,425.025086,410.202534,835.22762,149752608,3960.887323,166.888501,166.888501,4127.775824,0,0,0,4963.003444,0,0,0,0,0,PASS,serial_symbolic_serial_numeric,332767012,699393556,1032160568,332767012,1924445952,0,3439126140,2074198560,0,5482.843750,process_ru_maxrss,resource.getrusage(RUSAGE_CHILDREN).ru_maxrss,,,direct_no_symbolic_serial,mesh_ready_to_matrix_assembled,direct_no_symbolic_serial,Linux;x86_64;GCC 13.3;OpenMP 201511,Intel(R) Core(TM) Ultra 7 265KF,20,20
pgsa-basic-metrics-v1,correctness_memory_time_v1,3d-WindTurbineHub,3d-WindTurbineHub,Tet4,linear_elastic_solid,linear_elastic_solid,228384,1113684,685152,2,PASS,,parallel_symbolic_reuse,cpu_row_owner,13,parallel_symbolic_parallel_numeric,1,1,425.627924,407.501826,833.12975,149752608,3985.004661,166.718756,166.718756,4151.723417,0,0,0,4984.853167,0,0,0,0,0,PASS,serial_symbolic_serial_numeric,332767012,699393556,1032160568,332767012,1924445952,0,3439126140,2074198560,0,5482.734375,process_ru_maxrss,resource.getrusage(RUSAGE_CHILDREN).ru_maxrss,,,direct_no_symbolic_serial,mesh_ready_to_matrix_assembled,direct_no_symbolic_serial,Linux;x86_64;GCC 13.3;OpenMP 201511,Intel(R) Core(TM) Ultra 7 265KF,20,20
pgsa-basic-metrics-v1,correctness_memory_time_v1,3d-WindTurbineHub,3d-WindTurbineHub,Tet4,linear_elastic_solid,linear_elastic_solid,228384,1113684,685152,3,PASS,,parallel_symbolic_reuse,cpu_row_owner,13,parallel_symbolic_parallel_numeric,1,1,425.351991,411.065217,836.417208,149752608,3973.348397,166.309583,166.309583,4139.65798,0,0,0,4976.075188,0,0,0,0,0,PASS,serial_symbolic_serial_numeric,332767012,699393556,1032160568,332767012,1924445952,0,3439126140,2074198560,0,5482.707031,process_ru_maxrss,resource.getrusage(RUSAGE_CHILDREN).ru_maxrss,,,direct_no_symbolic_serial,mesh_ready_to_matrix_assembled,direct_no_symbolic_serial,Linux;x86_64;GCC 13.3;OpenMP 201511,Intel(R) Core(TM) Ultra 7 265KF,20,20
pgsa-basic-metrics-v1,correctness_memory_time_v1,3d-WindTurbineHub,3d-WindTurbineHub,Tet4,linear_elastic_solid,linear_elastic_solid,228384,1113684,685152,1,PASS,,parallel_symbolic_reuse,cpu_atomic,14,parallel_symbolic_parallel_numeric,1,1,418.566875,398.001753,816.568628,149752608,0,174.592001,174.592001,174.592001,0,0,0,991.160629,0,0,0,1.506554531e-16,0.0068359375,PASS,serial_symbolic_serial_numeric,332767012,699393556,1032160568,332767012,0,0,1514680188,149752608,0,3625.843750,process_ru_maxrss,resource.getrusage(RUSAGE_CHILDREN).ru_maxrss,,,direct_no_symbolic_serial,mesh_ready_to_matrix_assembled,direct_no_symbolic_serial,Linux;x86_64;GCC 13.3;OpenMP 201511,Intel(R) Core(TM) Ultra 7 265KF,20,20
pgsa-basic-metrics-v1,correctness_memory_time_v1,3d-WindTurbineHub,3d-WindTurbineHub,Tet4,linear_elastic_solid,linear_elastic_solid,228384,1113684,685152,2,PASS,,parallel_symbolic_reuse,cpu_atomic,14,parallel_symbolic_parallel_numeric,1,1,444.484743,399.529283,844.014026,149752608,0,173.346512,173.346512,173.346512,0,0,0,1017.360538,0,0,0,1.5064855e-16,0.0068359375,PASS,serial_symbolic_serial_numeric,332767012,699393556,1032160568,332767012,0,0,1514680188,149752608,0,3625.851562,process_ru_maxrss,resource.getrusage(RUSAGE_CHILDREN).ru_maxrss,,,direct_no_symbolic_serial,mesh_ready_to_matrix_assembled,direct_no_symbolic_serial,Linux;x86_64;GCC 13.3;OpenMP 201511,Intel(R) Core(TM) Ultra 7 265KF,20,20
pgsa-basic-metrics-v1,correctness_memory_time_v1,3d-WindTurbineHub,3d-WindTurbineHub,Tet4,linear_elastic_solid,linear_elastic_solid,228384,1113684,685152,3,PASS,,parallel_symbolic_reuse,cpu_atomic,14,parallel_symbolic_parallel_numeric,1,1,425.162784,397.498417,822.661201,149752608,0,174.055541,174.055541,174.055541,0,0,0,996.716742,0,0,0,1.506796508e-16,0.0068359375,PASS,serial_symbolic_serial_numeric,332767012,699393556,1032160568,332767012,0,0,1514680188,149752608,0,3625.601562,process_ru_maxrss,resource.getrusage(RUSAGE_CHILDREN).ru_maxrss,,,direct_no_symbolic_serial,mesh_ready_to_matrix_assembled,direct_no_symbolic_serial,Linux;x86_64;GCC 13.3;OpenMP 201511,Intel(R) Core(TM) Ultra 7 265KF,20,20
pgsa-basic-metrics-v1,correctness_memory_time_v1,3d-WindTurbineHub,3d-WindTurbineHub,Tet4,linear_elastic_solid,linear_elastic_solid,228384,1113684,685152,1,PASS,,parallel_symbolic_reuse,cpu_private_csr,14,parallel_symbolic_parallel_numeric,1,1,414.592974,399.460747,814.053721,149752608,931.593355,370.442093,370.442093,1302.035448,0,0,0,2116.089169,0,0,0,1.157088542e-16,0.005859375,PASS,serial_symbolic_serial_numeric,332767012,699393556,1032160568,332767012,3080246400,0,4594926588,3229999008,0,6588.863281,process_ru_maxrss,resource.getrusage(RUSAGE_CHILDREN).ru_maxrss,,,direct_no_symbolic_serial,mesh_ready_to_matrix_assembled,direct_no_symbolic_serial,Linux;x86_64;GCC 13.3;OpenMP 201511,Intel(R) Core(TM) Ultra 7 265KF,20,20
pgsa-basic-metrics-v1,correctness_memory_time_v1,3d-WindTurbineHub,3d-WindTurbineHub,Tet4,linear_elastic_solid,linear_elastic_solid,228384,1113684,685152,2,PASS,,parallel_symbolic_reuse,cpu_private_csr,14,parallel_symbolic_parallel_numeric,1,1,488.513972,398.609752,887.123724,149752608,928.502952,374.416737,374.416737,1302.919689,0,0,0,2190.043413,0,0,0,1.157088542e-16,0.005859375,PASS,serial_symbolic_serial_numeric,332767012,699393556,1032160568,332767012,3080246400,0,4594926588,3229999008,0,6588.835938,process_ru_maxrss,resource.getrusage(RUSAGE_CHILDREN).ru_maxrss,,,direct_no_symbolic_serial,mesh_ready_to_matrix_assembled,direct_no_symbolic_serial,Linux;x86_64;GCC 13.3;OpenMP 201511,Intel(R) Core(TM) Ultra 7 265KF,20,20
pgsa-basic-metrics-v1,correctness_memory_time_v1,3d-WindTurbineHub,3d-WindTurbineHub,Tet4,linear_elastic_solid,linear_elastic_solid,228384,1113684,685152,3,PASS,,parallel_symbolic_reuse,cpu_private_csr,14,parallel_symbolic_parallel_numeric,1,1,415.286634,398.498433,813.785067,149752608,931.639854,369.733871,369.733871,1301.373725,0,0,0,2115.158792,0,0,0,1.157088542e-16,0.005859375,PASS,serial_symbolic_serial_numeric,332767012,699393556,1032160568,332767012,3080246400,0,4594926588,3229999008,0,6589.027344,process_ru_maxrss,resource.getrusage(RUSAGE_CHILDREN).ru_maxrss,,,direct_no_symbolic_serial,mesh_ready_to_matrix_assembled,direct_no_symbolic_serial,Linux;x86_64;GCC 13.3;OpenMP 201511,Intel(R) Core(TM) Ultra 7 265KF,20,20
pgsa-basic-metrics-v1,correctness_memory_time_v1,3d-WindTurbineHub,3d-WindTurbineHub,Tet4,linear_elastic_solid,linear_elastic_solid,228384,1113684,685152,1,PASS,,parallel_symbolic_reuse,cpu_lock_guard,14,parallel_symbolic_parallel_numeric,1,1,414.087563,398.660761,812.748324,149752608,418.872557,573.559893,573.559893,992.43245,0,0,0,1805.180774,0,0,0,1.508171663e-16,0.0068359375,PASS,serial_symbolic_serial_numeric,332767012,699393556,1032160568,332767012,1100088000,0,2614768188,1249840608,0,4700.707031,process_ru_maxrss,resource.getrusage(RUSAGE_CHILDREN).ru_maxrss,,,direct_no_symbolic_serial,mesh_ready_to_matrix_assembled,direct_no_symbolic_serial,Linux;x86_64;GCC 13.3;OpenMP 201511,Intel(R) Core(TM) Ultra 7 265KF,20,20
pgsa-basic-metrics-v1,correctness_memory_time_v1,3d-WindTurbineHub,3d-WindTurbineHub,Tet4,linear_elastic_solid,linear_elastic_solid,228384,1113684,685152,2,PASS,,parallel_symbolic_reuse,cpu_lock_guard,14,parallel_symbolic_parallel_numeric,1,1,414.785206,396.370558,811.155764,149752608,415.156961,576.661283,576.661283,991.818244,0,0,0,1802.974008,0,0,0,1.508392908e-16,0.0068359375,PASS,serial_symbolic_serial_numeric,332767012,699393556,1032160568,332767012,1100088000,0,2614768188,1249840608,0,4700.570312,process_ru_maxrss,resource.getrusage(RUSAGE_CHILDREN).ru_maxrss,,,direct_no_symbolic_serial,mesh_ready_to_matrix_assembled,direct_no_symbolic_serial,Linux;x86_64;GCC 13.3;OpenMP 201511,Intel(R) Core(TM) Ultra 7 265KF,20,20
pgsa-basic-metrics-v1,correctness_memory_time_v1,3d-WindTurbineHub,3d-WindTurbineHub,Tet4,linear_elastic_solid,linear_elastic_solid,228384,1113684,685152,3,PASS,,parallel_symbolic_reuse,cpu_lock_guard,14,parallel_symbolic_parallel_numeric,1,1,412.583773,399.084855,811.668628,149752608,411.966318,576.616969,576.616969,988.583287,0,0,0,1800.251915,0,0,0,1.508001609e-16,0.0068359375,PASS,serial_symbolic_serial_numeric,332767012,699393556,1032160568,332767012,1100088000,0,2614768188,1249840608,0,4700.691406,process_ru_maxrss,resource.getrusage(RUSAGE_CHILDREN).ru_maxrss,,,direct_no_symbolic_serial,mesh_ready_to_matrix_assembled,direct_no_symbolic_serial,Linux;x86_64;GCC 13.3;OpenMP 201511,Intel(R) Core(TM) Ultra 7 265KF,20,20
pgsa-basic-metrics-v1,correctness_memory_time_v1,3d-WindTurbineHub,3d-WindTurbineHub,Tet4,linear_elastic_solid,linear_elastic_solid,228384,1113684,685152,1,PASS,,parallel_symbolic_reuse,cpu_graph_coloring,14,parallel_symbolic_parallel_numeric,1,1,453.882779,398.014731,851.89751,149752608,200.278999,213.641875,213.641875,413.920874,0,0,0,1265.818384,0,0,0,1.225939172e-16,0.0048828125,PASS,serial_symbolic_serial_numeric,332767012,699393556,1032160568,332767012,8909472,0,1523589660,158662080,0,3651.500000,process_ru_maxrss,resource.getrusage(RUSAGE_CHILDREN).ru_maxrss,,,direct_no_symbolic_serial,mesh_ready_to_matrix_assembled,direct_no_symbolic_serial,Linux;x86_64;GCC 13.3;OpenMP 201511,Intel(R) Core(TM) Ultra 7 265KF,20,20
pgsa-basic-metrics-v1,correctness_memory_time_v1,3d-WindTurbineHub,3d-WindTurbineHub,Tet4,linear_elastic_solid,linear_elastic_solid,228384,1113684,685152,2,PASS,,parallel_symbolic_reuse,cpu_graph_coloring,14,parallel_symbolic_parallel_numeric,1,1,413.38333,399.261158,812.644488,149752608,199.876456,212.923413,212.923413,412.799869,0,0,0,1225.444357,0,0,0,1.225939172e-16,0.0048828125,PASS,serial_symbolic_serial_numeric,332767012,699393556,1032160568,332767012,8909472,0,1523589660,158662080,0,3651.488281,process_ru_maxrss,resource.getrusage(RUSAGE_CHILDREN).ru_maxrss,,,direct_no_symbolic_serial,mesh_ready_to_matrix_assembled,direct_no_symbolic_serial,Linux;x86_64;GCC 13.3;OpenMP 201511,Intel(R) Core(TM) Ultra 7 265KF,20,20
pgsa-basic-metrics-v1,correctness_memory_time_v1,3d-WindTurbineHub,3d-WindTurbineHub,Tet4,linear_elastic_solid,linear_elastic_solid,228384,1113684,685152,3,PASS,,parallel_symbolic_reuse,cpu_graph_coloring,14,parallel_symbolic_parallel_numeric,1,1,416.848745,399.114437,815.963182,149752608,200.457743,210.601192,210.601192,411.058935,0,0,0,1227.022117,0,0,0,1.225939172e-16,0.0048828125,PASS,serial_symbolic_serial_numeric,332767012,699393556,1032160568,332767012,8909472,0,1523589660,158662080,0,3651.640625,process_ru_maxrss,resource.getrusage(RUSAGE_CHILDREN).ru_maxrss,,,direct_no_symbolic_serial,mesh_ready_to_matrix_assembled,direct_no_symbolic_serial,Linux;x86_64;GCC 13.3;OpenMP 201511,Intel(R) Core(TM) Ultra 7 265KF,20,20
pgsa-basic-metrics-v1,correctness_memory_time_v1,3d-WindTurbineHub,3d-WindTurbineHub,Tet4,linear_elastic_solid,linear_elastic_solid,228384,1113684,685152,1,PASS,,parallel_symbolic_reuse,cpu_row_owner,14,parallel_symbolic_parallel_numeric,1,1,414.195139,399.792664,813.987803,149752608,4026.432732,177.544852,177.544852,4203.977584,0,0,0,5017.965387,0,0,0,0,0,PASS,serial_symbolic_serial_numeric,332767012,699393556,1032160568,332767012,1924445952,0,3439126140,2074198560,0,5487.015625,process_ru_maxrss,resource.getrusage(RUSAGE_CHILDREN).ru_maxrss,,,direct_no_symbolic_serial,mesh_ready_to_matrix_assembled,direct_no_symbolic_serial,Linux;x86_64;GCC 13.3;OpenMP 201511,Intel(R) Core(TM) Ultra 7 265KF,20,20
pgsa-basic-metrics-v1,correctness_memory_time_v1,3d-WindTurbineHub,3d-WindTurbineHub,Tet4,linear_elastic_solid,linear_elastic_solid,228384,1113684,685152,2,PASS,,parallel_symbolic_reuse,cpu_row_owner,14,parallel_symbolic_parallel_numeric,1,1,440.088216,400.198647,840.286863,149752608,4003.271114,173.478139,173.478139,4176.749253,0,0,0,5017.036116,0,0,0,0,0,PASS,serial_symbolic_serial_numeric,332767012,699393556,1032160568,332767012,1924445952,0,3439126140,2074198560,0,5486.746094,process_ru_maxrss,resource.getrusage(RUSAGE_CHILDREN).ru_maxrss,,,direct_no_symbolic_serial,mesh_ready_to_matrix_assembled,direct_no_symbolic_serial,Linux;x86_64;GCC 13.3;OpenMP 201511,Intel(R) Core(TM) Ultra 7 265KF,20,20
pgsa-basic-metrics-v1,correctness_memory_time_v1,3d-WindTurbineHub,3d-WindTurbineHub,Tet4,linear_elastic_solid,linear_elastic_solid,228384,1113684,685152,3,PASS,,parallel_symbolic_reuse,cpu_row_owner,14,parallel_symbolic_parallel_numeric,1,1,427.848215,400.481905,828.33012,149752608,3995.654384,174.818257,174.818257,4170.472641,0,0,0,4998.802761,0,0,0,0,0,PASS,serial_symbolic_serial_numeric,332767012,699393556,1032160568,332767012,1924445952,0,3439126140,2074198560,0,5486.734375,process_ru_maxrss,resource.getrusage(RUSAGE_CHILDREN).ru_maxrss,,,direct_no_symbolic_serial,mesh_ready_to_matrix_assembled,direct_no_symbolic_serial,Linux;x86_64;GCC 13.3;OpenMP 201511,Intel(R) Core(TM) Ultra 7 265KF,20,20
pgsa-basic-metrics-v1,correctness_memory_time_v1,3d-WindTurbineHub,3d-WindTurbineHub,Tet4,linear_elastic_solid,linear_elastic_solid,228384,1113684,685152,1,PASS,,parallel_symbolic_reuse,cpu_atomic,15,parallel_symbolic_parallel_numeric,1,1,436.569196,387.898091,824.467287,149752608,0,164.080185,164.080185,164.080185,0,0,0,988.547472,0,0,0,1.50236895e-16,0.0078125,PASS,serial_symbolic_serial_numeric,332767012,699393556,1032160568,332767012,0,0,1514680188,149752608,0,3629.054688,process_ru_maxrss,resource.getrusage(RUSAGE_CHILDREN).ru_maxrss,,,direct_no_symbolic_serial,mesh_ready_to_matrix_assembled,direct_no_symbolic_serial,Linux;x86_64;GCC 13.3;OpenMP 201511,Intel(R) Core(TM) Ultra 7 265KF,20,20
pgsa-basic-metrics-v1,correctness_memory_time_v1,3d-WindTurbineHub,3d-WindTurbineHub,Tet4,linear_elastic_solid,linear_elastic_solid,228384,1113684,685152,2,PASS,,parallel_symbolic_reuse,cpu_atomic,15,parallel_symbolic_parallel_numeric,1,1,431.877924,388.982521,820.860445,149752608,0,166.27509,166.27509,166.27509,0,0,0,987.135535,0,0,0,1.502598377e-16,0.0078125,PASS,serial_symbolic_serial_numeric,332767012,699393556,1032160568,332767012,0,0,1514680188,149752608,0,3629.136719,process_ru_maxrss,resource.getrusage(RUSAGE_CHILDREN).ru_maxrss,,,direct_no_symbolic_serial,mesh_ready_to_matrix_assembled,direct_no_symbolic_serial,Linux;x86_64;GCC 13.3;OpenMP 201511,Intel(R) Core(TM) Ultra 7 265KF,20,20
pgsa-basic-metrics-v1,correctness_memory_time_v1,3d-WindTurbineHub,3d-WindTurbineHub,Tet4,linear_elastic_solid,linear_elastic_solid,228384,1113684,685152,3,PASS,,parallel_symbolic_reuse,cpu_atomic,15,parallel_symbolic_parallel_numeric,1,1,430.702671,390.58489,821.287561,149752608,0,163.448701,163.448701,163.448701,0,0,0,984.736262,0,0,0,1.50050356e-16,0.009765625,PASS,serial_symbolic_serial_numeric,332767012,699393556,1032160568,332767012,0,0,1514680188,149752608,0,3628.816406,process_ru_maxrss,resource.getrusage(RUSAGE_CHILDREN).ru_maxrss,,,direct_no_symbolic_serial,mesh_ready_to_matrix_assembled,direct_no_symbolic_serial,Linux;x86_64;GCC 13.3;OpenMP 201511,Intel(R) Core(TM) Ultra 7 265KF,20,20
pgsa-basic-metrics-v1,correctness_memory_time_v1,3d-WindTurbineHub,3d-WindTurbineHub,Tet4,linear_elastic_solid,linear_elastic_solid,228384,1113684,685152,1,PASS,,parallel_symbolic_reuse,cpu_private_csr,15,parallel_symbolic_parallel_numeric,1,1,407.345866,388.42249,795.768356,149752608,998.161596,388.555219,388.555219,1386.716815,0,0,0,2182.485171,0,0,0,1.179049605e-16,0.005859375,PASS,serial_symbolic_serial_numeric,332767012,699393556,1032160568,332767012,3300264000,0,4814944188,3450016608,0,6801.828125,process_ru_maxrss,resource.getrusage(RUSAGE_CHILDREN).ru_maxrss,,,direct_no_symbolic_serial,mesh_ready_to_matrix_assembled,direct_no_symbolic_serial,Linux;x86_64;GCC 13.3;OpenMP 201511,Intel(R) Core(TM) Ultra 7 265KF,20,20
pgsa-basic-metrics-v1,correctness_memory_time_v1,3d-WindTurbineHub,3d-WindTurbineHub,Tet4,linear_elastic_solid,linear_elastic_solid,228384,1113684,685152,2,PASS,,parallel_symbolic_reuse,cpu_private_csr,15,parallel_symbolic_parallel_numeric,1,1,408.125635,391.747426,799.873061,149752608,998.099725,385.568849,385.568849,1383.668574,0,0,0,2183.541635,0,0,0,1.179049605e-16,0.005859375,PASS,serial_symbolic_serial_numeric,332767012,699393556,1032160568,332767012,3300264000,0,4814944188,3450016608,0,6801.933594,process_ru_maxrss,resource.getrusage(RUSAGE_CHILDREN).ru_maxrss,,,direct_no_symbolic_serial,mesh_ready_to_matrix_assembled,direct_no_symbolic_serial,Linux;x86_64;GCC 13.3;OpenMP 201511,Intel(R) Core(TM) Ultra 7 265KF,20,20
pgsa-basic-metrics-v1,correctness_memory_time_v1,3d-WindTurbineHub,3d-WindTurbineHub,Tet4,linear_elastic_solid,linear_elastic_solid,228384,1113684,685152,3,PASS,,parallel_symbolic_reuse,cpu_private_csr,15,parallel_symbolic_parallel_numeric,1,1,431.844247,390.637582,822.481829,149752608,995.906867,385.258376,385.258376,1381.165243,0,0,0,2203.647072,0,0,0,1.179049605e-16,0.005859375,PASS,serial_symbolic_serial_numeric,332767012,699393556,1032160568,332767012,3300264000,0,4814944188,3450016608,0,6801.921875,process_ru_maxrss,resource.getrusage(RUSAGE_CHILDREN).ru_maxrss,,,direct_no_symbolic_serial,mesh_ready_to_matrix_assembled,direct_no_symbolic_serial,Linux;x86_64;GCC 13.3;OpenMP 201511,Intel(R) Core(TM) Ultra 7 265KF,20,20
pgsa-basic-metrics-v1,correctness_memory_time_v1,3d-WindTurbineHub,3d-WindTurbineHub,Tet4,linear_elastic_solid,linear_elastic_solid,228384,1113684,685152,1,PASS,,parallel_symbolic_reuse,cpu_lock_guard,15,parallel_symbolic_parallel_numeric,1,1,408.242874,389.708243,797.951117,149752608,413.816988,573.485117,573.485117,987.302105,0,0,0,1785.253222,0,0,0,1.513998493e-16,0.0078125,PASS,serial_symbolic_serial_numeric,332767012,699393556,1032160568,332767012,1100088000,0,2614768188,1249840608,0,4703.734375,process_ru_maxrss,resource.getrusage(RUSAGE_CHILDREN).ru_maxrss,,,direct_no_symbolic_serial,mesh_ready_to_matrix_assembled,direct_no_symbolic_serial,Linux;x86_64;GCC 13.3;OpenMP 201511,Intel(R) Core(TM) Ultra 7 265KF,20,20
pgsa-basic-metrics-v1,correctness_memory_time_v1,3d-WindTurbineHub,3d-WindTurbineHub,Tet4,linear_elastic_solid,linear_elastic_solid,228384,1113684,685152,2,PASS,,parallel_symbolic_reuse,cpu_lock_guard,15,parallel_symbolic_parallel_numeric,1,1,431.721508,389.690821,821.412329,149752608,414.096588,575.555881,575.555881,989.652469,0,0,0,1811.064798,0,0,0,1.513659983e-16,0.0078125,PASS,serial_symbolic_serial_numeric,332767012,699393556,1032160568,332767012,1100088000,0,2614768188,1249840608,0,4703.804688,process_ru_maxrss,resource.getrusage(RUSAGE_CHILDREN).ru_maxrss,,,direct_no_symbolic_serial,mesh_ready_to_matrix_assembled,direct_no_symbolic_serial,Linux;x86_64;GCC 13.3;OpenMP 201511,Intel(R) Core(TM) Ultra 7 265KF,20,20
pgsa-basic-metrics-v1,correctness_memory_time_v1,3d-WindTurbineHub,3d-WindTurbineHub,Tet4,linear_elastic_solid,linear_elastic_solid,228384,1113684,685152,3,PASS,,parallel_symbolic_reuse,cpu_lock_guard,15,parallel_symbolic_parallel_numeric,1,1,422.185564,389.151877,811.337441,149752608,413.856839,571.254438,571.254438,985.111277,0,0,0,1796.448718,0,0,0,1.514178783e-16,0.0078125,PASS,serial_symbolic_serial_numeric,332767012,699393556,1032160568,332767012,1100088000,0,2614768188,1249840608,0,4703.781250,process_ru_maxrss,resource.getrusage(RUSAGE_CHILDREN).ru_maxrss,,,direct_no_symbolic_serial,mesh_ready_to_matrix_assembled,direct_no_symbolic_serial,Linux;x86_64;GCC 13.3;OpenMP 201511,Intel(R) Core(TM) Ultra 7 265KF,20,20
pgsa-basic-metrics-v1,correctness_memory_time_v1,3d-WindTurbineHub,3d-WindTurbineHub,Tet4,linear_elastic_solid,linear_elastic_solid,228384,1113684,685152,1,PASS,,parallel_symbolic_reuse,cpu_graph_coloring,15,parallel_symbolic_parallel_numeric,1,1,431.023567,387.541387,818.564954,149752608,201.023124,212.81221,212.81221,413.835334,0,0,0,1232.400288,0,0,0,1.225939172e-16,0.0048828125,PASS,serial_symbolic_serial_numeric,332767012,699393556,1032160568,332767012,8909472,0,1523589660,158662080,0,3654.445312,process_ru_maxrss,resource.getrusage(RUSAGE_CHILDREN).ru_maxrss,,,direct_no_symbolic_serial,mesh_ready_to_matrix_assembled,direct_no_symbolic_serial,Linux;x86_64;GCC 13.3;OpenMP 201511,Intel(R) Core(TM) Ultra 7 265KF,20,20
pgsa-basic-metrics-v1,correctness_memory_time_v1,3d-WindTurbineHub,3d-WindTurbineHub,Tet4,linear_elastic_solid,linear_elastic_solid,228384,1113684,685152,2,PASS,,parallel_symbolic_reuse,cpu_graph_coloring,15,parallel_symbolic_parallel_numeric,1,1,405.878237,388.68958,794.567817,149752608,200.388455,203.994629,203.994629,404.383084,0,0,0,1198.950901,0,0,0,1.225939172e-16,0.0048828125,PASS,serial_symbolic_serial_numeric,332767012,699393556,1032160568,332767012,8909472,0,1523589660,158662080,0,3654.433594,process_ru_maxrss,resource.getrusage(RUSAGE_CHILDREN).ru_maxrss,,,direct_no_symbolic_serial,mesh_ready_to_matrix_assembled,direct_no_symbolic_serial,Linux;x86_64;GCC 13.3;OpenMP 201511,Intel(R) Core(TM) Ultra 7 265KF,20,20
pgsa-basic-metrics-v1,correctness_memory_time_v1,3d-WindTurbineHub,3d-WindTurbineHub,Tet4,linear_elastic_solid,linear_elastic_solid,228384,1113684,685152,3,PASS,,parallel_symbolic_reuse,cpu_graph_coloring,15,parallel_symbolic_parallel_numeric,1,1,406.771883,388.077067,794.84895,149752608,198.830616,208.170508,208.170508,407.001124,0,0,0,1201.850074,0,0,0,1.225939172e-16,0.0048828125,PASS,serial_symbolic_serial_numeric,332767012,699393556,1032160568,332767012,8909472,0,1523589660,158662080,0,3654.613281,process_ru_maxrss,resource.getrusage(RUSAGE_CHILDREN).ru_maxrss,,,direct_no_symbolic_serial,mesh_ready_to_matrix_assembled,direct_no_symbolic_serial,Linux;x86_64;GCC 13.3;OpenMP 201511,Intel(R) Core(TM) Ultra 7 265KF,20,20
pgsa-basic-metrics-v1,correctness_memory_time_v1,3d-WindTurbineHub,3d-WindTurbineHub,Tet4,linear_elastic_solid,linear_elastic_solid,228384,1113684,685152,1,PASS,,parallel_symbolic_reuse,cpu_row_owner,15,parallel_symbolic_parallel_numeric,1,1,408.209329,389.906091,798.11542,149752608,3997.318775,168.017374,168.017374,4165.336149,0,0,0,4963.451569,0,0,0,0,0,PASS,serial_symbolic_serial_numeric,332767012,699393556,1032160568,332767012,1924445952,0,3439126140,2074198560,0,5489.992188,process_ru_maxrss,resource.getrusage(RUSAGE_CHILDREN).ru_maxrss,,,direct_no_symbolic_serial,mesh_ready_to_matrix_assembled,direct_no_symbolic_serial,Linux;x86_64;GCC 13.3;OpenMP 201511,Intel(R) Core(TM) Ultra 7 265KF,20,20
pgsa-basic-metrics-v1,correctness_memory_time_v1,3d-WindTurbineHub,3d-WindTurbineHub,Tet4,linear_elastic_solid,linear_elastic_solid,228384,1113684,685152,2,PASS,,parallel_symbolic_reuse,cpu_row_owner,15,parallel_symbolic_parallel_numeric,1,1,435.518185,389.286276,824.804461,149752608,4015.355004,168.487624,168.487624,4183.842628,0,0,0,5008.647089,0,0,0,0,0,PASS,serial_symbolic_serial_numeric,332767012,699393556,1032160568,332767012,1924445952,0,3439126140,2074198560,0,5489.902344,process_ru_maxrss,resource.getrusage(RUSAGE_CHILDREN).ru_maxrss,,,direct_no_symbolic_serial,mesh_ready_to_matrix_assembled,direct_no_symbolic_serial,Linux;x86_64;GCC 13.3;OpenMP 201511,Intel(R) Core(TM) Ultra 7 265KF,20,20
pgsa-basic-metrics-v1,correctness_memory_time_v1,3d-WindTurbineHub,3d-WindTurbineHub,Tet4,linear_elastic_solid,linear_elastic_solid,228384,1113684,685152,3,PASS,,parallel_symbolic_reuse,cpu_row_owner,15,parallel_symbolic_parallel_numeric,1,1,424.149297,397.892181,822.041478,149752608,4036.404756,167.92267,167.92267,4204.327426,0,0,0,5026.368904,0,0,0,0,0,PASS,serial_symbolic_serial_numeric,332767012,699393556,1032160568,332767012,1924445952,0,3439126140,2074198560,0,5489.781250,process_ru_maxrss,resource.getrusage(RUSAGE_CHILDREN).ru_maxrss,,,direct_no_symbolic_serial,mesh_ready_to_matrix_assembled,direct_no_symbolic_serial,Linux;x86_64;GCC 13.3;OpenMP 201511,Intel(R) Core(TM) Ultra 7 265KF,20,20
pgsa-basic-metrics-v1,correctness_memory_time_v1,3d-WindTurbineHub,3d-WindTurbineHub,Tet4,linear_elastic_solid,linear_elastic_solid,228384,1113684,685152,1,PASS,,parallel_symbolic_reuse,cpu_atomic,16,parallel_symbolic_parallel_numeric,1,1,403.87187,383.483137,787.355007,149752608,0,159.817311,159.817311,159.817311,0,0,0,947.172318,0,0,0,1.507156051e-16,0.0068359375,PASS,serial_symbolic_serial_numeric,332767012,699393556,1032160568,332767012,0,0,1514680188,149752608,0,3632.683594,process_ru_maxrss,resource.getrusage(RUSAGE_CHILDREN).ru_maxrss,,,direct_no_symbolic_serial,mesh_ready_to_matrix_assembled,direct_no_symbolic_serial,Linux;x86_64;GCC 13.3;OpenMP 201511,Intel(R) Core(TM) Ultra 7 265KF,20,20
pgsa-basic-metrics-v1,correctness_memory_time_v1,3d-WindTurbineHub,3d-WindTurbineHub,Tet4,linear_elastic_solid,linear_elastic_solid,228384,1113684,685152,2,PASS,,parallel_symbolic_reuse,cpu_atomic,16,parallel_symbolic_parallel_numeric,1,1,406.73292,381.583417,788.316337,149752608,0,159.316106,159.316106,159.316106,0,0,0,947.632443,0,0,0,1.508126672e-16,0.0068359375,PASS,serial_symbolic_serial_numeric,332767012,699393556,1032160568,332767012,0,0,1514680188,149752608,0,3632.496094,process_ru_maxrss,resource.getrusage(RUSAGE_CHILDREN).ru_maxrss,,,direct_no_symbolic_serial,mesh_ready_to_matrix_assembled,direct_no_symbolic_serial,Linux;x86_64;GCC 13.3;OpenMP 201511,Intel(R) Core(TM) Ultra 7 265KF,20,20
pgsa-basic-metrics-v1,correctness_memory_time_v1,3d-WindTurbineHub,3d-WindTurbineHub,Tet4,linear_elastic_solid,linear_elastic_solid,228384,1113684,685152,3,PASS,,parallel_symbolic_reuse,cpu_atomic,16,parallel_symbolic_parallel_numeric,1,1,445.251732,383.995084,829.246816,149752608,0,160.397982,160.397982,160.397982,0,0,0,989.644798,0,0,0,1.507094565e-16,0.0068359375,PASS,serial_symbolic_serial_numeric,332767012,699393556,1032160568,332767012,0,0,1514680188,149752608,0,3632.414062,process_ru_maxrss,resource.getrusage(RUSAGE_CHILDREN).ru_maxrss,,,direct_no_symbolic_serial,mesh_ready_to_matrix_assembled,direct_no_symbolic_serial,Linux;x86_64;GCC 13.3;OpenMP 201511,Intel(R) Core(TM) Ultra 7 265KF,20,20
pgsa-basic-metrics-v1,correctness_memory_time_v1,3d-WindTurbineHub,3d-WindTurbineHub,Tet4,linear_elastic_solid,linear_elastic_solid,228384,1113684,685152,1,PASS,,parallel_symbolic_reuse,cpu_private_csr,16,parallel_symbolic_parallel_numeric,1,1,401.595043,383.18522,784.780263,149752608,1064.865292,409.79336,409.79336,1474.658652,0,0,0,2259.438915,0,0,0,1.194496172e-16,0.005859375,PASS,serial_symbolic_serial_numeric,332767012,699393556,1032160568,332767012,3520281600,0,5034961788,3670034208,0,7015.589844,process_ru_maxrss,resource.getrusage(RUSAGE_CHILDREN).ru_maxrss,,,direct_no_symbolic_serial,mesh_ready_to_matrix_assembled,direct_no_symbolic_serial,Linux;x86_64;GCC 13.3;OpenMP 201511,Intel(R) Core(TM) Ultra 7 265KF,20,20
pgsa-basic-metrics-v1,correctness_memory_time_v1,3d-WindTurbineHub,3d-WindTurbineHub,Tet4,linear_elastic_solid,linear_elastic_solid,228384,1113684,685152,2,PASS,,parallel_symbolic_reuse,cpu_private_csr,16,parallel_symbolic_parallel_numeric,1,1,400.758289,381.385591,782.14388,149752608,1056.032393,401.112177,401.112177,1457.14457,0,0,0,2239.28845,0,0,0,1.194496172e-16,0.005859375,PASS,serial_symbolic_serial_numeric,332767012,699393556,1032160568,332767012,3520281600,0,5034961788,3670034208,0,7015.406250,process_ru_maxrss,resource.getrusage(RUSAGE_CHILDREN).ru_maxrss,,,direct_no_symbolic_serial,mesh_ready_to_matrix_assembled,direct_no_symbolic_serial,Linux;x86_64;GCC 13.3;OpenMP 201511,Intel(R) Core(TM) Ultra 7 265KF,20,20
pgsa-basic-metrics-v1,correctness_memory_time_v1,3d-WindTurbineHub,3d-WindTurbineHub,Tet4,linear_elastic_solid,linear_elastic_solid,228384,1113684,685152,3,PASS,,parallel_symbolic_reuse,cpu_private_csr,16,parallel_symbolic_parallel_numeric,1,1,421.972544,381.044221,803.016765,149752608,1065.363857,399.367137,399.367137,1464.730994,0,0,0,2267.747759,0,0,0,1.194496172e-16,0.005859375,PASS,serial_symbolic_serial_numeric,332767012,699393556,1032160568,332767012,3520281600,0,5034961788,3670034208,0,7015.339844,process_ru_maxrss,resource.getrusage(RUSAGE_CHILDREN).ru_maxrss,,,direct_no_symbolic_serial,mesh_ready_to_matrix_assembled,direct_no_symbolic_serial,Linux;x86_64;GCC 13.3;OpenMP 201511,Intel(R) Core(TM) Ultra 7 265KF,20,20
pgsa-basic-metrics-v1,correctness_memory_time_v1,3d-WindTurbineHub,3d-WindTurbineHub,Tet4,linear_elastic_solid,linear_elastic_solid,228384,1113684,685152,1,PASS,,parallel_symbolic_reuse,cpu_lock_guard,16,parallel_symbolic_parallel_numeric,1,1,416.104415,382.286752,798.391167,149752608,414.904855,570.036826,570.036826,984.941681,0,0,0,1783.332848,0,0,0,1.50240286e-16,0.0068359375,PASS,serial_symbolic_serial_numeric,332767012,699393556,1032160568,332767012,1100088000,0,2614768188,1249840608,0,4707.328125,process_ru_maxrss,resource.getrusage(RUSAGE_CHILDREN).ru_maxrss,,,direct_no_symbolic_serial,mesh_ready_to_matrix_assembled,direct_no_symbolic_serial,Linux;x86_64;GCC 13.3;OpenMP 201511,Intel(R) Core(TM) Ultra 7 265KF,20,20
pgsa-basic-metrics-v1,correctness_memory_time_v1,3d-WindTurbineHub,3d-WindTurbineHub,Tet4,linear_elastic_solid,linear_elastic_solid,228384,1113684,685152,2,PASS,,parallel_symbolic_reuse,cpu_lock_guard,16,parallel_symbolic_parallel_numeric,1,1,412.9117,378.690371,791.602071,149752608,415.02309,574.605613,574.605613,989.628703,0,0,0,1781.230774,0,0,0,1.502285296e-16,0.0068359375,PASS,serial_symbolic_serial_numeric,332767012,699393556,1032160568,332767012,1100088000,0,2614768188,1249840608,0,4707.265625,process_ru_maxrss,resource.getrusage(RUSAGE_CHILDREN).ru_maxrss,,,direct_no_symbolic_serial,mesh_ready_to_matrix_assembled,direct_no_symbolic_serial,Linux;x86_64;GCC 13.3;OpenMP 201511,Intel(R) Core(TM) Ultra 7 265KF,20,20
pgsa-basic-metrics-v1,correctness_memory_time_v1,3d-WindTurbineHub,3d-WindTurbineHub,Tet4,linear_elastic_solid,linear_elastic_solid,228384,1113684,685152,3,PASS,,parallel_symbolic_reuse,cpu_lock_guard,16,parallel_symbolic_parallel_numeric,1,1,426.367747,380.417215,806.784962,149752608,415.451095,568.75318,568.75318,984.204275,0,0,0,1790.989237,0,0,0,1.502262544e-16,0.0068359375,PASS,serial_symbolic_serial_numeric,332767012,699393556,1032160568,332767012,1100088000,0,2614768188,1249840608,0,4707.328125,process_ru_maxrss,resource.getrusage(RUSAGE_CHILDREN).ru_maxrss,,,direct_no_symbolic_serial,mesh_ready_to_matrix_assembled,direct_no_symbolic_serial,Linux;x86_64;GCC 13.3;OpenMP 201511,Intel(R) Core(TM) Ultra 7 265KF,20,20
pgsa-basic-metrics-v1,correctness_memory_time_v1,3d-WindTurbineHub,3d-WindTurbineHub,Tet4,linear_elastic_solid,linear_elastic_solid,228384,1113684,685152,1,PASS,,parallel_symbolic_reuse,cpu_graph_coloring,16,parallel_symbolic_parallel_numeric,1,1,404.014168,382.218135,786.232303,149752608,199.330083,206.487094,206.487094,405.817177,0,0,0,1192.04948,0,0,0,1.225939172e-16,0.0048828125,PASS,serial_symbolic_serial_numeric,332767012,699393556,1032160568,332767012,8909472,0,1523589660,158662080,0,3658.058594,process_ru_maxrss,resource.getrusage(RUSAGE_CHILDREN).ru_maxrss,,,direct_no_symbolic_serial,mesh_ready_to_matrix_assembled,direct_no_symbolic_serial,Linux;x86_64;GCC 13.3;OpenMP 201511,Intel(R) Core(TM) Ultra 7 265KF,20,20
pgsa-basic-metrics-v1,correctness_memory_time_v1,3d-WindTurbineHub,3d-WindTurbineHub,Tet4,linear_elastic_solid,linear_elastic_solid,228384,1113684,685152,2,PASS,,parallel_symbolic_reuse,cpu_graph_coloring,16,parallel_symbolic_parallel_numeric,1,1,423.30627,387.033336,810.339606,149752608,203.526891,204.286435,204.286435,407.813326,0,0,0,1218.152932,0,0,0,1.225939172e-16,0.0048828125,PASS,serial_symbolic_serial_numeric,332767012,699393556,1032160568,332767012,8909472,0,1523589660,158662080,0,3658.105469,process_ru_maxrss,resource.getrusage(RUSAGE_CHILDREN).ru_maxrss,,,direct_no_symbolic_serial,mesh_ready_to_matrix_assembled,direct_no_symbolic_serial,Linux;x86_64;GCC 13.3;OpenMP 201511,Intel(R) Core(TM) Ultra 7 265KF,20,20
pgsa-basic-metrics-v1,correctness_memory_time_v1,3d-WindTurbineHub,3d-WindTurbineHub,Tet4,linear_elastic_solid,linear_elastic_solid,228384,1113684,685152,3,PASS,,parallel_symbolic_reuse,cpu_graph_coloring,16,parallel_symbolic_parallel_numeric,1,1,419.289055,442.761977,862.051032,149752608,200.77645,202.365676,202.365676,403.142126,0,0,0,1265.193158,0,0,0,1.225939172e-16,0.0048828125,PASS,serial_symbolic_serial_numeric,332767012,699393556,1032160568,332767012,8909472,0,1523589660,158662080,0,3658.261719,process_ru_maxrss,resource.getrusage(RUSAGE_CHILDREN).ru_maxrss,,,direct_no_symbolic_serial,mesh_ready_to_matrix_assembled,direct_no_symbolic_serial,Linux;x86_64;GCC 13.3;OpenMP 201511,Intel(R) Core(TM) Ultra 7 265KF,20,20
pgsa-basic-metrics-v1,correctness_memory_time_v1,3d-WindTurbineHub,3d-WindTurbineHub,Tet4,linear_elastic_solid,linear_elastic_solid,228384,1113684,685152,1,PASS,,parallel_symbolic_reuse,cpu_row_owner,16,parallel_symbolic_parallel_numeric,1,1,417.806145,380.374353,798.180498,149752608,3879.144068,163.528403,163.528403,4042.672471,0,0,0,4840.852969,0,0,0,0,0,PASS,serial_symbolic_serial_numeric,332767012,699393556,1032160568,332767012,1924445952,0,3439126140,2074198560,0,5493.546875,process_ru_maxrss,resource.getrusage(RUSAGE_CHILDREN).ru_maxrss,,,direct_no_symbolic_serial,mesh_ready_to_matrix_assembled,direct_no_symbolic_serial,Linux;x86_64;GCC 13.3;OpenMP 201511,Intel(R) Core(TM) Ultra 7 265KF,20,20
pgsa-basic-metrics-v1,correctness_memory_time_v1,3d-WindTurbineHub,3d-WindTurbineHub,Tet4,linear_elastic_solid,linear_elastic_solid,228384,1113684,685152,2,PASS,,parallel_symbolic_reuse,cpu_row_owner,16,parallel_symbolic_parallel_numeric,1,1,415.238,382.995707,798.233707,149752608,3878.949463,171.833661,171.833661,4050.783124,0,0,0,4849.016831,0,0,0,0,0,PASS,serial_symbolic_serial_numeric,332767012,699393556,1032160568,332767012,1924445952,0,3439126140,2074198560,0,5493.445312,process_ru_maxrss,resource.getrusage(RUSAGE_CHILDREN).ru_maxrss,,,direct_no_symbolic_serial,mesh_ready_to_matrix_assembled,direct_no_symbolic_serial,Linux;x86_64;GCC 13.3;OpenMP 201511,Intel(R) Core(TM) Ultra 7 265KF,20,20
pgsa-basic-metrics-v1,correctness_memory_time_v1,3d-WindTurbineHub,3d-WindTurbineHub,Tet4,linear_elastic_solid,linear_elastic_solid,228384,1113684,685152,3,PASS,,parallel_symbolic_reuse,cpu_row_owner,16,parallel_symbolic_parallel_numeric,1,1,420.451382,383.745302,804.196684,149752608,3883.332699,161.287999,161.287999,4044.620698,0,0,0,4848.817382,0,0,0,0,0,PASS,serial_symbolic_serial_numeric,332767012,699393556,1032160568,332767012,1924445952,0,3439126140,2074198560,0,5493.523438,process_ru_maxrss,resource.getrusage(RUSAGE_CHILDREN).ru_maxrss,,,direct_no_symbolic_serial,mesh_ready_to_matrix_assembled,direct_no_symbolic_serial,Linux;x86_64;GCC 13.3;OpenMP 201511,Intel(R) Core(TM) Ultra 7 265KF,20,20
pgsa-basic-metrics-v1,correctness_memory_time_v1,3d-WindTurbineHub,3d-WindTurbineHub,Tet4,linear_elastic_solid,linear_elastic_solid,228384,1113684,685152,1,PASS,,parallel_symbolic_reuse,cpu_atomic,17,parallel_symbolic_parallel_numeric,1,1,403.31604,375.652237,778.968277,149752608,0,152.530215,152.530215,152.530215,0,0,0,931.498492,0,0,0,1.52602919e-16,0.005859375,PASS,serial_symbolic_serial_numeric,332767012,699393556,1032160568,332767012,0,0,1514680188,149752608,0,3636.320312,process_ru_maxrss,resource.getrusage(RUSAGE_CHILDREN).ru_maxrss,,,direct_no_symbolic_serial,mesh_ready_to_matrix_assembled,direct_no_symbolic_serial,Linux;x86_64;GCC 13.3;OpenMP 201511,Intel(R) Core(TM) Ultra 7 265KF,20,20
pgsa-basic-metrics-v1,correctness_memory_time_v1,3d-WindTurbineHub,3d-WindTurbineHub,Tet4,linear_elastic_solid,linear_elastic_solid,228384,1113684,685152,2,PASS,,parallel_symbolic_reuse,cpu_atomic,17,parallel_symbolic_parallel_numeric,1,1,429.619578,373.318894,802.938472,149752608,0,151.979219,151.979219,151.979219,0,0,0,954.917691,0,0,0,1.528388616e-16,0.005859375,PASS,serial_symbolic_serial_numeric,332767012,699393556,1032160568,332767012,0,0,1514680188,149752608,0,3636.484375,process_ru_maxrss,resource.getrusage(RUSAGE_CHILDREN).ru_maxrss,,,direct_no_symbolic_serial,mesh_ready_to_matrix_assembled,direct_no_symbolic_serial,Linux;x86_64;GCC 13.3;OpenMP 201511,Intel(R) Core(TM) Ultra 7 265KF,20,20
pgsa-basic-metrics-v1,correctness_memory_time_v1,3d-WindTurbineHub,3d-WindTurbineHub,Tet4,linear_elastic_solid,linear_elastic_solid,228384,1113684,685152,3,PASS,,parallel_symbolic_reuse,cpu_atomic,17,parallel_symbolic_parallel_numeric,1,1,401.965601,376.275714,778.241315,149752608,0,151.67661,151.67661,151.67661,0,0,0,929.917925,0,0,0,1.525655809e-16,0.005859375,PASS,serial_symbolic_serial_numeric,332767012,699393556,1032160568,332767012,0,0,1514680188,149752608,0,3636.324219,process_ru_maxrss,resource.getrusage(RUSAGE_CHILDREN).ru_maxrss,,,direct_no_symbolic_serial,mesh_ready_to_matrix_assembled,direct_no_symbolic_serial,Linux;x86_64;GCC 13.3;OpenMP 201511,Intel(R) Core(TM) Ultra 7 265KF,20,20
pgsa-basic-metrics-v1,correctness_memory_time_v1,3d-WindTurbineHub,3d-WindTurbineHub,Tet4,linear_elastic_solid,linear_elastic_solid,228384,1113684,685152,1,PASS,,parallel_symbolic_reuse,cpu_private_csr,17,parallel_symbolic_parallel_numeric,1,1,422.424062,372.965019,795.389081,149752608,1128.464022,407.33956,407.33956,1535.803582,0,0,0,2331.192663,0,0,0,1.262316024e-16,0.005859375,PASS,serial_symbolic_serial_numeric,332767012,699393556,1032160568,332767012,3740299200,0,5254979388,3890051808,0,7228.976562,process_ru_maxrss,resource.getrusage(RUSAGE_CHILDREN).ru_maxrss,,,direct_no_symbolic_serial,mesh_ready_to_matrix_assembled,direct_no_symbolic_serial,Linux;x86_64;GCC 13.3;OpenMP 201511,Intel(R) Core(TM) Ultra 7 265KF,20,20
pgsa-basic-metrics-v1,correctness_memory_time_v1,3d-WindTurbineHub,3d-WindTurbineHub,Tet4,linear_elastic_solid,linear_elastic_solid,228384,1113684,685152,2,PASS,,parallel_symbolic_reuse,cpu_private_csr,17,parallel_symbolic_parallel_numeric,1,1,400.439022,374.16104,774.600062,149752608,1129.805896,411.53159,411.53159,1541.337486,0,0,0,2315.937548,0,0,0,1.262316024e-16,0.005859375,PASS,serial_symbolic_serial_numeric,332767012,699393556,1032160568,332767012,3740299200,0,5254979388,3890051808,0,7229.175781,process_ru_maxrss,resource.getrusage(RUSAGE_CHILDREN).ru_maxrss,,,direct_no_symbolic_serial,mesh_ready_to_matrix_assembled,direct_no_symbolic_serial,Linux;x86_64;GCC 13.3;OpenMP 201511,Intel(R) Core(TM) Ultra 7 265KF,20,20
pgsa-basic-metrics-v1,correctness_memory_time_v1,3d-WindTurbineHub,3d-WindTurbineHub,Tet4,linear_elastic_solid,linear_elastic_solid,228384,1113684,685152,3,PASS,,parallel_symbolic_reuse,cpu_private_csr,17,parallel_symbolic_parallel_numeric,1,1,400.533698,374.275041,774.808739,149752608,1135.280331,412.731933,412.731933,1548.012264,0,0,0,2322.821003,0,0,0,1.262316024e-16,0.005859375,PASS,serial_symbolic_serial_numeric,332767012,699393556,1032160568,332767012,3740299200,0,5254979388,3890051808,0,7229.281250,process_ru_maxrss,resource.getrusage(RUSAGE_CHILDREN).ru_maxrss,,,direct_no_symbolic_serial,mesh_ready_to_matrix_assembled,direct_no_symbolic_serial,Linux;x86_64;GCC 13.3;OpenMP 201511,Intel(R) Core(TM) Ultra 7 265KF,20,20
pgsa-basic-metrics-v1,correctness_memory_time_v1,3d-WindTurbineHub,3d-WindTurbineHub,Tet4,linear_elastic_solid,linear_elastic_solid,228384,1113684,685152,1,PASS,,parallel_symbolic_reuse,cpu_lock_guard,17,parallel_symbolic_parallel_numeric,1,1,419.109105,371.789882,790.898987,149752608,415.505907,558.68509,558.68509,974.190997,0,0,0,1765.089984,0,0,0,1.522660938e-16,0.005859375,PASS,serial_symbolic_serial_numeric,332767012,699393556,1032160568,332767012,1100088000,0,2614768188,1249840608,0,4711.304688,process_ru_maxrss,resource.getrusage(RUSAGE_CHILDREN).ru_maxrss,,,direct_no_symbolic_serial,mesh_ready_to_matrix_assembled,direct_no_symbolic_serial,Linux;x86_64;GCC 13.3;OpenMP 201511,Intel(R) Core(TM) Ultra 7 265KF,20,20
pgsa-basic-metrics-v1,correctness_memory_time_v1,3d-WindTurbineHub,3d-WindTurbineHub,Tet4,linear_elastic_solid,linear_elastic_solid,228384,1113684,685152,2,PASS,,parallel_symbolic_reuse,cpu_lock_guard,17,parallel_symbolic_parallel_numeric,1,1,436.604335,375.069404,811.673739,149752608,416.711518,561.001348,561.001348,977.712866,0,0,0,1789.386605,0,0,0,1.522775961e-16,0.005859375,PASS,serial_symbolic_serial_numeric,332767012,699393556,1032160568,332767012,1100088000,0,2614768188,1249840608,0,4711.156250,process_ru_maxrss,resource.getrusage(RUSAGE_CHILDREN).ru_maxrss,,,direct_no_symbolic_serial,mesh_ready_to_matrix_assembled,direct_no_symbolic_serial,Linux;x86_64;GCC 13.3;OpenMP 201511,Intel(R) Core(TM) Ultra 7 265KF,20,20
pgsa-basic-metrics-v1,correctness_memory_time_v1,3d-WindTurbineHub,3d-WindTurbineHub,Tet4,linear_elastic_solid,linear_elastic_solid,228384,1113684,685152,3,PASS,,parallel_symbolic_reuse,cpu_lock_guard,17,parallel_symbolic_parallel_numeric,1,1,428.471388,376.291813,804.763201,149752608,417.048881,561.595018,561.595018,978.643899,0,0,0,1783.4071,0,0,0,1.522614411e-16,0.005859375,PASS,serial_symbolic_serial_numeric,332767012,699393556,1032160568,332767012,1100088000,0,2614768188,1249840608,0,4711.148438,process_ru_maxrss,resource.getrusage(RUSAGE_CHILDREN).ru_maxrss,,,direct_no_symbolic_serial,mesh_ready_to_matrix_assembled,direct_no_symbolic_serial,Linux;x86_64;GCC 13.3;OpenMP 201511,Intel(R) Core(TM) Ultra 7 265KF,20,20
pgsa-basic-metrics-v1,correctness_memory_time_v1,3d-WindTurbineHub,3d-WindTurbineHub,Tet4,linear_elastic_solid,linear_elastic_solid,228384,1113684,685152,1,PASS,,parallel_symbolic_reuse,cpu_graph_coloring,17,parallel_symbolic_parallel_numeric,1,1,433.299641,374.555801,807.855442,149752608,199.197272,198.198033,198.198033,397.395305,0,0,0,1205.250747,0,0,0,1.225939172e-16,0.0048828125,PASS,serial_symbolic_serial_numeric,332767012,699393556,1032160568,332767012,8909472,0,1523589660,158662080,0,3662.308594,process_ru_maxrss,resource.getrusage(RUSAGE_CHILDREN).ru_maxrss,,,direct_no_symbolic_serial,mesh_ready_to_matrix_assembled,direct_no_symbolic_serial,Linux;x86_64;GCC 13.3;OpenMP 201511,Intel(R) Core(TM) Ultra 7 265KF,20,20
pgsa-basic-metrics-v1,correctness_memory_time_v1,3d-WindTurbineHub,3d-WindTurbineHub,Tet4,linear_elastic_solid,linear_elastic_solid,228384,1113684,685152,2,PASS,,parallel_symbolic_reuse,cpu_graph_coloring,17,parallel_symbolic_parallel_numeric,1,1,418.427715,369.472562,787.900277,149752608,200.612326,196.945332,196.945332,397.557658,0,0,0,1185.457935,0,0,0,1.225939172e-16,0.0048828125,PASS,serial_symbolic_serial_numeric,332767012,699393556,1032160568,332767012,8909472,0,1523589660,158662080,0,3662.265625,process_ru_maxrss,resource.getrusage(RUSAGE_CHILDREN).ru_maxrss,,,direct_no_symbolic_serial,mesh_ready_to_matrix_assembled,direct_no_symbolic_serial,Linux;x86_64;GCC 13.3;OpenMP 201511,Intel(R) Core(TM) Ultra 7 265KF,20,20
pgsa-basic-metrics-v1,correctness_memory_time_v1,3d-WindTurbineHub,3d-WindTurbineHub,Tet4,linear_elastic_solid,linear_elastic_solid,228384,1113684,685152,3,PASS,,parallel_symbolic_reuse,cpu_graph_coloring,17,parallel_symbolic_parallel_numeric,1,1,398.262052,373.502866,771.764918,149752608,199.185841,198.04061,198.04061,397.226451,0,0,0,1168.991369,0,0,0,1.225939172e-16,0.0048828125,PASS,serial_symbolic_serial_numeric,332767012,699393556,1032160568,332767012,8909472,0,1523589660,158662080,0,3662.097656,process_ru_maxrss,resource.getrusage(RUSAGE_CHILDREN).ru_maxrss,,,direct_no_symbolic_serial,mesh_ready_to_matrix_assembled,direct_no_symbolic_serial,Linux;x86_64;GCC 13.3;OpenMP 201511,Intel(R) Core(TM) Ultra 7 265KF,20,20
pgsa-basic-metrics-v1,correctness_memory_time_v1,3d-WindTurbineHub,3d-WindTurbineHub,Tet4,linear_elastic_solid,linear_elastic_solid,228384,1113684,685152,1,PASS,,parallel_symbolic_reuse,cpu_row_owner,17,parallel_symbolic_parallel_numeric,1,1,456.942812,378.521891,835.464703,149752608,3850.73814,159.43189,159.43189,4010.17003,0,0,0,4845.634733,0,0,0,0,0,PASS,serial_symbolic_serial_numeric,332767012,699393556,1032160568,332767012,1924445952,0,3439126140,2074198560,0,5497.390625,process_ru_maxrss,resource.getrusage(RUSAGE_CHILDREN).ru_maxrss,,,direct_no_symbolic_serial,mesh_ready_to_matrix_assembled,direct_no_symbolic_serial,Linux;x86_64;GCC 13.3;OpenMP 201511,Intel(R) Core(TM) Ultra 7 265KF,20,20
pgsa-basic-metrics-v1,correctness_memory_time_v1,3d-WindTurbineHub,3d-WindTurbineHub,Tet4,linear_elastic_solid,linear_elastic_solid,228384,1113684,685152,2,PASS,,parallel_symbolic_reuse,cpu_row_owner,17,parallel_symbolic_parallel_numeric,1,1,398.523437,375.234756,773.758193,149752608,3860.383126,159.466941,159.466941,4019.850067,0,0,0,4793.60826,0,0,0,0,0,PASS,serial_symbolic_serial_numeric,332767012,699393556,1032160568,332767012,1924445952,0,3439126140,2074198560,0,5497.542969,process_ru_maxrss,resource.getrusage(RUSAGE_CHILDREN).ru_maxrss,,,direct_no_symbolic_serial,mesh_ready_to_matrix_assembled,direct_no_symbolic_serial,Linux;x86_64;GCC 13.3;OpenMP 201511,Intel(R) Core(TM) Ultra 7 265KF,20,20
pgsa-basic-metrics-v1,correctness_memory_time_v1,3d-WindTurbineHub,3d-WindTurbineHub,Tet4,linear_elastic_solid,linear_elastic_solid,228384,1113684,685152,3,PASS,,parallel_symbolic_reuse,cpu_row_owner,17,parallel_symbolic_parallel_numeric,1,1,430.95983,374.546732,805.506562,149752608,3835.915205,158.970312,158.970312,3994.885517,0,0,0,4800.392079,0,0,0,0,0,PASS,serial_symbolic_serial_numeric,332767012,699393556,1032160568,332767012,1924445952,0,3439126140,2074198560,0,5497.511719,process_ru_maxrss,resource.getrusage(RUSAGE_CHILDREN).ru_maxrss,,,direct_no_symbolic_serial,mesh_ready_to_matrix_assembled,direct_no_symbolic_serial,Linux;x86_64;GCC 13.3;OpenMP 201511,Intel(R) Core(TM) Ultra 7 265KF,20,20
pgsa-basic-metrics-v1,correctness_memory_time_v1,3d-WindTurbineHub,3d-WindTurbineHub,Tet4,linear_elastic_solid,linear_elastic_solid,228384,1113684,685152,1,PASS,,parallel_symbolic_reuse,cpu_atomic,18,parallel_symbolic_parallel_numeric,1,1,429.553518,369.646267,799.199785,149752608,0,149.12926,149.12926,149.12926,0,0,0,948.329045,0,0,0,1.483574064e-16,0.0078125,PASS,serial_symbolic_serial_numeric,332767012,699393556,1032160568,332767012,0,0,1514680188,149752608,0,3640.187500,process_ru_maxrss,resource.getrusage(RUSAGE_CHILDREN).ru_maxrss,,,direct_no_symbolic_serial,mesh_ready_to_matrix_assembled,direct_no_symbolic_serial,Linux;x86_64;GCC 13.3;OpenMP 201511,Intel(R) Core(TM) Ultra 7 265KF,20,20
pgsa-basic-metrics-v1,correctness_memory_time_v1,3d-WindTurbineHub,3d-WindTurbineHub,Tet4,linear_elastic_solid,linear_elastic_solid,228384,1113684,685152,2,PASS,,parallel_symbolic_reuse,cpu_atomic,18,parallel_symbolic_parallel_numeric,1,1,430.344568,370.430045,800.774613,149752608,0,150.929956,150.929956,150.929956,0,0,0,951.704569,0,0,0,1.48205346e-16,0.0078125,PASS,serial_symbolic_serial_numeric,332767012,699393556,1032160568,332767012,0,0,1514680188,149752608,0,3640.394531,process_ru_maxrss,resource.getrusage(RUSAGE_CHILDREN).ru_maxrss,,,direct_no_symbolic_serial,mesh_ready_to_matrix_assembled,direct_no_symbolic_serial,Linux;x86_64;GCC 13.3;OpenMP 201511,Intel(R) Core(TM) Ultra 7 265KF,20,20
pgsa-basic-metrics-v1,correctness_memory_time_v1,3d-WindTurbineHub,3d-WindTurbineHub,Tet4,linear_elastic_solid,linear_elastic_solid,228384,1113684,685152,3,PASS,,parallel_symbolic_reuse,cpu_atomic,18,parallel_symbolic_parallel_numeric,1,1,432.112891,372.302414,804.415305,149752608,0,159.224066,159.224066,159.224066,0,0,0,963.639371,0,0,0,1.476010315e-16,0.0078125,PASS,serial_symbolic_serial_numeric,332767012,699393556,1032160568,332767012,0,0,1514680188,149752608,0,3640.238281,process_ru_maxrss,resource.getrusage(RUSAGE_CHILDREN).ru_maxrss,,,direct_no_symbolic_serial,mesh_ready_to_matrix_assembled,direct_no_symbolic_serial,Linux;x86_64;GCC 13.3;OpenMP 201511,Intel(R) Core(TM) Ultra 7 265KF,20,20
pgsa-basic-metrics-v1,correctness_memory_time_v1,3d-WindTurbineHub,3d-WindTurbineHub,Tet4,linear_elastic_solid,linear_elastic_solid,228384,1113684,685152,1,PASS,,parallel_symbolic_reuse,cpu_private_csr,18,parallel_symbolic_parallel_numeric,1,1,423.78378,374.401205,798.184985,149752608,1202.512087,426.682609,426.682609,1629.194696,0,0,0,2427.379681,0,0,0,1.240682411e-16,0.005859375,PASS,serial_symbolic_serial_numeric,332767012,699393556,1032160568,332767012,3960316800,0,5474996988,4110069408,0,7442.597656,process_ru_maxrss,resource.getrusage(RUSAGE_CHILDREN).ru_maxrss,,,direct_no_symbolic_serial,mesh_ready_to_matrix_assembled,direct_no_symbolic_serial,Linux;x86_64;GCC 13.3;OpenMP 201511,Intel(R) Core(TM) Ultra 7 265KF,20,20
pgsa-basic-metrics-v1,correctness_memory_time_v1,3d-WindTurbineHub,3d-WindTurbineHub,Tet4,linear_elastic_solid,linear_elastic_solid,228384,1113684,685152,2,PASS,,parallel_symbolic_reuse,cpu_private_csr,18,parallel_symbolic_parallel_numeric,1,1,398.795566,369.966064,768.76163,149752608,1199.019498,425.709097,425.709097,1624.728595,0,0,0,2393.490225,0,0,0,1.240682411e-16,0.005859375,PASS,serial_symbolic_serial_numeric,332767012,699393556,1032160568,332767012,3960316800,0,5474996988,4110069408,0,7442.574219,process_ru_maxrss,resource.getrusage(RUSAGE_CHILDREN).ru_maxrss,,,direct_no_symbolic_serial,mesh_ready_to_matrix_assembled,direct_no_symbolic_serial,Linux;x86_64;GCC 13.3;OpenMP 201511,Intel(R) Core(TM) Ultra 7 265KF,20,20
pgsa-basic-metrics-v1,correctness_memory_time_v1,3d-WindTurbineHub,3d-WindTurbineHub,Tet4,linear_elastic_solid,linear_elastic_solid,228384,1113684,685152,3,PASS,,parallel_symbolic_reuse,cpu_private_csr,18,parallel_symbolic_parallel_numeric,1,1,401.044992,370.549833,771.594825,149752608,1198.651195,425.738942,425.738942,1624.390137,0,0,0,2395.984962,0,0,0,1.240682411e-16,0.005859375,PASS,serial_symbolic_serial_numeric,332767012,699393556,1032160568,332767012,3960316800,0,5474996988,4110069408,0,7442.574219,process_ru_maxrss,resource.getrusage(RUSAGE_CHILDREN).ru_maxrss,,,direct_no_symbolic_serial,mesh_ready_to_matrix_assembled,direct_no_symbolic_serial,Linux;x86_64;GCC 13.3;OpenMP 201511,Intel(R) Core(TM) Ultra 7 265KF,20,20
pgsa-basic-metrics-v1,correctness_memory_time_v1,3d-WindTurbineHub,3d-WindTurbineHub,Tet4,linear_elastic_solid,linear_elastic_solid,228384,1113684,685152,1,PASS,,parallel_symbolic_reuse,cpu_lock_guard,18,parallel_symbolic_parallel_numeric,1,1,403.381804,370.212657,773.594461,149752608,415.801547,566.061299,566.061299,981.862846,0,0,0,1755.457307,0,0,0,1.485074393e-16,0.0078125,PASS,serial_symbolic_serial_numeric,332767012,699393556,1032160568,332767012,1100088000,0,2614768188,1249840608,0,4715.222656,process_ru_maxrss,resource.getrusage(RUSAGE_CHILDREN).ru_maxrss,,,direct_no_symbolic_serial,mesh_ready_to_matrix_assembled,direct_no_symbolic_serial,Linux;x86_64;GCC 13.3;OpenMP 201511,Intel(R) Core(TM) Ultra 7 265KF,20,20
pgsa-basic-metrics-v1,correctness_memory_time_v1,3d-WindTurbineHub,3d-WindTurbineHub,Tet4,linear_elastic_solid,linear_elastic_solid,228384,1113684,685152,2,PASS,,parallel_symbolic_reuse,cpu_lock_guard,18,parallel_symbolic_parallel_numeric,1,1,427.523645,368.208766,795.732411,149752608,417.555748,564.418216,564.418216,981.973964,0,0,0,1777.706375,0,0,0,1.484697775e-16,0.0078125,PASS,serial_symbolic_serial_numeric,332767012,699393556,1032160568,332767012,1100088000,0,2614768188,1249840608,0,4715.136719,process_ru_maxrss,resource.getrusage(RUSAGE_CHILDREN).ru_maxrss,,,direct_no_symbolic_serial,mesh_ready_to_matrix_assembled,direct_no_symbolic_serial,Linux;x86_64;GCC 13.3;OpenMP 201511,Intel(R) Core(TM) Ultra 7 265KF,20,20
pgsa-basic-metrics-v1,correctness_memory_time_v1,3d-WindTurbineHub,3d-WindTurbineHub,Tet4,linear_elastic_solid,linear_elastic_solid,228384,1113684,685152,3,PASS,,parallel_symbolic_reuse,cpu_lock_guard,18,parallel_symbolic_parallel_numeric,1,1,404.831452,370.483075,775.314527,149752608,417.965403,559.257523,559.257523,977.222926,0,0,0,1752.537453,0,0,0,1.484324262e-16,0.0078125,PASS,serial_symbolic_serial_numeric,332767012,699393556,1032160568,332767012,1100088000,0,2614768188,1249840608,0,4715.085938,process_ru_maxrss,resource.getrusage(RUSAGE_CHILDREN).ru_maxrss,,,direct_no_symbolic_serial,mesh_ready_to_matrix_assembled,direct_no_symbolic_serial,Linux;x86_64;GCC 13.3;OpenMP 201511,Intel(R) Core(TM) Ultra 7 265KF,20,20
pgsa-basic-metrics-v1,correctness_memory_time_v1,3d-WindTurbineHub,3d-WindTurbineHub,Tet4,linear_elastic_solid,linear_elastic_solid,228384,1113684,685152,1,PASS,,parallel_symbolic_reuse,cpu_graph_coloring,18,parallel_symbolic_parallel_numeric,1,1,399.734874,370.482617,770.217491,149752608,200.78448,200.33615,200.33615,401.12063,0,0,0,1171.338121,0,0,0,1.225939172e-16,0.0048828125,PASS,serial_symbolic_serial_numeric,332767012,699393556,1032160568,332767012,8909472,0,1523589660,158662080,0,3665.839844,process_ru_maxrss,resource.getrusage(RUSAGE_CHILDREN).ru_maxrss,,,direct_no_symbolic_serial,mesh_ready_to_matrix_assembled,direct_no_symbolic_serial,Linux;x86_64;GCC 13.3;OpenMP 201511,Intel(R) Core(TM) Ultra 7 265KF,20,20
pgsa-basic-metrics-v1,correctness_memory_time_v1,3d-WindTurbineHub,3d-WindTurbineHub,Tet4,linear_elastic_solid,linear_elastic_solid,228384,1113684,685152,2,PASS,,parallel_symbolic_reuse,cpu_graph_coloring,18,parallel_symbolic_parallel_numeric,1,1,421.59576,369.910075,791.505835,149752608,201.958508,200.946255,200.946255,402.904763,0,0,0,1194.410598,0,0,0,1.225939172e-16,0.0048828125,PASS,serial_symbolic_serial_numeric,332767012,699393556,1032160568,332767012,8909472,0,1523589660,158662080,0,3665.742188,process_ru_maxrss,resource.getrusage(RUSAGE_CHILDREN).ru_maxrss,,,direct_no_symbolic_serial,mesh_ready_to_matrix_assembled,direct_no_symbolic_serial,Linux;x86_64;GCC 13.3;OpenMP 201511,Intel(R) Core(TM) Ultra 7 265KF,20,20
pgsa-basic-metrics-v1,correctness_memory_time_v1,3d-WindTurbineHub,3d-WindTurbineHub,Tet4,linear_elastic_solid,linear_elastic_solid,228384,1113684,685152,3,PASS,,parallel_symbolic_reuse,cpu_graph_coloring,18,parallel_symbolic_parallel_numeric,1,1,398.551404,369.260725,767.812129,149752608,202.797119,200.163317,200.163317,402.960436,0,0,0,1170.772565,0,0,0,1.225939172e-16,0.0048828125,PASS,serial_symbolic_serial_numeric,332767012,699393556,1032160568,332767012,8909472,0,1523589660,158662080,0,3665.714844,process_ru_maxrss,resource.getrusage(RUSAGE_CHILDREN).ru_maxrss,,,direct_no_symbolic_serial,mesh_ready_to_matrix_assembled,direct_no_symbolic_serial,Linux;x86_64;GCC 13.3;OpenMP 201511,Intel(R) Core(TM) Ultra 7 265KF,20,20
pgsa-basic-metrics-v1,correctness_memory_time_v1,3d-WindTurbineHub,3d-WindTurbineHub,Tet4,linear_elastic_solid,linear_elastic_solid,228384,1113684,685152,1,PASS,,parallel_symbolic_reuse,cpu_row_owner,18,parallel_symbolic_parallel_numeric,1,1,437.068654,367.534204,804.602858,149752608,3874.465126,155.605481,155.605481,4030.070607,0,0,0,4834.673465,0,0,0,0,0,PASS,serial_symbolic_serial_numeric,332767012,699393556,1032160568,332767012,1924445952,0,3439126140,2074198560,0,5501.148438,process_ru_maxrss,resource.getrusage(RUSAGE_CHILDREN).ru_maxrss,,,direct_no_symbolic_serial,mesh_ready_to_matrix_assembled,direct_no_symbolic_serial,Linux;x86_64;GCC 13.3;OpenMP 201511,Intel(R) Core(TM) Ultra 7 265KF,20,20
pgsa-basic-metrics-v1,correctness_memory_time_v1,3d-WindTurbineHub,3d-WindTurbineHub,Tet4,linear_elastic_solid,linear_elastic_solid,228384,1113684,685152,2,PASS,,parallel_symbolic_reuse,cpu_row_owner,18,parallel_symbolic_parallel_numeric,1,1,453.367251,385.131324,838.498575,149752608,3884.380848,154.867174,154.867174,4039.248022,0,0,0,4877.746597,0,0,0,0,0,PASS,serial_symbolic_serial_numeric,332767012,699393556,1032160568,332767012,1924445952,0,3439126140,2074198560,0,5501.121094,process_ru_maxrss,resource.getrusage(RUSAGE_CHILDREN).ru_maxrss,,,direct_no_symbolic_serial,mesh_ready_to_matrix_assembled,direct_no_symbolic_serial,Linux;x86_64;GCC 13.3;OpenMP 201511,Intel(R) Core(TM) Ultra 7 265KF,20,20
pgsa-basic-metrics-v1,correctness_memory_time_v1,3d-WindTurbineHub,3d-WindTurbineHub,Tet4,linear_elastic_solid,linear_elastic_solid,228384,1113684,685152,3,PASS,,parallel_symbolic_reuse,cpu_row_owner,18,parallel_symbolic_parallel_numeric,1,1,425.796828,369.777781,795.574609,149752608,3871.743269,158.005124,158.005124,4029.748393,0,0,0,4825.323002,0,0,0,0,0,PASS,serial_symbolic_serial_numeric,332767012,699393556,1032160568,332767012,1924445952,0,3439126140,2074198560,0,5501.289062,process_ru_maxrss,resource.getrusage(RUSAGE_CHILDREN).ru_maxrss,,,direct_no_symbolic_serial,mesh_ready_to_matrix_assembled,direct_no_symbolic_serial,Linux;x86_64;GCC 13.3;OpenMP 201511,Intel(R) Core(TM) Ultra 7 265KF,20,20
pgsa-basic-metrics-v1,correctness_memory_time_v1,3d-WindTurbineHub,3d-WindTurbineHub,Tet4,linear_elastic_solid,linear_elastic_solid,228384,1113684,685152,1,PASS,,parallel_symbolic_reuse,cpu_atomic,19,parallel_symbolic_parallel_numeric,1,1,442.364285,363.946036,806.310321,149752608,0,175.922909,175.922909,175.922909,0,0,0,982.23323,0,0,0,1.465457919e-16,0.0068359375,PASS,serial_symbolic_serial_numeric,332767012,699393556,1032160568,332767012,0,0,1514680188,149752608,0,3642.871094,process_ru_maxrss,resource.getrusage(RUSAGE_CHILDREN).ru_maxrss,,,direct_no_symbolic_serial,mesh_ready_to_matrix_assembled,direct_no_symbolic_serial,Linux;x86_64;GCC 13.3;OpenMP 201511,Intel(R) Core(TM) Ultra 7 265KF,20,20
pgsa-basic-metrics-v1,correctness_memory_time_v1,3d-WindTurbineHub,3d-WindTurbineHub,Tet4,linear_elastic_solid,linear_elastic_solid,228384,1113684,685152,2,PASS,,parallel_symbolic_reuse,cpu_atomic,19,parallel_symbolic_parallel_numeric,1,1,453.916281,365.333226,819.249507,149752608,0,146.886824,146.886824,146.886824,0,0,0,966.136331,0,0,0,1.515565106e-16,0.0068359375,PASS,serial_symbolic_serial_numeric,332767012,699393556,1032160568,332767012,0,0,1514680188,149752608,0,3643.003906,process_ru_maxrss,resource.getrusage(RUSAGE_CHILDREN).ru_maxrss,,,direct_no_symbolic_serial,mesh_ready_to_matrix_assembled,direct_no_symbolic_serial,Linux;x86_64;GCC 13.3;OpenMP 201511,Intel(R) Core(TM) Ultra 7 265KF,20,20
pgsa-basic-metrics-v1,correctness_memory_time_v1,3d-WindTurbineHub,3d-WindTurbineHub,Tet4,linear_elastic_solid,linear_elastic_solid,228384,1113684,685152,3,PASS,,parallel_symbolic_reuse,cpu_atomic,19,parallel_symbolic_parallel_numeric,1,1,453.756332,364.874701,818.631033,149752608,0,144.242982,144.242982,144.242982,0,0,0,962.874015,0,0,0,1.512532504e-16,0.0068359375,PASS,serial_symbolic_serial_numeric,332767012,699393556,1032160568,332767012,0,0,1514680188,149752608,0,3643.136719,process_ru_maxrss,resource.getrusage(RUSAGE_CHILDREN).ru_maxrss,,,direct_no_symbolic_serial,mesh_ready_to_matrix_assembled,direct_no_symbolic_serial,Linux;x86_64;GCC 13.3;OpenMP 201511,Intel(R) Core(TM) Ultra 7 265KF,20,20
pgsa-basic-metrics-v1,correctness_memory_time_v1,3d-WindTurbineHub,3d-WindTurbineHub,Tet4,linear_elastic_solid,linear_elastic_solid,228384,1113684,685152,1,PASS,,parallel_symbolic_reuse,cpu_private_csr,19,parallel_symbolic_parallel_numeric,1,1,411.151991,361.162126,772.314117,149752608,1269.651373,438.613131,438.613131,1708.264504,0,0,0,2480.578621,0,0,0,1.297871364e-16,0.005859375,PASS,serial_symbolic_serial_numeric,332767012,699393556,1032160568,332767012,4180334400,0,5695014588,4330087008,0,7655.257812,process_ru_maxrss,resource.getrusage(RUSAGE_CHILDREN).ru_maxrss,,,direct_no_symbolic_serial,mesh_ready_to_matrix_assembled,direct_no_symbolic_serial,Linux;x86_64;GCC 13.3;OpenMP 201511,Intel(R) Core(TM) Ultra 7 265KF,20,20
pgsa-basic-metrics-v1,correctness_memory_time_v1,3d-WindTurbineHub,3d-WindTurbineHub,Tet4,linear_elastic_solid,linear_elastic_solid,228384,1113684,685152,2,PASS,,parallel_symbolic_reuse,cpu_private_csr,19,parallel_symbolic_parallel_numeric,1,1,408.157124,363.330807,771.487931,149752608,1268.122248,438.144988,438.144988,1706.267236,0,0,0,2477.755167,0,0,0,1.297871364e-16,0.005859375,PASS,serial_symbolic_serial_numeric,332767012,699393556,1032160568,332767012,4180334400,0,5695014588,4330087008,0,7655.207031,process_ru_maxrss,resource.getrusage(RUSAGE_CHILDREN).ru_maxrss,,,direct_no_symbolic_serial,mesh_ready_to_matrix_assembled,direct_no_symbolic_serial,Linux;x86_64;GCC 13.3;OpenMP 201511,Intel(R) Core(TM) Ultra 7 265KF,20,20
pgsa-basic-metrics-v1,correctness_memory_time_v1,3d-WindTurbineHub,3d-WindTurbineHub,Tet4,linear_elastic_solid,linear_elastic_solid,228384,1113684,685152,3,PASS,,parallel_symbolic_reuse,cpu_private_csr,19,parallel_symbolic_parallel_numeric,1,1,406.8792,364.795485,771.674685,149752608,1271.794196,443.277415,443.277415,1715.071611,0,0,0,2486.746296,0,0,0,1.297871364e-16,0.005859375,PASS,serial_symbolic_serial_numeric,332767012,699393556,1032160568,332767012,4180334400,0,5695014588,4330087008,0,7655.527344,process_ru_maxrss,resource.getrusage(RUSAGE_CHILDREN).ru_maxrss,,,direct_no_symbolic_serial,mesh_ready_to_matrix_assembled,direct_no_symbolic_serial,Linux;x86_64;GCC 13.3;OpenMP 201511,Intel(R) Core(TM) Ultra 7 265KF,20,20
pgsa-basic-metrics-v1,correctness_memory_time_v1,3d-WindTurbineHub,3d-WindTurbineHub,Tet4,linear_elastic_solid,linear_elastic_solid,228384,1113684,685152,1,PASS,,parallel_symbolic_reuse,cpu_lock_guard,19,parallel_symbolic_parallel_numeric,1,1,433.680355,364.46872,798.149075,149752608,416.942642,550.999181,550.999181,967.941823,0,0,0,1766.090898,0,0,0,1.504284137e-16,0.0068359375,PASS,serial_symbolic_serial_numeric,332767012,699393556,1032160568,332767012,1100088000,0,2614768188,1249840608,0,4717.878906,process_ru_maxrss,resource.getrusage(RUSAGE_CHILDREN).ru_maxrss,,,direct_no_symbolic_serial,mesh_ready_to_matrix_assembled,direct_no_symbolic_serial,Linux;x86_64;GCC 13.3;OpenMP 201511,Intel(R) Core(TM) Ultra 7 265KF,20,20
pgsa-basic-metrics-v1,correctness_memory_time_v1,3d-WindTurbineHub,3d-WindTurbineHub,Tet4,linear_elastic_solid,linear_elastic_solid,228384,1113684,685152,2,PASS,,parallel_symbolic_reuse,cpu_lock_guard,19,parallel_symbolic_parallel_numeric,1,1,435.615138,365.022536,800.637674,149752608,417.618078,563.595773,563.595773,981.213851,0,0,0,1781.851525,0,0,0,1.499701502e-16,0.0068359375,PASS,serial_symbolic_serial_numeric,332767012,699393556,1032160568,332767012,1100088000,0,2614768188,1249840608,0,4718.031250,process_ru_maxrss,resource.getrusage(RUSAGE_CHILDREN).ru_maxrss,,,direct_no_symbolic_serial,mesh_ready_to_matrix_assembled,direct_no_symbolic_serial,Linux;x86_64;GCC 13.3;OpenMP 201511,Intel(R) Core(TM) Ultra 7 265KF,20,20
pgsa-basic-metrics-v1,correctness_memory_time_v1,3d-WindTurbineHub,3d-WindTurbineHub,Tet4,linear_elastic_solid,linear_elastic_solid,228384,1113684,685152,3,PASS,,parallel_symbolic_reuse,cpu_lock_guard,19,parallel_symbolic_parallel_numeric,1,1,468.27396,371.328846,839.602806,149752608,418.213618,553.831208,553.831208,972.044826,0,0,0,1811.647632,0,0,0,1.506551988e-16,0.0068359375,PASS,serial_symbolic_serial_numeric,332767012,699393556,1032160568,332767012,1100088000,0,2614768188,1249840608,0,4717.933594,process_ru_maxrss,resource.getrusage(RUSAGE_CHILDREN).ru_maxrss,,,direct_no_symbolic_serial,mesh_ready_to_matrix_assembled,direct_no_symbolic_serial,Linux;x86_64;GCC 13.3;OpenMP 201511,Intel(R) Core(TM) Ultra 7 265KF,20,20
pgsa-basic-metrics-v1,correctness_memory_time_v1,3d-WindTurbineHub,3d-WindTurbineHub,Tet4,linear_elastic_solid,linear_elastic_solid,228384,1113684,685152,1,PASS,,parallel_symbolic_reuse,cpu_graph_coloring,19,parallel_symbolic_parallel_numeric,1,1,415.368898,363.865734,779.234632,149752608,202.122372,198.864131,198.864131,400.986503,0,0,0,1180.221135,0,0,0,1.225939172e-16,0.0048828125,PASS,serial_symbolic_serial_numeric,332767012,699393556,1032160568,332767012,8909472,0,1523589660,158662080,0,3668.488281,process_ru_maxrss,resource.getrusage(RUSAGE_CHILDREN).ru_maxrss,,,direct_no_symbolic_serial,mesh_ready_to_matrix_assembled,direct_no_symbolic_serial,Linux;x86_64;GCC 13.3;OpenMP 201511,Intel(R) Core(TM) Ultra 7 265KF,20,20
pgsa-basic-metrics-v1,correctness_memory_time_v1,3d-WindTurbineHub,3d-WindTurbineHub,Tet4,linear_elastic_solid,linear_elastic_solid,228384,1113684,685152,2,PASS,,parallel_symbolic_reuse,cpu_graph_coloring,19,parallel_symbolic_parallel_numeric,1,1,409.782775,364.17081,773.953585,149752608,201.198847,199.37314,199.37314,400.571987,0,0,0,1174.525572,0,0,0,1.225939172e-16,0.0048828125,PASS,serial_symbolic_serial_numeric,332767012,699393556,1032160568,332767012,8909472,0,1523589660,158662080,0,3668.671875,process_ru_maxrss,resource.getrusage(RUSAGE_CHILDREN).ru_maxrss,,,direct_no_symbolic_serial,mesh_ready_to_matrix_assembled,direct_no_symbolic_serial,Linux;x86_64;GCC 13.3;OpenMP 201511,Intel(R) Core(TM) Ultra 7 265KF,20,20
pgsa-basic-metrics-v1,correctness_memory_time_v1,3d-WindTurbineHub,3d-WindTurbineHub,Tet4,linear_elastic_solid,linear_elastic_solid,228384,1113684,685152,3,PASS,,parallel_symbolic_reuse,cpu_graph_coloring,19,parallel_symbolic_parallel_numeric,1,1,409.330812,364.386674,773.717486,149752608,204.664878,208.544073,208.544073,413.208951,0,0,0,1186.926437,0,0,0,1.225939172e-16,0.0048828125,PASS,serial_symbolic_serial_numeric,332767012,699393556,1032160568,332767012,8909472,0,1523589660,158662080,0,3668.562500,process_ru_maxrss,resource.getrusage(RUSAGE_CHILDREN).ru_maxrss,,,direct_no_symbolic_serial,mesh_ready_to_matrix_assembled,direct_no_symbolic_serial,Linux;x86_64;GCC 13.3;OpenMP 201511,Intel(R) Core(TM) Ultra 7 265KF,20,20
pgsa-basic-metrics-v1,correctness_memory_time_v1,3d-WindTurbineHub,3d-WindTurbineHub,Tet4,linear_elastic_solid,linear_elastic_solid,228384,1113684,685152,1,PASS,,parallel_symbolic_reuse,cpu_row_owner,19,parallel_symbolic_parallel_numeric,1,1,437.304647,363.073043,800.37769,149752608,3709.70898,161.015229,161.015229,3870.724209,0,0,0,4671.101899,0,0,0,0,0,PASS,serial_symbolic_serial_numeric,332767012,699393556,1032160568,332767012,1924445952,0,3439126140,2074198560,0,5503.882812,process_ru_maxrss,resource.getrusage(RUSAGE_CHILDREN).ru_maxrss,,,direct_no_symbolic_serial,mesh_ready_to_matrix_assembled,direct_no_symbolic_serial,Linux;x86_64;GCC 13.3;OpenMP 201511,Intel(R) Core(TM) Ultra 7 265KF,20,20
pgsa-basic-metrics-v1,correctness_memory_time_v1,3d-WindTurbineHub,3d-WindTurbineHub,Tet4,linear_elastic_solid,linear_elastic_solid,228384,1113684,685152,2,PASS,,parallel_symbolic_reuse,cpu_row_owner,19,parallel_symbolic_parallel_numeric,1,1,411.387609,366.805988,778.193597,149752608,3703.438392,153.458675,153.458675,3856.897067,0,0,0,4635.090664,0,0,0,0,0,PASS,serial_symbolic_serial_numeric,332767012,699393556,1032160568,332767012,1924445952,0,3439126140,2074198560,0,5504.054688,process_ru_maxrss,resource.getrusage(RUSAGE_CHILDREN).ru_maxrss,,,direct_no_symbolic_serial,mesh_ready_to_matrix_assembled,direct_no_symbolic_serial,Linux;x86_64;GCC 13.3;OpenMP 201511,Intel(R) Core(TM) Ultra 7 265KF,20,20
pgsa-basic-metrics-v1,correctness_memory_time_v1,3d-WindTurbineHub,3d-WindTurbineHub,Tet4,linear_elastic_solid,linear_elastic_solid,228384,1113684,685152,3,PASS,,parallel_symbolic_reuse,cpu_row_owner,19,parallel_symbolic_parallel_numeric,1,1,438.773281,366.592046,805.365327,149752608,3664.882324,156.133412,156.133412,3821.015736,0,0,0,4626.381063,0,0,0,0,0,PASS,serial_symbolic_serial_numeric,332767012,699393556,1032160568,332767012,1924445952,0,3439126140,2074198560,0,5503.988281,process_ru_maxrss,resource.getrusage(RUSAGE_CHILDREN).ru_maxrss,,,direct_no_symbolic_serial,mesh_ready_to_matrix_assembled,direct_no_symbolic_serial,Linux;x86_64;GCC 13.3;OpenMP 201511,Intel(R) Core(TM) Ultra 7 265KF,20,20
pgsa-basic-metrics-v1,correctness_memory_time_v1,3d-WindTurbineHub,3d-WindTurbineHub,Tet4,linear_elastic_solid,linear_elastic_solid,228384,1113684,685152,1,PASS,,parallel_symbolic_reuse,cpu_atomic,20,parallel_symbolic_parallel_numeric,1,1,428.130911,366.243032,794.373943,149752608,0,145.765381,145.765381,145.765381,0,0,0,940.139324,0,0,0,1.485167296e-16,0.005859375,PASS,serial_symbolic_serial_numeric,332767012,699393556,1032160568,332767012,0,0,1514680188,149752608,0,3645.992188,process_ru_maxrss,resource.getrusage(RUSAGE_CHILDREN).ru_maxrss,,,direct_no_symbolic_serial,mesh_ready_to_matrix_assembled,direct_no_symbolic_serial,Linux;x86_64;GCC 13.3;OpenMP 201511,Intel(R) Core(TM) Ultra 7 265KF,20,20
pgsa-basic-metrics-v1,correctness_memory_time_v1,3d-WindTurbineHub,3d-WindTurbineHub,Tet4,linear_elastic_solid,linear_elastic_solid,228384,1113684,685152,2,PASS,,parallel_symbolic_reuse,cpu_atomic,20,parallel_symbolic_parallel_numeric,1,1,467.492515,362.863281,830.355796,149752608,0,142.676819,142.676819,142.676819,0,0,0,973.032615,0,0,0,1.488150187e-16,0.005859375,PASS,serial_symbolic_serial_numeric,332767012,699393556,1032160568,332767012,0,0,1514680188,149752608,0,3645.843750,process_ru_maxrss,resource.getrusage(RUSAGE_CHILDREN).ru_maxrss,,,direct_no_symbolic_serial,mesh_ready_to_matrix_assembled,direct_no_symbolic_serial,Linux;x86_64;GCC 13.3;OpenMP 201511,Intel(R) Core(TM) Ultra 7 265KF,20,20
pgsa-basic-metrics-v1,correctness_memory_time_v1,3d-WindTurbineHub,3d-WindTurbineHub,Tet4,linear_elastic_solid,linear_elastic_solid,228384,1113684,685152,3,PASS,,parallel_symbolic_reuse,cpu_atomic,20,parallel_symbolic_parallel_numeric,1,1,462.454717,365.914682,828.369399,149752608,0,147.710102,147.710102,147.710102,0,0,0,976.079501,0,0,0,1.489659475e-16,0.005859375,PASS,serial_symbolic_serial_numeric,332767012,699393556,1032160568,332767012,0,0,1514680188,149752608,0,3645.796875,process_ru_maxrss,resource.getrusage(RUSAGE_CHILDREN).ru_maxrss,,,direct_no_symbolic_serial,mesh_ready_to_matrix_assembled,direct_no_symbolic_serial,Linux;x86_64;GCC 13.3;OpenMP 201511,Intel(R) Core(TM) Ultra 7 265KF,20,20
pgsa-basic-metrics-v1,correctness_memory_time_v1,3d-WindTurbineHub,3d-WindTurbineHub,Tet4,linear_elastic_solid,linear_elastic_solid,228384,1113684,685152,1,PASS,,parallel_symbolic_reuse,cpu_private_csr,20,parallel_symbolic_parallel_numeric,1,1,425.186331,357.108653,782.294984,149752608,1339.923468,457.098163,457.098163,1797.021631,0,0,0,2579.316615,0,0,0,1.297996957e-16,0.005859375,PASS,serial_symbolic_serial_numeric,332767012,699393556,1032160568,332767012,4400352000,0,5915032188,4550104608,0,7868.175781,process_ru_maxrss,resource.getrusage(RUSAGE_CHILDREN).ru_maxrss,,,direct_no_symbolic_serial,mesh_ready_to_matrix_assembled,direct_no_symbolic_serial,Linux;x86_64;GCC 13.3;OpenMP 201511,Intel(R) Core(TM) Ultra 7 265KF,20,20
pgsa-basic-metrics-v1,correctness_memory_time_v1,3d-WindTurbineHub,3d-WindTurbineHub,Tet4,linear_elastic_solid,linear_elastic_solid,228384,1113684,685152,2,PASS,,parallel_symbolic_reuse,cpu_private_csr,20,parallel_symbolic_parallel_numeric,1,1,424.871206,372.3956,797.266806,149752608,1338.267135,455.794487,455.794487,1794.061622,0,0,0,2591.328428,0,0,0,1.297996957e-16,0.005859375,PASS,serial_symbolic_serial_numeric,332767012,699393556,1032160568,332767012,4400352000,0,5915032188,4550104608,0,7867.949219,process_ru_maxrss,resource.getrusage(RUSAGE_CHILDREN).ru_maxrss,,,direct_no_symbolic_serial,mesh_ready_to_matrix_assembled,direct_no_symbolic_serial,Linux;x86_64;GCC 13.3;OpenMP 201511,Intel(R) Core(TM) Ultra 7 265KF,20,20
pgsa-basic-metrics-v1,correctness_memory_time_v1,3d-WindTurbineHub,3d-WindTurbineHub,Tet4,linear_elastic_solid,linear_elastic_solid,228384,1113684,685152,3,PASS,,parallel_symbolic_reuse,cpu_private_csr,20,parallel_symbolic_parallel_numeric,1,1,418.79103,364.033843,782.824873,149752608,1331.320667,458.025224,458.025224,1789.345891,0,0,0,2572.170764,0,0,0,1.297996957e-16,0.005859375,PASS,serial_symbolic_serial_numeric,332767012,699393556,1032160568,332767012,4400352000,0,5915032188,4550104608,0,7868.011719,process_ru_maxrss,resource.getrusage(RUSAGE_CHILDREN).ru_maxrss,,,direct_no_symbolic_serial,mesh_ready_to_matrix_assembled,direct_no_symbolic_serial,Linux;x86_64;GCC 13.3;OpenMP 201511,Intel(R) Core(TM) Ultra 7 265KF,20,20
pgsa-basic-metrics-v1,correctness_memory_time_v1,3d-WindTurbineHub,3d-WindTurbineHub,Tet4,linear_elastic_solid,linear_elastic_solid,228384,1113684,685152,1,PASS,,parallel_symbolic_reuse,cpu_lock_guard,20,parallel_symbolic_parallel_numeric,1,1,461.282367,377.564999,838.847366,149752608,419.18053,551.38057,551.38057,970.5611,0,0,0,1809.408466,0,0,0,1.479126052e-16,0.005859375,PASS,serial_symbolic_serial_numeric,332767012,699393556,1032160568,332767012,1100088000,0,2614768188,1249840608,0,4720.582031,process_ru_maxrss,resource.getrusage(RUSAGE_CHILDREN).ru_maxrss,,,direct_no_symbolic_serial,mesh_ready_to_matrix_assembled,direct_no_symbolic_serial,Linux;x86_64;GCC 13.3;OpenMP 201511,Intel(R) Core(TM) Ultra 7 265KF,20,20
pgsa-basic-metrics-v1,correctness_memory_time_v1,3d-WindTurbineHub,3d-WindTurbineHub,Tet4,linear_elastic_solid,linear_elastic_solid,228384,1113684,685152,2,PASS,,parallel_symbolic_reuse,cpu_lock_guard,20,parallel_symbolic_parallel_numeric,1,1,436.355251,361.644209,797.99946,149752608,419.434703,617.144448,617.144448,1036.579151,0,0,0,1834.578611,0,0,0,1.470621155e-16,0.005859375,PASS,serial_symbolic_serial_numeric,332767012,699393556,1032160568,332767012,1100088000,0,2614768188,1249840608,0,4720.757812,process_ru_maxrss,resource.getrusage(RUSAGE_CHILDREN).ru_maxrss,,,direct_no_symbolic_serial,mesh_ready_to_matrix_assembled,direct_no_symbolic_serial,Linux;x86_64;GCC 13.3;OpenMP 201511,Intel(R) Core(TM) Ultra 7 265KF,20,20
pgsa-basic-metrics-v1,correctness_memory_time_v1,3d-WindTurbineHub,3d-WindTurbineHub,Tet4,linear_elastic_solid,linear_elastic_solid,228384,1113684,685152,3,PASS,,parallel_symbolic_reuse,cpu_lock_guard,20,parallel_symbolic_parallel_numeric,1,1,437.220922,375.721072,812.941994,149752608,419.590866,582.523335,582.523335,1002.114201,0,0,0,1815.056195,0,0,0,1.478354065e-16,0.005859375,PASS,serial_symbolic_serial_numeric,332767012,699393556,1032160568,332767012,1100088000,0,2614768188,1249840608,0,4720.746094,process_ru_maxrss,resource.getrusage(RUSAGE_CHILDREN).ru_maxrss,,,direct_no_symbolic_serial,mesh_ready_to_matrix_assembled,direct_no_symbolic_serial,Linux;x86_64;GCC 13.3;OpenMP 201511,Intel(R) Core(TM) Ultra 7 265KF,20,20
pgsa-basic-metrics-v1,correctness_memory_time_v1,3d-WindTurbineHub,3d-WindTurbineHub,Tet4,linear_elastic_solid,linear_elastic_solid,228384,1113684,685152,1,PASS,,parallel_symbolic_reuse,cpu_graph_coloring,20,parallel_symbolic_parallel_numeric,1,1,423.466937,360.962545,784.429482,149752608,201.706836,197.902774,197.902774,399.60961,0,0,0,1184.039092,0,0,0,1.225939172e-16,0.0048828125,PASS,serial_symbolic_serial_numeric,332767012,699393556,1032160568,332767012,8909472,0,1523589660,158662080,0,3671.449219,process_ru_maxrss,resource.getrusage(RUSAGE_CHILDREN).ru_maxrss,,,direct_no_symbolic_serial,mesh_ready_to_matrix_assembled,direct_no_symbolic_serial,Linux;x86_64;GCC 13.3;OpenMP 201511,Intel(R) Core(TM) Ultra 7 265KF,20,20
pgsa-basic-metrics-v1,correctness_memory_time_v1,3d-WindTurbineHub,3d-WindTurbineHub,Tet4,linear_elastic_solid,linear_elastic_solid,228384,1113684,685152,2,PASS,,parallel_symbolic_reuse,cpu_graph_coloring,20,parallel_symbolic_parallel_numeric,1,1,448.149114,361.531871,809.680985,149752608,202.79671,198.803037,198.803037,401.599747,0,0,0,1211.280732,0,0,0,1.225939172e-16,0.0048828125,PASS,serial_symbolic_serial_numeric,332767012,699393556,1032160568,332767012,8909472,0,1523589660,158662080,0,3671.628906,process_ru_maxrss,resource.getrusage(RUSAGE_CHILDREN).ru_maxrss,,,direct_no_symbolic_serial,mesh_ready_to_matrix_assembled,direct_no_symbolic_serial,Linux;x86_64;GCC 13.3;OpenMP 201511,Intel(R) Core(TM) Ultra 7 265KF,20,20
pgsa-basic-metrics-v1,correctness_memory_time_v1,3d-WindTurbineHub,3d-WindTurbineHub,Tet4,linear_elastic_solid,linear_elastic_solid,228384,1113684,685152,3,PASS,,parallel_symbolic_reuse,cpu_graph_coloring,20,parallel_symbolic_parallel_numeric,1,1,424.159849,361.168209,785.328058,149752608,203.044356,196.043554,196.043554,399.08791,0,0,0,1184.415968,0,0,0,1.225939172e-16,0.0048828125,PASS,serial_symbolic_serial_numeric,332767012,699393556,1032160568,332767012,8909472,0,1523589660,158662080,0,3671.445312,process_ru_maxrss,resource.getrusage(RUSAGE_CHILDREN).ru_maxrss,,,direct_no_symbolic_serial,mesh_ready_to_matrix_assembled,direct_no_symbolic_serial,Linux;x86_64;GCC 13.3;OpenMP 201511,Intel(R) Core(TM) Ultra 7 265KF,20,20
pgsa-basic-metrics-v1,correctness_memory_time_v1,3d-WindTurbineHub,3d-WindTurbineHub,Tet4,linear_elastic_solid,linear_elastic_solid,228384,1113684,685152,1,PASS,,parallel_symbolic_reuse,cpu_row_owner,20,parallel_symbolic_parallel_numeric,1,1,455.655254,363.995373,819.650627,149752608,3646.435349,159.539563,159.539563,3805.974912,0,0,0,4625.625539,0,0,0,0,0,PASS,serial_symbolic_serial_numeric,332767012,699393556,1032160568,332767012,1924445952,0,3439126140,2074198560,0,5506.812500,process_ru_maxrss,resource.getrusage(RUSAGE_CHILDREN).ru_maxrss,,,direct_no_symbolic_serial,mesh_ready_to_matrix_assembled,direct_no_symbolic_serial,Linux;x86_64;GCC 13.3;OpenMP 201511,Intel(R) Core(TM) Ultra 7 265KF,20,20
pgsa-basic-metrics-v1,correctness_memory_time_v1,3d-WindTurbineHub,3d-WindTurbineHub,Tet4,linear_elastic_solid,linear_elastic_solid,228384,1113684,685152,2,PASS,,parallel_symbolic_reuse,cpu_row_owner,20,parallel_symbolic_parallel_numeric,1,1,455.058214,365.480291,820.538505,149752608,3644.701682,152.629778,152.629778,3797.33146,0,0,0,4617.869965,0,0,0,0,0,PASS,serial_symbolic_serial_numeric,332767012,699393556,1032160568,332767012,1924445952,0,3439126140,2074198560,0,5506.769531,process_ru_maxrss,resource.getrusage(RUSAGE_CHILDREN).ru_maxrss,,,direct_no_symbolic_serial,mesh_ready_to_matrix_assembled,direct_no_symbolic_serial,Linux;x86_64;GCC 13.3;OpenMP 201511,Intel(R) Core(TM) Ultra 7 265KF,20,20
pgsa-basic-metrics-v1,correctness_memory_time_v1,3d-WindTurbineHub,3d-WindTurbineHub,Tet4,linear_elastic_solid,linear_elastic_solid,228384,1113684,685152,3,PASS,,parallel_symbolic_reuse,cpu_row_owner,20,parallel_symbolic_parallel_numeric,1,1,436.108381,363.402637,799.511018,149752608,3649.956658,158.320698,158.320698,3808.277356,0,0,0,4607.788374,0,0,0,0,0,PASS,serial_symbolic_serial_numeric,332767012,699393556,1032160568,332767012,1924445952,0,3439126140,2074198560,0,5506.707031,process_ru_maxrss,resource.getrusage(RUSAGE_CHILDREN).ru_maxrss,,,direct_no_symbolic_serial,mesh_ready_to_matrix_assembled,direct_no_symbolic_serial,Linux;x86_64;GCC 13.3;OpenMP 201511,Intel(R) Core(TM) Ultra 7 265KF,20,20
