schema_version,platform_id,run_profile,profile_note,env_group,case_name,mesh,element_type,stiffness_model,kernel,nodes,elements,dofs,nnz,algorithm,threads,effective_threads,thread_region,cpu_model,physical_cores,logical_cores,measurement_mode,mesh_load_ms,symbolic_csr_ms,symbolic_plan_ms,backend_prepare_ms,symbolic_ms,numeric_ms,symbolic_numeric_total_ms,run_count,preprocess_ms,assembly_ms,total_ms,assembly_mean_ms,assembly_min_ms,assembly_max_ms,assembly_std_ms,total_mean_ms,total_min_ms,total_max_ms,total_std_ms,speedup,efficiency,preprocess_share,rel_l2,max_abs,extra_memory_bytes,peak_rss_mb,colors,prepare_allocate_ms,prepare_coloring_ms,prepare_owner_partition_ms,assembly_zero_ms,assembly_generate_ms,assembly_numeric_ms,assembly_merge_ms,assembly_sort_ms,assembly_reduce_ms,status,skip_reason,diagnostics,platform,omp_proc_bind,omp_places,omp_dynamic,process_repeat_index,isolated_peak_rss_mb,isolated_memory_metric,isolated_memory_measurement_source
pgsa-cross-platform-v1,local,full_host,,standalone,3d-WindTurbineHub,3d-WindTurbineHub,Tet4,physics_tet4,physics_tet4,228384,1113684,685152,27502200,cpu_serial,1,1,physical_core_region,Intel(R) Core(TM) Ultra 7 265KF,20,20,isolated,461.18846100000002,2225.4844069999999,1361.4971,0.00040499999999999998,3586.9819119999997,690.57652499999995,4277.5584369999997,1,0.00040499999999999998,690.57652499999995,690.57652499999995,690.57652499999995,690.57652499999995,690.57652499999995,0,690.57652499999995,690.57652499999995,690.57652499999995,0,0,0,5.864665034769318e-07,0,0,0,2045.55859375,0,0,0,0,0,0,690.57652499999995,0,0,0,PASS,,,Linux;x86_64;GCC 13.3;OpenMP 201511,close,cores,FALSE,1,2045.558594,process_ru_maxrss,resource.getrusage(RUSAGE_CHILDREN).ru_maxrss
pgsa-cross-platform-v1,local,full_host,,standalone,3d-WindTurbineHub,3d-WindTurbineHub,Tet4,physics_tet4,physics_tet4,228384,1113684,685152,27502200,cpu_serial,1,1,physical_core_region,Intel(R) Core(TM) Ultra 7 265KF,20,20,isolated,461.55142899999998,2222.8315160000002,1360.1047579999999,0.00038400000000000001,3582.9366580000001,682.55440999999996,4265.4910680000003,1,0.00038400000000000001,682.55440999999996,682.55440999999996,682.55440999999996,682.55440999999996,682.55440999999996,0,682.55440999999996,682.55440999999996,682.55440999999996,0,0,0,5.6259251185557502e-07,0,0,0,2045.54296875,0,0,0,0,0,0,682.55440999999996,0,0,0,PASS,,,Linux;x86_64;GCC 13.3;OpenMP 201511,close,cores,FALSE,2,2045.542969,process_ru_maxrss,resource.getrusage(RUSAGE_CHILDREN).ru_maxrss
pgsa-cross-platform-v1,local,full_host,,standalone,3d-WindTurbineHub,3d-WindTurbineHub,Tet4,physics_tet4,physics_tet4,228384,1113684,685152,27502200,cpu_serial,1,1,physical_core_region,Intel(R) Core(TM) Ultra 7 265KF,20,20,isolated,454.73502400000001,2207.812257,1356.62462,0.000435,3564.437312,684.67174199999999,4249.1090540000005,1,0.000435,684.67174199999999,684.67174199999999,684.67174199999999,684.67174199999999,684.67174199999999,0,684.67174199999999,684.67174199999999,684.67174199999999,0,0,0,6.3534095730213443e-07,0,0,0,2045.640625,0,0,0,0,0,0,684.67174199999999,0,0,0,PASS,,,Linux;x86_64;GCC 13.3;OpenMP 201511,close,cores,FALSE,3,2045.640625,process_ru_maxrss,resource.getrusage(RUSAGE_CHILDREN).ru_maxrss
pgsa-cross-platform-v1,local,full_host,,standalone,3d-WindTurbineHub,3d-WindTurbineHub,Tet4,physics_tet4,physics_tet4,228384,1113684,685152,27502200,cpu_atomic,1,1,physical_core_region,Intel(R) Core(TM) Ultra 7 265KF,20,20,isolated,459.71817700000003,2219.7919470000002,1352.8910659999999,0.00037399999999999998,3572.683387,1206.4425120000001,4779.1258990000006,1,0.00037399999999999998,1206.4425120000001,1206.4425120000001,1206.4425120000001,1206.4425120000001,1206.4425120000001,0,1206.4425120000001,1206.4425120000001,1206.4425120000001,0,0,0,3.1000233851175826e-07,0,0,0,2045.51171875,0,0,0,0,0,0,1206.4425120000001,0,0,0,PASS,,,Linux;x86_64;GCC 13.3;OpenMP 201511,close,cores,FALSE,1,2045.511719,process_ru_maxrss,resource.getrusage(RUSAGE_CHILDREN).ru_maxrss
pgsa-cross-platform-v1,local,full_host,,standalone,3d-WindTurbineHub,3d-WindTurbineHub,Tet4,physics_tet4,physics_tet4,228384,1113684,685152,27502200,cpu_atomic,1,1,physical_core_region,Intel(R) Core(TM) Ultra 7 265KF,20,20,isolated,458.02177499999999,2221.60716,1362.6344349999999,0.00036900000000000002,3584.2419639999998,1216.2748349999999,4800.516799,1,0.00036900000000000002,1216.2748349999999,1216.2748349999999,1216.2748349999999,1216.2748349999999,1216.2748349999999,0,1216.2748349999999,1216.2748349999999,1216.2748349999999,0,0,0,3.0338537753270217e-07,0,0,0,2045.5625,0,0,0,0,0,0,1216.2748349999999,0,0,0,PASS,,,Linux;x86_64;GCC 13.3;OpenMP 201511,close,cores,FALSE,2,2045.562500,process_ru_maxrss,resource.getrusage(RUSAGE_CHILDREN).ru_maxrss
pgsa-cross-platform-v1,local,full_host,,standalone,3d-WindTurbineHub,3d-WindTurbineHub,Tet4,physics_tet4,physics_tet4,228384,1113684,685152,27502200,cpu_atomic,1,1,physical_core_region,Intel(R) Core(TM) Ultra 7 265KF,20,20,isolated,458.65816799999999,2230.2985859999999,1360.1022310000001,0.00041599999999999997,3590.4012329999996,1210.5783550000001,4800.9795880000001,1,0.00041599999999999997,1210.5783550000001,1210.5783550000001,1210.5783550000001,1210.5783550000001,1210.5783550000001,0,1210.5783550000001,1210.5783550000001,1210.5783550000001,0,0,0,3.436374013146798e-07,0,0,0,2045.4765625,0,0,0,0,0,0,1210.5783550000001,0,0,0,PASS,,,Linux;x86_64;GCC 13.3;OpenMP 201511,close,cores,FALSE,3,2045.476562,process_ru_maxrss,resource.getrusage(RUSAGE_CHILDREN).ru_maxrss
pgsa-cross-platform-v1,local,full_host,,standalone,3d-WindTurbineHub,3d-WindTurbineHub,Tet4,physics_tet4,physics_tet4,228384,1113684,685152,27502200,cpu_atomic,2,2,physical_core_region,Intel(R) Core(TM) Ultra 7 265KF,20,20,isolated,459.36855300000002,2208.8853690000001,1357.650809,0.00038900000000000002,3566.5365670000001,649.64592600000003,4216.1824930000002,1,0.00038900000000000002,649.64592600000003,649.64592600000003,649.64592600000003,649.64592600000003,649.64592600000003,0,649.64592600000003,649.64592600000003,649.64592600000003,0,0,0,5.9878771563326947e-07,0,0,0,2045.70703125,0,0,0,0,0,0,649.64592600000003,0,0,0,PASS,,,Linux;x86_64;GCC 13.3;OpenMP 201511,close,cores,FALSE,1,2045.707031,process_ru_maxrss,resource.getrusage(RUSAGE_CHILDREN).ru_maxrss
pgsa-cross-platform-v1,local,full_host,,standalone,3d-WindTurbineHub,3d-WindTurbineHub,Tet4,physics_tet4,physics_tet4,228384,1113684,685152,27502200,cpu_atomic,2,2,physical_core_region,Intel(R) Core(TM) Ultra 7 265KF,20,20,isolated,459.86796500000003,2220.311944,1360.3117400000001,0.00038499999999999998,3580.624069,650.35814500000004,4230.9822139999997,1,0.00038499999999999998,650.35814500000004,650.35814500000004,650.35814500000004,650.35814500000004,650.35814500000004,0,650.35814500000004,650.35814500000004,650.35814500000004,0,0,0,5.9198151504660553e-07,0,0,0,2045.5390625,0,0,0,0,0,0,650.35814500000004,0,0,0,PASS,,,Linux;x86_64;GCC 13.3;OpenMP 201511,close,cores,FALSE,2,2045.539062,process_ru_maxrss,resource.getrusage(RUSAGE_CHILDREN).ru_maxrss
pgsa-cross-platform-v1,local,full_host,,standalone,3d-WindTurbineHub,3d-WindTurbineHub,Tet4,physics_tet4,physics_tet4,228384,1113684,685152,27502200,cpu_atomic,2,2,physical_core_region,Intel(R) Core(TM) Ultra 7 265KF,20,20,isolated,457.17837400000002,2205.2297170000002,1357.320381,0.00055800000000000001,3562.5506560000003,652.75171,4215.3023659999999,1,0.00055800000000000001,652.75171,652.75171,652.75171,652.75171,652.75171,0,652.75171,652.75171,652.75171,0,0,0,8.5484264759720044e-07,0,0,0,2045.5,0,0,0,0,0,0,652.75171,0,0,0,PASS,,,Linux;x86_64;GCC 13.3;OpenMP 201511,close,cores,FALSE,3,2045.500000,process_ru_maxrss,resource.getrusage(RUSAGE_CHILDREN).ru_maxrss
pgsa-cross-platform-v1,local,full_host,,standalone,3d-WindTurbineHub,3d-WindTurbineHub,Tet4,physics_tet4,physics_tet4,228384,1113684,685152,27502200,cpu_atomic,3,3,physical_core_region,Intel(R) Core(TM) Ultra 7 265KF,20,20,isolated,456.749799,2214.7291519999999,1356.853869,0.00038900000000000002,3571.5834099999997,457.65511700000002,4029.2385269999995,1,0.00038900000000000002,457.65511700000002,457.65511700000002,457.65511700000002,457.65511700000002,457.65511700000002,0,457.65511700000002,457.65511700000002,457.65511700000002,0,0,0,8.4998503359900162e-07,0,0,0,2045.703125,0,0,0,0,0,0,457.65511700000002,0,0,0,PASS,,,Linux;x86_64;GCC 13.3;OpenMP 201511,close,cores,FALSE,1,2045.703125,process_ru_maxrss,resource.getrusage(RUSAGE_CHILDREN).ru_maxrss
pgsa-cross-platform-v1,local,full_host,,standalone,3d-WindTurbineHub,3d-WindTurbineHub,Tet4,physics_tet4,physics_tet4,228384,1113684,685152,27502200,cpu_atomic,3,3,physical_core_region,Intel(R) Core(TM) Ultra 7 265KF,20,20,isolated,454.72367700000001,2213.8877210000001,1359.4064289999999,0.00052899999999999996,3573.2946789999996,461.65393599999999,4034.9486149999998,1,0.00052899999999999996,461.65393599999999,461.65393599999999,461.65393599999999,461.65393599999999,461.65393599999999,0,461.65393599999999,461.65393599999999,461.65393599999999,0,0,0,1.1458799736086296e-06,0,0,0,2045.5625,0,0,0,0,0,0,461.65393599999999,0,0,0,PASS,,,Linux;x86_64;GCC 13.3;OpenMP 201511,close,cores,FALSE,2,2045.562500,process_ru_maxrss,resource.getrusage(RUSAGE_CHILDREN).ru_maxrss
pgsa-cross-platform-v1,local,full_host,,standalone,3d-WindTurbineHub,3d-WindTurbineHub,Tet4,physics_tet4,physics_tet4,228384,1113684,685152,27502200,cpu_atomic,3,3,physical_core_region,Intel(R) Core(TM) Ultra 7 265KF,20,20,isolated,454.39443499999999,2216.2274579999998,1370.456512,0.00038200000000000002,3586.6843520000002,461.80753199999998,4048.491884,1,0.00038200000000000002,461.80753199999998,461.80753199999998,461.80753199999998,461.80753199999998,461.80753199999998,0,461.80753199999998,461.80753199999998,461.80753199999998,0,0,0,8.2718442972471922e-07,0,0,0,2045.47265625,0,0,0,0,0,0,461.80753199999998,0,0,0,PASS,,,Linux;x86_64;GCC 13.3;OpenMP 201511,close,cores,FALSE,3,2045.472656,process_ru_maxrss,resource.getrusage(RUSAGE_CHILDREN).ru_maxrss
pgsa-cross-platform-v1,local,full_host,,standalone,3d-WindTurbineHub,3d-WindTurbineHub,Tet4,physics_tet4,physics_tet4,228384,1113684,685152,27502200,cpu_atomic,4,4,physical_core_region,Intel(R) Core(TM) Ultra 7 265KF,20,20,isolated,457.30593599999997,2210.7259309999999,1357.7210170000001,0.00042000000000000002,3568.4473679999996,357.88012099999997,3926.3274889999998,1,0.00042000000000000002,357.88012099999997,357.88012099999997,357.88012099999997,357.88012099999997,357.88012099999997,0,357.88012099999997,357.88012099999997,357.88012099999997,0,0,0,1.1735773387647871e-06,0,0,0,2045.53515625,0,0,0,0,0,0,357.88012099999997,0,0,0,PASS,,,Linux;x86_64;GCC 13.3;OpenMP 201511,close,cores,FALSE,1,2045.535156,process_ru_maxrss,resource.getrusage(RUSAGE_CHILDREN).ru_maxrss
pgsa-cross-platform-v1,local,full_host,,standalone,3d-WindTurbineHub,3d-WindTurbineHub,Tet4,physics_tet4,physics_tet4,228384,1113684,685152,27502200,cpu_atomic,4,4,physical_core_region,Intel(R) Core(TM) Ultra 7 265KF,20,20,isolated,455.21705700000001,2215.8143789999999,1360.7512690000001,0.00040099999999999999,3576.5660489999996,386.802435,3963.3684839999996,1,0.00040099999999999999,386.802435,386.802435,386.802435,386.802435,386.802435,0,386.802435,386.802435,386.802435,0,0,0,1.0367049524907979e-06,0,0,0,2045.5625,0,0,0,0,0,0,386.802435,0,0,0,PASS,,,Linux;x86_64;GCC 13.3;OpenMP 201511,close,cores,FALSE,2,2045.562500,process_ru_maxrss,resource.getrusage(RUSAGE_CHILDREN).ru_maxrss
pgsa-cross-platform-v1,local,full_host,,standalone,3d-WindTurbineHub,3d-WindTurbineHub,Tet4,physics_tet4,physics_tet4,228384,1113684,685152,27502200,cpu_atomic,4,4,physical_core_region,Intel(R) Core(TM) Ultra 7 265KF,20,20,isolated,457.500767,2204.2725500000001,1348.1901170000001,0.00039399999999999998,3552.4630610000004,358.99466200000001,3911.4577230000004,1,0.00039399999999999998,358.99466200000001,358.99466200000001,358.99466200000001,358.99466200000001,358.99466200000001,0,358.99466200000001,358.99466200000001,358.99466200000001,0,0,0,1.0975093551669578e-06,0,0,0,2045.5078125,0,0,0,0,0,0,358.99466200000001,0,0,0,PASS,,,Linux;x86_64;GCC 13.3;OpenMP 201511,close,cores,FALSE,3,2045.507812,process_ru_maxrss,resource.getrusage(RUSAGE_CHILDREN).ru_maxrss
pgsa-cross-platform-v1,local,full_host,,standalone,3d-WindTurbineHub,3d-WindTurbineHub,Tet4,physics_tet4,physics_tet4,228384,1113684,685152,27502200,cpu_atomic,5,5,physical_core_region,Intel(R) Core(TM) Ultra 7 265KF,20,20,isolated,457.34699599999999,2217.6041749999999,1358.727441,0.00052400000000000005,3576.33214,299.28823,3875.6203700000001,1,0.00052400000000000005,299.28823,299.28823,299.28823,299.28823,299.28823,0,299.28823,299.28823,299.28823,0,0,0,1.7508206052740532e-06,0,0,0,2045.69921875,0,0,0,0,0,0,299.28823,0,0,0,PASS,,,Linux;x86_64;GCC 13.3;OpenMP 201511,close,cores,FALSE,1,2045.699219,process_ru_maxrss,resource.getrusage(RUSAGE_CHILDREN).ru_maxrss
pgsa-cross-platform-v1,local,full_host,,standalone,3d-WindTurbineHub,3d-WindTurbineHub,Tet4,physics_tet4,physics_tet4,228384,1113684,685152,27502200,cpu_atomic,5,5,physical_core_region,Intel(R) Core(TM) Ultra 7 265KF,20,20,isolated,457.70724999999999,2226.8941629999999,1345.6995420000001,0.00052899999999999996,3572.5942340000001,298.389253,3870.983487,1,0.00052899999999999996,298.389253,298.389253,298.389253,298.389253,298.389253,0,298.389253,298.389253,298.389253,0,0,0,1.7728520537567751e-06,0,0,0,2045.58203125,0,0,0,0,0,0,298.389253,0,0,0,PASS,,,Linux;x86_64;GCC 13.3;OpenMP 201511,close,cores,FALSE,2,2045.582031,process_ru_maxrss,resource.getrusage(RUSAGE_CHILDREN).ru_maxrss
pgsa-cross-platform-v1,local,full_host,,standalone,3d-WindTurbineHub,3d-WindTurbineHub,Tet4,physics_tet4,physics_tet4,228384,1113684,685152,27502200,cpu_atomic,5,5,physical_core_region,Intel(R) Core(TM) Ultra 7 265KF,20,20,isolated,457.37550199999998,2209.2384419999998,1360.1786139999999,0.00038699999999999997,3569.4174429999998,297.69005199999998,3867.1074949999997,1,0.00038699999999999997,297.69005199999998,297.69005199999998,297.69005199999998,297.69005199999998,297.69005199999998,0,297.69005199999998,297.69005199999998,297.69005199999998,0,0,0,1.3000098505139165e-06,0,0,0,2045.6015625,0,0,0,0,0,0,297.69005199999998,0,0,0,PASS,,,Linux;x86_64;GCC 13.3;OpenMP 201511,close,cores,FALSE,3,2045.601562,process_ru_maxrss,resource.getrusage(RUSAGE_CHILDREN).ru_maxrss
pgsa-cross-platform-v1,local,full_host,,standalone,3d-WindTurbineHub,3d-WindTurbineHub,Tet4,physics_tet4,physics_tet4,228384,1113684,685152,27502200,cpu_atomic,6,6,physical_core_region,Intel(R) Core(TM) Ultra 7 265KF,20,20,isolated,455.99656199999998,2219.1697079999999,1358.6578649999999,0.00040499999999999998,3577.8279779999993,253.70349400000001,3831.5314719999992,1,0.00040499999999999998,253.70349400000001,253.70349400000001,253.70349400000001,253.70349400000001,253.70349400000001,0,253.70349400000001,253.70349400000001,253.70349400000001,0,0,0,1.5963516844588667e-06,0,0,0,2045.5,0,0,0,0,0,0,253.70349400000001,0,0,0,PASS,,,Linux;x86_64;GCC 13.3;OpenMP 201511,close,cores,FALSE,1,2045.500000,process_ru_maxrss,resource.getrusage(RUSAGE_CHILDREN).ru_maxrss
pgsa-cross-platform-v1,local,full_host,,standalone,3d-WindTurbineHub,3d-WindTurbineHub,Tet4,physics_tet4,physics_tet4,228384,1113684,685152,27502200,cpu_atomic,6,6,physical_core_region,Intel(R) Core(TM) Ultra 7 265KF,20,20,isolated,456.14331199999998,2215.4889549999998,1349.18112,0.000388,3564.6704629999999,254.120093,3818.7905559999999,1,0.000388,254.120093,254.120093,254.120093,254.120093,254.120093,0,254.120093,254.120093,254.120093,0,0,0,1.5268371556907938e-06,0,0,0,2045.50390625,0,0,0,0,0,0,254.120093,0,0,0,PASS,,,Linux;x86_64;GCC 13.3;OpenMP 201511,close,cores,FALSE,2,2045.503906,process_ru_maxrss,resource.getrusage(RUSAGE_CHILDREN).ru_maxrss
pgsa-cross-platform-v1,local,full_host,,standalone,3d-WindTurbineHub,3d-WindTurbineHub,Tet4,physics_tet4,physics_tet4,228384,1113684,685152,27502200,cpu_atomic,6,6,physical_core_region,Intel(R) Core(TM) Ultra 7 265KF,20,20,isolated,457.69631299999998,2214.2902300000001,1360.3876419999999,0.00045100000000000001,3574.6783230000001,254.67376999999999,3829.352093,1,0.00045100000000000001,254.67376999999999,254.67376999999999,254.67376999999999,254.67376999999999,254.67376999999999,0,254.67376999999999,254.67376999999999,254.67376999999999,0,0,0,1.770893013442256e-06,0,0,0,2045.5,0,0,0,0,0,0,254.67376999999999,0,0,0,PASS,,,Linux;x86_64;GCC 13.3;OpenMP 201511,close,cores,FALSE,3,2045.500000,process_ru_maxrss,resource.getrusage(RUSAGE_CHILDREN).ru_maxrss
pgsa-cross-platform-v1,local,full_host,,standalone,3d-WindTurbineHub,3d-WindTurbineHub,Tet4,physics_tet4,physics_tet4,228384,1113684,685152,27502200,cpu_atomic,7,7,physical_core_region,Intel(R) Core(TM) Ultra 7 265KF,20,20,isolated,456.99261899999999,2213.949885,1361.6891929999999,0.00065700000000000003,3575.6397350000002,223.95657399999999,3799.596309,1,0.00065700000000000003,223.95657399999999,223.95657399999999,223.95657399999999,223.95657399999999,223.95657399999999,0,223.95657399999999,223.95657399999999,223.95657399999999,0,0,0,2.9336044406537495e-06,0,0,0,2045.57421875,0,0,0,0,0,0,223.95657399999999,0,0,0,PASS,,,Linux;x86_64;GCC 13.3;OpenMP 201511,close,cores,FALSE,1,2045.574219,process_ru_maxrss,resource.getrusage(RUSAGE_CHILDREN).ru_maxrss
pgsa-cross-platform-v1,local,full_host,,standalone,3d-WindTurbineHub,3d-WindTurbineHub,Tet4,physics_tet4,physics_tet4,228384,1113684,685152,27502200,cpu_atomic,7,7,physical_core_region,Intel(R) Core(TM) Ultra 7 265KF,20,20,isolated,458.62248899999997,2207.4553550000001,1353.2221199999999,0.00053700000000000004,3560.6780119999999,225.25344899999999,3785.9314609999997,1,0.00053700000000000004,225.25344899999999,225.25344899999999,225.25344899999999,225.25344899999999,225.25344899999999,0,225.25344899999999,225.25344899999999,225.25344899999999,0,0,0,2.3839812548219853e-06,0,0,0,2045.49609375,0,0,0,0,0,0,225.25344899999999,0,0,0,PASS,,,Linux;x86_64;GCC 13.3;OpenMP 201511,close,cores,FALSE,2,2045.496094,process_ru_maxrss,resource.getrusage(RUSAGE_CHILDREN).ru_maxrss
pgsa-cross-platform-v1,local,full_host,,standalone,3d-WindTurbineHub,3d-WindTurbineHub,Tet4,physics_tet4,physics_tet4,228384,1113684,685152,27502200,cpu_atomic,7,7,physical_core_region,Intel(R) Core(TM) Ultra 7 265KF,20,20,isolated,457.765805,2220.5512480000002,1360.839479,0.00064400000000000004,3581.3913710000002,224.55776299999999,3805.949134,1,0.00064400000000000004,224.55776299999999,224.55776299999999,224.55776299999999,224.55776299999999,224.55776299999999,0,224.55776299999999,224.55776299999999,224.55776299999999,0,0,0,2.8678589926993532e-06,0,0,0,2045.5078125,0,0,0,0,0,0,224.55776299999999,0,0,0,PASS,,,Linux;x86_64;GCC 13.3;OpenMP 201511,close,cores,FALSE,3,2045.507812,process_ru_maxrss,resource.getrusage(RUSAGE_CHILDREN).ru_maxrss
pgsa-cross-platform-v1,local,full_host,,standalone,3d-WindTurbineHub,3d-WindTurbineHub,Tet4,physics_tet4,physics_tet4,228384,1113684,685152,27502200,cpu_atomic,8,8,physical_core_region,Intel(R) Core(TM) Ultra 7 265KF,20,20,isolated,451.55298099999999,2199.8358899999998,1357.792602,0.000388,3557.6288799999998,200.108799,3757.7376789999998,1,0.000388,200.108799,200.108799,200.108799,200.108799,200.108799,0,200.108799,200.108799,200.108799,0,0,0,1.938945223493146e-06,0,0,0,2045.56640625,0,0,0,0,0,0,200.108799,0,0,0,PASS,,,Linux;x86_64;GCC 13.3;OpenMP 201511,close,cores,FALSE,1,2045.566406,process_ru_maxrss,resource.getrusage(RUSAGE_CHILDREN).ru_maxrss
pgsa-cross-platform-v1,local,full_host,,standalone,3d-WindTurbineHub,3d-WindTurbineHub,Tet4,physics_tet4,physics_tet4,228384,1113684,685152,27502200,cpu_atomic,8,8,physical_core_region,Intel(R) Core(TM) Ultra 7 265KF,20,20,isolated,455.87541399999998,2212.1751989999998,1361.938627,0.000417,3574.114243,200.323001,3774.4372440000002,1,0.000417,200.323001,200.323001,200.323001,200.323001,200.323001,0,200.323001,200.323001,200.323001,0,0,0,2.0816381439892664e-06,0,0,0,2045.66015625,0,0,0,0,0,0,200.323001,0,0,0,PASS,,,Linux;x86_64;GCC 13.3;OpenMP 201511,close,cores,FALSE,2,2045.660156,process_ru_maxrss,resource.getrusage(RUSAGE_CHILDREN).ru_maxrss
pgsa-cross-platform-v1,local,full_host,,standalone,3d-WindTurbineHub,3d-WindTurbineHub,Tet4,physics_tet4,physics_tet4,228384,1113684,685152,27502200,cpu_atomic,8,8,physical_core_region,Intel(R) Core(TM) Ultra 7 265KF,20,20,isolated,453.192677,2201.2242529999999,1351.171249,0.00058,3552.3960819999998,215.587064,3767.9831459999996,1,0.00058,215.587064,215.587064,215.587064,215.587064,215.587064,0,215.587064,215.587064,215.587064,0,0,0,2.6903283955849966e-06,0,0,0,2045.5390625,0,0,0,0,0,0,215.587064,0,0,0,PASS,,,Linux;x86_64;GCC 13.3;OpenMP 201511,close,cores,FALSE,3,2045.539062,process_ru_maxrss,resource.getrusage(RUSAGE_CHILDREN).ru_maxrss
pgsa-cross-platform-v1,local,full_host,,standalone,3d-WindTurbineHub,3d-WindTurbineHub,Tet4,physics_tet4,physics_tet4,228384,1113684,685152,27502200,cpu_atomic,9,9,physical_core_region,Intel(R) Core(TM) Ultra 7 265KF,20,20,isolated,452.23497500000002,2215.6341499999999,1360.0511839999999,0.00038999999999999999,3575.6857239999999,221.985725,3797.6714489999999,1,0.00038999999999999999,221.985725,221.985725,221.985725,221.985725,221.985725,0,221.985725,221.985725,221.985725,0,0,0,1.7568697266457112e-06,0,0,0,2045.53515625,0,0,0,0,0,0,221.985725,0,0,0,PASS,,,Linux;x86_64;GCC 13.3;OpenMP 201511,close,cores,FALSE,1,2045.535156,process_ru_maxrss,resource.getrusage(RUSAGE_CHILDREN).ru_maxrss
pgsa-cross-platform-v1,local,full_host,,standalone,3d-WindTurbineHub,3d-WindTurbineHub,Tet4,physics_tet4,physics_tet4,228384,1113684,685152,27502200,cpu_atomic,9,9,physical_core_region,Intel(R) Core(TM) Ultra 7 265KF,20,20,isolated,455.68235099999998,2204.5044870000002,1345.2807989999999,0.00050100000000000003,3549.7857870000003,221.62528399999999,3771.4110710000004,1,0.00050100000000000003,221.62528399999999,221.62528399999999,221.62528399999999,221.62528399999999,221.62528399999999,0,221.62528399999999,221.62528399999999,221.62528399999999,0,0,0,2.2605723993116238e-06,0,0,0,2045.5078125,0,0,0,0,0,0,221.62528399999999,0,0,0,PASS,,,Linux;x86_64;GCC 13.3;OpenMP 201511,close,cores,FALSE,2,2045.507812,process_ru_maxrss,resource.getrusage(RUSAGE_CHILDREN).ru_maxrss
pgsa-cross-platform-v1,local,full_host,,standalone,3d-WindTurbineHub,3d-WindTurbineHub,Tet4,physics_tet4,physics_tet4,228384,1113684,685152,27502200,cpu_atomic,9,9,physical_core_region,Intel(R) Core(TM) Ultra 7 265KF,20,20,isolated,454.83147600000001,2206.9447089999999,1355.4219539999999,0.00037300000000000001,3562.3670359999996,221.26500899999999,3783.6320449999998,1,0.00037300000000000001,221.26500899999999,221.26500899999999,221.26500899999999,221.26500899999999,221.26500899999999,0,221.26500899999999,221.26500899999999,221.26500899999999,0,0,0,1.6857613487363473e-06,0,0,0,2045.50390625,0,0,0,0,0,0,221.26500899999999,0,0,0,PASS,,,Linux;x86_64;GCC 13.3;OpenMP 201511,close,cores,FALSE,3,2045.503906,process_ru_maxrss,resource.getrusage(RUSAGE_CHILDREN).ru_maxrss
pgsa-cross-platform-v1,local,full_host,,standalone,3d-WindTurbineHub,3d-WindTurbineHub,Tet4,physics_tet4,physics_tet4,228384,1113684,685152,27502200,cpu_atomic,10,10,physical_core_region,Intel(R) Core(TM) Ultra 7 265KF,20,20,isolated,455.23215800000003,2225.6400990000002,1356.759955,0.00037300000000000001,3582.400427,211.30679499999999,3793.707222,1,0.00037300000000000001,211.30679499999999,211.30679499999999,211.30679499999999,211.30679499999999,211.30679499999999,0,211.30679499999999,211.30679499999999,211.30679499999999,0,0,0,1.7652058941123973e-06,0,0,0,2045.515625,0,0,0,0,0,0,211.30679499999999,0,0,0,PASS,,,Linux;x86_64;GCC 13.3;OpenMP 201511,close,cores,FALSE,1,2045.515625,process_ru_maxrss,resource.getrusage(RUSAGE_CHILDREN).ru_maxrss
pgsa-cross-platform-v1,local,full_host,,standalone,3d-WindTurbineHub,3d-WindTurbineHub,Tet4,physics_tet4,physics_tet4,228384,1113684,685152,27502200,cpu_atomic,10,10,physical_core_region,Intel(R) Core(TM) Ultra 7 265KF,20,20,isolated,453.45723099999998,2215.0346829999999,1353.1666680000001,0.00036999999999999999,3568.2017209999999,211.63003499999999,3779.831756,1,0.00036999999999999999,211.63003499999999,211.63003499999999,211.63003499999999,211.63003499999999,211.63003499999999,0,211.63003499999999,211.63003499999999,211.63003499999999,0,0,0,1.7483340679880339e-06,0,0,0,2045.51171875,0,0,0,0,0,0,211.63003499999999,0,0,0,PASS,,,Linux;x86_64;GCC 13.3;OpenMP 201511,close,cores,FALSE,2,2045.511719,process_ru_maxrss,resource.getrusage(RUSAGE_CHILDREN).ru_maxrss
pgsa-cross-platform-v1,local,full_host,,standalone,3d-WindTurbineHub,3d-WindTurbineHub,Tet4,physics_tet4,physics_tet4,228384,1113684,685152,27502200,cpu_atomic,10,10,physical_core_region,Intel(R) Core(TM) Ultra 7 265KF,20,20,isolated,456.65701999999999,2221.5440100000001,1353.311003,0.00038099999999999999,3574.8553940000002,210.99106,3785.846454,1,0.00038099999999999999,210.99106,210.99106,210.99106,210.99106,210.99106,0,210.99106,210.99106,210.99106,0,0,0,1.8057637134009374e-06,0,0,0,2045.5390625,0,0,0,0,0,0,210.99106,0,0,0,PASS,,,Linux;x86_64;GCC 13.3;OpenMP 201511,close,cores,FALSE,3,2045.539062,process_ru_maxrss,resource.getrusage(RUSAGE_CHILDREN).ru_maxrss
pgsa-cross-platform-v1,local,full_host,,standalone,3d-WindTurbineHub,3d-WindTurbineHub,Tet4,physics_tet4,physics_tet4,228384,1113684,685152,27502200,cpu_atomic,11,11,physical_core_region,Intel(R) Core(TM) Ultra 7 265KF,20,20,isolated,461.54267700000003,2207.8650790000002,1359.0896069999999,0.00055800000000000001,3566.9552440000002,199.38684000000001,3766.3420840000003,1,0.00055800000000000001,199.38684000000001,199.38684000000001,199.38684000000001,199.38684000000001,199.38684000000001,0,199.38684000000001,199.38684000000001,199.38684000000001,0,0,0,2.7985798862151585e-06,0,0,0,2045.55078125,0,0,0,0,0,0,199.38684000000001,0,0,0,PASS,,,Linux;x86_64;GCC 13.3;OpenMP 201511,close,cores,FALSE,1,2045.550781,process_ru_maxrss,resource.getrusage(RUSAGE_CHILDREN).ru_maxrss
pgsa-cross-platform-v1,local,full_host,,standalone,3d-WindTurbineHub,3d-WindTurbineHub,Tet4,physics_tet4,physics_tet4,228384,1113684,685152,27502200,cpu_atomic,11,11,physical_core_region,Intel(R) Core(TM) Ultra 7 265KF,20,20,isolated,454.96857499999999,2198.827996,1355.9028129999999,0.00063599999999999996,3554.7314449999999,202.32801599999999,3757.0594609999998,1,0.00063599999999999996,202.32801599999999,202.32801599999999,202.32801599999999,202.32801599999999,202.32801599999999,0,202.32801599999999,202.32801599999999,202.32801599999999,0,0,0,3.1434104508789329e-06,0,0,0,2045.57421875,0,0,0,0,0,0,202.32801599999999,0,0,0,PASS,,,Linux;x86_64;GCC 13.3;OpenMP 201511,close,cores,FALSE,2,2045.574219,process_ru_maxrss,resource.getrusage(RUSAGE_CHILDREN).ru_maxrss
pgsa-cross-platform-v1,local,full_host,,standalone,3d-WindTurbineHub,3d-WindTurbineHub,Tet4,physics_tet4,physics_tet4,228384,1113684,685152,27502200,cpu_atomic,11,11,physical_core_region,Intel(R) Core(TM) Ultra 7 265KF,20,20,isolated,461.02371499999998,2217.7609859999998,1355.6142050000001,0.00052999999999999998,3573.3757209999999,199.068456,3772.4441769999999,1,0.00052999999999999998,199.068456,199.068456,199.068456,199.068456,199.068456,0,199.068456,199.068456,199.068456,0,0,0,2.6624007170679016e-06,0,0,0,2045.5625,0,0,0,0,0,0,199.068456,0,0,0,PASS,,,Linux;x86_64;GCC 13.3;OpenMP 201511,close,cores,FALSE,3,2045.562500,process_ru_maxrss,resource.getrusage(RUSAGE_CHILDREN).ru_maxrss
pgsa-cross-platform-v1,local,full_host,,standalone,3d-WindTurbineHub,3d-WindTurbineHub,Tet4,physics_tet4,physics_tet4,228384,1113684,685152,27502200,cpu_atomic,12,12,physical_core_region,Intel(R) Core(TM) Ultra 7 265KF,20,20,isolated,452.86182700000001,2212.4663909999999,1356.1655149999999,0.00039300000000000001,3568.6322989999994,190.023685,3758.6559839999995,1,0.00039300000000000001,190.023685,190.023685,190.023685,190.023685,190.023685,0,190.023685,190.023685,190.023685,0,0,0,2.0681632397561388e-06,0,0,0,2045.640625,0,0,0,0,0,0,190.023685,0,0,0,PASS,,,Linux;x86_64;GCC 13.3;OpenMP 201511,close,cores,FALSE,1,2045.640625,process_ru_maxrss,resource.getrusage(RUSAGE_CHILDREN).ru_maxrss
pgsa-cross-platform-v1,local,full_host,,standalone,3d-WindTurbineHub,3d-WindTurbineHub,Tet4,physics_tet4,physics_tet4,228384,1113684,685152,27502200,cpu_atomic,12,12,physical_core_region,Intel(R) Core(TM) Ultra 7 265KF,20,20,isolated,456.85829000000001,2206.7034629999998,1358.9921380000001,0.00049899999999999999,3565.6961000000001,191.21890400000001,3756.915004,1,0.00049899999999999999,191.21890400000001,191.21890400000001,191.21890400000001,191.21890400000001,191.21890400000001,0,191.21890400000001,191.21890400000001,191.21890400000001,0,0,0,2.6095746265756233e-06,0,0,0,2045.55859375,0,0,0,0,0,0,191.21890400000001,0,0,0,PASS,,,Linux;x86_64;GCC 13.3;OpenMP 201511,close,cores,FALSE,2,2045.558594,process_ru_maxrss,resource.getrusage(RUSAGE_CHILDREN).ru_maxrss
pgsa-cross-platform-v1,local,full_host,,standalone,3d-WindTurbineHub,3d-WindTurbineHub,Tet4,physics_tet4,physics_tet4,228384,1113684,685152,27502200,cpu_atomic,12,12,physical_core_region,Intel(R) Core(TM) Ultra 7 265KF,20,20,isolated,456.75802599999997,2217.5694629999998,1360.0216740000001,0.00039500000000000001,3577.5915319999999,189.966227,3767.5577589999998,1,0.00039500000000000001,189.966227,189.966227,189.966227,189.966227,189.966227,0,189.966227,189.966227,189.966227,0,0,0,2.0793169724847988e-06,0,0,0,2045.5625,0,0,0,0,0,0,189.966227,0,0,0,PASS,,,Linux;x86_64;GCC 13.3;OpenMP 201511,close,cores,FALSE,3,2045.562500,process_ru_maxrss,resource.getrusage(RUSAGE_CHILDREN).ru_maxrss
pgsa-cross-platform-v1,local,full_host,,standalone,3d-WindTurbineHub,3d-WindTurbineHub,Tet4,physics_tet4,physics_tet4,228384,1113684,685152,27502200,cpu_atomic,13,13,physical_core_region,Intel(R) Core(TM) Ultra 7 265KF,20,20,isolated,458.77368300000001,2218.8373929999998,1354.695238,0.00037300000000000001,3573.5330039999999,179.76085800000001,3753.293862,1,0.00037300000000000001,179.76085800000001,179.76085800000001,179.76085800000001,179.76085800000001,179.76085800000001,0,179.76085800000001,179.76085800000001,179.76085800000001,0,0,0,2.0749789701159527e-06,0,0,0,2045.65625,0,0,0,0,0,0,179.76085800000001,0,0,0,PASS,,,Linux;x86_64;GCC 13.3;OpenMP 201511,close,cores,FALSE,1,2045.656250,process_ru_maxrss,resource.getrusage(RUSAGE_CHILDREN).ru_maxrss
pgsa-cross-platform-v1,local,full_host,,standalone,3d-WindTurbineHub,3d-WindTurbineHub,Tet4,physics_tet4,physics_tet4,228384,1113684,685152,27502200,cpu_atomic,13,13,physical_core_region,Intel(R) Core(TM) Ultra 7 265KF,20,20,isolated,457.12852400000003,2214.3223929999999,1354.758681,0.00068900000000000005,3569.0817629999997,181.39044799999999,3750.4722109999998,1,0.00068900000000000005,181.39044799999999,181.39044799999999,181.39044799999999,181.39044799999999,181.39044799999999,0,181.39044799999999,181.39044799999999,181.39044799999999,0,0,0,3.7984359573333217e-06,0,0,0,2045.55859375,0,0,0,0,0,0,181.39044799999999,0,0,0,PASS,,,Linux;x86_64;GCC 13.3;OpenMP 201511,close,cores,FALSE,2,2045.558594,process_ru_maxrss,resource.getrusage(RUSAGE_CHILDREN).ru_maxrss
pgsa-cross-platform-v1,local,full_host,,standalone,3d-WindTurbineHub,3d-WindTurbineHub,Tet4,physics_tet4,physics_tet4,228384,1113684,685152,27502200,cpu_atomic,13,13,physical_core_region,Intel(R) Core(TM) Ultra 7 265KF,20,20,isolated,454.73978099999999,2209.8781119999999,1351.1727000000001,0.00066399999999999999,3561.0514760000001,179.980817,3741.0322930000002,1,0.00066399999999999999,179.980817,179.980817,179.980817,179.980817,179.980817,0,179.980817,179.980817,179.980817,0,0,0,3.6892820638768407e-06,0,0,0,2045.5390625,0,0,0,0,0,0,179.980817,0,0,0,PASS,,,Linux;x86_64;GCC 13.3;OpenMP 201511,close,cores,FALSE,3,2045.539062,process_ru_maxrss,resource.getrusage(RUSAGE_CHILDREN).ru_maxrss
pgsa-cross-platform-v1,local,full_host,,standalone,3d-WindTurbineHub,3d-WindTurbineHub,Tet4,physics_tet4,physics_tet4,228384,1113684,685152,27502200,cpu_atomic,14,14,physical_core_region,Intel(R) Core(TM) Ultra 7 265KF,20,20,isolated,456.60037999999997,2208.2541660000002,1351.207101,0.00026200000000000003,3559.4615290000002,169.25327100000001,3728.7148000000002,1,0.00026200000000000003,169.25327100000001,169.25327100000001,169.25327100000001,169.25327100000001,169.25327100000001,0,169.25327100000001,169.25327100000001,169.25327100000001,0,0,0,1.5479759915541013e-06,0,0,0,2045.64453125,0,0,0,0,0,0,169.25327100000001,0,0,0,PASS,,,Linux;x86_64;GCC 13.3;OpenMP 201511,close,cores,FALSE,1,2045.644531,process_ru_maxrss,resource.getrusage(RUSAGE_CHILDREN).ru_maxrss
pgsa-cross-platform-v1,local,full_host,,standalone,3d-WindTurbineHub,3d-WindTurbineHub,Tet4,physics_tet4,physics_tet4,228384,1113684,685152,27502200,cpu_atomic,14,14,physical_core_region,Intel(R) Core(TM) Ultra 7 265KF,20,20,isolated,458.12755199999998,2199.5089090000001,1350.3276330000001,0.00037500000000000001,3549.8369170000001,169.42798999999999,3719.2649070000002,1,0.00037500000000000001,169.42798999999999,169.42798999999999,169.42798999999999,169.42798999999999,169.42798999999999,0,169.42798999999999,169.42798999999999,169.42798999999999,0,0,0,2.2133296865529719e-06,0,0,0,2045.5390625,0,0,0,0,0,0,169.42798999999999,0,0,0,PASS,,,Linux;x86_64;GCC 13.3;OpenMP 201511,close,cores,FALSE,2,2045.539062,process_ru_maxrss,resource.getrusage(RUSAGE_CHILDREN).ru_maxrss
pgsa-cross-platform-v1,local,full_host,,standalone,3d-WindTurbineHub,3d-WindTurbineHub,Tet4,physics_tet4,physics_tet4,228384,1113684,685152,27502200,cpu_atomic,14,14,physical_core_region,Intel(R) Core(TM) Ultra 7 265KF,20,20,isolated,458.85944000000001,2223.6766849999999,1366.191994,0.00037800000000000003,3589.8690570000003,170.56791899999999,3760.4369760000004,1,0.00037800000000000003,170.56791899999999,170.56791899999999,170.56791899999999,170.56791899999999,170.56791899999999,0,170.56791899999999,170.56791899999999,170.56791899999999,0,0,0,2.2161259996377165e-06,0,0,0,2045.546875,0,0,0,0,0,0,170.56791899999999,0,0,0,PASS,,,Linux;x86_64;GCC 13.3;OpenMP 201511,close,cores,FALSE,3,2045.546875,process_ru_maxrss,resource.getrusage(RUSAGE_CHILDREN).ru_maxrss
pgsa-cross-platform-v1,local,full_host,,standalone,3d-WindTurbineHub,3d-WindTurbineHub,Tet4,physics_tet4,physics_tet4,228384,1113684,685152,27502200,cpu_atomic,15,15,physical_core_region,Intel(R) Core(TM) Ultra 7 265KF,20,20,isolated,455.497049,2213.3504290000001,1339.9722240000001,0.000444,3553.323097,162.03867399999999,3715.3617709999999,1,0.000444,162.03867399999999,162.03867399999999,162.03867399999999,162.03867399999999,162.03867399999999,0,162.03867399999999,162.03867399999999,162.03867399999999,0,0,0,2.7400866042633751e-06,0,0,0,2045.63671875,0,0,0,0,0,0,162.03867399999999,0,0,0,PASS,,,Linux;x86_64;GCC 13.3;OpenMP 201511,close,cores,FALSE,1,2045.636719,process_ru_maxrss,resource.getrusage(RUSAGE_CHILDREN).ru_maxrss
pgsa-cross-platform-v1,local,full_host,,standalone,3d-WindTurbineHub,3d-WindTurbineHub,Tet4,physics_tet4,physics_tet4,228384,1113684,685152,27502200,cpu_atomic,15,15,physical_core_region,Intel(R) Core(TM) Ultra 7 265KF,20,20,isolated,457.93072899999999,2201.6676600000001,1360.141734,0.00041800000000000002,3561.809812,162.695392,3724.505204,1,0.00041800000000000002,162.695392,162.695392,162.695392,162.695392,162.695392,0,162.695392,162.695392,162.695392,0,0,0,2.5692184324433725e-06,0,0,0,2045.5078125,0,0,0,0,0,0,162.695392,0,0,0,PASS,,,Linux;x86_64;GCC 13.3;OpenMP 201511,close,cores,FALSE,2,2045.507812,process_ru_maxrss,resource.getrusage(RUSAGE_CHILDREN).ru_maxrss
pgsa-cross-platform-v1,local,full_host,,standalone,3d-WindTurbineHub,3d-WindTurbineHub,Tet4,physics_tet4,physics_tet4,228384,1113684,685152,27502200,cpu_atomic,15,15,physical_core_region,Intel(R) Core(TM) Ultra 7 265KF,20,20,isolated,453.85183799999999,2201.3920130000001,1348.004093,0.00052999999999999998,3549.3966359999999,164.251722,3713.6483579999999,1,0.00052999999999999998,164.251722,164.251722,164.251722,164.251722,164.251722,0,164.251722,164.251722,164.251722,0,0,0,3.2267546029136911e-06,0,0,0,2045.58984375,0,0,0,0,0,0,164.251722,0,0,0,PASS,,,Linux;x86_64;GCC 13.3;OpenMP 201511,close,cores,FALSE,3,2045.589844,process_ru_maxrss,resource.getrusage(RUSAGE_CHILDREN).ru_maxrss
pgsa-cross-platform-v1,local,full_host,,standalone,3d-WindTurbineHub,3d-WindTurbineHub,Tet4,physics_tet4,physics_tet4,228384,1113684,685152,27502200,cpu_atomic,16,16,physical_core_region,Intel(R) Core(TM) Ultra 7 265KF,20,20,isolated,456.08423299999998,2216.3227270000002,1352.381848,0.00059400000000000002,3568.7051690000003,157.74187900000001,3726.4470480000004,1,0.00059400000000000002,157.74187900000001,157.74187900000001,157.74187900000001,157.74187900000001,157.74187900000001,0,157.74187900000001,157.74187900000001,157.74187900000001,0,0,0,3.7656455201728641e-06,0,0,0,2045.5,0,0,0,0,0,0,157.74187900000001,0,0,0,PASS,,,Linux;x86_64;GCC 13.3;OpenMP 201511,close,cores,FALSE,1,2045.500000,process_ru_maxrss,resource.getrusage(RUSAGE_CHILDREN).ru_maxrss
pgsa-cross-platform-v1,local,full_host,,standalone,3d-WindTurbineHub,3d-WindTurbineHub,Tet4,physics_tet4,physics_tet4,228384,1113684,685152,27502200,cpu_atomic,16,16,physical_core_region,Intel(R) Core(TM) Ultra 7 265KF,20,20,isolated,458.80239399999999,2215.0909430000002,1354.4466749999999,0.00027900000000000001,3569.5378970000002,158.09734,3727.635237,1,0.00027900000000000001,158.09734,158.09734,158.09734,158.09734,158.09734,0,158.09734,158.09734,158.09734,0,0,0,1.7647355736661984e-06,0,0,0,2045.5625,0,0,0,0,0,0,158.09734,0,0,0,PASS,,,Linux;x86_64;GCC 13.3;OpenMP 201511,close,cores,FALSE,2,2045.562500,process_ru_maxrss,resource.getrusage(RUSAGE_CHILDREN).ru_maxrss
pgsa-cross-platform-v1,local,full_host,,standalone,3d-WindTurbineHub,3d-WindTurbineHub,Tet4,physics_tet4,physics_tet4,228384,1113684,685152,27502200,cpu_atomic,16,16,physical_core_region,Intel(R) Core(TM) Ultra 7 265KF,20,20,isolated,456.73690900000003,2205.8406060000002,1360.8294800000001,0.00056899999999999995,3566.6706549999999,156.008026,3722.6786809999999,1,0.00056899999999999995,156.008026,156.008026,156.008026,156.008026,156.008026,0,156.008026,156.008026,156.008026,0,0,0,3.6472482511893328e-06,0,0,0,2045.62109375,0,0,0,0,0,0,156.008026,0,0,0,PASS,,,Linux;x86_64;GCC 13.3;OpenMP 201511,close,cores,FALSE,3,2045.621094,process_ru_maxrss,resource.getrusage(RUSAGE_CHILDREN).ru_maxrss
pgsa-cross-platform-v1,local,full_host,,standalone,3d-WindTurbineHub,3d-WindTurbineHub,Tet4,physics_tet4,physics_tet4,228384,1113684,685152,27502200,cpu_atomic,17,17,physical_core_region,Intel(R) Core(TM) Ultra 7 265KF,20,20,isolated,457.19473599999998,2205.2484639999998,1347.4704609999999,0.00057300000000000005,3552.7194979999995,150.03743499999999,3702.7569329999997,1,0.00057300000000000005,150.03743499999999,150.03743499999999,150.03743499999999,150.03743499999999,150.03743499999999,0,150.03743499999999,150.03743499999999,150.03743499999999,0,0,0,3.8190468931970215e-06,0,0,0,2045.49609375,0,0,0,0,0,0,150.03743499999999,0,0,0,PASS,,,Linux;x86_64;GCC 13.3;OpenMP 201511,close,cores,FALSE,1,2045.496094,process_ru_maxrss,resource.getrusage(RUSAGE_CHILDREN).ru_maxrss
pgsa-cross-platform-v1,local,full_host,,standalone,3d-WindTurbineHub,3d-WindTurbineHub,Tet4,physics_tet4,physics_tet4,228384,1113684,685152,27502200,cpu_atomic,17,17,physical_core_region,Intel(R) Core(TM) Ultra 7 265KF,20,20,isolated,458.25756799999999,2220.146894,1359.0598,0.000379,3579.207073,151.55874299999999,3730.7658160000001,1,0.000379,151.55874299999999,151.55874299999999,151.55874299999999,151.55874299999999,151.55874299999999,0,151.55874299999999,151.55874299999999,151.55874299999999,0,0,0,2.5006805447047024e-06,0,0,0,2045.54296875,0,0,0,0,0,0,151.55874299999999,0,0,0,PASS,,,Linux;x86_64;GCC 13.3;OpenMP 201511,close,cores,FALSE,2,2045.542969,process_ru_maxrss,resource.getrusage(RUSAGE_CHILDREN).ru_maxrss
pgsa-cross-platform-v1,local,full_host,,standalone,3d-WindTurbineHub,3d-WindTurbineHub,Tet4,physics_tet4,physics_tet4,228384,1113684,685152,27502200,cpu_atomic,17,17,physical_core_region,Intel(R) Core(TM) Ultra 7 265KF,20,20,isolated,460.68064099999998,2212.1726050000002,1356.556462,0.00039199999999999999,3568.7294590000001,151.29510500000001,3720.0245640000003,1,0.00039199999999999999,151.29510500000001,151.29510500000001,151.29510500000001,151.29510500000001,151.29510500000001,0,151.29510500000001,151.29510500000001,151.29510500000001,0,0,0,2.5909628735179502e-06,0,0,0,2045.53515625,0,0,0,0,0,0,151.29510500000001,0,0,0,PASS,,,Linux;x86_64;GCC 13.3;OpenMP 201511,close,cores,FALSE,3,2045.535156,process_ru_maxrss,resource.getrusage(RUSAGE_CHILDREN).ru_maxrss
pgsa-cross-platform-v1,local,full_host,,standalone,3d-WindTurbineHub,3d-WindTurbineHub,Tet4,physics_tet4,physics_tet4,228384,1113684,685152,27502200,cpu_atomic,18,18,physical_core_region,Intel(R) Core(TM) Ultra 7 265KF,20,20,isolated,458.459723,2211.4401760000001,1352.087912,0.00039899999999999999,3563.528487,146.22796700000001,3709.7564539999998,1,0.00039899999999999999,146.22796700000001,146.22796700000001,146.22796700000001,146.22796700000001,146.22796700000001,0,146.22796700000001,146.22796700000001,146.22796700000001,0,0,0,2.7286162023985465e-06,0,0,0,2045.578125,0,0,0,0,0,0,146.22796700000001,0,0,0,PASS,,,Linux;x86_64;GCC 13.3;OpenMP 201511,close,cores,FALSE,1,2045.578125,process_ru_maxrss,resource.getrusage(RUSAGE_CHILDREN).ru_maxrss
pgsa-cross-platform-v1,local,full_host,,standalone,3d-WindTurbineHub,3d-WindTurbineHub,Tet4,physics_tet4,physics_tet4,228384,1113684,685152,27502200,cpu_atomic,18,18,physical_core_region,Intel(R) Core(TM) Ultra 7 265KF,20,20,isolated,458.99042400000002,2231.0706989999999,1369.3247779999999,0.00091399999999999999,3600.3963910000002,145.523426,3745.9198170000004,1,0.00091399999999999999,145.523426,145.523426,145.523426,145.523426,145.523426,0,145.523426,145.523426,145.523426,0,0,0,6.2807757151072024e-06,0,0,0,2045.53515625,0,0,0,0,0,0,145.523426,0,0,0,PASS,,,Linux;x86_64;GCC 13.3;OpenMP 201511,close,cores,FALSE,2,2045.535156,process_ru_maxrss,resource.getrusage(RUSAGE_CHILDREN).ru_maxrss
pgsa-cross-platform-v1,local,full_host,,standalone,3d-WindTurbineHub,3d-WindTurbineHub,Tet4,physics_tet4,physics_tet4,228384,1113684,685152,27502200,cpu_atomic,18,18,physical_core_region,Intel(R) Core(TM) Ultra 7 265KF,20,20,isolated,461.974897,2239.8356560000002,1362.943493,0.000406,3602.7795550000001,146.36179899999999,3749.1413539999999,1,0.000406,146.36179899999999,146.36179899999999,146.36179899999999,146.36179899999999,146.36179899999999,0,146.36179899999999,146.36179899999999,146.36179899999999,0,0,0,2.7739478660001987e-06,0,0,0,2045.55859375,0,0,0,0,0,0,146.36179899999999,0,0,0,PASS,,,Linux;x86_64;GCC 13.3;OpenMP 201511,close,cores,FALSE,3,2045.558594,process_ru_maxrss,resource.getrusage(RUSAGE_CHILDREN).ru_maxrss
pgsa-cross-platform-v1,local,full_host,,standalone,3d-WindTurbineHub,3d-WindTurbineHub,Tet4,physics_tet4,physics_tet4,228384,1113684,685152,27502200,cpu_atomic,19,19,physical_core_region,Intel(R) Core(TM) Ultra 7 265KF,20,20,isolated,458.90009900000001,2221.7621220000001,1362.4946809999999,0.00053799999999999996,3584.257341,144.012214,3728.2695549999999,1,0.00053799999999999996,144.012214,144.012214,144.012214,144.012214,144.012214,0,144.012214,144.012214,144.012214,0,0,0,3.7357942431188509e-06,0,0,0,2045.49609375,0,0,0,0,0,0,144.012214,0,0,0,PASS,,,Linux;x86_64;GCC 13.3;OpenMP 201511,close,cores,FALSE,1,2045.496094,process_ru_maxrss,resource.getrusage(RUSAGE_CHILDREN).ru_maxrss
pgsa-cross-platform-v1,local,full_host,,standalone,3d-WindTurbineHub,3d-WindTurbineHub,Tet4,physics_tet4,physics_tet4,228384,1113684,685152,27502200,cpu_atomic,19,19,physical_core_region,Intel(R) Core(TM) Ultra 7 265KF,20,20,isolated,460.16856200000001,2233.1329930000002,1353.473649,0.00038200000000000002,3586.6070240000004,143.52088000000001,3730.1279040000004,1,0.00038200000000000002,143.52088000000001,143.52088000000001,143.52088000000001,143.52088000000001,143.52088000000001,0,143.52088000000001,143.52088000000001,143.52088000000001,0,0,0,2.6616336243200294e-06,0,0,0,2045.5625,0,0,0,0,0,0,143.52088000000001,0,0,0,PASS,,,Linux;x86_64;GCC 13.3;OpenMP 201511,close,cores,FALSE,2,2045.562500,process_ru_maxrss,resource.getrusage(RUSAGE_CHILDREN).ru_maxrss
pgsa-cross-platform-v1,local,full_host,,standalone,3d-WindTurbineHub,3d-WindTurbineHub,Tet4,physics_tet4,physics_tet4,228384,1113684,685152,27502200,cpu_atomic,19,19,physical_core_region,Intel(R) Core(TM) Ultra 7 265KF,20,20,isolated,464.310112,2233.4842020000001,1358.3710129999999,0.00048999999999999998,3591.8557049999999,144.62915699999999,3736.4848619999998,1,0.00048999999999999998,144.62915699999999,144.62915699999999,144.62915699999999,144.62915699999999,144.62915699999999,0,144.62915699999999,144.62915699999999,144.62915699999999,0,0,0,3.3879752199620439e-06,0,0,0,2045.5703125,0,0,0,0,0,0,144.62915699999999,0,0,0,PASS,,,Linux;x86_64;GCC 13.3;OpenMP 201511,close,cores,FALSE,3,2045.570312,process_ru_maxrss,resource.getrusage(RUSAGE_CHILDREN).ru_maxrss
pgsa-cross-platform-v1,local,full_host,,standalone,3d-WindTurbineHub,3d-WindTurbineHub,Tet4,physics_tet4,physics_tet4,228384,1113684,685152,27502200,cpu_atomic,20,20,physical_core_region,Intel(R) Core(TM) Ultra 7 265KF,20,20,isolated,460.02018399999997,2223.456381,1370.19265,0.00041599999999999997,3593.6494469999998,141.800003,3735.4494499999996,1,0.00041599999999999997,141.800003,141.800003,141.800003,141.800003,141.800003,0,141.800003,141.800003,141.800003,0,0,0,2.9337093878622836e-06,0,0,0,2045.4921875,0,0,0,0,0,0,141.800003,0,0,0,PASS,,,Linux;x86_64;GCC 13.3;OpenMP 201511,close,cores,FALSE,1,2045.492188,process_ru_maxrss,resource.getrusage(RUSAGE_CHILDREN).ru_maxrss
pgsa-cross-platform-v1,local,full_host,,standalone,3d-WindTurbineHub,3d-WindTurbineHub,Tet4,physics_tet4,physics_tet4,228384,1113684,685152,27502200,cpu_atomic,20,20,physical_core_region,Intel(R) Core(TM) Ultra 7 265KF,20,20,isolated,462.00614899999999,2224.444931,1361.112783,0.00053300000000000005,3585.5582469999999,140.22496799999999,3725.7832149999999,1,0.00053300000000000005,140.22496799999999,140.22496799999999,140.22496799999999,140.22496799999999,140.22496799999999,0,140.22496799999999,140.22496799999999,140.22496799999999,0,0,0,3.8010349198296847e-06,0,0,0,2045.640625,0,0,0,0,0,0,140.22496799999999,0,0,0,PASS,,,Linux;x86_64;GCC 13.3;OpenMP 201511,close,cores,FALSE,2,2045.640625,process_ru_maxrss,resource.getrusage(RUSAGE_CHILDREN).ru_maxrss
pgsa-cross-platform-v1,local,full_host,,standalone,3d-WindTurbineHub,3d-WindTurbineHub,Tet4,physics_tet4,physics_tet4,228384,1113684,685152,27502200,cpu_atomic,20,20,physical_core_region,Intel(R) Core(TM) Ultra 7 265KF,20,20,isolated,460.97740099999999,2225.2413299999998,1358.003017,0.00038699999999999997,3583.2447339999999,140.101945,3723.3466789999998,1,0.00038699999999999997,140.101945,140.101945,140.101945,140.101945,140.101945,0,140.101945,140.101945,140.101945,0,0,0,2.7622742853427193e-06,0,0,0,2045.5625,0,0,0,0,0,0,140.101945,0,0,0,PASS,,,Linux;x86_64;GCC 13.3;OpenMP 201511,close,cores,FALSE,3,2045.562500,process_ru_maxrss,resource.getrusage(RUSAGE_CHILDREN).ru_maxrss
pgsa-cross-platform-v1,local,full_host,,standalone,3d-WindTurbineHub,3d-WindTurbineHub,Tet4,physics_tet4,physics_tet4,228384,1113684,685152,27502200,cpu_private_csr,1,1,physical_core_region,Intel(R) Core(TM) Ultra 7 265KF,20,20,isolated,459.97381200000001,2228.525897,1369.3732090000001,65.837034000000003,3663.73614,721.57148800000004,4385.3076280000005,1,65.837034000000003,721.57148800000004,787.40852200000006,721.57148800000004,721.57148800000004,721.57148800000004,0,787.40852200000006,787.40852200000006,787.40852200000006,0,0,0,0.083612295473733764,0,0,220017600,2255.25,0,65.837034000000003,0,0,11.830556,0,690.14668500000005,0,0,19.594246999999999,PASS,,,Linux;x86_64;GCC 13.3;OpenMP 201511,close,cores,FALSE,1,2255.250000,process_ru_maxrss,resource.getrusage(RUSAGE_CHILDREN).ru_maxrss
pgsa-cross-platform-v1,local,full_host,,standalone,3d-WindTurbineHub,3d-WindTurbineHub,Tet4,physics_tet4,physics_tet4,228384,1113684,685152,27502200,cpu_private_csr,1,1,physical_core_region,Intel(R) Core(TM) Ultra 7 265KF,20,20,isolated,463.10475000000002,2232.5651290000001,1361.9371759999999,65.460559000000003,3659.9628640000001,707.62071000000003,4367.5835740000002,1,65.460559000000003,707.62071000000003,773.08126900000002,707.62071000000003,707.62071000000003,707.62071000000003,0,773.08126900000002,773.08126900000002,773.08126900000002,0,0,0,0.084674873942651427,0,0,220017600,2255.1796875,0,65.460559000000003,0,0,11.634652000000001,0,676.36017300000003,0,0,19.625885,PASS,,,Linux;x86_64;GCC 13.3;OpenMP 201511,close,cores,FALSE,2,2255.179688,process_ru_maxrss,resource.getrusage(RUSAGE_CHILDREN).ru_maxrss
pgsa-cross-platform-v1,local,full_host,,standalone,3d-WindTurbineHub,3d-WindTurbineHub,Tet4,physics_tet4,physics_tet4,228384,1113684,685152,27502200,cpu_private_csr,1,1,physical_core_region,Intel(R) Core(TM) Ultra 7 265KF,20,20,isolated,460.32304900000003,2215.8972410000001,1351.048675,66.095158999999995,3633.0410750000001,712.75236500000005,4345.7934400000004,1,66.095158999999995,712.75236500000005,778.84752400000002,712.75236500000005,712.75236500000005,712.75236500000005,0,778.84752400000002,778.84752400000002,778.84752400000002,0,0,0,0.084862770906106125,0,0,220017600,2255.09765625,0,66.095158999999995,0,0,11.994103000000001,0,681.36224700000002,0,0,19.396014999999998,PASS,,,Linux;x86_64;GCC 13.3;OpenMP 201511,close,cores,FALSE,3,2255.097656,process_ru_maxrss,resource.getrusage(RUSAGE_CHILDREN).ru_maxrss
pgsa-cross-platform-v1,local,full_host,,standalone,3d-WindTurbineHub,3d-WindTurbineHub,Tet4,physics_tet4,physics_tet4,228384,1113684,685152,27502200,cpu_private_csr,2,2,physical_core_region,Intel(R) Core(TM) Ultra 7 265KF,20,20,isolated,458.25791800000002,2226.1488599999998,1354.966778,131.93976900000001,3713.0554069999998,431.71097400000002,4144.7663809999995,1,131.93976900000001,431.71097400000002,563.65074300000003,431.71097400000002,431.71097400000002,431.71097400000002,0,563.65074300000003,563.65074300000003,563.65074300000003,0,0,0,0.23408071512113665,0,0,440035200,2465.15234375,0,131.93976900000001,0,0,23.715108000000001,0,388.353724,0,0,19.642142,PASS,,,Linux;x86_64;GCC 13.3;OpenMP 201511,close,cores,FALSE,1,2465.152344,process_ru_maxrss,resource.getrusage(RUSAGE_CHILDREN).ru_maxrss
pgsa-cross-platform-v1,local,full_host,,standalone,3d-WindTurbineHub,3d-WindTurbineHub,Tet4,physics_tet4,physics_tet4,228384,1113684,685152,27502200,cpu_private_csr,2,2,physical_core_region,Intel(R) Core(TM) Ultra 7 265KF,20,20,isolated,460.45684399999999,2221.566112,1354.504919,132.276892,3708.3479229999998,434.97011300000003,4143.3180359999997,1,132.276892,434.97011300000003,567.24700500000006,434.97011300000003,434.97011300000003,434.97011300000003,0,567.24700500000006,567.24700500000006,567.24700500000006,0,0,0,0.23319099234380267,0,0,440035200,2465.03125,0,132.276892,0,0,23.70748,0,391.31482,0,0,19.947813,PASS,,,Linux;x86_64;GCC 13.3;OpenMP 201511,close,cores,FALSE,2,2465.031250,process_ru_maxrss,resource.getrusage(RUSAGE_CHILDREN).ru_maxrss
pgsa-cross-platform-v1,local,full_host,,standalone,3d-WindTurbineHub,3d-WindTurbineHub,Tet4,physics_tet4,physics_tet4,228384,1113684,685152,27502200,cpu_private_csr,2,2,physical_core_region,Intel(R) Core(TM) Ultra 7 265KF,20,20,isolated,453.78777000000002,2204.7822799999999,1362.6607200000001,131.93578299999999,3699.3787830000001,436.99917599999998,4136.3779590000004,1,131.93578299999999,436.99917599999998,568.93495899999994,436.99917599999998,436.99917599999998,436.99917599999998,0,568.93495899999994,568.93495899999994,568.93495899999994,0,0,0,0.23189958871906832,0,0,440035200,2465.09375,0,131.93578299999999,0,0,24.033659,0,393.20696600000002,0,0,19.758551000000001,PASS,,,Linux;x86_64;GCC 13.3;OpenMP 201511,close,cores,FALSE,3,2465.093750,process_ru_maxrss,resource.getrusage(RUSAGE_CHILDREN).ru_maxrss
pgsa-cross-platform-v1,local,full_host,,standalone,3d-WindTurbineHub,3d-WindTurbineHub,Tet4,physics_tet4,physics_tet4,228384,1113684,685152,27502200,cpu_private_csr,3,3,physical_core_region,Intel(R) Core(TM) Ultra 7 265KF,20,20,isolated,458.52967699999999,2206.1922960000002,1355.5959580000001,197.767472,3759.555726,351.35264799999999,4110.9083739999996,1,197.767472,351.35264799999999,549.12012000000004,351.35264799999999,351.35264799999999,351.35264799999999,0,549.12012000000004,549.12012000000004,549.12012000000004,0,0,0,0.3601533886611184,0,0,660052800,2674.9375,0,197.767472,0,0,35.944538000000001,0,293.477777,0,0,21.930333000000001,PASS,,,Linux;x86_64;GCC 13.3;OpenMP 201511,close,cores,FALSE,1,2674.937500,process_ru_maxrss,resource.getrusage(RUSAGE_CHILDREN).ru_maxrss
pgsa-cross-platform-v1,local,full_host,,standalone,3d-WindTurbineHub,3d-WindTurbineHub,Tet4,physics_tet4,physics_tet4,228384,1113684,685152,27502200,cpu_private_csr,3,3,physical_core_region,Intel(R) Core(TM) Ultra 7 265KF,20,20,isolated,459.946145,2223.8668910000001,1355.207052,197.46463199999999,3776.5385750000005,351.22516899999999,4127.7637440000008,1,197.46463199999999,351.22516899999999,548.68980099999999,351.22516899999999,351.22516899999999,351.22516899999999,0,548.68980099999999,548.68980099999999,548.68980099999999,0,0,0,0.35988391189359831,0,0,660052800,2674.93359375,0,197.46463199999999,0,0,35.861941999999999,0,293.77290699999998,0,0,21.590319999999998,PASS,,,Linux;x86_64;GCC 13.3;OpenMP 201511,close,cores,FALSE,2,2674.933594,process_ru_maxrss,resource.getrusage(RUSAGE_CHILDREN).ru_maxrss
pgsa-cross-platform-v1,local,full_host,,standalone,3d-WindTurbineHub,3d-WindTurbineHub,Tet4,physics_tet4,physics_tet4,228384,1113684,685152,27502200,cpu_private_csr,3,3,physical_core_region,Intel(R) Core(TM) Ultra 7 265KF,20,20,isolated,455.48039799999998,2224.345206,1349.3515150000001,196.55658600000001,3770.2533070000004,350.28540900000002,4120.538716,1,196.55658600000001,350.28540900000002,546.841995,350.28540900000002,350.28540900000002,350.28540900000002,0,546.841995,546.841995,546.841995,0,0,0,0.35943945014683815,0,0,660052800,2675,0,196.55658600000001,0,0,35.831971000000003,0,292.82048400000002,0,0,21.632954000000002,PASS,,,Linux;x86_64;GCC 13.3;OpenMP 201511,close,cores,FALSE,3,2675.000000,process_ru_maxrss,resource.getrusage(RUSAGE_CHILDREN).ru_maxrss
pgsa-cross-platform-v1,local,full_host,,standalone,3d-WindTurbineHub,3d-WindTurbineHub,Tet4,physics_tet4,physics_tet4,228384,1113684,685152,27502200,cpu_private_csr,4,4,physical_core_region,Intel(R) Core(TM) Ultra 7 265KF,20,20,isolated,453.88320900000002,2213.5030670000001,1358.2201480000001,262.34517699999998,3834.0683920000001,303.87923699999999,4137.9476290000002,1,262.34517699999998,303.87923699999999,566.22441400000002,303.87923699999999,303.87923699999999,303.87923699999999,0,566.22441400000002,566.22441400000002,566.22441400000002,0,0,0,0.46332367611404329,0,0,880070400,2884.69921875,0,262.34517699999998,0,0,47.647134000000001,0,233.85886300000001,0,0,22.373239999999999,PASS,,,Linux;x86_64;GCC 13.3;OpenMP 201511,close,cores,FALSE,1,2884.699219,process_ru_maxrss,resource.getrusage(RUSAGE_CHILDREN).ru_maxrss
pgsa-cross-platform-v1,local,full_host,,standalone,3d-WindTurbineHub,3d-WindTurbineHub,Tet4,physics_tet4,physics_tet4,228384,1113684,685152,27502200,cpu_private_csr,4,4,physical_core_region,Intel(R) Core(TM) Ultra 7 265KF,20,20,isolated,457.91726699999998,2217.800025,1358.3600960000001,263.36196899999999,3839.5220899999999,306.45484900000002,4145.9769390000001,1,263.36196899999999,306.45484900000002,569.81681800000001,306.45484900000002,306.45484900000002,306.45484900000002,0,569.81681800000001,569.81681800000001,569.81681800000001,0,0,0,0.46218707605783582,0,0,880070400,2884.69140625,0,263.36196899999999,0,0,47.828626999999997,0,235.465327,0,0,23.160895,PASS,,,Linux;x86_64;GCC 13.3;OpenMP 201511,close,cores,FALSE,2,2884.691406,process_ru_maxrss,resource.getrusage(RUSAGE_CHILDREN).ru_maxrss
pgsa-cross-platform-v1,local,full_host,,standalone,3d-WindTurbineHub,3d-WindTurbineHub,Tet4,physics_tet4,physics_tet4,228384,1113684,685152,27502200,cpu_private_csr,4,4,physical_core_region,Intel(R) Core(TM) Ultra 7 265KF,20,20,isolated,457.20764100000002,2219.8582190000002,1362.030739,262.38893999999999,3844.2778980000003,304.33396900000002,4148.6118670000005,1,262.38893999999999,304.33396900000002,566.72290900000007,304.33396900000002,304.33396900000002,304.33396900000002,0,566.72290900000007,566.72290900000007,566.72290900000007,0,0,0,0.46299335324734503,0,0,880070400,2884.87890625,0,262.38893999999999,0,0,47.545771000000002,0,233.36241999999999,0,0,23.425778000000001,PASS,,,Linux;x86_64;GCC 13.3;OpenMP 201511,close,cores,FALSE,3,2884.878906,process_ru_maxrss,resource.getrusage(RUSAGE_CHILDREN).ru_maxrss
pgsa-cross-platform-v1,local,full_host,,standalone,3d-WindTurbineHub,3d-WindTurbineHub,Tet4,physics_tet4,physics_tet4,228384,1113684,685152,27502200,cpu_private_csr,5,5,physical_core_region,Intel(R) Core(TM) Ultra 7 265KF,20,20,isolated,455.99429300000003,2223.9390239999998,1373.85554,329.82174500000002,3927.616309,286.533726,4214.1500349999997,1,329.82174500000002,286.533726,616.35547100000008,286.533726,286.533726,286.533726,0,616.35547100000008,616.35547100000008,616.35547100000008,0,0,0,0.53511611483692012,0,0,1100088000,3094.60546875,0,329.82174500000002,0,0,60.094282,0,201.42918,0,0,25.010263999999999,PASS,,,Linux;x86_64;GCC 13.3;OpenMP 201511,close,cores,FALSE,1,3094.605469,process_ru_maxrss,resource.getrusage(RUSAGE_CHILDREN).ru_maxrss
pgsa-cross-platform-v1,local,full_host,,standalone,3d-WindTurbineHub,3d-WindTurbineHub,Tet4,physics_tet4,physics_tet4,228384,1113684,685152,27502200,cpu_private_csr,5,5,physical_core_region,Intel(R) Core(TM) Ultra 7 265KF,20,20,isolated,457.27856500000001,2222.0883050000002,1363.9626270000001,329.35013700000002,3915.401069,287.33013699999998,4202.7312060000004,1,329.35013700000002,287.33013699999998,616.68027400000005,287.33013699999998,287.33013699999998,287.33013699999998,0,616.68027400000005,616.68027400000005,616.68027400000005,0,0,0,0.53406951849411677,0,0,1100088000,3094.70703125,0,329.35013700000002,0,0,59.836818000000001,0,201.10646499999999,0,0,26.386854,PASS,,,Linux;x86_64;GCC 13.3;OpenMP 201511,close,cores,FALSE,2,3094.707031,process_ru_maxrss,resource.getrusage(RUSAGE_CHILDREN).ru_maxrss
pgsa-cross-platform-v1,local,full_host,,standalone,3d-WindTurbineHub,3d-WindTurbineHub,Tet4,physics_tet4,physics_tet4,228384,1113684,685152,27502200,cpu_private_csr,5,5,physical_core_region,Intel(R) Core(TM) Ultra 7 265KF,20,20,isolated,454.50886300000002,2190.0683170000002,1362.6040989999999,328.071572,3880.7439880000002,286.26529199999999,4167.0092800000002,1,328.071572,286.26529199999999,614.33686399999999,286.26529199999999,286.26529199999999,286.26529199999999,0,614.33686399999999,614.33686399999999,614.33686399999999,0,0,0,0.53402553423849231,0,0,1100088000,3094.6171875,0,328.071572,0,0,59.717711000000001,0,200.30094500000001,0,0,26.246635999999999,PASS,,,Linux;x86_64;GCC 13.3;OpenMP 201511,close,cores,FALSE,3,3094.617188,process_ru_maxrss,resource.getrusage(RUSAGE_CHILDREN).ru_maxrss
pgsa-cross-platform-v1,local,full_host,,standalone,3d-WindTurbineHub,3d-WindTurbineHub,Tet4,physics_tet4,physics_tet4,228384,1113684,685152,27502200,cpu_private_csr,6,6,physical_core_region,Intel(R) Core(TM) Ultra 7 265KF,20,20,isolated,457.96228300000001,2225.3290390000002,1355.3810510000001,395.22280699999999,3975.9328970000006,274.34047700000002,4250.2733740000003,1,395.22280699999999,274.34047700000002,669.56328400000007,274.34047700000002,274.34047700000002,274.34047700000002,0,669.56328400000007,669.56328400000007,669.56328400000007,0,0,0,0.59026953305880492,0,0,1320105600,3304.55078125,0,395.22280699999999,0,0,71.585154000000003,0,174.506911,0,0,28.248411999999998,PASS,,,Linux;x86_64;GCC 13.3;OpenMP 201511,close,cores,FALSE,1,3304.550781,process_ru_maxrss,resource.getrusage(RUSAGE_CHILDREN).ru_maxrss
pgsa-cross-platform-v1,local,full_host,,standalone,3d-WindTurbineHub,3d-WindTurbineHub,Tet4,physics_tet4,physics_tet4,228384,1113684,685152,27502200,cpu_private_csr,6,6,physical_core_region,Intel(R) Core(TM) Ultra 7 265KF,20,20,isolated,457.01786099999998,2214.035488,1358.2815439999999,394.62865799999997,3966.94569,272.27120000000002,4239.2168899999997,1,394.62865799999997,272.27120000000002,666.89985799999999,272.27120000000002,272.27120000000002,272.27120000000002,0,666.89985799999999,666.89985799999999,666.89985799999999,0,0,0,0.59173600543786586,0,0,1320105600,3304.46875,0,394.62865799999997,0,0,71.495951000000005,0,173.66516999999999,0,0,27.110078999999999,PASS,,,Linux;x86_64;GCC 13.3;OpenMP 201511,close,cores,FALSE,2,3304.468750,process_ru_maxrss,resource.getrusage(RUSAGE_CHILDREN).ru_maxrss
pgsa-cross-platform-v1,local,full_host,,standalone,3d-WindTurbineHub,3d-WindTurbineHub,Tet4,physics_tet4,physics_tet4,228384,1113684,685152,27502200,cpu_private_csr,6,6,physical_core_region,Intel(R) Core(TM) Ultra 7 265KF,20,20,isolated,457.333777,2205.4780970000002,1369.8561360000001,395.86484200000001,3971.1990750000004,273.69921599999998,4244.8982910000004,1,395.86484200000001,273.69921599999998,669.56405799999993,273.69921599999998,273.69921599999998,273.69921599999998,0,669.56405799999993,669.56405799999993,669.56405799999993,0,0,0,0.59122773582329902,0,0,1320105600,3304.4453125,0,395.86484200000001,0,0,71.593231000000003,0,174.94571400000001,0,0,27.160271000000002,PASS,,,Linux;x86_64;GCC 13.3;OpenMP 201511,close,cores,FALSE,3,3304.445312,process_ru_maxrss,resource.getrusage(RUSAGE_CHILDREN).ru_maxrss
pgsa-cross-platform-v1,local,full_host,,standalone,3d-WindTurbineHub,3d-WindTurbineHub,Tet4,physics_tet4,physics_tet4,228384,1113684,685152,27502200,cpu_private_csr,7,7,physical_core_region,Intel(R) Core(TM) Ultra 7 265KF,20,20,isolated,462.56250899999998,2217.645184,1351.646283,461.39196500000003,4030.6834319999998,273.608835,4304.2922669999998,1,461.39196500000003,273.608835,735.00080000000003,273.608835,273.608835,273.608835,0,735.00080000000003,735.00080000000003,735.00080000000003,0,0,0,0.62774348680981029,0,0,1540123200,3514.29296875,0,461.39196500000003,0,0,84.009170999999995,0,160.18846199999999,0,0,29.411201999999999,PASS,,,Linux;x86_64;GCC 13.3;OpenMP 201511,close,cores,FALSE,1,3514.292969,process_ru_maxrss,resource.getrusage(RUSAGE_CHILDREN).ru_maxrss
pgsa-cross-platform-v1,local,full_host,,standalone,3d-WindTurbineHub,3d-WindTurbineHub,Tet4,physics_tet4,physics_tet4,228384,1113684,685152,27502200,cpu_private_csr,7,7,physical_core_region,Intel(R) Core(TM) Ultra 7 265KF,20,20,isolated,452.534401,2220.6518809999998,1363.9850160000001,461.31778000000003,4045.9546769999997,269.61392899999998,4315.5686059999998,1,461.31778000000003,269.61392899999998,730.93170899999996,269.61392899999998,269.61392899999998,269.61392899999998,0,730.93170899999996,730.93170899999996,730.93170899999996,0,0,0,0.63113663604926473,0,0,1540123200,3514.3125,0,461.31778000000003,0,0,83.727124000000003,0,155.82016400000001,0,0,30.066641000000001,PASS,,,Linux;x86_64;GCC 13.3;OpenMP 201511,close,cores,FALSE,2,3514.312500,process_ru_maxrss,resource.getrusage(RUSAGE_CHILDREN).ru_maxrss
pgsa-cross-platform-v1,local,full_host,,standalone,3d-WindTurbineHub,3d-WindTurbineHub,Tet4,physics_tet4,physics_tet4,228384,1113684,685152,27502200,cpu_private_csr,7,7,physical_core_region,Intel(R) Core(TM) Ultra 7 265KF,20,20,isolated,455.08489100000003,2200.9030389999998,1357.2508869999999,458.49708600000002,4016.6510119999998,268.15937300000002,4284.8103849999998,1,458.49708600000002,268.15937300000002,726.65645900000004,268.15937300000002,268.15937300000002,268.15937300000002,0,726.65645900000004,726.65645900000004,726.65645900000004,0,0,0,0.630968156026533,0,0,1540123200,3514.30859375,0,458.49708600000002,0,0,83.517213999999996,0,155.066565,0,0,29.575593999999999,PASS,,,Linux;x86_64;GCC 13.3;OpenMP 201511,close,cores,FALSE,3,3514.308594,process_ru_maxrss,resource.getrusage(RUSAGE_CHILDREN).ru_maxrss
pgsa-cross-platform-v1,local,full_host,,standalone,3d-WindTurbineHub,3d-WindTurbineHub,Tet4,physics_tet4,physics_tet4,228384,1113684,685152,27502200,cpu_private_csr,8,8,physical_core_region,Intel(R) Core(TM) Ultra 7 265KF,20,20,isolated,459.50290200000001,2219.5544810000001,1358.7291749999999,524.86369200000001,4103.1473480000004,269.22399100000001,4372.3713390000003,1,524.86369200000001,269.22399100000001,794.08768299999997,269.22399100000001,269.22399100000001,269.22399100000001,0,794.08768299999997,794.08768299999997,794.08768299999997,0,0,0,0.66096440385160848,0,0,1760140800,3724.13671875,0,524.86369200000001,0,0,95.050430000000006,0,140.93751800000001,0,0,33.236043000000002,PASS,,,Linux;x86_64;GCC 13.3;OpenMP 201511,close,cores,FALSE,1,3724.136719,process_ru_maxrss,resource.getrusage(RUSAGE_CHILDREN).ru_maxrss
pgsa-cross-platform-v1,local,full_host,,standalone,3d-WindTurbineHub,3d-WindTurbineHub,Tet4,physics_tet4,physics_tet4,228384,1113684,685152,27502200,cpu_private_csr,8,8,physical_core_region,Intel(R) Core(TM) Ultra 7 265KF,20,20,isolated,456.43314500000002,2206.054928,1356.7431449999999,524.06140700000003,4086.8594800000001,268.01480199999997,4354.8742819999998,1,524.06140700000003,268.01480199999997,792.07620900000006,268.01480199999997,268.01480199999997,268.01480199999997,0,792.07620900000006,792.07620900000006,792.07620900000006,0,0,0,0.66163003135977283,0,0,1760140800,3724.16796875,0,524.06140700000003,0,0,95.307383999999999,0,139.95416499999999,0,0,32.753253000000001,PASS,,,Linux;x86_64;GCC 13.3;OpenMP 201511,close,cores,FALSE,2,3724.167969,process_ru_maxrss,resource.getrusage(RUSAGE_CHILDREN).ru_maxrss
pgsa-cross-platform-v1,local,full_host,,standalone,3d-WindTurbineHub,3d-WindTurbineHub,Tet4,physics_tet4,physics_tet4,228384,1113684,685152,27502200,cpu_private_csr,8,8,physical_core_region,Intel(R) Core(TM) Ultra 7 265KF,20,20,isolated,452.85586499999999,2198.5162810000002,1351.0666839999999,525.28041499999995,4074.8633799999998,271.10705000000002,4345.9704299999994,1,525.28041499999995,271.10705000000002,796.38746500000002,271.10705000000002,271.10705000000002,271.10705000000002,0,796.38746500000002,796.38746500000002,796.38746500000002,0,0,0,0.65957895884260298,0,0,1760140800,3724.12890625,0,525.28041499999995,0,0,95.740725999999995,0,141.72929199999999,0,0,33.637031999999998,PASS,,,Linux;x86_64;GCC 13.3;OpenMP 201511,close,cores,FALSE,3,3724.128906,process_ru_maxrss,resource.getrusage(RUSAGE_CHILDREN).ru_maxrss
pgsa-cross-platform-v1,local,full_host,,standalone,3d-WindTurbineHub,3d-WindTurbineHub,Tet4,physics_tet4,physics_tet4,228384,1113684,685152,27502200,cpu_private_csr,9,9,physical_core_region,Intel(R) Core(TM) Ultra 7 265KF,20,20,isolated,457.35125399999998,2208.3019119999999,1360.602161,590.32966499999998,4159.2337379999999,296.287508,4455.5212460000002,1,590.32966499999998,296.287508,886.61717299999998,296.287508,296.287508,296.287508,0,886.61717299999998,886.61717299999998,886.61717299999998,0,0,0,0.66582250262820031,0,0,1980158400,3934.09375,0,590.32966499999998,0,0,107.563365,0,150.26517100000001,0,0,38.458972000000003,PASS,,,Linux;x86_64;GCC 13.3;OpenMP 201511,close,cores,FALSE,1,3934.093750,process_ru_maxrss,resource.getrusage(RUSAGE_CHILDREN).ru_maxrss
pgsa-cross-platform-v1,local,full_host,,standalone,3d-WindTurbineHub,3d-WindTurbineHub,Tet4,physics_tet4,physics_tet4,228384,1113684,685152,27502200,cpu_private_csr,9,9,physical_core_region,Intel(R) Core(TM) Ultra 7 265KF,20,20,isolated,454.83518099999998,2214.1425199999999,1366.5577760000001,591.51588800000002,4172.2161839999999,296.44952000000001,4468.665704,1,591.51588800000002,296.44952000000001,887.96540800000002,296.44952000000001,296.44952000000001,296.44952000000001,0,887.96540800000002,887.96540800000002,887.96540800000002,0,0,0,0.66614744523921809,0,0,1980158400,3933.94921875,0,591.51588800000002,0,0,107.415937,0,151.622748,0,0,37.410834999999999,PASS,,,Linux;x86_64;GCC 13.3;OpenMP 201511,close,cores,FALSE,2,3933.949219,process_ru_maxrss,resource.getrusage(RUSAGE_CHILDREN).ru_maxrss
pgsa-cross-platform-v1,local,full_host,,standalone,3d-WindTurbineHub,3d-WindTurbineHub,Tet4,physics_tet4,physics_tet4,228384,1113684,685152,27502200,cpu_private_csr,9,9,physical_core_region,Intel(R) Core(TM) Ultra 7 265KF,20,20,isolated,457.94830999999999,2229.2143980000001,1351.2930899999999,588.70403199999998,4169.2115199999998,296.85304000000002,4466.0645599999998,1,588.70403199999998,296.85304000000002,885.55707200000006,296.85304000000002,296.85304000000002,296.85304000000002,0,885.55707200000006,885.55707200000006,885.55707200000006,0,0,0,0.66478384128358015,0,0,1980158400,3933.9765625,0,588.70403199999998,0,0,107.43086599999999,0,150.83314100000001,0,0,38.589033000000001,PASS,,,Linux;x86_64;GCC 13.3;OpenMP 201511,close,cores,FALSE,3,3933.976562,process_ru_maxrss,resource.getrusage(RUSAGE_CHILDREN).ru_maxrss
pgsa-cross-platform-v1,local,full_host,,standalone,3d-WindTurbineHub,3d-WindTurbineHub,Tet4,physics_tet4,physics_tet4,228384,1113684,685152,27502200,cpu_private_csr,10,10,physical_core_region,Intel(R) Core(TM) Ultra 7 265KF,20,20,isolated,464.21139199999999,2207.055394,1352.3184670000001,658.677458,4218.0513190000001,309.492144,4527.543463,1,658.677458,309.492144,968.16960199999994,309.492144,309.492144,309.492144,0,968.16960199999994,968.16960199999994,968.16960199999994,0,0,0,0.68033271922536565,0,0,2200176000,4143.82421875,0,658.677458,0,0,119.78558700000001,0,147.981405,0,0,41.725152000000001,PASS,,,Linux;x86_64;GCC 13.3;OpenMP 201511,close,cores,FALSE,1,4143.824219,process_ru_maxrss,resource.getrusage(RUSAGE_CHILDREN).ru_maxrss
pgsa-cross-platform-v1,local,full_host,,standalone,3d-WindTurbineHub,3d-WindTurbineHub,Tet4,physics_tet4,physics_tet4,228384,1113684,685152,27502200,cpu_private_csr,10,10,physical_core_region,Intel(R) Core(TM) Ultra 7 265KF,20,20,isolated,453.01473199999998,2210.302412,1352.754911,657.49486899999999,4220.5521920000001,315.44706400000001,4535.9992560000001,1,657.49486899999999,315.44706400000001,972.94193300000006,315.44706400000001,315.44706400000001,315.44706400000001,0,972.94193300000006,972.94193300000006,972.94193300000006,0,0,0,0.67578017423163106,0,0,2200176000,4143.83984375,0,657.49486899999999,0,0,119.218841,0,152.448252,0,0,43.779971000000003,PASS,,,Linux;x86_64;GCC 13.3;OpenMP 201511,close,cores,FALSE,2,4143.839844,process_ru_maxrss,resource.getrusage(RUSAGE_CHILDREN).ru_maxrss
pgsa-cross-platform-v1,local,full_host,,standalone,3d-WindTurbineHub,3d-WindTurbineHub,Tet4,physics_tet4,physics_tet4,228384,1113684,685152,27502200,cpu_private_csr,10,10,physical_core_region,Intel(R) Core(TM) Ultra 7 265KF,20,20,isolated,457.02108800000002,2209.4350439999998,1354.369831,655.89484400000003,4219.6997190000002,311.83379000000002,4531.5335089999999,1,655.89484400000003,311.83379000000002,967.72863400000006,311.83379000000002,311.83379000000002,311.83379000000002,0,967.72863400000006,967.72863400000006,967.72863400000006,0,0,0,0.67776732128812878,0,0,2200176000,4143.83984375,0,655.89484400000003,0,0,119.769812,0,148.40471199999999,0,0,43.659266000000002,PASS,,,Linux;x86_64;GCC 13.3;OpenMP 201511,close,cores,FALSE,3,4143.839844,process_ru_maxrss,resource.getrusage(RUSAGE_CHILDREN).ru_maxrss
pgsa-cross-platform-v1,local,full_host,,standalone,3d-WindTurbineHub,3d-WindTurbineHub,Tet4,physics_tet4,physics_tet4,228384,1113684,685152,27502200,cpu_private_csr,11,11,physical_core_region,Intel(R) Core(TM) Ultra 7 265KF,20,20,isolated,457.03923900000001,2209.5499810000001,1351.9798989999999,717.32157600000005,4278.8514560000003,325.108903,4603.9603590000006,1,717.32157600000005,325.108903,1042.4304790000001,325.108903,325.108903,325.108903,0,1042.4304790000001,1042.4304790000001,1042.4304790000001,0,0,0,0.68812413916381654,0,0,2420193600,4353.66796875,0,717.32157600000005,0,0,130.976023,0,144.701694,0,0,49.431185999999997,PASS,,,Linux;x86_64;GCC 13.3;OpenMP 201511,close,cores,FALSE,1,4353.667969,process_ru_maxrss,resource.getrusage(RUSAGE_CHILDREN).ru_maxrss
pgsa-cross-platform-v1,local,full_host,,standalone,3d-WindTurbineHub,3d-WindTurbineHub,Tet4,physics_tet4,physics_tet4,228384,1113684,685152,27502200,cpu_private_csr,11,11,physical_core_region,Intel(R) Core(TM) Ultra 7 265KF,20,20,isolated,456.14017999999999,2211.0920350000001,1354.964013,720.63252999999997,4286.6885780000002,324.864915,4611.5534930000003,1,720.63252999999997,324.864915,1045.497445,324.864915,324.864915,324.864915,0,1045.497445,1045.497445,1045.497445,0,0,0,0.68927239702627874,0,0,2420193600,4353.671875,0,720.63252999999997,0,0,131.516154,0,144.842491,0,0,48.506270000000001,PASS,,,Linux;x86_64;GCC 13.3;OpenMP 201511,close,cores,FALSE,2,4353.671875,process_ru_maxrss,resource.getrusage(RUSAGE_CHILDREN).ru_maxrss
pgsa-cross-platform-v1,local,full_host,,standalone,3d-WindTurbineHub,3d-WindTurbineHub,Tet4,physics_tet4,physics_tet4,228384,1113684,685152,27502200,cpu_private_csr,11,11,physical_core_region,Intel(R) Core(TM) Ultra 7 265KF,20,20,isolated,456.968141,2198.306967,1357.191167,722.35574999999994,4277.8538840000001,328.594022,4606.4479060000003,1,722.35574999999994,328.594022,1050.9497719999999,328.594022,328.594022,328.594022,0,1050.9497719999999,1050.9497719999999,1050.9497719999999,0,0,0,0.68733613084603251,0,0,2420193600,4353.66796875,0,722.35574999999994,0,0,131.67057199999999,0,144.93001100000001,0,0,51.993439000000002,PASS,,,Linux;x86_64;GCC 13.3;OpenMP 201511,close,cores,FALSE,3,4353.667969,process_ru_maxrss,resource.getrusage(RUSAGE_CHILDREN).ru_maxrss
pgsa-cross-platform-v1,local,full_host,,standalone,3d-WindTurbineHub,3d-WindTurbineHub,Tet4,physics_tet4,physics_tet4,228384,1113684,685152,27502200,cpu_private_csr,12,12,physical_core_region,Intel(R) Core(TM) Ultra 7 265KF,20,20,isolated,455.568062,2205.717048,1351.238977,788.62088500000004,4345.5769099999998,341.16521,4686.7421199999999,1,788.62088500000004,341.16521,1129.7860949999999,341.16521,341.16521,341.16521,0,1129.7860949999999,1129.7860949999999,1129.7860949999999,0,0,0,0.69802672248325037,0,0,2640211200,4563.41796875,0,788.62088500000004,0,0,143.512812,0,140.34922900000001,0,0,57.303168999999997,PASS,,,Linux;x86_64;GCC 13.3;OpenMP 201511,close,cores,FALSE,1,4563.417969,process_ru_maxrss,resource.getrusage(RUSAGE_CHILDREN).ru_maxrss
pgsa-cross-platform-v1,local,full_host,,standalone,3d-WindTurbineHub,3d-WindTurbineHub,Tet4,physics_tet4,physics_tet4,228384,1113684,685152,27502200,cpu_private_csr,12,12,physical_core_region,Intel(R) Core(TM) Ultra 7 265KF,20,20,isolated,454.06179100000003,2198.4459900000002,1349.844171,788.17283299999997,4336.4629939999995,343.89156100000002,4680.3545549999999,1,788.17283299999997,343.89156100000002,1132.064394,343.89156100000002,343.89156100000002,343.89156100000002,0,1132.064394,1132.064394,1132.064394,0,0,0,0.69622614859839849,0,0,2640211200,4563.37109375,0,788.17283299999997,0,0,143.45294200000001,0,142.63180700000001,0,0,57.806812000000001,PASS,,,Linux;x86_64;GCC 13.3;OpenMP 201511,close,cores,FALSE,2,4563.371094,process_ru_maxrss,resource.getrusage(RUSAGE_CHILDREN).ru_maxrss
pgsa-cross-platform-v1,local,full_host,,standalone,3d-WindTurbineHub,3d-WindTurbineHub,Tet4,physics_tet4,physics_tet4,228384,1113684,685152,27502200,cpu_private_csr,12,12,physical_core_region,Intel(R) Core(TM) Ultra 7 265KF,20,20,isolated,454.92374799999999,2208.7660380000002,1348.009159,784.80166499999996,4341.5768619999999,343.01869399999998,4684.5955560000002,1,784.80166499999996,343.01869399999998,1127.8203589999998,343.01869399999998,343.01869399999998,343.01869399999998,0,1127.8203589999998,1127.8203589999998,1127.8203589999998,0,0,0,0.69585697645665578,0,0,2640211200,4563.45703125,0,784.80166499999996,0,0,143.49038100000001,0,140.91036099999999,0,0,58.617952000000002,PASS,,,Linux;x86_64;GCC 13.3;OpenMP 201511,close,cores,FALSE,3,4563.457031,process_ru_maxrss,resource.getrusage(RUSAGE_CHILDREN).ru_maxrss
pgsa-cross-platform-v1,local,full_host,,standalone,3d-WindTurbineHub,3d-WindTurbineHub,Tet4,physics_tet4,physics_tet4,228384,1113684,685152,27502200,cpu_private_csr,13,13,physical_core_region,Intel(R) Core(TM) Ultra 7 265KF,20,20,isolated,452.69318099999998,2199.0237980000002,1356.7464640000001,853.95147799999995,4409.72174,358.34380599999997,4768.0655459999998,1,853.95147799999995,358.34380599999997,1212.2952839999998,358.34380599999997,358.34380599999997,358.34380599999997,0,1212.2952839999998,1212.2952839999998,1212.2952839999998,0,0,0,0.70440880969392605,0,0,2860228800,4773.21875,0,853.95147799999995,0,0,155.29324800000001,0,140.23254399999999,0,0,62.818013999999998,PASS,,,Linux;x86_64;GCC 13.3;OpenMP 201511,close,cores,FALSE,1,4773.218750,process_ru_maxrss,resource.getrusage(RUSAGE_CHILDREN).ru_maxrss
pgsa-cross-platform-v1,local,full_host,,standalone,3d-WindTurbineHub,3d-WindTurbineHub,Tet4,physics_tet4,physics_tet4,228384,1113684,685152,27502200,cpu_private_csr,13,13,physical_core_region,Intel(R) Core(TM) Ultra 7 265KF,20,20,isolated,456.34509700000001,2206.3895910000001,1367.6185149999999,855.56696199999999,4429.5750680000001,353.63662299999999,4783.2116910000004,1,855.56696199999999,353.63662299999999,1209.203585,353.63662299999999,353.63662299999999,353.63662299999999,0,1209.203585,1209.203585,1209.203585,0,0,0,0.70754583646061553,0,0,2860228800,4773.203125,0,855.56696199999999,0,0,155.7431,0,136.613955,0,0,61.279567999999998,PASS,,,Linux;x86_64;GCC 13.3;OpenMP 201511,close,cores,FALSE,2,4773.203125,process_ru_maxrss,resource.getrusage(RUSAGE_CHILDREN).ru_maxrss
pgsa-cross-platform-v1,local,full_host,,standalone,3d-WindTurbineHub,3d-WindTurbineHub,Tet4,physics_tet4,physics_tet4,228384,1113684,685152,27502200,cpu_private_csr,13,13,physical_core_region,Intel(R) Core(TM) Ultra 7 265KF,20,20,isolated,454.31004899999999,2206.0669360000002,1354.2740679999999,853.82726200000002,4414.1682659999997,357.92678000000001,4772.0950459999995,1,853.82726200000002,357.92678000000001,1211.754042,357.92678000000001,357.92678000000001,357.92678000000001,0,1211.754042,1211.754042,1211.754042,0,0,0,0.70462093164612694,0,0,2860228800,4773.1953125,0,853.82726200000002,0,0,155.49984900000001,0,139.29350099999999,0,0,63.133429999999997,PASS,,,Linux;x86_64;GCC 13.3;OpenMP 201511,close,cores,FALSE,3,4773.195312,process_ru_maxrss,resource.getrusage(RUSAGE_CHILDREN).ru_maxrss
pgsa-cross-platform-v1,local,full_host,,standalone,3d-WindTurbineHub,3d-WindTurbineHub,Tet4,physics_tet4,physics_tet4,228384,1113684,685152,27502200,cpu_private_csr,14,14,physical_core_region,Intel(R) Core(TM) Ultra 7 265KF,20,20,isolated,455.455602,2209.6900770000002,1359.8798730000001,918.51503700000001,4488.0849870000002,365.11778600000002,4853.202773,1,918.51503700000001,365.11778600000002,1283.6328229999999,365.11778600000002,365.11778600000002,365.11778600000002,0,1283.6328229999999,1283.6328229999999,1283.6328229999999,0,0,0,0.7155590138723027,0,0,3080246400,4982.9765625,0,918.51503700000001,0,0,167.099872,0,133.02568600000001,0,0,64.992227999999997,PASS,,,Linux;x86_64;GCC 13.3;OpenMP 201511,close,cores,FALSE,1,4982.976562,process_ru_maxrss,resource.getrusage(RUSAGE_CHILDREN).ru_maxrss
pgsa-cross-platform-v1,local,full_host,,standalone,3d-WindTurbineHub,3d-WindTurbineHub,Tet4,physics_tet4,physics_tet4,228384,1113684,685152,27502200,cpu_private_csr,14,14,physical_core_region,Intel(R) Core(TM) Ultra 7 265KF,20,20,isolated,456.08817199999999,2224.438772,1360.979497,914.83700599999997,4500.2552749999995,367.17954800000001,4867.4348229999996,1,914.83700599999997,367.17954800000001,1282.016554,367.17954800000001,367.17954800000001,367.17954800000001,0,1282.016554,1282.016554,1282.016554,0,0,0,0.7135921943797302,0,0,3080246400,4983.0078125,0,914.83700599999997,0,0,166.96461199999999,0,134.40476000000001,0,0,65.810175999999998,PASS,,,Linux;x86_64;GCC 13.3;OpenMP 201511,close,cores,FALSE,2,4983.007812,process_ru_maxrss,resource.getrusage(RUSAGE_CHILDREN).ru_maxrss
pgsa-cross-platform-v1,local,full_host,,standalone,3d-WindTurbineHub,3d-WindTurbineHub,Tet4,physics_tet4,physics_tet4,228384,1113684,685152,27502200,cpu_private_csr,14,14,physical_core_region,Intel(R) Core(TM) Ultra 7 265KF,20,20,isolated,451.79976599999998,2193.0189850000002,1371.7201439999999,919.93501300000003,4484.6741419999998,365.88562400000001,4850.5597660000003,1,919.93501300000003,365.88562400000001,1285.820637,365.88562400000001,365.88562400000001,365.88562400000001,0,1285.820637,1285.820637,1285.820637,0,0,0,0.71544583010141871,0,0,3080246400,4983.19921875,0,919.93501300000003,0,0,167.057749,0,133.07782,0,0,65.750055000000003,PASS,,,Linux;x86_64;GCC 13.3;OpenMP 201511,close,cores,FALSE,3,4983.199219,process_ru_maxrss,resource.getrusage(RUSAGE_CHILDREN).ru_maxrss
pgsa-cross-platform-v1,local,full_host,,standalone,3d-WindTurbineHub,3d-WindTurbineHub,Tet4,physics_tet4,physics_tet4,228384,1113684,685152,27502200,cpu_private_csr,15,15,physical_core_region,Intel(R) Core(TM) Ultra 7 265KF,20,20,isolated,453.89595300000002,2209.7182509999998,1356.078152,985.18356200000005,4550.9799649999995,377.85535900000002,4928.8353239999997,1,985.18356200000005,377.85535900000002,1363.0389210000001,377.85535900000002,377.85535900000002,377.85535900000002,0,1363.0389210000001,1363.0389210000001,1363.0389210000001,0,0,0,0.7227846151870817,0,0,3300264000,5192.8203125,0,985.18356200000005,0,0,179.18005500000001,0,130.727114,0,0,67.948189999999997,PASS,,,Linux;x86_64;GCC 13.3;OpenMP 201511,close,cores,FALSE,1,5192.820312,process_ru_maxrss,resource.getrusage(RUSAGE_CHILDREN).ru_maxrss
pgsa-cross-platform-v1,local,full_host,,standalone,3d-WindTurbineHub,3d-WindTurbineHub,Tet4,physics_tet4,physics_tet4,228384,1113684,685152,27502200,cpu_private_csr,15,15,physical_core_region,Intel(R) Core(TM) Ultra 7 265KF,20,20,isolated,457.60090100000002,2207.2212220000001,1352.2989439999999,984.02469599999995,4543.5448620000006,390.26518900000002,4933.8100510000004,1,984.02469599999995,390.26518900000002,1374.2898849999999,390.26518900000002,390.26518900000002,390.26518900000002,0,1374.2898849999999,1374.2898849999999,1374.2898849999999,0,0,0,0.71602411306403524,0,0,3300264000,5192.8828125,0,984.02469599999995,0,0,179.21333300000001,0,134.51676599999999,0,0,76.535089999999997,PASS,,,Linux;x86_64;GCC 13.3;OpenMP 201511,close,cores,FALSE,2,5192.882812,process_ru_maxrss,resource.getrusage(RUSAGE_CHILDREN).ru_maxrss
pgsa-cross-platform-v1,local,full_host,,standalone,3d-WindTurbineHub,3d-WindTurbineHub,Tet4,physics_tet4,physics_tet4,228384,1113684,685152,27502200,cpu_private_csr,15,15,physical_core_region,Intel(R) Core(TM) Ultra 7 265KF,20,20,isolated,457.14793200000003,2215.7556979999999,1355.142153,984.52717800000005,4555.425029,379.00473299999999,4934.4297619999998,1,984.52717800000005,379.00473299999999,1363.531911,379.00473299999999,379.00473299999999,379.00473299999999,0,1363.531911,1363.531911,1363.531911,0,0,0,0.72204190459903361,0,0,3300264000,5193.046875,0,984.52717800000005,0,0,178.692488,0,130.270398,0,0,70.041847000000004,PASS,,,Linux;x86_64;GCC 13.3;OpenMP 201511,close,cores,FALSE,3,5193.046875,process_ru_maxrss,resource.getrusage(RUSAGE_CHILDREN).ru_maxrss
pgsa-cross-platform-v1,local,full_host,,standalone,3d-WindTurbineHub,3d-WindTurbineHub,Tet4,physics_tet4,physics_tet4,228384,1113684,685152,27502200,cpu_private_csr,16,16,physical_core_region,Intel(R) Core(TM) Ultra 7 265KF,20,20,isolated,459.17121700000001,2210.6814810000001,1345.2745420000001,1045.583631,4601.5396540000002,396.211479,4997.7511329999998,1,1045.583631,396.211479,1441.79511,396.211479,396.211479,396.211479,0,1441.79511,1441.79511,1441.79511,0,0,0,0.72519571175407849,0,0,3520281600,5402.7265625,0,1045.583631,0,0,191.013463,0,129.856889,0,0,75.341127,PASS,,,Linux;x86_64;GCC 13.3;OpenMP 201511,close,cores,FALSE,1,5402.726562,process_ru_maxrss,resource.getrusage(RUSAGE_CHILDREN).ru_maxrss
pgsa-cross-platform-v1,local,full_host,,standalone,3d-WindTurbineHub,3d-WindTurbineHub,Tet4,physics_tet4,physics_tet4,228384,1113684,685152,27502200,cpu_private_csr,16,16,physical_core_region,Intel(R) Core(TM) Ultra 7 265KF,20,20,isolated,456.38302399999998,2207.940529,1353.919654,1047.5844990000001,4609.4446819999994,394.57961999999998,5004.0243019999998,1,1047.5844990000001,394.57961999999998,1442.164119,394.57961999999998,394.57961999999998,394.57961999999998,0,1442.164119,1442.164119,1442.164119,0,0,0,0.72639756127506316,0,0,3520281600,5402.828125,0,1047.5844990000001,0,0,191.13413199999999,0,128.281836,0,0,75.163651999999999,PASS,,,Linux;x86_64;GCC 13.3;OpenMP 201511,close,cores,FALSE,2,5402.828125,process_ru_maxrss,resource.getrusage(RUSAGE_CHILDREN).ru_maxrss
pgsa-cross-platform-v1,local,full_host,,standalone,3d-WindTurbineHub,3d-WindTurbineHub,Tet4,physics_tet4,physics_tet4,228384,1113684,685152,27502200,cpu_private_csr,16,16,physical_core_region,Intel(R) Core(TM) Ultra 7 265KF,20,20,isolated,456.654448,2209.9450729999999,1353.2684569999999,1054.045529,4617.259059,396.912736,5014.1717950000002,1,1054.045529,396.912736,1450.958265,396.912736,396.912736,396.912736,0,1450.958265,1450.958265,1450.958265,0,0,0,0.72644786168263775,0,0,3520281600,5402.74609375,0,1054.045529,0,0,190.49684099999999,0,130.570179,0,0,75.845715999999996,PASS,,,Linux;x86_64;GCC 13.3;OpenMP 201511,close,cores,FALSE,3,5402.746094,process_ru_maxrss,resource.getrusage(RUSAGE_CHILDREN).ru_maxrss
pgsa-cross-platform-v1,local,full_host,,standalone,3d-WindTurbineHub,3d-WindTurbineHub,Tet4,physics_tet4,physics_tet4,228384,1113684,685152,27502200,cpu_private_csr,17,17,physical_core_region,Intel(R) Core(TM) Ultra 7 265KF,20,20,isolated,459.99386900000002,2207.1640080000002,1351.759215,1113.366325,4672.2895480000007,410.37114000000003,5082.6606880000008,1,1113.366325,410.37114000000003,1523.7374649999999,410.37114000000003,410.37114000000003,410.37114000000003,0,1523.7374649999999,1523.7374649999999,1523.7374649999999,0,0,0,0.73068120366785105,0,0,3740299200,5612.57421875,0,1113.366325,0,0,202.79697999999999,0,127.24547099999999,0,0,80.328688999999997,PASS,,,Linux;x86_64;GCC 13.3;OpenMP 201511,close,cores,FALSE,1,5612.574219,process_ru_maxrss,resource.getrusage(RUSAGE_CHILDREN).ru_maxrss
pgsa-cross-platform-v1,local,full_host,,standalone,3d-WindTurbineHub,3d-WindTurbineHub,Tet4,physics_tet4,physics_tet4,228384,1113684,685152,27502200,cpu_private_csr,17,17,physical_core_region,Intel(R) Core(TM) Ultra 7 265KF,20,20,isolated,456.42330399999997,2211.247226,1358.195109,1119.948034,4689.3903689999997,411.43733200000003,5100.8277010000002,1,1119.948034,411.43733200000003,1531.385366,411.43733200000003,411.43733200000003,411.43733200000003,0,1531.385366,1531.385366,1531.385366,0,0,0,0.73132998320685272,0,0,3740299200,5612.71484375,0,1119.948034,0,0,202.56313599999999,0,129.508137,0,0,79.366059000000007,PASS,,,Linux;x86_64;GCC 13.3;OpenMP 201511,close,cores,FALSE,2,5612.714844,process_ru_maxrss,resource.getrusage(RUSAGE_CHILDREN).ru_maxrss
pgsa-cross-platform-v1,local,full_host,,standalone,3d-WindTurbineHub,3d-WindTurbineHub,Tet4,physics_tet4,physics_tet4,228384,1113684,685152,27502200,cpu_private_csr,17,17,physical_core_region,Intel(R) Core(TM) Ultra 7 265KF,20,20,isolated,455.86033900000001,2215.9741600000002,1358.27928,1121.3064979999999,4695.5599380000003,409.36432600000001,5104.9242640000002,1,1121.3064979999999,409.36432600000001,1530.6708239999998,409.36432600000001,409.36432600000001,409.36432600000001,0,1530.6708239999998,1530.6708239999998,1530.6708239999998,0,0,0,0.73255887576779211,0,0,3740299200,5612.57421875,0,1121.3064979999999,0,0,202.981077,0,126.617177,0,0,79.766071999999994,PASS,,,Linux;x86_64;GCC 13.3;OpenMP 201511,close,cores,FALSE,3,5612.574219,process_ru_maxrss,resource.getrusage(RUSAGE_CHILDREN).ru_maxrss
pgsa-cross-platform-v1,local,full_host,,standalone,3d-WindTurbineHub,3d-WindTurbineHub,Tet4,physics_tet4,physics_tet4,228384,1113684,685152,27502200,cpu_private_csr,18,18,physical_core_region,Intel(R) Core(TM) Ultra 7 265KF,20,20,isolated,455.500654,2215.3158840000001,1363.9197750000001,1186.4482829999999,4765.6839419999997,428.67863399999999,5194.3625759999995,1,1186.4482829999999,428.67863399999999,1615.126917,428.67863399999999,428.67863399999999,428.67863399999999,0,1615.126917,1615.126917,1615.126917,0,0,0,0.73458517130267098,0,0,3960316800,5822.40625,0,1186.4482829999999,0,0,221.40481500000001,0,125.15018600000001,0,0,82.123632999999998,PASS,,,Linux;x86_64;GCC 13.3;OpenMP 201511,close,cores,FALSE,1,5822.406250,process_ru_maxrss,resource.getrusage(RUSAGE_CHILDREN).ru_maxrss
pgsa-cross-platform-v1,local,full_host,,standalone,3d-WindTurbineHub,3d-WindTurbineHub,Tet4,physics_tet4,physics_tet4,228384,1113684,685152,27502200,cpu_private_csr,18,18,physical_core_region,Intel(R) Core(TM) Ultra 7 265KF,20,20,isolated,459.06662699999998,2209.6547650000002,1367.060545,1194.1091759999999,4770.8244860000004,419.81465500000002,5190.6391410000006,1,1194.1091759999999,419.81465500000002,1613.9238310000001,419.81465500000002,419.81465500000002,419.81465500000002,0,1613.9238310000001,1613.9238310000001,1613.9238310000001,0,0,0,0.73987951169921096,0,0,3960316800,5822.58203125,0,1194.1091759999999,0,0,215.15992199999999,0,124.44252400000001,0,0,80.212209000000001,PASS,,,Linux;x86_64;GCC 13.3;OpenMP 201511,close,cores,FALSE,2,5822.582031,process_ru_maxrss,resource.getrusage(RUSAGE_CHILDREN).ru_maxrss
pgsa-cross-platform-v1,local,full_host,,standalone,3d-WindTurbineHub,3d-WindTurbineHub,Tet4,physics_tet4,physics_tet4,228384,1113684,685152,27502200,cpu_private_csr,18,18,physical_core_region,Intel(R) Core(TM) Ultra 7 265KF,20,20,isolated,465.18741799999998,2236.2034079999999,1376.6163879999999,1192.505482,4805.3252780000003,423.90511099999998,5229.2303890000003,1,1192.505482,423.90511099999998,1616.4105930000001,423.90511099999998,423.90511099999998,423.90511099999998,0,1616.4105930000001,1616.4105930000001,1616.4105930000001,0,0,0,0.73774911347664007,0,0,3960316800,5822.4375,0,1192.505482,0,0,215.491556,0,125.72323299999999,0,0,82.690321999999995,PASS,,,Linux;x86_64;GCC 13.3;OpenMP 201511,close,cores,FALSE,3,5822.437500,process_ru_maxrss,resource.getrusage(RUSAGE_CHILDREN).ru_maxrss
pgsa-cross-platform-v1,local,full_host,,standalone,3d-WindTurbineHub,3d-WindTurbineHub,Tet4,physics_tet4,physics_tet4,228384,1113684,685152,27502200,cpu_private_csr,19,19,physical_core_region,Intel(R) Core(TM) Ultra 7 265KF,20,20,isolated,459.14506999999998,2222.5798639999998,1366.3509039999999,1253.366659,4842.2974269999995,436.02569199999999,5278.3231189999997,1,1253.366659,436.02569199999999,1689.392351,436.02569199999999,436.02569199999999,436.02569199999999,0,1689.392351,1689.392351,1689.392351,0,0,0,0.74190383202463073,0,0,4180334400,6032.27734375,0,1253.366659,0,0,227.023651,0,125.287448,0,0,83.714592999999994,PASS,,,Linux;x86_64;GCC 13.3;OpenMP 201511,close,cores,FALSE,1,6032.277344,process_ru_maxrss,resource.getrusage(RUSAGE_CHILDREN).ru_maxrss
pgsa-cross-platform-v1,local,full_host,,standalone,3d-WindTurbineHub,3d-WindTurbineHub,Tet4,physics_tet4,physics_tet4,228384,1113684,685152,27502200,cpu_private_csr,19,19,physical_core_region,Intel(R) Core(TM) Ultra 7 265KF,20,20,isolated,460.99724200000003,2234.008409,1363.7859920000001,1256.1512310000001,4853.9456319999999,433.111829,5287.0574610000003,1,1256.1512310000001,433.111829,1689.26306,433.111829,433.111829,433.111829,0,1689.26306,1689.26306,1689.26306,0,0,0,0.74360900959972454,0,0,4180334400,6032.21484375,0,1256.1512310000001,0,0,226.85290599999999,0,122.320061,0,0,83.938862,PASS,,,Linux;x86_64;GCC 13.3;OpenMP 201511,close,cores,FALSE,2,6032.214844,process_ru_maxrss,resource.getrusage(RUSAGE_CHILDREN).ru_maxrss
pgsa-cross-platform-v1,local,full_host,,standalone,3d-WindTurbineHub,3d-WindTurbineHub,Tet4,physics_tet4,physics_tet4,228384,1113684,685152,27502200,cpu_private_csr,19,19,physical_core_region,Intel(R) Core(TM) Ultra 7 265KF,20,20,isolated,464.53008999999997,2232.4071079999999,1376.759941,1253.5311830000001,4862.6982319999997,439.18429400000002,5301.8825259999994,1,1253.5311830000001,439.18429400000002,1692.7154770000002,439.18429400000002,439.18429400000002,439.18429400000002,0,1692.7154770000002,1692.7154770000002,1692.7154770000002,0,0,0,0.74054452743684573,0,0,4180334400,6032.1953125,0,1253.5311830000001,0,0,227.44924700000001,0,127.063034,0,0,84.672013000000007,PASS,,,Linux;x86_64;GCC 13.3;OpenMP 201511,close,cores,FALSE,3,6032.195312,process_ru_maxrss,resource.getrusage(RUSAGE_CHILDREN).ru_maxrss
pgsa-cross-platform-v1,local,full_host,,standalone,3d-WindTurbineHub,3d-WindTurbineHub,Tet4,physics_tet4,physics_tet4,228384,1113684,685152,27502200,cpu_private_csr,20,20,physical_core_region,Intel(R) Core(TM) Ultra 7 265KF,20,20,isolated,461.00328200000001,2235.6331610000002,1371.9729540000001,1318.4578289999999,4926.0639440000004,453.17068799999998,5379.2346320000006,1,1318.4578289999999,453.17068799999998,1771.6285169999999,453.17068799999998,453.17068799999998,453.17068799999998,0,1771.6285169999999,1771.6285169999999,1771.6285169999999,0,0,0,0.74420670944754275,0,0,4400352000,6242.26171875,0,1318.4578289999999,0,0,239.00443799999999,0,127.46047900000001,0,0,86.705770999999999,PASS,,,Linux;x86_64;GCC 13.3;OpenMP 201511,close,cores,FALSE,1,6242.261719,process_ru_maxrss,resource.getrusage(RUSAGE_CHILDREN).ru_maxrss
pgsa-cross-platform-v1,local,full_host,,standalone,3d-WindTurbineHub,3d-WindTurbineHub,Tet4,physics_tet4,physics_tet4,228384,1113684,685152,27502200,cpu_private_csr,20,20,physical_core_region,Intel(R) Core(TM) Ultra 7 265KF,20,20,isolated,459.48625399999997,2226.9430600000001,1357.9474929999999,1319.4607329999999,4904.3512860000001,448.44576899999998,5352.797055,1,1319.4607329999999,448.44576899999998,1767.9065019999998,448.44576899999998,448.44576899999998,448.44576899999998,0,1767.9065019999998,1767.9065019999998,1767.9065019999998,0,0,0,0.74634078867141362,0,0,4400352000,6242.07421875,0,1319.4607329999999,0,0,239.319684,0,125.94617599999999,0,0,83.179908999999995,PASS,,,Linux;x86_64;GCC 13.3;OpenMP 201511,close,cores,FALSE,2,6242.074219,process_ru_maxrss,resource.getrusage(RUSAGE_CHILDREN).ru_maxrss
pgsa-cross-platform-v1,local,full_host,,standalone,3d-WindTurbineHub,3d-WindTurbineHub,Tet4,physics_tet4,physics_tet4,228384,1113684,685152,27502200,cpu_private_csr,20,20,physical_core_region,Intel(R) Core(TM) Ultra 7 265KF,20,20,isolated,462.00197700000001,2233.3230880000001,1357.46351,1316.6784439999999,4907.4650419999998,449.41922299999999,5356.8842649999997,1,1316.6784439999999,449.41922299999999,1766.097667,449.41922299999999,449.41922299999999,449.41922299999999,0,1766.097667,1766.097667,1766.097667,0,0,0,0.74552980200499852,0,0,4400352000,6242.12109375,0,1316.6784439999999,0,0,239.70385099999999,0,124.800658,0,0,84.914714000000004,PASS,,,Linux;x86_64;GCC 13.3;OpenMP 201511,close,cores,FALSE,3,6242.121094,process_ru_maxrss,resource.getrusage(RUSAGE_CHILDREN).ru_maxrss
pgsa-cross-platform-v1,local,full_host,,standalone,3d-WindTurbineHub,3d-WindTurbineHub,Tet4,physics_tet4,physics_tet4,228384,1113684,685152,27502200,cpu_lock_guard,1,1,physical_core_region,Intel(R) Core(TM) Ultra 7 265KF,20,20,isolated,460.48247600000002,2233.8569859999998,1357.179316,417.52113000000003,4008.5574319999996,2433.2309129999999,6441.788344999999,1,417.52113000000003,2433.2309129999999,2850.752043,2433.2309129999999,2433.2309129999999,2433.2309129999999,0,2850.752043,2850.752043,2850.752043,0,0,0,0.14645999501262133,0,0,1100088000,3094.57421875,0,417.52113000000003,0,0,0,0,2433.2309129999999,0,0,0,PASS,,std::lock_guard<std::mutex>; granularity=per_entry,Linux;x86_64;GCC 13.3;OpenMP 201511,close,cores,FALSE,1,3094.574219,process_ru_maxrss,resource.getrusage(RUSAGE_CHILDREN).ru_maxrss
pgsa-cross-platform-v1,local,full_host,,standalone,3d-WindTurbineHub,3d-WindTurbineHub,Tet4,physics_tet4,physics_tet4,228384,1113684,685152,27502200,cpu_lock_guard,1,1,physical_core_region,Intel(R) Core(TM) Ultra 7 265KF,20,20,isolated,464.56051500000001,2229.2905780000001,1363.0195229999999,416.23923300000001,4008.5493340000003,2421.4355059999998,6429.9848400000001,1,416.23923300000001,2421.4355059999998,2837.674739,2421.4355059999998,2421.4355059999998,2421.4355059999998,0,2837.674739,2837.674739,2837.674739,0,0,0,0.14668320765567489,0,0,1100088000,3094.62109375,0,416.23923300000001,0,0,0,0,2421.4355059999998,0,0,0,PASS,,std::lock_guard<std::mutex>; granularity=per_entry,Linux;x86_64;GCC 13.3;OpenMP 201511,close,cores,FALSE,2,3094.621094,process_ru_maxrss,resource.getrusage(RUSAGE_CHILDREN).ru_maxrss
pgsa-cross-platform-v1,local,full_host,,standalone,3d-WindTurbineHub,3d-WindTurbineHub,Tet4,physics_tet4,physics_tet4,228384,1113684,685152,27502200,cpu_lock_guard,1,1,physical_core_region,Intel(R) Core(TM) Ultra 7 265KF,20,20,isolated,458.60897999999997,2226.1416920000001,1365.081005,415.66362600000002,4006.8863230000002,2419.7860489999998,6426.672372,1,415.66362600000002,2419.7860489999998,2835.4496749999998,2419.7860489999998,2419.7860489999998,2419.7860489999998,0,2835.4496749999998,2835.4496749999998,2835.4496749999998,0,0,0,0.1465953106714899,0,0,1100088000,3094.6015625,0,415.66362600000002,0,0,0,0,2419.7860489999998,0,0,0,PASS,,std::lock_guard<std::mutex>; granularity=per_entry,Linux;x86_64;GCC 13.3;OpenMP 201511,close,cores,FALSE,3,3094.601562,process_ru_maxrss,resource.getrusage(RUSAGE_CHILDREN).ru_maxrss
pgsa-cross-platform-v1,local,full_host,,standalone,3d-WindTurbineHub,3d-WindTurbineHub,Tet4,physics_tet4,physics_tet4,228384,1113684,685152,27502200,cpu_lock_guard,2,2,physical_core_region,Intel(R) Core(TM) Ultra 7 265KF,20,20,isolated,456.247163,2229.985412,1355.8383240000001,412.88531699999999,3998.7090530000005,1732.692358,5731.4014110000007,1,412.88531699999999,1732.692358,2145.577675,1732.692358,1732.692358,1732.692358,0,2145.577675,2145.577675,2145.577675,0,0,0,0.19243550201462642,0,0,1100088000,3094.57421875,0,412.88531699999999,0,0,0,0,1732.692358,0,0,0,PASS,,std::lock_guard<std::mutex>; granularity=per_entry,Linux;x86_64;GCC 13.3;OpenMP 201511,close,cores,FALSE,1,3094.574219,process_ru_maxrss,resource.getrusage(RUSAGE_CHILDREN).ru_maxrss
pgsa-cross-platform-v1,local,full_host,,standalone,3d-WindTurbineHub,3d-WindTurbineHub,Tet4,physics_tet4,physics_tet4,228384,1113684,685152,27502200,cpu_lock_guard,2,2,physical_core_region,Intel(R) Core(TM) Ultra 7 265KF,20,20,isolated,457.06710500000003,2225.241258,1359.7778940000001,415.70770099999999,4000.7268529999997,1744.7323249999999,5745.4591779999992,1,415.70770099999999,1744.7323249999999,2160.4400259999998,1744.7323249999999,1744.7323249999999,1744.7323249999999,0,2160.4400259999998,2160.4400259999998,2160.4400259999998,0,0,0,0.19241807039173975,0,0,1100088000,3094.68359375,0,415.70770099999999,0,0,0,0,1744.7323249999999,0,0,0,PASS,,std::lock_guard<std::mutex>; granularity=per_entry,Linux;x86_64;GCC 13.3;OpenMP 201511,close,cores,FALSE,2,3094.683594,process_ru_maxrss,resource.getrusage(RUSAGE_CHILDREN).ru_maxrss
pgsa-cross-platform-v1,local,full_host,,standalone,3d-WindTurbineHub,3d-WindTurbineHub,Tet4,physics_tet4,physics_tet4,228384,1113684,685152,27502200,cpu_lock_guard,2,2,physical_core_region,Intel(R) Core(TM) Ultra 7 265KF,20,20,isolated,463.771658,2255.549289,1358.9308779999999,415.82597399999997,4030.3061409999996,1727.3680690000001,5757.6742099999992,1,415.82597399999997,1727.3680690000001,2143.194043,1727.3680690000001,1727.3680690000001,1727.3680690000001,0,2143.194043,2143.194043,2143.194043,0,0,0,0.19402161710842342,0,0,1100088000,3094.5625,0,415.82597399999997,0,0,0,0,1727.3680690000001,0,0,0,PASS,,std::lock_guard<std::mutex>; granularity=per_entry,Linux;x86_64;GCC 13.3;OpenMP 201511,close,cores,FALSE,3,3094.562500,process_ru_maxrss,resource.getrusage(RUSAGE_CHILDREN).ru_maxrss
pgsa-cross-platform-v1,local,full_host,,standalone,3d-WindTurbineHub,3d-WindTurbineHub,Tet4,physics_tet4,physics_tet4,228384,1113684,685152,27502200,cpu_lock_guard,3,3,physical_core_region,Intel(R) Core(TM) Ultra 7 265KF,20,20,isolated,454.44099399999999,2222.8855659999999,1365.737693,415.29500999999999,4003.9182689999998,1264.2059280000001,5268.1241970000001,1,415.29500999999999,1264.2059280000001,1679.5009380000001,1264.2059280000001,1264.2059280000001,1264.2059280000001,0,1679.5009380000001,1679.5009380000001,1679.5009380000001,0,0,0,0.24727286576841434,0,0,1100088000,3094.57421875,0,415.29500999999999,0,0,0,0,1264.2059280000001,0,0,0,PASS,,std::lock_guard<std::mutex>; granularity=per_entry,Linux;x86_64;GCC 13.3;OpenMP 201511,close,cores,FALSE,1,3094.574219,process_ru_maxrss,resource.getrusage(RUSAGE_CHILDREN).ru_maxrss
pgsa-cross-platform-v1,local,full_host,,standalone,3d-WindTurbineHub,3d-WindTurbineHub,Tet4,physics_tet4,physics_tet4,228384,1113684,685152,27502200,cpu_lock_guard,3,3,physical_core_region,Intel(R) Core(TM) Ultra 7 265KF,20,20,isolated,456.69524000000001,2211.471994,1361.7796490000001,414.17746499999998,3987.4291080000003,1262.87428,5250.3033880000003,1,414.17746499999998,1262.87428,1677.051745,1262.87428,1262.87428,1262.87428,0,1677.051745,1677.051745,1677.051745,0,0,0,0.24696761220089841,0,0,1100088000,3094.61328125,0,414.17746499999998,0,0,0,0,1262.87428,0,0,0,PASS,,std::lock_guard<std::mutex>; granularity=per_entry,Linux;x86_64;GCC 13.3;OpenMP 201511,close,cores,FALSE,2,3094.613281,process_ru_maxrss,resource.getrusage(RUSAGE_CHILDREN).ru_maxrss
pgsa-cross-platform-v1,local,full_host,,standalone,3d-WindTurbineHub,3d-WindTurbineHub,Tet4,physics_tet4,physics_tet4,228384,1113684,685152,27502200,cpu_lock_guard,3,3,physical_core_region,Intel(R) Core(TM) Ultra 7 265KF,20,20,isolated,456.74060100000003,2210.7183060000002,1364.456792,416.03041300000001,3991.2055110000001,1268.133327,5259.3388379999997,1,416.03041300000001,1268.133327,1684.16374,1268.133327,1268.133327,1268.133327,0,1684.16374,1684.16374,1684.16374,0,0,0,0.24702491991663472,0,0,1100088000,3094.54296875,0,416.03041300000001,0,0,0,0,1268.133327,0,0,0,PASS,,std::lock_guard<std::mutex>; granularity=per_entry,Linux;x86_64;GCC 13.3;OpenMP 201511,close,cores,FALSE,3,3094.542969,process_ru_maxrss,resource.getrusage(RUSAGE_CHILDREN).ru_maxrss
pgsa-cross-platform-v1,local,full_host,,standalone,3d-WindTurbineHub,3d-WindTurbineHub,Tet4,physics_tet4,physics_tet4,228384,1113684,685152,27502200,cpu_lock_guard,4,4,physical_core_region,Intel(R) Core(TM) Ultra 7 265KF,20,20,isolated,457.714921,2228.155413,1352.2760249999999,413.19962900000002,3993.6310669999998,1041.1752369999999,5034.8063039999997,1,413.19962900000002,1041.1752369999999,1454.3748659999999,1041.1752369999999,1041.1752369999999,1041.1752369999999,0,1454.3748659999999,1454.3748659999999,1454.3748659999999,0,0,0,0.28410806502482561,0,0,1100088000,3094.70703125,0,413.19962900000002,0,0,0,0,1041.1752369999999,0,0,0,PASS,,std::lock_guard<std::mutex>; granularity=per_entry,Linux;x86_64;GCC 13.3;OpenMP 201511,close,cores,FALSE,1,3094.707031,process_ru_maxrss,resource.getrusage(RUSAGE_CHILDREN).ru_maxrss
pgsa-cross-platform-v1,local,full_host,,standalone,3d-WindTurbineHub,3d-WindTurbineHub,Tet4,physics_tet4,physics_tet4,228384,1113684,685152,27502200,cpu_lock_guard,4,4,physical_core_region,Intel(R) Core(TM) Ultra 7 265KF,20,20,isolated,458.23896999999999,2219.6204459999999,1353.953475,415.52235100000001,3989.0962720000002,1042.018624,5031.114896,1,415.52235100000001,1042.018624,1457.5409750000001,1042.018624,1042.018624,1042.018624,0,1457.5409750000001,1457.5409750000001,1457.5409750000001,0,0,0,0.2850845074870022,0,0,1100088000,3094.609375,0,415.52235100000001,0,0,0,0,1042.018624,0,0,0,PASS,,std::lock_guard<std::mutex>; granularity=per_entry,Linux;x86_64;GCC 13.3;OpenMP 201511,close,cores,FALSE,2,3094.609375,process_ru_maxrss,resource.getrusage(RUSAGE_CHILDREN).ru_maxrss
pgsa-cross-platform-v1,local,full_host,,standalone,3d-WindTurbineHub,3d-WindTurbineHub,Tet4,physics_tet4,physics_tet4,228384,1113684,685152,27502200,cpu_lock_guard,4,4,physical_core_region,Intel(R) Core(TM) Ultra 7 265KF,20,20,isolated,457.02025600000002,2208.6095650000002,1360.7733909999999,412.81261999999998,3982.1955760000005,1044.413718,5026.6092940000008,1,412.81261999999998,1044.413718,1457.2263379999999,1044.413718,1044.413718,1044.413718,0,1457.2263379999999,1457.2263379999999,1457.2263379999999,0,0,0,0.28328654872281067,0,0,1100088000,3094.6015625,0,412.81261999999998,0,0,0,0,1044.413718,0,0,0,PASS,,std::lock_guard<std::mutex>; granularity=per_entry,Linux;x86_64;GCC 13.3;OpenMP 201511,close,cores,FALSE,3,3094.601562,process_ru_maxrss,resource.getrusage(RUSAGE_CHILDREN).ru_maxrss
pgsa-cross-platform-v1,local,full_host,,standalone,3d-WindTurbineHub,3d-WindTurbineHub,Tet4,physics_tet4,physics_tet4,228384,1113684,685152,27502200,cpu_lock_guard,5,5,physical_core_region,Intel(R) Core(TM) Ultra 7 265KF,20,20,isolated,457.52648299999998,2215.7222550000001,1366.2395710000001,414.233451,3996.1952770000003,919.97438499999998,4916.1696620000002,1,414.233451,919.97438499999998,1334.207836,919.97438499999998,919.97438499999998,919.97438499999998,0,1334.207836,1334.207836,1334.207836,0,0,0,0.3104714571620909,0,0,1100088000,3094.6015625,0,414.233451,0,0,0,0,919.97438499999998,0,0,0,PASS,,std::lock_guard<std::mutex>; granularity=per_entry,Linux;x86_64;GCC 13.3;OpenMP 201511,close,cores,FALSE,1,3094.601562,process_ru_maxrss,resource.getrusage(RUSAGE_CHILDREN).ru_maxrss
pgsa-cross-platform-v1,local,full_host,,standalone,3d-WindTurbineHub,3d-WindTurbineHub,Tet4,physics_tet4,physics_tet4,228384,1113684,685152,27502200,cpu_lock_guard,5,5,physical_core_region,Intel(R) Core(TM) Ultra 7 265KF,20,20,isolated,454.71027099999998,2203.9888209999999,1360.866724,414.270758,3979.126303,908.69918900000005,4887.8254919999999,1,414.270758,908.69918900000005,1322.969947,908.69918900000005,908.69918900000005,908.69918900000005,0,1322.969947,1322.969947,1322.969947,0,0,0,0.31313693779621432,0,0,1100088000,3094.7265625,0,414.270758,0,0,0,0,908.69918900000005,0,0,0,PASS,,std::lock_guard<std::mutex>; granularity=per_entry,Linux;x86_64;GCC 13.3;OpenMP 201511,close,cores,FALSE,2,3094.726562,process_ru_maxrss,resource.getrusage(RUSAGE_CHILDREN).ru_maxrss
pgsa-cross-platform-v1,local,full_host,,standalone,3d-WindTurbineHub,3d-WindTurbineHub,Tet4,physics_tet4,physics_tet4,228384,1113684,685152,27502200,cpu_lock_guard,5,5,physical_core_region,Intel(R) Core(TM) Ultra 7 265KF,20,20,isolated,454.049665,2220.284032,1357.587158,412.72064699999999,3990.5918369999999,904.79382699999996,4895.3856639999995,1,412.72064699999999,904.79382699999996,1317.5144740000001,904.79382699999996,904.79382699999996,904.79382699999996,0,1317.5144740000001,1317.5144740000001,1317.5144740000001,0,0,0,0.31325701170247633,0,0,1100088000,3094.640625,0,412.72064699999999,0,0,0,0,904.79382699999996,0,0,0,PASS,,std::lock_guard<std::mutex>; granularity=per_entry,Linux;x86_64;GCC 13.3;OpenMP 201511,close,cores,FALSE,3,3094.640625,process_ru_maxrss,resource.getrusage(RUSAGE_CHILDREN).ru_maxrss
pgsa-cross-platform-v1,local,full_host,,standalone,3d-WindTurbineHub,3d-WindTurbineHub,Tet4,physics_tet4,physics_tet4,228384,1113684,685152,27502200,cpu_lock_guard,6,6,physical_core_region,Intel(R) Core(TM) Ultra 7 265KF,20,20,isolated,457.01642900000002,2211.6875530000002,1353.5738240000001,413.35027600000001,3978.6116530000004,804.25237000000004,4782.8640230000001,1,413.35027600000001,804.25237000000004,1217.602646,804.25237000000004,804.25237000000004,804.25237000000004,0,1217.602646,1217.602646,1217.602646,0,0,0,0.33947879249270291,0,0,1100088000,3094.6015625,0,413.35027600000001,0,0,0,0,804.25237000000004,0,0,0,PASS,,std::lock_guard<std::mutex>; granularity=per_entry,Linux;x86_64;GCC 13.3;OpenMP 201511,close,cores,FALSE,1,3094.601562,process_ru_maxrss,resource.getrusage(RUSAGE_CHILDREN).ru_maxrss
pgsa-cross-platform-v1,local,full_host,,standalone,3d-WindTurbineHub,3d-WindTurbineHub,Tet4,physics_tet4,physics_tet4,228384,1113684,685152,27502200,cpu_lock_guard,6,6,physical_core_region,Intel(R) Core(TM) Ultra 7 265KF,20,20,isolated,464.14515,2219.7849959999999,1352.0841909999999,414.95219100000003,3986.8213779999996,802.99173099999996,4789.8131089999997,1,414.95219100000003,802.99173099999996,1217.9439219999999,802.99173099999996,802.99173099999996,802.99173099999996,0,1217.9439219999999,1217.9439219999999,1217.9439219999999,0,0,0,0.34069892997914236,0,0,1100088000,3094.72265625,0,414.95219100000003,0,0,0,0,802.99173099999996,0,0,0,PASS,,std::lock_guard<std::mutex>; granularity=per_entry,Linux;x86_64;GCC 13.3;OpenMP 201511,close,cores,FALSE,2,3094.722656,process_ru_maxrss,resource.getrusage(RUSAGE_CHILDREN).ru_maxrss
pgsa-cross-platform-v1,local,full_host,,standalone,3d-WindTurbineHub,3d-WindTurbineHub,Tet4,physics_tet4,physics_tet4,228384,1113684,685152,27502200,cpu_lock_guard,6,6,physical_core_region,Intel(R) Core(TM) Ultra 7 265KF,20,20,isolated,459.67512799999997,2219.8260850000001,1361.5863890000001,414.83144700000003,3996.2439210000002,804.60505000000001,4800.8489710000003,1,414.83144700000003,804.60505000000001,1219.4364970000001,804.60505000000001,804.60505000000001,804.60505000000001,0,1219.4364970000001,1219.4364970000001,1219.4364970000001,0,0,0,0.34018290252960992,0,0,1100088000,3094.515625,0,414.83144700000003,0,0,0,0,804.60505000000001,0,0,0,PASS,,std::lock_guard<std::mutex>; granularity=per_entry,Linux;x86_64;GCC 13.3;OpenMP 201511,close,cores,FALSE,3,3094.515625,process_ru_maxrss,resource.getrusage(RUSAGE_CHILDREN).ru_maxrss
pgsa-cross-platform-v1,local,full_host,,standalone,3d-WindTurbineHub,3d-WindTurbineHub,Tet4,physics_tet4,physics_tet4,228384,1113684,685152,27502200,cpu_lock_guard,7,7,physical_core_region,Intel(R) Core(TM) Ultra 7 265KF,20,20,isolated,455.53076299999998,2223.3750989999999,1369.159928,413.49873200000002,4006.0337589999999,731.50335900000005,4737.5371180000002,1,413.49873200000002,731.50335900000005,1145.0020910000001,731.50335900000005,731.50335900000005,731.50335900000005,0,1145.0020910000001,1145.0020910000001,1145.0020910000001,0,0,0,0.36113360425295504,0,0,1100088000,3094.515625,0,413.49873200000002,0,0,0,0,731.50335900000005,0,0,0,PASS,,std::lock_guard<std::mutex>; granularity=per_entry,Linux;x86_64;GCC 13.3;OpenMP 201511,close,cores,FALSE,1,3094.515625,process_ru_maxrss,resource.getrusage(RUSAGE_CHILDREN).ru_maxrss
pgsa-cross-platform-v1,local,full_host,,standalone,3d-WindTurbineHub,3d-WindTurbineHub,Tet4,physics_tet4,physics_tet4,228384,1113684,685152,27502200,cpu_lock_guard,7,7,physical_core_region,Intel(R) Core(TM) Ultra 7 265KF,20,20,isolated,456.425273,2214.8563060000001,1354.0996620000001,413.957515,3982.9134830000003,732.31219099999998,4715.2256740000003,1,413.957515,732.31219099999998,1146.269706,732.31219099999998,732.31219099999998,732.31219099999998,0,1146.269706,1146.269706,1146.269706,0,0,0,0.36113448068390286,0,0,1100088000,3094.5625,0,413.957515,0,0,0,0,732.31219099999998,0,0,0,PASS,,std::lock_guard<std::mutex>; granularity=per_entry,Linux;x86_64;GCC 13.3;OpenMP 201511,close,cores,FALSE,2,3094.562500,process_ru_maxrss,resource.getrusage(RUSAGE_CHILDREN).ru_maxrss
pgsa-cross-platform-v1,local,full_host,,standalone,3d-WindTurbineHub,3d-WindTurbineHub,Tet4,physics_tet4,physics_tet4,228384,1113684,685152,27502200,cpu_lock_guard,7,7,physical_core_region,Intel(R) Core(TM) Ultra 7 265KF,20,20,isolated,459.55577099999999,2217.5604779999999,1356.048051,414.46515499999998,3988.073684,731.11907299999996,4719.1927569999998,1,414.46515499999998,731.11907299999996,1145.5842279999999,731.11907299999996,731.11907299999996,731.11907299999996,0,1145.5842279999999,1145.5842279999999,1145.5842279999999,0,0,0,0.36179369868210159,0,0,1100088000,3094.62890625,0,414.46515499999998,0,0,0,0,731.11907299999996,0,0,0,PASS,,std::lock_guard<std::mutex>; granularity=per_entry,Linux;x86_64;GCC 13.3;OpenMP 201511,close,cores,FALSE,3,3094.628906,process_ru_maxrss,resource.getrusage(RUSAGE_CHILDREN).ru_maxrss
pgsa-cross-platform-v1,local,full_host,,standalone,3d-WindTurbineHub,3d-WindTurbineHub,Tet4,physics_tet4,physics_tet4,228384,1113684,685152,27502200,cpu_lock_guard,8,8,physical_core_region,Intel(R) Core(TM) Ultra 7 265KF,20,20,isolated,456.79466100000002,2215.658453,1352.893172,413.19760600000001,3981.7492310000002,681.87978099999998,4663.6290120000003,1,413.19760600000001,681.87978099999998,1095.077387,681.87978099999998,681.87978099999998,681.87978099999998,0,1095.077387,1095.077387,1095.077387,0,0,0,0.37732274531936799,0,0,1100088000,3094.76953125,0,413.19760600000001,0,0,0,0,681.87978099999998,0,0,0,PASS,,std::lock_guard<std::mutex>; granularity=per_entry,Linux;x86_64;GCC 13.3;OpenMP 201511,close,cores,FALSE,1,3094.769531,process_ru_maxrss,resource.getrusage(RUSAGE_CHILDREN).ru_maxrss
pgsa-cross-platform-v1,local,full_host,,standalone,3d-WindTurbineHub,3d-WindTurbineHub,Tet4,physics_tet4,physics_tet4,228384,1113684,685152,27502200,cpu_lock_guard,8,8,physical_core_region,Intel(R) Core(TM) Ultra 7 265KF,20,20,isolated,457.19203599999997,2213.70145,1356.1411049999999,413.40101199999998,3983.243567,678.89175899999998,4662.1353259999996,1,413.40101199999998,678.89175899999998,1092.2927709999999,678.89175899999998,678.89175899999998,678.89175899999998,0,1092.2927709999999,1092.2927709999999,1092.2927709999999,0,0,0,0.37847088525682465,0,0,1100088000,3094.69921875,0,413.40101199999998,0,0,0,0,678.89175899999998,0,0,0,PASS,,std::lock_guard<std::mutex>; granularity=per_entry,Linux;x86_64;GCC 13.3;OpenMP 201511,close,cores,FALSE,2,3094.699219,process_ru_maxrss,resource.getrusage(RUSAGE_CHILDREN).ru_maxrss
pgsa-cross-platform-v1,local,full_host,,standalone,3d-WindTurbineHub,3d-WindTurbineHub,Tet4,physics_tet4,physics_tet4,228384,1113684,685152,27502200,cpu_lock_guard,8,8,physical_core_region,Intel(R) Core(TM) Ultra 7 265KF,20,20,isolated,454.48900900000001,2212.2621789999998,1351.285621,413.890376,3977.4381759999997,681.05149600000004,4658.4896719999997,1,413.890376,681.05149600000004,1094.9418720000001,681.05149600000004,681.05149600000004,681.05149600000004,0,1094.9418720000001,1094.9418720000001,1094.9418720000001,0,0,0,0.37800214475677663,0,0,1100088000,3094.5703125,0,413.890376,0,0,0,0,681.05149600000004,0,0,0,PASS,,std::lock_guard<std::mutex>; granularity=per_entry,Linux;x86_64;GCC 13.3;OpenMP 201511,close,cores,FALSE,3,3094.570312,process_ru_maxrss,resource.getrusage(RUSAGE_CHILDREN).ru_maxrss
pgsa-cross-platform-v1,local,full_host,,standalone,3d-WindTurbineHub,3d-WindTurbineHub,Tet4,physics_tet4,physics_tet4,228384,1113684,685152,27502200,cpu_lock_guard,9,9,physical_core_region,Intel(R) Core(TM) Ultra 7 265KF,20,20,isolated,453.081906,2207.1277220000002,1353.0296639999999,411.55276300000003,3971.710149,633.55909799999995,4605.2692470000002,1,411.55276300000003,633.55909799999995,1045.1118609999999,633.55909799999995,633.55909799999995,633.55909799999995,0,1045.1118609999999,1045.1118609999999,1045.1118609999999,0,0,0,0.39378824253914013,0,0,1100088000,3094.6015625,0,411.55276300000003,0,0,0,0,633.55909799999995,0,0,0,PASS,,std::lock_guard<std::mutex>; granularity=per_entry,Linux;x86_64;GCC 13.3;OpenMP 201511,close,cores,FALSE,1,3094.601562,process_ru_maxrss,resource.getrusage(RUSAGE_CHILDREN).ru_maxrss
pgsa-cross-platform-v1,local,full_host,,standalone,3d-WindTurbineHub,3d-WindTurbineHub,Tet4,physics_tet4,physics_tet4,228384,1113684,685152,27502200,cpu_lock_guard,9,9,physical_core_region,Intel(R) Core(TM) Ultra 7 265KF,20,20,isolated,456.56482299999999,2205.5179480000002,1357.8210879999999,412.00360599999999,3975.3426420000005,637.93655899999999,4613.2792010000003,1,412.00360599999999,637.93655899999999,1049.940165,637.93655899999999,637.93655899999999,637.93655899999999,0,1049.940165,1049.940165,1049.940165,0,0,0,0.39240674824550598,0,0,1100088000,3094.625,0,412.00360599999999,0,0,0,0,637.93655899999999,0,0,0,PASS,,std::lock_guard<std::mutex>; granularity=per_entry,Linux;x86_64;GCC 13.3;OpenMP 201511,close,cores,FALSE,2,3094.625000,process_ru_maxrss,resource.getrusage(RUSAGE_CHILDREN).ru_maxrss
pgsa-cross-platform-v1,local,full_host,,standalone,3d-WindTurbineHub,3d-WindTurbineHub,Tet4,physics_tet4,physics_tet4,228384,1113684,685152,27502200,cpu_lock_guard,9,9,physical_core_region,Intel(R) Core(TM) Ultra 7 265KF,20,20,isolated,453.62721599999998,2209.592212,1349.8756619999999,414.28362099999998,3973.751495,633.42702099999997,4607.1785159999999,1,414.28362099999998,633.42702099999997,1047.710642,633.42702099999997,633.42702099999997,633.42702099999997,0,1047.710642,1047.710642,1047.710642,0,0,0,0.3954179755291633,0,0,1100088000,3094.57421875,0,414.28362099999998,0,0,0,0,633.42702099999997,0,0,0,PASS,,std::lock_guard<std::mutex>; granularity=per_entry,Linux;x86_64;GCC 13.3;OpenMP 201511,close,cores,FALSE,3,3094.574219,process_ru_maxrss,resource.getrusage(RUSAGE_CHILDREN).ru_maxrss
pgsa-cross-platform-v1,local,full_host,,standalone,3d-WindTurbineHub,3d-WindTurbineHub,Tet4,physics_tet4,physics_tet4,228384,1113684,685152,27502200,cpu_lock_guard,10,10,physical_core_region,Intel(R) Core(TM) Ultra 7 265KF,20,20,isolated,452.86733199999998,2204.614615,1358.8576129999999,414.16933,3977.6415579999998,610.92343800000003,4588.5649960000001,1,414.16933,610.92343800000003,1025.092768,610.92343800000003,610.92343800000003,610.92343800000003,0,1025.092768,1025.092768,1025.092768,0,0,0,0.40403107204439864,0,0,1100088000,3094.68359375,0,414.16933,0,0,0,0,610.92343800000003,0,0,0,PASS,,std::lock_guard<std::mutex>; granularity=per_entry,Linux;x86_64;GCC 13.3;OpenMP 201511,close,cores,FALSE,1,3094.683594,process_ru_maxrss,resource.getrusage(RUSAGE_CHILDREN).ru_maxrss
pgsa-cross-platform-v1,local,full_host,,standalone,3d-WindTurbineHub,3d-WindTurbineHub,Tet4,physics_tet4,physics_tet4,228384,1113684,685152,27502200,cpu_lock_guard,10,10,physical_core_region,Intel(R) Core(TM) Ultra 7 265KF,20,20,isolated,457.03088000000002,2213.5389599999999,1356.5418520000001,415.06293099999999,3985.1437430000001,612.05174499999998,4597.1954880000003,1,415.06293099999999,612.05174499999998,1027.1146759999999,612.05174499999998,612.05174499999998,612.05174499999998,0,1027.1146759999999,1027.1146759999999,1027.1146759999999,0,0,0,0.40410573492769375,0,0,1100088000,3094.6171875,0,415.06293099999999,0,0,0,0,612.05174499999998,0,0,0,PASS,,std::lock_guard<std::mutex>; granularity=per_entry,Linux;x86_64;GCC 13.3;OpenMP 201511,close,cores,FALSE,2,3094.617188,process_ru_maxrss,resource.getrusage(RUSAGE_CHILDREN).ru_maxrss
pgsa-cross-platform-v1,local,full_host,,standalone,3d-WindTurbineHub,3d-WindTurbineHub,Tet4,physics_tet4,physics_tet4,228384,1113684,685152,27502200,cpu_lock_guard,10,10,physical_core_region,Intel(R) Core(TM) Ultra 7 265KF,20,20,isolated,456.56845199999998,2204.0511489999999,1362.5198230000001,412.97577000000001,3979.546742,610.88892499999997,4590.4356669999997,1,412.97577000000001,610.88892499999997,1023.864695,610.88892499999997,610.88892499999997,610.88892499999997,0,1023.864695,1023.864695,1023.864695,0,0,0,0.40334994654738049,0,0,1100088000,3094.6171875,0,412.97577000000001,0,0,0,0,610.88892499999997,0,0,0,PASS,,std::lock_guard<std::mutex>; granularity=per_entry,Linux;x86_64;GCC 13.3;OpenMP 201511,close,cores,FALSE,3,3094.617188,process_ru_maxrss,resource.getrusage(RUSAGE_CHILDREN).ru_maxrss
pgsa-cross-platform-v1,local,full_host,,standalone,3d-WindTurbineHub,3d-WindTurbineHub,Tet4,physics_tet4,physics_tet4,228384,1113684,685152,27502200,cpu_lock_guard,11,11,physical_core_region,Intel(R) Core(TM) Ultra 7 265KF,20,20,isolated,457.83946600000002,2205.5430620000002,1355.8868279999999,414.87755700000002,3976.3074470000001,596.62067300000001,4572.9281200000005,1,414.87755700000002,596.62067300000001,1011.49823,596.62067300000001,596.62067300000001,596.62067300000001,0,1011.49823,1011.49823,1011.49823,0,0,0,0.41016142658005444,0,0,1100088000,3094.76171875,0,414.87755700000002,0,0,0,0,596.62067300000001,0,0,0,PASS,,std::lock_guard<std::mutex>; granularity=per_entry,Linux;x86_64;GCC 13.3;OpenMP 201511,close,cores,FALSE,1,3094.761719,process_ru_maxrss,resource.getrusage(RUSAGE_CHILDREN).ru_maxrss
pgsa-cross-platform-v1,local,full_host,,standalone,3d-WindTurbineHub,3d-WindTurbineHub,Tet4,physics_tet4,physics_tet4,228384,1113684,685152,27502200,cpu_lock_guard,11,11,physical_core_region,Intel(R) Core(TM) Ultra 7 265KF,20,20,isolated,455.54067900000001,2214.0138179999999,1356.2468630000001,412.76111800000001,3983.0217989999996,595.23692600000004,4578.2587249999997,1,412.76111800000001,595.23692600000004,1007.998044,595.23692600000004,595.23692600000004,595.23692600000004,0,1007.998044,1007.998044,1007.998044,0,0,0,0.40948603070900402,0,0,1100088000,3094.66796875,0,412.76111800000001,0,0,0,0,595.23692600000004,0,0,0,PASS,,std::lock_guard<std::mutex>; granularity=per_entry,Linux;x86_64;GCC 13.3;OpenMP 201511,close,cores,FALSE,2,3094.667969,process_ru_maxrss,resource.getrusage(RUSAGE_CHILDREN).ru_maxrss
pgsa-cross-platform-v1,local,full_host,,standalone,3d-WindTurbineHub,3d-WindTurbineHub,Tet4,physics_tet4,physics_tet4,228384,1113684,685152,27502200,cpu_lock_guard,11,11,physical_core_region,Intel(R) Core(TM) Ultra 7 265KF,20,20,isolated,453.30901399999999,2196.4942070000002,1361.42056,414.20843300000001,3972.1232,595.62222599999996,4567.7454259999995,1,414.20843300000001,595.62222599999996,1009.830659,595.62222599999996,595.62222599999996,595.62222599999996,0,1009.830659,1009.830659,1009.830659,0,0,0,0.41017613132302416,0,0,1100088000,3094.6328125,0,414.20843300000001,0,0,0,0,595.62222599999996,0,0,0,PASS,,std::lock_guard<std::mutex>; granularity=per_entry,Linux;x86_64;GCC 13.3;OpenMP 201511,close,cores,FALSE,3,3094.632812,process_ru_maxrss,resource.getrusage(RUSAGE_CHILDREN).ru_maxrss
pgsa-cross-platform-v1,local,full_host,,standalone,3d-WindTurbineHub,3d-WindTurbineHub,Tet4,physics_tet4,physics_tet4,228384,1113684,685152,27502200,cpu_lock_guard,12,12,physical_core_region,Intel(R) Core(TM) Ultra 7 265KF,20,20,isolated,459.94033300000001,2218.3188890000001,1349.627438,410.85213599999997,3978.7984630000001,592.15781600000003,4570.956279,1,410.85213599999997,592.15781600000003,1003.009952,592.15781600000003,592.15781600000003,592.15781600000003,0,1003.009952,1003.009952,1003.009952,0,0,0,0.40961920186411072,0,0,1100088000,3094.625,0,410.85213599999997,0,0,0,0,592.15781600000003,0,0,0,PASS,,std::lock_guard<std::mutex>; granularity=per_entry,Linux;x86_64;GCC 13.3;OpenMP 201511,close,cores,FALSE,1,3094.625000,process_ru_maxrss,resource.getrusage(RUSAGE_CHILDREN).ru_maxrss
pgsa-cross-platform-v1,local,full_host,,standalone,3d-WindTurbineHub,3d-WindTurbineHub,Tet4,physics_tet4,physics_tet4,228384,1113684,685152,27502200,cpu_lock_guard,12,12,physical_core_region,Intel(R) Core(TM) Ultra 7 265KF,20,20,isolated,456.34679299999999,2211.0524740000001,1346.9161959999999,412.38930699999997,3970.3579770000001,594.35089400000004,4564.7088709999998,1,412.38930699999997,594.35089400000004,1006.7402010000001,594.35089400000004,594.35089400000004,594.35089400000004,0,1006.7402010000001,1006.7402010000001,1006.7402010000001,0,0,0,0.40962832972237684,0,0,1100088000,3094.625,0,412.38930699999997,0,0,0,0,594.35089400000004,0,0,0,PASS,,std::lock_guard<std::mutex>; granularity=per_entry,Linux;x86_64;GCC 13.3;OpenMP 201511,close,cores,FALSE,2,3094.625000,process_ru_maxrss,resource.getrusage(RUSAGE_CHILDREN).ru_maxrss
pgsa-cross-platform-v1,local,full_host,,standalone,3d-WindTurbineHub,3d-WindTurbineHub,Tet4,physics_tet4,physics_tet4,228384,1113684,685152,27502200,cpu_lock_guard,12,12,physical_core_region,Intel(R) Core(TM) Ultra 7 265KF,20,20,isolated,458.85381100000001,2212.7824049999999,1354.1274920000001,414.06792999999999,3980.9778270000002,593.20096699999999,4574.1787940000004,1,414.06792999999999,593.20096699999999,1007.2688969999999,593.20096699999999,593.20096699999999,593.20096699999999,0,1007.2688969999999,1007.2688969999999,1007.2688969999999,0,0,0,0.41107983303489221,0,0,1100088000,3094.54296875,0,414.06792999999999,0,0,0,0,593.20096699999999,0,0,0,PASS,,std::lock_guard<std::mutex>; granularity=per_entry,Linux;x86_64;GCC 13.3;OpenMP 201511,close,cores,FALSE,3,3094.542969,process_ru_maxrss,resource.getrusage(RUSAGE_CHILDREN).ru_maxrss
pgsa-cross-platform-v1,local,full_host,,standalone,3d-WindTurbineHub,3d-WindTurbineHub,Tet4,physics_tet4,physics_tet4,228384,1113684,685152,27502200,cpu_lock_guard,13,13,physical_core_region,Intel(R) Core(TM) Ultra 7 265KF,20,20,isolated,458.07343600000002,2212.3644439999998,1359.841823,413.66773499999999,3985.8740019999996,577.92292199999997,4563.7969239999993,1,413.66773499999999,577.92292199999997,991.59065699999996,577.92292199999997,577.92292199999997,577.92292199999997,0,991.59065699999996,991.59065699999996,991.59065699999996,0,0,0,0.41717591032122847,0,0,1100088000,3094.5390625,0,413.66773499999999,0,0,0,0,577.92292199999997,0,0,0,PASS,,std::lock_guard<std::mutex>; granularity=per_entry,Linux;x86_64;GCC 13.3;OpenMP 201511,close,cores,FALSE,1,3094.539062,process_ru_maxrss,resource.getrusage(RUSAGE_CHILDREN).ru_maxrss
pgsa-cross-platform-v1,local,full_host,,standalone,3d-WindTurbineHub,3d-WindTurbineHub,Tet4,physics_tet4,physics_tet4,228384,1113684,685152,27502200,cpu_lock_guard,13,13,physical_core_region,Intel(R) Core(TM) Ultra 7 265KF,20,20,isolated,455.35058299999997,2201.5581139999999,1349.104405,410.96604000000002,3961.6285589999998,579.09467299999994,4540.7232319999994,1,410.96604000000002,579.09467299999994,990.06071299999996,579.09467299999994,579.09467299999994,579.09467299999994,0,990.06071299999996,990.06071299999996,990.06071299999996,0,0,0,0.41509175609516386,0,0,1100088000,3094.59375,0,410.96604000000002,0,0,0,0,579.09467299999994,0,0,0,PASS,,std::lock_guard<std::mutex>; granularity=per_entry,Linux;x86_64;GCC 13.3;OpenMP 201511,close,cores,FALSE,2,3094.593750,process_ru_maxrss,resource.getrusage(RUSAGE_CHILDREN).ru_maxrss
pgsa-cross-platform-v1,local,full_host,,standalone,3d-WindTurbineHub,3d-WindTurbineHub,Tet4,physics_tet4,physics_tet4,228384,1113684,685152,27502200,cpu_lock_guard,13,13,physical_core_region,Intel(R) Core(TM) Ultra 7 265KF,20,20,isolated,454.84837199999998,2207.0505410000001,1364.4762270000001,414.00380200000001,3985.5305700000004,575.367436,4560.8980060000004,1,414.00380200000001,575.367436,989.37123799999995,575.367436,575.367436,575.367436,0,989.37123799999995,989.37123799999995,989.37123799999995,0,0,0,0.4184514225791553,0,0,1100088000,3094.66015625,0,414.00380200000001,0,0,0,0,575.367436,0,0,0,PASS,,std::lock_guard<std::mutex>; granularity=per_entry,Linux;x86_64;GCC 13.3;OpenMP 201511,close,cores,FALSE,3,3094.660156,process_ru_maxrss,resource.getrusage(RUSAGE_CHILDREN).ru_maxrss
pgsa-cross-platform-v1,local,full_host,,standalone,3d-WindTurbineHub,3d-WindTurbineHub,Tet4,physics_tet4,physics_tet4,228384,1113684,685152,27502200,cpu_lock_guard,14,14,physical_core_region,Intel(R) Core(TM) Ultra 7 265KF,20,20,isolated,455.942634,2207.7099149999999,1353.3869669999999,413.82138700000002,3974.9182689999998,561.39613899999995,4536.3144080000002,1,413.82138700000002,561.39613899999995,975.21752599999991,561.39613899999995,561.39613899999995,561.39613899999995,0,975.21752599999991,975.21752599999991,975.21752599999991,0,0,0,0.42433752057076962,0,0,1100088000,3094.60546875,0,413.82138700000002,0,0,0,0,561.39613899999995,0,0,0,PASS,,std::lock_guard<std::mutex>; granularity=per_entry,Linux;x86_64;GCC 13.3;OpenMP 201511,close,cores,FALSE,1,3094.605469,process_ru_maxrss,resource.getrusage(RUSAGE_CHILDREN).ru_maxrss
pgsa-cross-platform-v1,local,full_host,,standalone,3d-WindTurbineHub,3d-WindTurbineHub,Tet4,physics_tet4,physics_tet4,228384,1113684,685152,27502200,cpu_lock_guard,14,14,physical_core_region,Intel(R) Core(TM) Ultra 7 265KF,20,20,isolated,457.32030600000002,2209.473896,1356.524838,416.25695300000001,3982.2556869999999,561.92236600000001,4544.1780529999996,1,416.25695300000001,561.92236600000001,978.17931900000008,561.92236600000001,561.92236600000001,561.92236600000001,0,978.17931900000008,978.17931900000008,978.17931900000008,0,0,0,0.42554258193226019,0,0,1100088000,3094.71875,0,416.25695300000001,0,0,0,0,561.92236600000001,0,0,0,PASS,,std::lock_guard<std::mutex>; granularity=per_entry,Linux;x86_64;GCC 13.3;OpenMP 201511,close,cores,FALSE,2,3094.718750,process_ru_maxrss,resource.getrusage(RUSAGE_CHILDREN).ru_maxrss
pgsa-cross-platform-v1,local,full_host,,standalone,3d-WindTurbineHub,3d-WindTurbineHub,Tet4,physics_tet4,physics_tet4,228384,1113684,685152,27502200,cpu_lock_guard,14,14,physical_core_region,Intel(R) Core(TM) Ultra 7 265KF,20,20,isolated,454.55667999999997,2237.0931179999998,1367.561852,416.71558800000003,4021.3705579999996,562.26395300000001,4583.6345109999993,1,416.71558800000003,562.26395300000001,978.97954100000004,562.26395300000001,562.26395300000001,562.26395300000001,0,978.97954100000004,978.97954100000004,978.97954100000004,0,0,0,0.42566322435536985,0,0,1100088000,3094.53515625,0,416.71558800000003,0,0,0,0,562.26395300000001,0,0,0,PASS,,std::lock_guard<std::mutex>; granularity=per_entry,Linux;x86_64;GCC 13.3;OpenMP 201511,close,cores,FALSE,3,3094.535156,process_ru_maxrss,resource.getrusage(RUSAGE_CHILDREN).ru_maxrss
pgsa-cross-platform-v1,local,full_host,,standalone,3d-WindTurbineHub,3d-WindTurbineHub,Tet4,physics_tet4,physics_tet4,228384,1113684,685152,27502200,cpu_lock_guard,15,15,physical_core_region,Intel(R) Core(TM) Ultra 7 265KF,20,20,isolated,458.45302900000002,2211.6330710000002,1359.567247,414.64611000000002,3985.8464280000003,564.12208799999996,4549.9685159999999,1,414.64611000000002,564.12208799999996,978.76819799999998,564.12208799999996,564.12208799999996,564.12208799999996,0,978.76819799999998,978.76819799999998,978.76819799999998,0,0,0,0.42364076688155744,0,0,1100088000,3094.60546875,0,414.64611000000002,0,0,0,0,564.12208799999996,0,0,0,PASS,,std::lock_guard<std::mutex>; granularity=per_entry,Linux;x86_64;GCC 13.3;OpenMP 201511,close,cores,FALSE,1,3094.605469,process_ru_maxrss,resource.getrusage(RUSAGE_CHILDREN).ru_maxrss
pgsa-cross-platform-v1,local,full_host,,standalone,3d-WindTurbineHub,3d-WindTurbineHub,Tet4,physics_tet4,physics_tet4,228384,1113684,685152,27502200,cpu_lock_guard,15,15,physical_core_region,Intel(R) Core(TM) Ultra 7 265KF,20,20,isolated,456.78465399999999,2216.7205680000002,1353.842459,414.16601900000001,3984.7290460000004,562.76912900000002,4547.4981750000006,1,414.16601900000001,562.76912900000002,976.93514800000003,562.76912900000002,562.76912900000002,562.76912900000002,0,976.93514800000003,976.93514800000003,976.93514800000003,0,0,0,0.42394422991934361,0,0,1100088000,3094.5703125,0,414.16601900000001,0,0,0,0,562.76912900000002,0,0,0,PASS,,std::lock_guard<std::mutex>; granularity=per_entry,Linux;x86_64;GCC 13.3;OpenMP 201511,close,cores,FALSE,2,3094.570312,process_ru_maxrss,resource.getrusage(RUSAGE_CHILDREN).ru_maxrss
pgsa-cross-platform-v1,local,full_host,,standalone,3d-WindTurbineHub,3d-WindTurbineHub,Tet4,physics_tet4,physics_tet4,228384,1113684,685152,27502200,cpu_lock_guard,15,15,physical_core_region,Intel(R) Core(TM) Ultra 7 265KF,20,20,isolated,456.04125399999998,2216.0778110000001,1350.788444,414.25097299999999,3981.1172280000001,562.16949299999999,4543.2867210000004,1,414.25097299999999,562.16949299999999,976.42046600000003,562.16949299999999,562.16949299999999,562.16949299999999,0,976.42046600000003,976.42046600000003,976.42046600000003,0,0,0,0.42425470115043651,0,0,1100088000,3094.640625,0,414.25097299999999,0,0,0,0,562.16949299999999,0,0,0,PASS,,std::lock_guard<std::mutex>; granularity=per_entry,Linux;x86_64;GCC 13.3;OpenMP 201511,close,cores,FALSE,3,3094.640625,process_ru_maxrss,resource.getrusage(RUSAGE_CHILDREN).ru_maxrss
pgsa-cross-platform-v1,local,full_host,,standalone,3d-WindTurbineHub,3d-WindTurbineHub,Tet4,physics_tet4,physics_tet4,228384,1113684,685152,27502200,cpu_lock_guard,16,16,physical_core_region,Intel(R) Core(TM) Ultra 7 265KF,20,20,isolated,457.12635999999998,2217.7697149999999,1374.0901819999999,413.83143200000001,4005.6913289999998,557.32553499999995,4563.0168639999993,1,413.83143200000001,557.32553499999995,971.1569669999999,557.32553499999995,557.32553499999995,557.32553499999995,0,971.1569669999999,971.1569669999999,971.1569669999999,0,0,0,0.42612208537036633,0,0,1100088000,3094.546875,0,413.83143200000001,0,0,0,0,557.32553499999995,0,0,0,PASS,,std::lock_guard<std::mutex>; granularity=per_entry,Linux;x86_64;GCC 13.3;OpenMP 201511,close,cores,FALSE,1,3094.546875,process_ru_maxrss,resource.getrusage(RUSAGE_CHILDREN).ru_maxrss
pgsa-cross-platform-v1,local,full_host,,standalone,3d-WindTurbineHub,3d-WindTurbineHub,Tet4,physics_tet4,physics_tet4,228384,1113684,685152,27502200,cpu_lock_guard,16,16,physical_core_region,Intel(R) Core(TM) Ultra 7 265KF,20,20,isolated,459.58017999999998,2222.5212430000001,1354.976263,413.78794299999998,3991.285449,561.60267999999996,4552.8881289999999,1,413.78794299999998,561.60267999999996,975.39062300000001,561.60267999999996,561.60267999999996,561.60267999999996,0,975.39062300000001,975.39062300000001,975.39062300000001,0,0,0,0.4242279280144361,0,0,1100088000,3094.6171875,0,413.78794299999998,0,0,0,0,561.60267999999996,0,0,0,PASS,,std::lock_guard<std::mutex>; granularity=per_entry,Linux;x86_64;GCC 13.3;OpenMP 201511,close,cores,FALSE,2,3094.617188,process_ru_maxrss,resource.getrusage(RUSAGE_CHILDREN).ru_maxrss
pgsa-cross-platform-v1,local,full_host,,standalone,3d-WindTurbineHub,3d-WindTurbineHub,Tet4,physics_tet4,physics_tet4,228384,1113684,685152,27502200,cpu_lock_guard,16,16,physical_core_region,Intel(R) Core(TM) Ultra 7 265KF,20,20,isolated,457.06948199999999,2209.3765530000001,1360.439779,415.61652400000003,3985.4328560000004,559.17910300000005,4544.6119590000008,1,415.61652400000003,559.17910300000005,974.79562700000008,559.17910300000005,559.17910300000005,559.17910300000005,0,974.79562700000008,974.79562700000008,974.79562700000008,0,0,0,0.42636272926160756,0,0,1100088000,3094.609375,0,415.61652400000003,0,0,0,0,559.17910300000005,0,0,0,PASS,,std::lock_guard<std::mutex>; granularity=per_entry,Linux;x86_64;GCC 13.3;OpenMP 201511,close,cores,FALSE,3,3094.609375,process_ru_maxrss,resource.getrusage(RUSAGE_CHILDREN).ru_maxrss
pgsa-cross-platform-v1,local,full_host,,standalone,3d-WindTurbineHub,3d-WindTurbineHub,Tet4,physics_tet4,physics_tet4,228384,1113684,685152,27502200,cpu_lock_guard,17,17,physical_core_region,Intel(R) Core(TM) Ultra 7 265KF,20,20,isolated,457.327988,2223.7043450000001,1356.117115,414.25896799999998,3994.0804280000002,554.03004599999997,4548.1104740000001,1,414.25896799999998,554.03004599999997,968.28901399999995,554.03004599999997,554.03004599999997,554.03004599999997,0,968.28901399999995,968.28901399999995,968.28901399999995,0,0,0,0.42782574418426689,0,0,1100088000,3094.62890625,0,414.25896799999998,0,0,0,0,554.03004599999997,0,0,0,PASS,,std::lock_guard<std::mutex>; granularity=per_entry,Linux;x86_64;GCC 13.3;OpenMP 201511,close,cores,FALSE,1,3094.628906,process_ru_maxrss,resource.getrusage(RUSAGE_CHILDREN).ru_maxrss
pgsa-cross-platform-v1,local,full_host,,standalone,3d-WindTurbineHub,3d-WindTurbineHub,Tet4,physics_tet4,physics_tet4,228384,1113684,685152,27502200,cpu_lock_guard,17,17,physical_core_region,Intel(R) Core(TM) Ultra 7 265KF,20,20,isolated,457.93124599999999,2219.5970280000001,1364.7586779999999,416.81371899999999,4001.169425,553.57325500000002,4554.7426800000003,1,416.81371899999999,553.57325500000002,970.38697400000001,553.57325500000002,553.57325500000002,553.57325500000002,0,970.38697400000001,970.38697400000001,970.38697400000001,0,0,0,0.42953350587741917,0,0,1100088000,3094.5625,0,416.81371899999999,0,0,0,0,553.57325500000002,0,0,0,PASS,,std::lock_guard<std::mutex>; granularity=per_entry,Linux;x86_64;GCC 13.3;OpenMP 201511,close,cores,FALSE,2,3094.562500,process_ru_maxrss,resource.getrusage(RUSAGE_CHILDREN).ru_maxrss
pgsa-cross-platform-v1,local,full_host,,standalone,3d-WindTurbineHub,3d-WindTurbineHub,Tet4,physics_tet4,physics_tet4,228384,1113684,685152,27502200,cpu_lock_guard,17,17,physical_core_region,Intel(R) Core(TM) Ultra 7 265KF,20,20,isolated,470.39372400000002,2231.0026509999998,1359.49622,415.73130099999997,4006.2301719999996,544.35188400000004,4550.5820559999993,1,415.73130099999997,544.35188400000004,960.08318499999996,544.35188400000004,544.35188400000004,544.35188400000004,0,960.08318499999996,960.08318499999996,960.08318499999996,0,0,0,0.43301591726137773,0,0,1100088000,3094.72265625,0,415.73130099999997,0,0,0,0,544.35188400000004,0,0,0,PASS,,std::lock_guard<std::mutex>; granularity=per_entry,Linux;x86_64;GCC 13.3;OpenMP 201511,close,cores,FALSE,3,3094.722656,process_ru_maxrss,resource.getrusage(RUSAGE_CHILDREN).ru_maxrss
pgsa-cross-platform-v1,local,full_host,,standalone,3d-WindTurbineHub,3d-WindTurbineHub,Tet4,physics_tet4,physics_tet4,228384,1113684,685152,27502200,cpu_lock_guard,18,18,physical_core_region,Intel(R) Core(TM) Ultra 7 265KF,20,20,isolated,460.62424499999997,2233.6283539999999,1364.7400540000001,415.64545099999998,4014.0138590000001,549.95696299999997,4563.9708220000002,1,415.64545099999998,549.95696299999997,965.60241399999995,549.95696299999997,549.95696299999997,549.95696299999997,0,965.60241399999995,965.60241399999995,965.60241399999995,0,0,0,0.4304519592884945,0,0,1100088000,3094.5390625,0,415.64545099999998,0,0,0,0,549.95696299999997,0,0,0,PASS,,std::lock_guard<std::mutex>; granularity=per_entry,Linux;x86_64;GCC 13.3;OpenMP 201511,close,cores,FALSE,1,3094.539062,process_ru_maxrss,resource.getrusage(RUSAGE_CHILDREN).ru_maxrss
pgsa-cross-platform-v1,local,full_host,,standalone,3d-WindTurbineHub,3d-WindTurbineHub,Tet4,physics_tet4,physics_tet4,228384,1113684,685152,27502200,cpu_lock_guard,18,18,physical_core_region,Intel(R) Core(TM) Ultra 7 265KF,20,20,isolated,458.34161599999999,2218.6120970000002,1362.531577,415.24991499999999,3996.3935889999998,555.15858500000002,4551.5521739999995,1,415.24991499999999,555.15858500000002,970.4085,555.15858500000002,555.15858500000002,555.15858500000002,0,970.4085,970.4085,970.4085,0,0,0,0.42791248737000964,0,0,1100088000,3094.578125,0,415.24991499999999,0,0,0,0,555.15858500000002,0,0,0,PASS,,std::lock_guard<std::mutex>; granularity=per_entry,Linux;x86_64;GCC 13.3;OpenMP 201511,close,cores,FALSE,2,3094.578125,process_ru_maxrss,resource.getrusage(RUSAGE_CHILDREN).ru_maxrss
pgsa-cross-platform-v1,local,full_host,,standalone,3d-WindTurbineHub,3d-WindTurbineHub,Tet4,physics_tet4,physics_tet4,228384,1113684,685152,27502200,cpu_lock_guard,18,18,physical_core_region,Intel(R) Core(TM) Ultra 7 265KF,20,20,isolated,457.44096200000001,2208.0313030000002,1366.788992,416.708395,3991.5286900000006,548.098434,4539.6271240000005,1,416.708395,548.098434,964.80682899999999,548.098434,548.098434,548.098434,0,964.80682899999999,964.80682899999999,964.80682899999999,0,0,0,0.43190862924540929,0,0,1100088000,3094.765625,0,416.708395,0,0,0,0,548.098434,0,0,0,PASS,,std::lock_guard<std::mutex>; granularity=per_entry,Linux;x86_64;GCC 13.3;OpenMP 201511,close,cores,FALSE,3,3094.765625,process_ru_maxrss,resource.getrusage(RUSAGE_CHILDREN).ru_maxrss
pgsa-cross-platform-v1,local,full_host,,standalone,3d-WindTurbineHub,3d-WindTurbineHub,Tet4,physics_tet4,physics_tet4,228384,1113684,685152,27502200,cpu_lock_guard,19,19,physical_core_region,Intel(R) Core(TM) Ultra 7 265KF,20,20,isolated,456.47432400000002,2224.3123519999999,1367.2743829999999,414.75298299999997,4006.3397179999997,554.73909600000002,4561.0788139999995,1,414.75298299999997,554.73909600000002,969.49207899999999,554.73909600000002,554.73909600000002,554.73909600000002,0,969.49207899999999,969.49207899999999,969.49207899999999,0,0,0,0.42780440602238273,0,0,1100088000,3094.66796875,0,414.75298299999997,0,0,0,0,554.73909600000002,0,0,0,PASS,,std::lock_guard<std::mutex>; granularity=per_entry,Linux;x86_64;GCC 13.3;OpenMP 201511,close,cores,FALSE,1,3094.667969,process_ru_maxrss,resource.getrusage(RUSAGE_CHILDREN).ru_maxrss
pgsa-cross-platform-v1,local,full_host,,standalone,3d-WindTurbineHub,3d-WindTurbineHub,Tet4,physics_tet4,physics_tet4,228384,1113684,685152,27502200,cpu_lock_guard,19,19,physical_core_region,Intel(R) Core(TM) Ultra 7 265KF,20,20,isolated,460.28168299999999,2239.0326660000001,1366.1881969999999,416.85328700000002,4022.0741499999999,544.58754499999998,4566.6616949999998,1,416.85328700000002,544.58754499999998,961.440832,544.58754499999998,544.58754499999998,544.58754499999998,0,961.440832,961.440832,961.440832,0,0,0,0.4335714410348655,0,0,1100088000,3094.55859375,0,416.85328700000002,0,0,0,0,544.58754499999998,0,0,0,PASS,,std::lock_guard<std::mutex>; granularity=per_entry,Linux;x86_64;GCC 13.3;OpenMP 201511,close,cores,FALSE,2,3094.558594,process_ru_maxrss,resource.getrusage(RUSAGE_CHILDREN).ru_maxrss
pgsa-cross-platform-v1,local,full_host,,standalone,3d-WindTurbineHub,3d-WindTurbineHub,Tet4,physics_tet4,physics_tet4,228384,1113684,685152,27502200,cpu_lock_guard,19,19,physical_core_region,Intel(R) Core(TM) Ultra 7 265KF,20,20,isolated,459.59192100000001,2228.8245080000002,1372.854255,415.59934299999998,4017.2781059999998,544.34101199999998,4561.6191179999996,1,415.59934299999998,544.34101199999998,959.94035499999995,544.34101199999998,544.34101199999998,544.34101199999998,0,959.94035499999995,959.94035499999995,959.94035499999995,0,0,0,0.43294288112306728,0,0,1100088000,3094.6015625,0,415.59934299999998,0,0,0,0,544.34101199999998,0,0,0,PASS,,std::lock_guard<std::mutex>; granularity=per_entry,Linux;x86_64;GCC 13.3;OpenMP 201511,close,cores,FALSE,3,3094.601562,process_ru_maxrss,resource.getrusage(RUSAGE_CHILDREN).ru_maxrss
pgsa-cross-platform-v1,local,full_host,,standalone,3d-WindTurbineHub,3d-WindTurbineHub,Tet4,physics_tet4,physics_tet4,228384,1113684,685152,27502200,cpu_lock_guard,20,20,physical_core_region,Intel(R) Core(TM) Ultra 7 265KF,20,20,isolated,459.199275,2230.8034699999998,1368.0080390000001,415.75188100000003,4014.5633900000003,552.49179900000001,4567.0551890000006,1,415.75188100000003,552.49179900000001,968.24368000000004,552.49179900000001,552.49179900000001,552.49179900000001,0,968.24368000000004,968.24368000000004,968.24368000000004,0,0,0,0.42938765270329471,0,0,1100088000,3094.7578125,0,415.75188100000003,0,0,0,0,552.49179900000001,0,0,0,PASS,,std::lock_guard<std::mutex>; granularity=per_entry,Linux;x86_64;GCC 13.3;OpenMP 201511,close,cores,FALSE,1,3094.757812,process_ru_maxrss,resource.getrusage(RUSAGE_CHILDREN).ru_maxrss
pgsa-cross-platform-v1,local,full_host,,standalone,3d-WindTurbineHub,3d-WindTurbineHub,Tet4,physics_tet4,physics_tet4,228384,1113684,685152,27502200,cpu_lock_guard,20,20,physical_core_region,Intel(R) Core(TM) Ultra 7 265KF,20,20,isolated,471.09587599999998,2219.396346,1360.174356,417.06309499999998,3996.633797,549.00347799999997,4545.637275,1,417.06309499999998,549.00347799999997,966.06657299999995,549.00347799999997,549.00347799999997,549.00347799999997,0,966.06657299999995,966.06657299999995,966.06657299999995,0,0,0,0.43171258239984667,0,0,1100088000,3094.69140625,0,417.06309499999998,0,0,0,0,549.00347799999997,0,0,0,PASS,,std::lock_guard<std::mutex>; granularity=per_entry,Linux;x86_64;GCC 13.3;OpenMP 201511,close,cores,FALSE,2,3094.691406,process_ru_maxrss,resource.getrusage(RUSAGE_CHILDREN).ru_maxrss
pgsa-cross-platform-v1,local,full_host,,standalone,3d-WindTurbineHub,3d-WindTurbineHub,Tet4,physics_tet4,physics_tet4,228384,1113684,685152,27502200,cpu_lock_guard,20,20,physical_core_region,Intel(R) Core(TM) Ultra 7 265KF,20,20,isolated,463.18576300000001,2216.1153420000001,1352.2839489999999,415.54033399999997,3983.9396249999995,543.07521699999995,4527.0148419999996,1,415.54033399999997,543.07521699999995,958.61555099999987,543.07521699999995,543.07521699999995,543.07521699999995,0,958.61555099999987,958.61555099999987,958.61555099999987,0,0,0,0.43347965048816534,0,0,1100088000,3094.70703125,0,415.54033399999997,0,0,0,0,543.07521699999995,0,0,0,PASS,,std::lock_guard<std::mutex>; granularity=per_entry,Linux;x86_64;GCC 13.3;OpenMP 201511,close,cores,FALSE,3,3094.707031,process_ru_maxrss,resource.getrusage(RUSAGE_CHILDREN).ru_maxrss
pgsa-cross-platform-v1,local,full_host,,standalone,3d-WindTurbineHub,3d-WindTurbineHub,Tet4,physics_tet4,physics_tet4,228384,1113684,685152,27502200,cpu_graph_coloring,1,1,physical_core_region,Intel(R) Core(TM) Ultra 7 265KF,20,20,isolated,460.49138099999999,2249.8936990000002,1366.7092740000001,196.149609,3812.7525820000001,1325.4068050000001,5138.1593869999997,1,196.149609,1325.4068050000001,1521.5564140000001,1325.4068050000001,1325.4068050000001,1325.4068050000001,0,1521.5564140000001,1521.5564140000001,1521.5564140000001,0,0,0,0.12891379326800301,0,0,8909472,2150.3984375,50,0,196.149609,0,0,0,1325.4068050000001,0,0,0,PASS,,"Greedy first-fit element coloring, colors=50",Linux;x86_64;GCC 13.3;OpenMP 201511,close,cores,FALSE,1,2150.398438,process_ru_maxrss,resource.getrusage(RUSAGE_CHILDREN).ru_maxrss
pgsa-cross-platform-v1,local,full_host,,standalone,3d-WindTurbineHub,3d-WindTurbineHub,Tet4,physics_tet4,physics_tet4,228384,1113684,685152,27502200,cpu_graph_coloring,1,1,physical_core_region,Intel(R) Core(TM) Ultra 7 265KF,20,20,isolated,459.96248200000002,2229.8776979999998,1356.55278,197.608465,3784.0389429999996,1329.2439119999999,5113.2828549999995,1,197.608465,1329.2439119999999,1526.8523769999999,1329.2439119999999,1329.2439119999999,1329.2439119999999,0,1526.8523769999999,1526.8523769999999,1526.8523769999999,0,0,0,0.12942211570464091,0,0,8909472,2150.40625,50,0,197.608465,0,0,0,1329.2439119999999,0,0,0,PASS,,"Greedy first-fit element coloring, colors=50",Linux;x86_64;GCC 13.3;OpenMP 201511,close,cores,FALSE,2,2150.406250,process_ru_maxrss,resource.getrusage(RUSAGE_CHILDREN).ru_maxrss
pgsa-cross-platform-v1,local,full_host,,standalone,3d-WindTurbineHub,3d-WindTurbineHub,Tet4,physics_tet4,physics_tet4,228384,1113684,685152,27502200,cpu_graph_coloring,1,1,physical_core_region,Intel(R) Core(TM) Ultra 7 265KF,20,20,isolated,458.12474800000001,2217.46279,1352.919856,197.568579,3767.9512249999998,1325.1399349999999,5093.0911599999999,1,197.568579,1325.1399349999999,1522.7085139999999,1325.1399349999999,1325.1399349999999,1325.1399349999999,0,1522.7085139999999,1522.7085139999999,1522.7085139999999,0,0,0,0.12974812788102663,0,0,8909472,2150.31640625,50,0,197.568579,0,0,0,1325.1399349999999,0,0,0,PASS,,"Greedy first-fit element coloring, colors=50",Linux;x86_64;GCC 13.3;OpenMP 201511,close,cores,FALSE,3,2150.316406,process_ru_maxrss,resource.getrusage(RUSAGE_CHILDREN).ru_maxrss
pgsa-cross-platform-v1,local,full_host,,standalone,3d-WindTurbineHub,3d-WindTurbineHub,Tet4,physics_tet4,physics_tet4,228384,1113684,685152,27502200,cpu_graph_coloring,2,2,physical_core_region,Intel(R) Core(TM) Ultra 7 265KF,20,20,isolated,458.39225699999997,2231.5002570000001,1356.3316729999999,195.97553300000001,3783.8074630000001,719.41843500000004,4503.2258980000006,1,195.97553300000001,719.41843500000004,915.39396800000009,719.41843500000004,719.41843500000004,719.41843500000004,0,915.39396800000009,915.39396800000009,915.39396800000009,0,0,0,0.21408873102821233,0,0,8909472,2150.38671875,50,0,195.97553300000001,0,0,0,719.41843500000004,0,0,0,PASS,,"Greedy first-fit element coloring, colors=50",Linux;x86_64;GCC 13.3;OpenMP 201511,close,cores,FALSE,1,2150.386719,process_ru_maxrss,resource.getrusage(RUSAGE_CHILDREN).ru_maxrss
pgsa-cross-platform-v1,local,full_host,,standalone,3d-WindTurbineHub,3d-WindTurbineHub,Tet4,physics_tet4,physics_tet4,228384,1113684,685152,27502200,cpu_graph_coloring,2,2,physical_core_region,Intel(R) Core(TM) Ultra 7 265KF,20,20,isolated,459.35982000000001,2228.4438500000001,1363.244694,196.46703199999999,3788.1555760000001,726.80726500000003,4514.9628410000005,1,196.46703199999999,726.80726500000003,923.27429700000005,726.80726500000003,726.80726500000003,726.80726500000003,0,923.27429700000005,923.27429700000005,923.27429700000005,0,0,0,0.21279378472722715,0,0,8909472,2150.34375,50,0,196.46703199999999,0,0,0,726.80726500000003,0,0,0,PASS,,"Greedy first-fit element coloring, colors=50",Linux;x86_64;GCC 13.3;OpenMP 201511,close,cores,FALSE,2,2150.343750,process_ru_maxrss,resource.getrusage(RUSAGE_CHILDREN).ru_maxrss
pgsa-cross-platform-v1,local,full_host,,standalone,3d-WindTurbineHub,3d-WindTurbineHub,Tet4,physics_tet4,physics_tet4,228384,1113684,685152,27502200,cpu_graph_coloring,2,2,physical_core_region,Intel(R) Core(TM) Ultra 7 265KF,20,20,isolated,458.87749000000002,2228.2504819999999,1365.661582,195.73858000000001,3789.6506440000003,716.389321,4506.0399649999999,1,195.73858000000001,716.389321,912.12790100000007,716.389321,716.389321,716.389321,0,912.12790100000007,912.12790100000007,912.12790100000007,0,0,0,0.21459554058745978,0,0,8909472,2150.40625,50,0,195.73858000000001,0,0,0,716.389321,0,0,0,PASS,,"Greedy first-fit element coloring, colors=50",Linux;x86_64;GCC 13.3;OpenMP 201511,close,cores,FALSE,3,2150.406250,process_ru_maxrss,resource.getrusage(RUSAGE_CHILDREN).ru_maxrss
pgsa-cross-platform-v1,local,full_host,,standalone,3d-WindTurbineHub,3d-WindTurbineHub,Tet4,physics_tet4,physics_tet4,228384,1113684,685152,27502200,cpu_graph_coloring,3,3,physical_core_region,Intel(R) Core(TM) Ultra 7 265KF,20,20,isolated,462.16305699999998,2217.1100959999999,1361.7599359999999,197.39296200000001,3776.2629939999997,535.75095599999997,4312.0139499999996,1,197.39296200000001,535.75095599999997,733.14391799999999,535.75095599999997,535.75095599999997,535.75095599999997,0,733.14391799999999,733.14391799999999,733.14391799999999,0,0,0,0.26924176434346414,0,0,8909472,2150.359375,50,0,197.39296200000001,0,0,0,535.75095599999997,0,0,0,PASS,,"Greedy first-fit element coloring, colors=50",Linux;x86_64;GCC 13.3;OpenMP 201511,close,cores,FALSE,1,2150.359375,process_ru_maxrss,resource.getrusage(RUSAGE_CHILDREN).ru_maxrss
pgsa-cross-platform-v1,local,full_host,,standalone,3d-WindTurbineHub,3d-WindTurbineHub,Tet4,physics_tet4,physics_tet4,228384,1113684,685152,27502200,cpu_graph_coloring,3,3,physical_core_region,Intel(R) Core(TM) Ultra 7 265KF,20,20,isolated,457.53502099999997,2235.2515229999999,1370.2354780000001,193.89146,3799.3784609999998,540.14256999999998,4339.5210310000002,1,193.89146,540.14256999999998,734.03403000000003,540.14256999999998,540.14256999999998,540.14256999999998,0,734.03403000000003,734.03403000000003,734.03403000000003,0,0,0,0.26414505605414507,0,0,8909472,2150.3984375,50,0,193.89146,0,0,0,540.14256999999998,0,0,0,PASS,,"Greedy first-fit element coloring, colors=50",Linux;x86_64;GCC 13.3;OpenMP 201511,close,cores,FALSE,2,2150.398438,process_ru_maxrss,resource.getrusage(RUSAGE_CHILDREN).ru_maxrss
pgsa-cross-platform-v1,local,full_host,,standalone,3d-WindTurbineHub,3d-WindTurbineHub,Tet4,physics_tet4,physics_tet4,228384,1113684,685152,27502200,cpu_graph_coloring,3,3,physical_core_region,Intel(R) Core(TM) Ultra 7 265KF,20,20,isolated,462.088278,2230.5080950000001,1349.593858,193.15553399999999,3773.2574870000003,541.10822399999995,4314.3657110000004,1,193.15553399999999,541.10822399999995,734.26375799999994,541.10822399999995,541.10822399999995,541.10822399999995,0,734.26375799999994,734.26375799999994,734.26375799999994,0,0,0,0.26306014956549173,0,0,8909472,2150.40625,50,0,193.15553399999999,0,0,0,541.10822399999995,0,0,0,PASS,,"Greedy first-fit element coloring, colors=50",Linux;x86_64;GCC 13.3;OpenMP 201511,close,cores,FALSE,3,2150.406250,process_ru_maxrss,resource.getrusage(RUSAGE_CHILDREN).ru_maxrss
pgsa-cross-platform-v1,local,full_host,,standalone,3d-WindTurbineHub,3d-WindTurbineHub,Tet4,physics_tet4,physics_tet4,228384,1113684,685152,27502200,cpu_graph_coloring,4,4,physical_core_region,Intel(R) Core(TM) Ultra 7 265KF,20,20,isolated,458.593366,2222.0268850000002,1362.484946,197.63945699999999,3782.151288,435.16915399999999,4217.3204420000002,1,197.63945699999999,435.16915399999999,632.80861099999993,435.16915399999999,435.16915399999999,435.16915399999999,0,632.80861099999993,632.80861099999993,632.80861099999993,0,0,0,0.31232106132007109,0,0,8909472,2150.40234375,50,0,197.63945699999999,0,0,0,435.16915399999999,0,0,0,PASS,,"Greedy first-fit element coloring, colors=50",Linux;x86_64;GCC 13.3;OpenMP 201511,close,cores,FALSE,1,2150.402344,process_ru_maxrss,resource.getrusage(RUSAGE_CHILDREN).ru_maxrss
pgsa-cross-platform-v1,local,full_host,,standalone,3d-WindTurbineHub,3d-WindTurbineHub,Tet4,physics_tet4,physics_tet4,228384,1113684,685152,27502200,cpu_graph_coloring,4,4,physical_core_region,Intel(R) Core(TM) Ultra 7 265KF,20,20,isolated,455.721405,2215.0069269999999,1351.3642749999999,193.55435600000001,3759.9255579999999,432.73529500000001,4192.6608530000003,1,193.55435600000001,432.73529500000001,626.28965100000005,432.73529500000001,432.73529500000001,432.73529500000001,0,626.28965100000005,626.28965100000005,626.28965100000005,0,0,0,0.30904926449119946,0,0,8909472,2150.46875,50,0,193.55435600000001,0,0,0,432.73529500000001,0,0,0,PASS,,"Greedy first-fit element coloring, colors=50",Linux;x86_64;GCC 13.3;OpenMP 201511,close,cores,FALSE,2,2150.468750,process_ru_maxrss,resource.getrusage(RUSAGE_CHILDREN).ru_maxrss
pgsa-cross-platform-v1,local,full_host,,standalone,3d-WindTurbineHub,3d-WindTurbineHub,Tet4,physics_tet4,physics_tet4,228384,1113684,685152,27502200,cpu_graph_coloring,4,4,physical_core_region,Intel(R) Core(TM) Ultra 7 265KF,20,20,isolated,457.25783799999999,2210.7083640000001,1359.3761320000001,197.06771499999999,3767.1522110000005,429.26013699999999,4196.4123480000007,1,197.06771499999999,429.26013699999999,626.32785200000001,429.26013699999999,429.26013699999999,429.26013699999999,0,626.32785200000001,626.32785200000001,626.32785200000001,0,0,0,0.31463987170731789,0,0,8909472,2150.35546875,50,0,197.06771499999999,0,0,0,429.26013699999999,0,0,0,PASS,,"Greedy first-fit element coloring, colors=50",Linux;x86_64;GCC 13.3;OpenMP 201511,close,cores,FALSE,3,2150.355469,process_ru_maxrss,resource.getrusage(RUSAGE_CHILDREN).ru_maxrss
pgsa-cross-platform-v1,local,full_host,,standalone,3d-WindTurbineHub,3d-WindTurbineHub,Tet4,physics_tet4,physics_tet4,228384,1113684,685152,27502200,cpu_graph_coloring,5,5,physical_core_region,Intel(R) Core(TM) Ultra 7 265KF,20,20,isolated,457.95454699999999,2218.4398230000002,1359.542291,195.88663700000001,3773.8687510000004,360.57965799999999,4134.4484090000005,1,195.88663700000001,360.57965799999999,556.46629499999995,360.57965799999999,360.57965799999999,360.57965799999999,0,556.46629499999995,556.46629499999995,556.46629499999995,0,0,0,0.3520188711519357,0,0,8909472,2150.4453125,50,0,195.88663700000001,0,0,0,360.57965799999999,0,0,0,PASS,,"Greedy first-fit element coloring, colors=50",Linux;x86_64;GCC 13.3;OpenMP 201511,close,cores,FALSE,1,2150.445312,process_ru_maxrss,resource.getrusage(RUSAGE_CHILDREN).ru_maxrss
pgsa-cross-platform-v1,local,full_host,,standalone,3d-WindTurbineHub,3d-WindTurbineHub,Tet4,physics_tet4,physics_tet4,228384,1113684,685152,27502200,cpu_graph_coloring,5,5,physical_core_region,Intel(R) Core(TM) Ultra 7 265KF,20,20,isolated,460.60999299999997,2223.103607,1356.841952,194.23145500000001,3774.1770139999999,357.82896,4132.0059739999997,1,194.23145500000001,357.82896,552.06041500000003,357.82896,357.82896,357.82896,0,552.06041500000003,552.06041500000003,552.06041500000003,0,0,0,0.35183007098960356,0,0,8909472,2150.46484375,50,0,194.23145500000001,0,0,0,357.82896,0,0,0,PASS,,"Greedy first-fit element coloring, colors=50",Linux;x86_64;GCC 13.3;OpenMP 201511,close,cores,FALSE,2,2150.464844,process_ru_maxrss,resource.getrusage(RUSAGE_CHILDREN).ru_maxrss
pgsa-cross-platform-v1,local,full_host,,standalone,3d-WindTurbineHub,3d-WindTurbineHub,Tet4,physics_tet4,physics_tet4,228384,1113684,685152,27502200,cpu_graph_coloring,5,5,physical_core_region,Intel(R) Core(TM) Ultra 7 265KF,20,20,isolated,453.76844399999999,2218.3695400000001,1362.0795800000001,196.206806,3776.6559260000004,357.824319,4134.4802450000007,1,196.206806,357.824319,554.03112499999997,357.824319,357.824319,357.824319,0,554.03112499999997,554.03112499999997,554.03112499999997,0,0,0,0.35414401311839655,0,0,8909472,2150.29296875,50,0,196.206806,0,0,0,357.824319,0,0,0,PASS,,"Greedy first-fit element coloring, colors=50",Linux;x86_64;GCC 13.3;OpenMP 201511,close,cores,FALSE,3,2150.292969,process_ru_maxrss,resource.getrusage(RUSAGE_CHILDREN).ru_maxrss
pgsa-cross-platform-v1,local,full_host,,standalone,3d-WindTurbineHub,3d-WindTurbineHub,Tet4,physics_tet4,physics_tet4,228384,1113684,685152,27502200,cpu_graph_coloring,6,6,physical_core_region,Intel(R) Core(TM) Ultra 7 265KF,20,20,isolated,464.14009800000002,2219.2140720000002,1354.7410580000001,195.789646,3769.7447760000005,308.44002599999999,4078.1848020000007,1,195.789646,308.44002599999999,504.22967199999999,308.44002599999999,308.44002599999999,308.44002599999999,0,504.22967199999999,504.22967199999999,504.22967199999999,0,0,0,0.38829457461995615,0,0,8909472,2150.5,50,0,195.789646,0,0,0,308.44002599999999,0,0,0,PASS,,"Greedy first-fit element coloring, colors=50",Linux;x86_64;GCC 13.3;OpenMP 201511,close,cores,FALSE,1,2150.500000,process_ru_maxrss,resource.getrusage(RUSAGE_CHILDREN).ru_maxrss
pgsa-cross-platform-v1,local,full_host,,standalone,3d-WindTurbineHub,3d-WindTurbineHub,Tet4,physics_tet4,physics_tet4,228384,1113684,685152,27502200,cpu_graph_coloring,6,6,physical_core_region,Intel(R) Core(TM) Ultra 7 265KF,20,20,isolated,456.67933799999997,2225.2966160000001,1352.7389009999999,194.911619,3772.9471360000002,307.08958100000001,4080.0367170000004,1,194.911619,307.08958100000001,502.00120000000004,307.08958100000001,307.08958100000001,307.08958100000001,0,502.00120000000004,502.00120000000004,502.00120000000004,0,0,0,0.38826922923690221,0,0,8909472,2150.40625,50,0,194.911619,0,0,0,307.08958100000001,0,0,0,PASS,,"Greedy first-fit element coloring, colors=50",Linux;x86_64;GCC 13.3;OpenMP 201511,close,cores,FALSE,2,2150.406250,process_ru_maxrss,resource.getrusage(RUSAGE_CHILDREN).ru_maxrss
pgsa-cross-platform-v1,local,full_host,,standalone,3d-WindTurbineHub,3d-WindTurbineHub,Tet4,physics_tet4,physics_tet4,228384,1113684,685152,27502200,cpu_graph_coloring,6,6,physical_core_region,Intel(R) Core(TM) Ultra 7 265KF,20,20,isolated,452.66861699999998,2214.6637660000001,1361.558583,193.890263,3770.1126119999999,309.47362500000003,4079.586237,1,193.890263,309.47362500000003,503.36388800000003,309.47362500000003,309.47362500000003,309.47362500000003,0,503.36388800000003,503.36388800000003,503.36388800000003,0,0,0,0.38518906028475369,0,0,8909472,2150.3828125,50,0,193.890263,0,0,0,309.47362500000003,0,0,0,PASS,,"Greedy first-fit element coloring, colors=50",Linux;x86_64;GCC 13.3;OpenMP 201511,close,cores,FALSE,3,2150.382812,process_ru_maxrss,resource.getrusage(RUSAGE_CHILDREN).ru_maxrss
pgsa-cross-platform-v1,local,full_host,,standalone,3d-WindTurbineHub,3d-WindTurbineHub,Tet4,physics_tet4,physics_tet4,228384,1113684,685152,27502200,cpu_graph_coloring,7,7,physical_core_region,Intel(R) Core(TM) Ultra 7 265KF,20,20,isolated,457.13652999999999,2219.6352069999998,1338.860553,194.63412199999999,3753.1298819999997,267.79519199999999,4020.9250739999998,1,194.63412199999999,267.79519199999999,462.42931399999998,267.79519199999999,267.79519199999999,267.79519199999999,0,462.42931399999998,462.42931399999998,462.42931399999998,0,0,0,0.42089486134955534,0,0,8909472,2150.38671875,50,0,194.63412199999999,0,0,0,267.79519199999999,0,0,0,PASS,,"Greedy first-fit element coloring, colors=50",Linux;x86_64;GCC 13.3;OpenMP 201511,close,cores,FALSE,1,2150.386719,process_ru_maxrss,resource.getrusage(RUSAGE_CHILDREN).ru_maxrss
pgsa-cross-platform-v1,local,full_host,,standalone,3d-WindTurbineHub,3d-WindTurbineHub,Tet4,physics_tet4,physics_tet4,228384,1113684,685152,27502200,cpu_graph_coloring,7,7,physical_core_region,Intel(R) Core(TM) Ultra 7 265KF,20,20,isolated,455.60951599999999,2214.7369659999999,1367.776685,193.669963,3776.183614,265.79597999999999,4041.9795939999999,1,193.669963,265.79597999999999,459.46594299999998,265.79597999999999,265.79597999999999,265.79597999999999,0,459.46594299999998,459.46594299999998,459.46594299999998,0,0,0,0.42151103025279069,0,0,8909472,2150.41796875,50,0,193.669963,0,0,0,265.79597999999999,0,0,0,PASS,,"Greedy first-fit element coloring, colors=50",Linux;x86_64;GCC 13.3;OpenMP 201511,close,cores,FALSE,2,2150.417969,process_ru_maxrss,resource.getrusage(RUSAGE_CHILDREN).ru_maxrss
pgsa-cross-platform-v1,local,full_host,,standalone,3d-WindTurbineHub,3d-WindTurbineHub,Tet4,physics_tet4,physics_tet4,228384,1113684,685152,27502200,cpu_graph_coloring,7,7,physical_core_region,Intel(R) Core(TM) Ultra 7 265KF,20,20,isolated,454.51739099999998,2208.9706230000002,1363.7149139999999,194.998605,3767.6841420000001,268.71036900000001,4036.394511,1,194.998605,268.71036900000001,463.70897400000001,268.71036900000001,268.71036900000001,268.71036900000001,0,463.70897400000001,463.70897400000001,463.70897400000001,0,0,0,0.42051936868489415,0,0,8909472,2150.3359375,50,0,194.998605,0,0,0,268.71036900000001,0,0,0,PASS,,"Greedy first-fit element coloring, colors=50",Linux;x86_64;GCC 13.3;OpenMP 201511,close,cores,FALSE,3,2150.335938,process_ru_maxrss,resource.getrusage(RUSAGE_CHILDREN).ru_maxrss
pgsa-cross-platform-v1,local,full_host,,standalone,3d-WindTurbineHub,3d-WindTurbineHub,Tet4,physics_tet4,physics_tet4,228384,1113684,685152,27502200,cpu_graph_coloring,8,8,physical_core_region,Intel(R) Core(TM) Ultra 7 265KF,20,20,isolated,454.25813499999998,2210.1592989999999,1357.940965,195.298148,3763.3984119999996,239.73334500000001,4003.1317569999997,1,195.298148,239.73334500000001,435.03149300000001,239.73334500000001,239.73334500000001,239.73334500000001,0,435.03149300000001,435.03149300000001,435.03149300000001,0,0,0,0.44892875836002977,0,0,8909472,2150.34765625,50,0,195.298148,0,0,0,239.73334500000001,0,0,0,PASS,,"Greedy first-fit element coloring, colors=50",Linux;x86_64;GCC 13.3;OpenMP 201511,close,cores,FALSE,1,2150.347656,process_ru_maxrss,resource.getrusage(RUSAGE_CHILDREN).ru_maxrss
pgsa-cross-platform-v1,local,full_host,,standalone,3d-WindTurbineHub,3d-WindTurbineHub,Tet4,physics_tet4,physics_tet4,228384,1113684,685152,27502200,cpu_graph_coloring,8,8,physical_core_region,Intel(R) Core(TM) Ultra 7 265KF,20,20,isolated,455.30079899999998,2213.5344220000002,1351.9031600000001,194.66083,3760.0984120000003,256.636822,4016.7352340000002,1,194.66083,256.636822,451.29765199999997,256.636822,256.636822,256.636822,0,451.29765199999997,451.29765199999997,451.29765199999997,0,0,0,0.4313357916606223,0,0,8909472,2150.47265625,50,0,194.66083,0,0,0,256.636822,0,0,0,PASS,,"Greedy first-fit element coloring, colors=50",Linux;x86_64;GCC 13.3;OpenMP 201511,close,cores,FALSE,2,2150.472656,process_ru_maxrss,resource.getrusage(RUSAGE_CHILDREN).ru_maxrss
pgsa-cross-platform-v1,local,full_host,,standalone,3d-WindTurbineHub,3d-WindTurbineHub,Tet4,physics_tet4,physics_tet4,228384,1113684,685152,27502200,cpu_graph_coloring,8,8,physical_core_region,Intel(R) Core(TM) Ultra 7 265KF,20,20,isolated,456.24949099999998,2208.0376500000002,1355.199327,193.92163400000001,3757.1586110000003,246.114588,4003.2731990000002,1,193.92163400000001,246.114588,440.03622200000001,246.114588,246.114588,246.114588,0,440.03622200000001,440.03622200000001,440.03622200000001,0,0,0,0.44069470717344722,0,0,8909472,2150.35546875,50,0,193.92163400000001,0,0,0,246.114588,0,0,0,PASS,,"Greedy first-fit element coloring, colors=50",Linux;x86_64;GCC 13.3;OpenMP 201511,close,cores,FALSE,3,2150.355469,process_ru_maxrss,resource.getrusage(RUSAGE_CHILDREN).ru_maxrss
pgsa-cross-platform-v1,local,full_host,,standalone,3d-WindTurbineHub,3d-WindTurbineHub,Tet4,physics_tet4,physics_tet4,228384,1113684,685152,27502200,cpu_graph_coloring,9,9,physical_core_region,Intel(R) Core(TM) Ultra 7 265KF,20,20,isolated,455.28058199999998,2207.4908070000001,1359.5932009999999,197.30484899999999,3764.3888569999999,237.18693300000001,4001.5757899999999,1,197.30484899999999,237.18693300000001,434.491782,237.18693300000001,237.18693300000001,237.18693300000001,0,434.491782,434.491782,434.491782,0,0,0,0.45410490410610344,0,0,8909472,2150.47265625,50,0,197.30484899999999,0,0,0,237.18693300000001,0,0,0,PASS,,"Greedy first-fit element coloring, colors=50",Linux;x86_64;GCC 13.3;OpenMP 201511,close,cores,FALSE,1,2150.472656,process_ru_maxrss,resource.getrusage(RUSAGE_CHILDREN).ru_maxrss
pgsa-cross-platform-v1,local,full_host,,standalone,3d-WindTurbineHub,3d-WindTurbineHub,Tet4,physics_tet4,physics_tet4,228384,1113684,685152,27502200,cpu_graph_coloring,9,9,physical_core_region,Intel(R) Core(TM) Ultra 7 265KF,20,20,isolated,466.552367,2222.5263089999999,1349.5024659999999,195.74246500000001,3767.7712399999996,237.88769600000001,4005.6589359999998,1,195.74246500000001,237.88769600000001,433.63016100000004,237.88769600000001,237.88769600000001,237.88769600000001,0,433.63016100000004,433.63016100000004,433.63016100000004,0,0,0,0.45140417481246187,0,0,8909472,2150.31640625,50,0,195.74246500000001,0,0,0,237.88769600000001,0,0,0,PASS,,"Greedy first-fit element coloring, colors=50",Linux;x86_64;GCC 13.3;OpenMP 201511,close,cores,FALSE,2,2150.316406,process_ru_maxrss,resource.getrusage(RUSAGE_CHILDREN).ru_maxrss
pgsa-cross-platform-v1,local,full_host,,standalone,3d-WindTurbineHub,3d-WindTurbineHub,Tet4,physics_tet4,physics_tet4,228384,1113684,685152,27502200,cpu_graph_coloring,9,9,physical_core_region,Intel(R) Core(TM) Ultra 7 265KF,20,20,isolated,452.033976,2206.0370010000001,1347.9137920000001,195.396185,3749.346978,238.81438,3988.1613579999998,1,195.396185,238.81438,434.21056499999997,238.81438,238.81438,238.81438,0,434.21056499999997,434.21056499999997,434.21056499999997,0,0,0,0.45000329506031256,0,0,8909472,2150.5078125,50,0,195.396185,0,0,0,238.81438,0,0,0,PASS,,"Greedy first-fit element coloring, colors=50",Linux;x86_64;GCC 13.3;OpenMP 201511,close,cores,FALSE,3,2150.507812,process_ru_maxrss,resource.getrusage(RUSAGE_CHILDREN).ru_maxrss
pgsa-cross-platform-v1,local,full_host,,standalone,3d-WindTurbineHub,3d-WindTurbineHub,Tet4,physics_tet4,physics_tet4,228384,1113684,685152,27502200,cpu_graph_coloring,10,10,physical_core_region,Intel(R) Core(TM) Ultra 7 265KF,20,20,isolated,459.63791199999997,2208.6863560000002,1353.7077469999999,196.42507000000001,3758.8191729999999,232.73675399999999,3991.5559269999999,1,196.42507000000001,232.73675399999999,429.16182400000002,232.73675399999999,232.73675399999999,232.73675399999999,0,429.16182400000002,429.16182400000002,429.16182400000002,0,0,0,0.45769464806823079,0,0,8909472,2150.51171875,50,0,196.42507000000001,0,0,0,232.73675399999999,0,0,0,PASS,,"Greedy first-fit element coloring, colors=50",Linux;x86_64;GCC 13.3;OpenMP 201511,close,cores,FALSE,1,2150.511719,process_ru_maxrss,resource.getrusage(RUSAGE_CHILDREN).ru_maxrss
pgsa-cross-platform-v1,local,full_host,,standalone,3d-WindTurbineHub,3d-WindTurbineHub,Tet4,physics_tet4,physics_tet4,228384,1113684,685152,27502200,cpu_graph_coloring,10,10,physical_core_region,Intel(R) Core(TM) Ultra 7 265KF,20,20,isolated,460.27777500000002,2216.3581559999998,1353.9731549999999,195.694762,3766.026073,235.958147,4001.9842199999998,1,195.694762,235.958147,431.65290900000002,235.958147,235.958147,235.958147,0,431.65290900000002,431.65290900000002,431.65290900000002,0,0,0,0.4533613880961937,0,0,8909472,2150.55859375,50,0,195.694762,0,0,0,235.958147,0,0,0,PASS,,"Greedy first-fit element coloring, colors=50",Linux;x86_64;GCC 13.3;OpenMP 201511,close,cores,FALSE,2,2150.558594,process_ru_maxrss,resource.getrusage(RUSAGE_CHILDREN).ru_maxrss
pgsa-cross-platform-v1,local,full_host,,standalone,3d-WindTurbineHub,3d-WindTurbineHub,Tet4,physics_tet4,physics_tet4,228384,1113684,685152,27502200,cpu_graph_coloring,10,10,physical_core_region,Intel(R) Core(TM) Ultra 7 265KF,20,20,isolated,460.00335899999999,2206.5076779999999,1358.068972,194.144193,3758.7208430000001,228.11286999999999,3986.833713,1,194.144193,228.11286999999999,422.25706300000002,228.11286999999999,228.11286999999999,228.11286999999999,0,422.25706300000002,422.25706300000002,422.25706300000002,0,0,0,0.45977725421729654,0,0,8909472,2150.47265625,50,0,194.144193,0,0,0,228.11286999999999,0,0,0,PASS,,"Greedy first-fit element coloring, colors=50",Linux;x86_64;GCC 13.3;OpenMP 201511,close,cores,FALSE,3,2150.472656,process_ru_maxrss,resource.getrusage(RUSAGE_CHILDREN).ru_maxrss
pgsa-cross-platform-v1,local,full_host,,standalone,3d-WindTurbineHub,3d-WindTurbineHub,Tet4,physics_tet4,physics_tet4,228384,1113684,685152,27502200,cpu_graph_coloring,11,11,physical_core_region,Intel(R) Core(TM) Ultra 7 265KF,20,20,isolated,459.55275599999999,2211.4128489999998,1350.775981,195.24024499999999,3757.429075,224.93256199999999,3982.361637,1,195.24024499999999,224.93256199999999,420.17280699999998,224.93256199999999,224.93256199999999,224.93256199999999,0,420.17280699999998,420.17280699999998,420.17280699999998,0,0,0,0.46466654135473362,0,0,8909472,2150.55859375,50,0,195.24024499999999,0,0,0,224.93256199999999,0,0,0,PASS,,"Greedy first-fit element coloring, colors=50",Linux;x86_64;GCC 13.3;OpenMP 201511,close,cores,FALSE,1,2150.558594,process_ru_maxrss,resource.getrusage(RUSAGE_CHILDREN).ru_maxrss
pgsa-cross-platform-v1,local,full_host,,standalone,3d-WindTurbineHub,3d-WindTurbineHub,Tet4,physics_tet4,physics_tet4,228384,1113684,685152,27502200,cpu_graph_coloring,11,11,physical_core_region,Intel(R) Core(TM) Ultra 7 265KF,20,20,isolated,463.27597400000002,2214.5027150000001,1361.2670270000001,196.30774700000001,3772.0774890000002,226.183414,3998.2609030000003,1,196.30774700000001,226.183414,422.49116100000003,226.183414,226.183414,226.183414,0,422.49116100000003,422.49116100000003,422.49116100000003,0,0,0,0.46464344138077718,0,0,8909472,2150.515625,50,0,196.30774700000001,0,0,0,226.183414,0,0,0,PASS,,"Greedy first-fit element coloring, colors=50",Linux;x86_64;GCC 13.3;OpenMP 201511,close,cores,FALSE,2,2150.515625,process_ru_maxrss,resource.getrusage(RUSAGE_CHILDREN).ru_maxrss
pgsa-cross-platform-v1,local,full_host,,standalone,3d-WindTurbineHub,3d-WindTurbineHub,Tet4,physics_tet4,physics_tet4,228384,1113684,685152,27502200,cpu_graph_coloring,11,11,physical_core_region,Intel(R) Core(TM) Ultra 7 265KF,20,20,isolated,462.60401899999999,2220.0169129999999,1353.8022169999999,195.175252,3768.9943819999999,224.75080199999999,3993.7451839999999,1,195.175252,224.75080199999999,419.92605400000002,224.75080199999999,224.75080199999999,224.75080199999999,0,419.92605400000002,419.92605400000002,419.92605400000002,0,0,0,0.46478481185165993,0,0,8909472,2150.49609375,50,0,195.175252,0,0,0,224.75080199999999,0,0,0,PASS,,"Greedy first-fit element coloring, colors=50",Linux;x86_64;GCC 13.3;OpenMP 201511,close,cores,FALSE,3,2150.496094,process_ru_maxrss,resource.getrusage(RUSAGE_CHILDREN).ru_maxrss
pgsa-cross-platform-v1,local,full_host,,standalone,3d-WindTurbineHub,3d-WindTurbineHub,Tet4,physics_tet4,physics_tet4,228384,1113684,685152,27502200,cpu_graph_coloring,12,12,physical_core_region,Intel(R) Core(TM) Ultra 7 265KF,20,20,isolated,462.14178299999998,2210.0576080000001,1347.4414509999999,195.42432600000001,3752.9233849999996,220.17576399999999,3973.0991489999997,1,195.42432600000001,220.17576399999999,415.60009000000002,220.17576399999999,220.17576399999999,220.17576399999999,0,415.60009000000002,415.60009000000002,415.60009000000002,0,0,0,0.4702220492781895,0,0,8909472,2150.55859375,50,0,195.42432600000001,0,0,0,220.17576399999999,0,0,0,PASS,,"Greedy first-fit element coloring, colors=50",Linux;x86_64;GCC 13.3;OpenMP 201511,close,cores,FALSE,1,2150.558594,process_ru_maxrss,resource.getrusage(RUSAGE_CHILDREN).ru_maxrss
pgsa-cross-platform-v1,local,full_host,,standalone,3d-WindTurbineHub,3d-WindTurbineHub,Tet4,physics_tet4,physics_tet4,228384,1113684,685152,27502200,cpu_graph_coloring,12,12,physical_core_region,Intel(R) Core(TM) Ultra 7 265KF,20,20,isolated,456.29800399999999,2214.0162869999999,1358.4317579999999,194.22993399999999,3766.6779790000001,219.60808,3986.286059,1,194.22993399999999,219.60808,413.83801399999999,219.60808,219.60808,219.60808,0,413.83801399999999,413.83801399999999,413.83801399999999,0,0,0,0.46933806810700573,0,0,8909472,2150.4765625,50,0,194.22993399999999,0,0,0,219.60808,0,0,0,PASS,,"Greedy first-fit element coloring, colors=50",Linux;x86_64;GCC 13.3;OpenMP 201511,close,cores,FALSE,2,2150.476562,process_ru_maxrss,resource.getrusage(RUSAGE_CHILDREN).ru_maxrss
pgsa-cross-platform-v1,local,full_host,,standalone,3d-WindTurbineHub,3d-WindTurbineHub,Tet4,physics_tet4,physics_tet4,228384,1113684,685152,27502200,cpu_graph_coloring,12,12,physical_core_region,Intel(R) Core(TM) Ultra 7 265KF,20,20,isolated,463.535189,2215.5252690000002,1351.1363220000001,195.557187,3762.2187779999999,218.19786199999999,3980.4166399999999,1,195.557187,218.19786199999999,413.75504899999999,218.19786199999999,218.19786199999999,218.19786199999999,0,413.75504899999999,413.75504899999999,413.75504899999999,0,0,0,0.47264000154835573,0,0,8909472,2150.49609375,50,0,195.557187,0,0,0,218.19786199999999,0,0,0,PASS,,"Greedy first-fit element coloring, colors=50",Linux;x86_64;GCC 13.3;OpenMP 201511,close,cores,FALSE,3,2150.496094,process_ru_maxrss,resource.getrusage(RUSAGE_CHILDREN).ru_maxrss
pgsa-cross-platform-v1,local,full_host,,standalone,3d-WindTurbineHub,3d-WindTurbineHub,Tet4,physics_tet4,physics_tet4,228384,1113684,685152,27502200,cpu_graph_coloring,13,13,physical_core_region,Intel(R) Core(TM) Ultra 7 265KF,20,20,isolated,457.68968799999999,2221.3578320000001,1351.0526130000001,195.358518,3767.7689630000004,214.72754599999999,3982.4965090000005,1,195.358518,214.72754599999999,410.08606399999996,214.72754599999999,214.72754599999999,214.72754599999999,0,410.08606399999996,410.08606399999996,410.08606399999996,0,0,0,0.47638419139256588,0,0,8909472,2150.5078125,50,0,195.358518,0,0,0,214.72754599999999,0,0,0,PASS,,"Greedy first-fit element coloring, colors=50",Linux;x86_64;GCC 13.3;OpenMP 201511,close,cores,FALSE,1,2150.507812,process_ru_maxrss,resource.getrusage(RUSAGE_CHILDREN).ru_maxrss
pgsa-cross-platform-v1,local,full_host,,standalone,3d-WindTurbineHub,3d-WindTurbineHub,Tet4,physics_tet4,physics_tet4,228384,1113684,685152,27502200,cpu_graph_coloring,13,13,physical_core_region,Intel(R) Core(TM) Ultra 7 265KF,20,20,isolated,463.56502799999998,2208.3986650000002,1344.758904,193.3784,3746.535969,211.21225999999999,3957.7482289999998,1,193.3784,211.21225999999999,404.59065999999996,211.21225999999999,211.21225999999999,211.21225999999999,0,404.59065999999996,404.59065999999996,404.59065999999996,0,0,0,0.47796061332706002,0,0,8909472,2150.5625,50,0,193.3784,0,0,0,211.21225999999999,0,0,0,PASS,,"Greedy first-fit element coloring, colors=50",Linux;x86_64;GCC 13.3;OpenMP 201511,close,cores,FALSE,2,2150.562500,process_ru_maxrss,resource.getrusage(RUSAGE_CHILDREN).ru_maxrss
pgsa-cross-platform-v1,local,full_host,,standalone,3d-WindTurbineHub,3d-WindTurbineHub,Tet4,physics_tet4,physics_tet4,228384,1113684,685152,27502200,cpu_graph_coloring,13,13,physical_core_region,Intel(R) Core(TM) Ultra 7 265KF,20,20,isolated,458.32399600000002,2215.5179149999999,1365.1700410000001,197.244767,3777.9327229999999,212.11933300000001,3990.052056,1,197.244767,212.11933300000001,409.36410000000001,212.11933300000001,212.11933300000001,212.11933300000001,0,409.36410000000001,409.36410000000001,409.36410000000001,0,0,0,0.4818321074075621,0,0,8909472,2150.54296875,50,0,197.244767,0,0,0,212.11933300000001,0,0,0,PASS,,"Greedy first-fit element coloring, colors=50",Linux;x86_64;GCC 13.3;OpenMP 201511,close,cores,FALSE,3,2150.542969,process_ru_maxrss,resource.getrusage(RUSAGE_CHILDREN).ru_maxrss
pgsa-cross-platform-v1,local,full_host,,standalone,3d-WindTurbineHub,3d-WindTurbineHub,Tet4,physics_tet4,physics_tet4,228384,1113684,685152,27502200,cpu_graph_coloring,14,14,physical_core_region,Intel(R) Core(TM) Ultra 7 265KF,20,20,isolated,459.07860299999999,2216.8744929999998,1364.5074750000001,194.28291999999999,3775.6648879999998,204.75259800000001,3980.4174859999998,1,194.28291999999999,204.75259800000001,399.03551800000002,204.75259800000001,204.75259800000001,204.75259800000001,0,399.03551800000002,399.03551800000002,399.03551800000002,0,0,0,0.48688127055396602,0,0,8909472,2150.6015625,50,0,194.28291999999999,0,0,0,204.75259800000001,0,0,0,PASS,,"Greedy first-fit element coloring, colors=50",Linux;x86_64;GCC 13.3;OpenMP 201511,close,cores,FALSE,1,2150.601562,process_ru_maxrss,resource.getrusage(RUSAGE_CHILDREN).ru_maxrss
pgsa-cross-platform-v1,local,full_host,,standalone,3d-WindTurbineHub,3d-WindTurbineHub,Tet4,physics_tet4,physics_tet4,228384,1113684,685152,27502200,cpu_graph_coloring,14,14,physical_core_region,Intel(R) Core(TM) Ultra 7 265KF,20,20,isolated,460.03091599999999,2213.3030520000002,1352.9170690000001,195.84035700000001,3762.0604780000003,211.065595,3973.1260730000004,1,195.84035700000001,211.065595,406.90595200000001,211.065595,211.065595,211.065595,0,406.90595200000001,406.90595200000001,406.90595200000001,0,0,0,0.48129145331351653,0,0,8909472,2150.49609375,50,0,195.84035700000001,0,0,0,211.065595,0,0,0,PASS,,"Greedy first-fit element coloring, colors=50",Linux;x86_64;GCC 13.3;OpenMP 201511,close,cores,FALSE,2,2150.496094,process_ru_maxrss,resource.getrusage(RUSAGE_CHILDREN).ru_maxrss
pgsa-cross-platform-v1,local,full_host,,standalone,3d-WindTurbineHub,3d-WindTurbineHub,Tet4,physics_tet4,physics_tet4,228384,1113684,685152,27502200,cpu_graph_coloring,14,14,physical_core_region,Intel(R) Core(TM) Ultra 7 265KF,20,20,isolated,459.015827,2215.0865220000001,1347.6172220000001,194.092142,3756.7958860000003,208.77439000000001,3965.5702760000004,1,194.092142,208.77439000000001,402.86653200000001,208.77439000000001,208.77439000000001,208.77439000000001,0,402.86653200000001,402.86653200000001,402.86653200000001,0,0,0,0.48177777646717002,0,0,8909472,2150.5390625,50,0,194.092142,0,0,0,208.77439000000001,0,0,0,PASS,,"Greedy first-fit element coloring, colors=50",Linux;x86_64;GCC 13.3;OpenMP 201511,close,cores,FALSE,3,2150.539062,process_ru_maxrss,resource.getrusage(RUSAGE_CHILDREN).ru_maxrss
pgsa-cross-platform-v1,local,full_host,,standalone,3d-WindTurbineHub,3d-WindTurbineHub,Tet4,physics_tet4,physics_tet4,228384,1113684,685152,27502200,cpu_graph_coloring,15,15,physical_core_region,Intel(R) Core(TM) Ultra 7 265KF,20,20,isolated,463.53001999999998,2219.8953580000002,1356.1194620000001,195.02399399999999,3771.0388140000005,204.526903,3975.5657170000004,1,195.02399399999999,204.526903,399.55089699999996,204.526903,204.526903,204.526903,0,399.55089699999996,399.55089699999996,399.55089699999996,0,0,0,0.48810801193120584,0,0,8909472,2150.47265625,50,0,195.02399399999999,0,0,0,204.526903,0,0,0,PASS,,"Greedy first-fit element coloring, colors=50",Linux;x86_64;GCC 13.3;OpenMP 201511,close,cores,FALSE,1,2150.472656,process_ru_maxrss,resource.getrusage(RUSAGE_CHILDREN).ru_maxrss
pgsa-cross-platform-v1,local,full_host,,standalone,3d-WindTurbineHub,3d-WindTurbineHub,Tet4,physics_tet4,physics_tet4,228384,1113684,685152,27502200,cpu_graph_coloring,15,15,physical_core_region,Intel(R) Core(TM) Ultra 7 265KF,20,20,isolated,458.75917900000002,2212.968316,1354.635728,196.25746899999999,3763.8615129999998,199.80548400000001,3963.6669969999998,1,196.25746899999999,199.80548400000001,396.06295299999999,199.80548400000001,199.80548400000001,199.80548400000001,0,396.06295299999999,396.06295299999999,396.06295299999999,0,0,0,0.49552089513406217,0,0,8909472,2150.6953125,50,0,196.25746899999999,0,0,0,199.80548400000001,0,0,0,PASS,,"Greedy first-fit element coloring, colors=50",Linux;x86_64;GCC 13.3;OpenMP 201511,close,cores,FALSE,2,2150.695312,process_ru_maxrss,resource.getrusage(RUSAGE_CHILDREN).ru_maxrss
pgsa-cross-platform-v1,local,full_host,,standalone,3d-WindTurbineHub,3d-WindTurbineHub,Tet4,physics_tet4,physics_tet4,228384,1113684,685152,27502200,cpu_graph_coloring,15,15,physical_core_region,Intel(R) Core(TM) Ultra 7 265KF,20,20,isolated,460.50010900000001,2208.0604480000002,1364.6835470000001,194.49693300000001,3767.2409280000002,204.96738400000001,3972.2083120000002,1,194.49693300000001,204.96738400000001,399.46431700000005,204.96738400000001,204.96738400000001,204.96738400000001,0,399.46431700000005,399.46431700000005,399.46431700000005,0,0,0,0.48689438511225019,0,0,8909472,2150.46875,50,0,194.49693300000001,0,0,0,204.96738400000001,0,0,0,PASS,,"Greedy first-fit element coloring, colors=50",Linux;x86_64;GCC 13.3;OpenMP 201511,close,cores,FALSE,3,2150.468750,process_ru_maxrss,resource.getrusage(RUSAGE_CHILDREN).ru_maxrss
pgsa-cross-platform-v1,local,full_host,,standalone,3d-WindTurbineHub,3d-WindTurbineHub,Tet4,physics_tet4,physics_tet4,228384,1113684,685152,27502200,cpu_graph_coloring,16,16,physical_core_region,Intel(R) Core(TM) Ultra 7 265KF,20,20,isolated,460.90626900000001,2206.3459499999999,1347.6903600000001,195.17212499999999,3749.208435,198.94611900000001,3948.1545540000002,1,195.17212499999999,198.94611900000001,394.118244,198.94611900000001,198.94611900000001,198.94611900000001,0,394.118244,394.118244,394.118244,0,0,0,0.49521210441605434,0,0,8909472,2150.57421875,50,0,195.17212499999999,0,0,0,198.94611900000001,0,0,0,PASS,,"Greedy first-fit element coloring, colors=50",Linux;x86_64;GCC 13.3;OpenMP 201511,close,cores,FALSE,1,2150.574219,process_ru_maxrss,resource.getrusage(RUSAGE_CHILDREN).ru_maxrss
pgsa-cross-platform-v1,local,full_host,,standalone,3d-WindTurbineHub,3d-WindTurbineHub,Tet4,physics_tet4,physics_tet4,228384,1113684,685152,27502200,cpu_graph_coloring,16,16,physical_core_region,Intel(R) Core(TM) Ultra 7 265KF,20,20,isolated,461.45618300000001,2217.3274660000002,1368.1583330000001,197.192091,3782.6778899999999,196.86791299999999,3979.545803,1,197.192091,196.86791299999999,394.06000399999999,196.86791299999999,196.86791299999999,196.86791299999999,0,394.06000399999999,394.06000399999999,394.06000399999999,0,0,0,0.50041133075763766,0,0,8909472,2150.64453125,50,0,197.192091,0,0,0,196.86791299999999,0,0,0,PASS,,"Greedy first-fit element coloring, colors=50",Linux;x86_64;GCC 13.3;OpenMP 201511,close,cores,FALSE,2,2150.644531,process_ru_maxrss,resource.getrusage(RUSAGE_CHILDREN).ru_maxrss
pgsa-cross-platform-v1,local,full_host,,standalone,3d-WindTurbineHub,3d-WindTurbineHub,Tet4,physics_tet4,physics_tet4,228384,1113684,685152,27502200,cpu_graph_coloring,16,16,physical_core_region,Intel(R) Core(TM) Ultra 7 265KF,20,20,isolated,463.612053,2230.03566,1365.942644,195.07791599999999,3791.0562200000004,201.25578200000001,3992.3120020000006,1,195.07791599999999,201.25578200000001,396.33369800000003,201.25578200000001,201.25578200000001,201.25578200000001,0,396.33369800000003,396.33369800000003,396.33369800000003,0,0,0,0.49220623172950584,0,0,8909472,2150.5625,50,0,195.07791599999999,0,0,0,201.25578200000001,0,0,0,PASS,,"Greedy first-fit element coloring, colors=50",Linux;x86_64;GCC 13.3;OpenMP 201511,close,cores,FALSE,3,2150.562500,process_ru_maxrss,resource.getrusage(RUSAGE_CHILDREN).ru_maxrss
pgsa-cross-platform-v1,local,full_host,,standalone,3d-WindTurbineHub,3d-WindTurbineHub,Tet4,physics_tet4,physics_tet4,228384,1113684,685152,27502200,cpu_graph_coloring,17,17,physical_core_region,Intel(R) Core(TM) Ultra 7 265KF,20,20,isolated,464.554191,2221.2861189999999,1362.6691209999999,196.51128499999999,3780.4665249999998,197.56289599999999,3978.0294209999997,1,196.51128499999999,197.56289599999999,394.07418099999995,197.56289599999999,197.56289599999999,197.56289599999999,0,394.07418099999995,394.07418099999995,394.07418099999995,0,0,0,0.49866571948797633,0,0,8909472,2150.5078125,50,0,196.51128499999999,0,0,0,197.56289599999999,0,0,0,PASS,,"Greedy first-fit element coloring, colors=50",Linux;x86_64;GCC 13.3;OpenMP 201511,close,cores,FALSE,1,2150.507812,process_ru_maxrss,resource.getrusage(RUSAGE_CHILDREN).ru_maxrss
pgsa-cross-platform-v1,local,full_host,,standalone,3d-WindTurbineHub,3d-WindTurbineHub,Tet4,physics_tet4,physics_tet4,228384,1113684,685152,27502200,cpu_graph_coloring,17,17,physical_core_region,Intel(R) Core(TM) Ultra 7 265KF,20,20,isolated,460.58200099999999,2227.1022939999998,1355.743655,196.251394,3779.0973429999995,193.421696,3972.5190389999993,1,196.251394,193.421696,389.67309,193.421696,193.421696,193.421696,0,389.67309,389.67309,389.67309,0,0,0,0.50363086144850289,0,0,8909472,2150.5078125,50,0,196.251394,0,0,0,193.421696,0,0,0,PASS,,"Greedy first-fit element coloring, colors=50",Linux;x86_64;GCC 13.3;OpenMP 201511,close,cores,FALSE,2,2150.507812,process_ru_maxrss,resource.getrusage(RUSAGE_CHILDREN).ru_maxrss
pgsa-cross-platform-v1,local,full_host,,standalone,3d-WindTurbineHub,3d-WindTurbineHub,Tet4,physics_tet4,physics_tet4,228384,1113684,685152,27502200,cpu_graph_coloring,17,17,physical_core_region,Intel(R) Core(TM) Ultra 7 265KF,20,20,isolated,462.23866600000002,2219.947647,1353.8543990000001,195.921617,3769.7236629999998,199.673272,3969.3969349999998,1,195.921617,199.673272,395.59488899999997,199.673272,199.673272,199.673272,0,395.59488899999997,395.59488899999997,395.59488899999997,0,0,0,0.49525821098259948,0,0,8909472,2150.66015625,50,0,195.921617,0,0,0,199.673272,0,0,0,PASS,,"Greedy first-fit element coloring, colors=50",Linux;x86_64;GCC 13.3;OpenMP 201511,close,cores,FALSE,3,2150.660156,process_ru_maxrss,resource.getrusage(RUSAGE_CHILDREN).ru_maxrss
pgsa-cross-platform-v1,local,full_host,,standalone,3d-WindTurbineHub,3d-WindTurbineHub,Tet4,physics_tet4,physics_tet4,228384,1113684,685152,27502200,cpu_graph_coloring,18,18,physical_core_region,Intel(R) Core(TM) Ultra 7 265KF,20,20,isolated,461.36542700000001,2226.4550909999998,1358.2995189999999,196.04233300000001,3780.7969429999998,191.73526000000001,3972.5322029999998,1,196.04233300000001,191.73526000000001,387.77759300000002,191.73526000000001,191.73526000000001,191.73526000000001,0,387.77759300000002,387.77759300000002,387.77759300000002,0,0,0,0.50555353516777335,0,0,8909472,2150.49609375,50,0,196.04233300000001,0,0,0,191.73526000000001,0,0,0,PASS,,"Greedy first-fit element coloring, colors=50",Linux;x86_64;GCC 13.3;OpenMP 201511,close,cores,FALSE,1,2150.496094,process_ru_maxrss,resource.getrusage(RUSAGE_CHILDREN).ru_maxrss
pgsa-cross-platform-v1,local,full_host,,standalone,3d-WindTurbineHub,3d-WindTurbineHub,Tet4,physics_tet4,physics_tet4,228384,1113684,685152,27502200,cpu_graph_coloring,18,18,physical_core_region,Intel(R) Core(TM) Ultra 7 265KF,20,20,isolated,461.30649499999998,2217.1530939999998,1368.6294230000001,196.38002399999999,3782.1625409999997,195.40977100000001,3977.5723119999998,1,196.38002399999999,195.40977100000001,391.78979500000003,195.40977100000001,195.40977100000001,195.40977100000001,0,391.78979500000003,391.78979500000003,391.78979500000003,0,0,0,0.50123823158793601,0,0,8909472,2150.4765625,50,0,196.38002399999999,0,0,0,195.40977100000001,0,0,0,PASS,,"Greedy first-fit element coloring, colors=50",Linux;x86_64;GCC 13.3;OpenMP 201511,close,cores,FALSE,2,2150.476562,process_ru_maxrss,resource.getrusage(RUSAGE_CHILDREN).ru_maxrss
pgsa-cross-platform-v1,local,full_host,,standalone,3d-WindTurbineHub,3d-WindTurbineHub,Tet4,physics_tet4,physics_tet4,228384,1113684,685152,27502200,cpu_graph_coloring,18,18,physical_core_region,Intel(R) Core(TM) Ultra 7 265KF,20,20,isolated,461.88233100000002,2223.6043759999998,1360.630054,195.80713900000001,3780.0415689999995,192.05001899999999,3972.0915879999993,1,195.80713900000001,192.05001899999999,387.85715800000003,192.05001899999999,192.05001899999999,192.05001899999999,0,387.85715800000003,387.85715800000003,387.85715800000003,0,0,0,0.50484343259174813,0,0,8909472,2150.5546875,50,0,195.80713900000001,0,0,0,192.05001899999999,0,0,0,PASS,,"Greedy first-fit element coloring, colors=50",Linux;x86_64;GCC 13.3;OpenMP 201511,close,cores,FALSE,3,2150.554688,process_ru_maxrss,resource.getrusage(RUSAGE_CHILDREN).ru_maxrss
pgsa-cross-platform-v1,local,full_host,,standalone,3d-WindTurbineHub,3d-WindTurbineHub,Tet4,physics_tet4,physics_tet4,228384,1113684,685152,27502200,cpu_graph_coloring,19,19,physical_core_region,Intel(R) Core(TM) Ultra 7 265KF,20,20,isolated,465.05738100000002,2225.9954729999999,1366.8555140000001,196.628939,3789.479926,197.20258999999999,3986.6825159999999,1,196.628939,197.20258999999999,393.83152899999999,197.20258999999999,197.20258999999999,197.20258999999999,0,393.83152899999999,393.83152899999999,393.83152899999999,0,0,0,0.49927170508484103,0,0,8909472,2150.70703125,50,0,196.628939,0,0,0,197.20258999999999,0,0,0,PASS,,"Greedy first-fit element coloring, colors=50",Linux;x86_64;GCC 13.3;OpenMP 201511,close,cores,FALSE,1,2150.707031,process_ru_maxrss,resource.getrusage(RUSAGE_CHILDREN).ru_maxrss
pgsa-cross-platform-v1,local,full_host,,standalone,3d-WindTurbineHub,3d-WindTurbineHub,Tet4,physics_tet4,physics_tet4,228384,1113684,685152,27502200,cpu_graph_coloring,19,19,physical_core_region,Intel(R) Core(TM) Ultra 7 265KF,20,20,isolated,465.828214,2227.8568639999999,1360.001141,196.61758399999999,3784.4755890000001,190.914648,3975.3902370000001,1,196.61758399999999,190.914648,387.53223200000002,190.914648,190.914648,190.914648,0,387.53223200000002,387.53223200000002,387.53223200000002,0,0,0,0.50735801506182843,0,0,8909472,2150.515625,50,0,196.61758399999999,0,0,0,190.914648,0,0,0,PASS,,"Greedy first-fit element coloring, colors=50",Linux;x86_64;GCC 13.3;OpenMP 201511,close,cores,FALSE,2,2150.515625,process_ru_maxrss,resource.getrusage(RUSAGE_CHILDREN).ru_maxrss
pgsa-cross-platform-v1,local,full_host,,standalone,3d-WindTurbineHub,3d-WindTurbineHub,Tet4,physics_tet4,physics_tet4,228384,1113684,685152,27502200,cpu_graph_coloring,19,19,physical_core_region,Intel(R) Core(TM) Ultra 7 265KF,20,20,isolated,466.00946499999998,2238.136982,1364.7985040000001,197.086635,3800.0221210000004,193.79823300000001,3993.8203540000004,1,197.086635,193.79823300000001,390.88486799999998,193.79823300000001,193.79823300000001,193.79823300000001,0,390.88486799999998,390.88486799999998,390.88486799999998,0,0,0,0.50420635623070476,0,0,8909472,2150.640625,50,0,197.086635,0,0,0,193.79823300000001,0,0,0,PASS,,"Greedy first-fit element coloring, colors=50",Linux;x86_64;GCC 13.3;OpenMP 201511,close,cores,FALSE,3,2150.640625,process_ru_maxrss,resource.getrusage(RUSAGE_CHILDREN).ru_maxrss
pgsa-cross-platform-v1,local,full_host,,standalone,3d-WindTurbineHub,3d-WindTurbineHub,Tet4,physics_tet4,physics_tet4,228384,1113684,685152,27502200,cpu_graph_coloring,20,20,physical_core_region,Intel(R) Core(TM) Ultra 7 265KF,20,20,isolated,466.47348,2234.767816,1368.6173630000001,197.22601499999999,3800.6111940000001,215.89694700000001,4016.5081410000003,1,197.22601499999999,215.89694700000001,413.12296200000003,215.89694700000001,215.89694700000001,215.89694700000001,0,413.12296200000003,413.12296200000003,413.12296200000003,0,0,0,0.47740269397080859,0,0,8909472,2150.5390625,50,0,197.22601499999999,0,0,0,215.89694700000001,0,0,0,PASS,,"Greedy first-fit element coloring, colors=50",Linux;x86_64;GCC 13.3;OpenMP 201511,close,cores,FALSE,1,2150.539062,process_ru_maxrss,resource.getrusage(RUSAGE_CHILDREN).ru_maxrss
pgsa-cross-platform-v1,local,full_host,,standalone,3d-WindTurbineHub,3d-WindTurbineHub,Tet4,physics_tet4,physics_tet4,228384,1113684,685152,27502200,cpu_graph_coloring,20,20,physical_core_region,Intel(R) Core(TM) Ultra 7 265KF,20,20,isolated,468.95509900000002,2244.4125250000002,1356.683859,195.407903,3796.5042870000002,203.06722300000001,3999.5715100000002,1,195.407903,203.06722300000001,398.47512600000005,203.06722300000001,203.06722300000001,203.06722300000001,0,398.47512600000005,398.47512600000005,398.47512600000005,0,0,0,0.49038921189775841,0,0,8909472,2150.5,50,0,195.407903,0,0,0,203.06722300000001,0,0,0,PASS,,"Greedy first-fit element coloring, colors=50",Linux;x86_64;GCC 13.3;OpenMP 201511,close,cores,FALSE,2,2150.500000,process_ru_maxrss,resource.getrusage(RUSAGE_CHILDREN).ru_maxrss
pgsa-cross-platform-v1,local,full_host,,standalone,3d-WindTurbineHub,3d-WindTurbineHub,Tet4,physics_tet4,physics_tet4,228384,1113684,685152,27502200,cpu_graph_coloring,20,20,physical_core_region,Intel(R) Core(TM) Ultra 7 265KF,20,20,isolated,468.07046400000002,2238.5409279999999,1361.4732489999999,196.55133699999999,3796.5655139999999,203.33483100000001,3999.900345,1,196.55133699999999,203.33483100000001,399.886168,203.33483100000001,203.33483100000001,203.33483100000001,0,399.886168,399.886168,399.886168,0,0,0,0.4915182187546932,0,0,8909472,2150.57421875,50,0,196.55133699999999,0,0,0,203.33483100000001,0,0,0,PASS,,"Greedy first-fit element coloring, colors=50",Linux;x86_64;GCC 13.3;OpenMP 201511,close,cores,FALSE,3,2150.574219,process_ru_maxrss,resource.getrusage(RUSAGE_CHILDREN).ru_maxrss
pgsa-cross-platform-v1,local,full_host,,standalone,3d-WindTurbineHub,3d-WindTurbineHub,Tet4,physics_tet4,physics_tet4,228384,1113684,685152,27502200,cpu_row_owner,1,1,physical_core_region,Intel(R) Core(TM) Ultra 7 265KF,20,20,isolated,461.916358,2234.1297039999999,1371.658641,4151.0055890000003,7756.7939340000003,792.68150800000001,8549.4754420000008,1,4151.0055890000003,792.68150800000001,4943.687097,792.68150800000001,792.68150800000001,792.68150800000001,0,4943.687097,4943.687097,4943.687097,0,0,0,0.83965783180714937,0,0,1924445952,3880.69921875,0,0,0,4151.0055890000003,0,0,792.68150800000001,0,0,0,PASS,,"Owner-computes by CSR row block; no atomics, but elements may be recomputed by multiple owners",Linux;x86_64;GCC 13.3;OpenMP 201511,close,cores,FALSE,1,3880.699219,process_ru_maxrss,resource.getrusage(RUSAGE_CHILDREN).ru_maxrss
pgsa-cross-platform-v1,local,full_host,,standalone,3d-WindTurbineHub,3d-WindTurbineHub,Tet4,physics_tet4,physics_tet4,228384,1113684,685152,27502200,cpu_row_owner,1,1,physical_core_region,Intel(R) Core(TM) Ultra 7 265KF,20,20,isolated,460.06894199999999,2232.9175279999999,1366.577933,4142.1607800000002,7741.6562410000006,795.33218499999998,8536.9884259999999,1,4142.1607800000002,795.33218499999998,4937.4929650000004,795.33218499999998,795.33218499999998,795.33218499999998,0,4937.4929650000004,4937.4929650000004,4937.4929650000004,0,0,0,0.838919834288817,0,0,1924445952,3880.65625,0,0,0,4142.1607800000002,0,0,795.33218499999998,0,0,0,PASS,,"Owner-computes by CSR row block; no atomics, but elements may be recomputed by multiple owners",Linux;x86_64;GCC 13.3;OpenMP 201511,close,cores,FALSE,2,3880.656250,process_ru_maxrss,resource.getrusage(RUSAGE_CHILDREN).ru_maxrss
pgsa-cross-platform-v1,local,full_host,,standalone,3d-WindTurbineHub,3d-WindTurbineHub,Tet4,physics_tet4,physics_tet4,228384,1113684,685152,27502200,cpu_row_owner,1,1,physical_core_region,Intel(R) Core(TM) Ultra 7 265KF,20,20,isolated,458.09040099999999,2226.688983,1358.1585500000001,4151.1605,7736.0080330000001,801.73703699999999,8537.7450700000009,1,4151.1605,801.73703699999999,4952.8975369999998,801.73703699999999,801.73703699999999,801.73703699999999,0,4952.8975369999998,4952.8975369999998,4952.8975369999998,0,0,0,0.83812767556552026,0,0,1924445952,3880.62890625,0,0,0,4151.1605,0,0,801.73703699999999,0,0,0,PASS,,"Owner-computes by CSR row block; no atomics, but elements may be recomputed by multiple owners",Linux;x86_64;GCC 13.3;OpenMP 201511,close,cores,FALSE,3,3880.628906,process_ru_maxrss,resource.getrusage(RUSAGE_CHILDREN).ru_maxrss
pgsa-cross-platform-v1,local,full_host,,standalone,3d-WindTurbineHub,3d-WindTurbineHub,Tet4,physics_tet4,physics_tet4,228384,1113684,685152,27502200,cpu_row_owner,2,2,physical_core_region,Intel(R) Core(TM) Ultra 7 265KF,20,20,isolated,456.074141,2207.2024179999999,1359.756684,4359.5928830000003,7926.5519850000001,463.44769500000001,8389.9996800000008,1,4359.5928830000003,463.44769500000001,4823.0405780000001,463.44769500000001,463.44769500000001,463.44769500000001,0,4823.0405780000001,4823.0405780000001,4823.0405780000001,0,0,0,0.9039096421634959,0,0,1924445952,4798.03515625,0,0,0,4359.5928830000003,0,0,463.44769500000001,0,0,0,PASS,,"Owner-computes by CSR row block; no atomics, but elements may be recomputed by multiple owners",Linux;x86_64;GCC 13.3;OpenMP 201511,close,cores,FALSE,1,4798.035156,process_ru_maxrss,resource.getrusage(RUSAGE_CHILDREN).ru_maxrss
pgsa-cross-platform-v1,local,full_host,,standalone,3d-WindTurbineHub,3d-WindTurbineHub,Tet4,physics_tet4,physics_tet4,228384,1113684,685152,27502200,cpu_row_owner,2,2,physical_core_region,Intel(R) Core(TM) Ultra 7 265KF,20,20,isolated,455.22543400000001,2230.7183490000002,1354.468247,4348.2944390000002,7933.4810350000007,460.793181,8394.2742160000016,1,4348.2944390000002,460.793181,4809.0876200000002,460.793181,460.793181,460.793181,0,4809.0876200000002,4809.0876200000002,4809.0876200000002,0,0,0,0.90418282688723395,0,0,1924445952,4797.98046875,0,0,0,4348.2944390000002,0,0,460.793181,0,0,0,PASS,,"Owner-computes by CSR row block; no atomics, but elements may be recomputed by multiple owners",Linux;x86_64;GCC 13.3;OpenMP 201511,close,cores,FALSE,2,4797.980469,process_ru_maxrss,resource.getrusage(RUSAGE_CHILDREN).ru_maxrss
pgsa-cross-platform-v1,local,full_host,,standalone,3d-WindTurbineHub,3d-WindTurbineHub,Tet4,physics_tet4,physics_tet4,228384,1113684,685152,27502200,cpu_row_owner,2,2,physical_core_region,Intel(R) Core(TM) Ultra 7 265KF,20,20,isolated,457.838954,2226.9214790000001,1368.4662310000001,4341.1427800000001,7936.5304900000001,463.70004899999998,8400.2305390000001,1,4341.1427800000001,463.70004899999998,4804.8428290000002,463.70004899999998,463.70004899999998,463.70004899999998,0,4804.8428290000002,4804.8428290000002,4804.8428290000002,0,0,0,0.90349319103607251,0,0,1924445952,4797.98046875,0,0,0,4341.1427800000001,0,0,463.70004899999998,0,0,0,PASS,,"Owner-computes by CSR row block; no atomics, but elements may be recomputed by multiple owners",Linux;x86_64;GCC 13.3;OpenMP 201511,close,cores,FALSE,3,4797.980469,process_ru_maxrss,resource.getrusage(RUSAGE_CHILDREN).ru_maxrss
pgsa-cross-platform-v1,local,full_host,,standalone,3d-WindTurbineHub,3d-WindTurbineHub,Tet4,physics_tet4,physics_tet4,228384,1113684,685152,27502200,cpu_row_owner,3,3,physical_core_region,Intel(R) Core(TM) Ultra 7 265KF,20,20,isolated,459.50393400000002,2228.855916,1355.7703710000001,4026.4793679999998,7611.1056549999994,349.61881499999998,7960.7244699999992,1,4026.4793679999998,349.61881499999998,4376.0981830000001,349.61881499999998,349.61881499999998,349.61881499999998,0,4376.0981830000001,4376.0981830000001,4376.0981830000001,0,0,0,0.92010718215642917,0,0,1924445952,4491.6328125,0,0,0,4026.4793679999998,0,0,349.61881499999998,0,0,0,PASS,,"Owner-computes by CSR row block; no atomics, but elements may be recomputed by multiple owners",Linux;x86_64;GCC 13.3;OpenMP 201511,close,cores,FALSE,1,4491.632812,process_ru_maxrss,resource.getrusage(RUSAGE_CHILDREN).ru_maxrss
pgsa-cross-platform-v1,local,full_host,,standalone,3d-WindTurbineHub,3d-WindTurbineHub,Tet4,physics_tet4,physics_tet4,228384,1113684,685152,27502200,cpu_row_owner,3,3,physical_core_region,Intel(R) Core(TM) Ultra 7 265KF,20,20,isolated,455.30861900000002,2215.4859470000001,1365.096487,4041.2427029999999,7621.8251369999998,347.20892099999998,7969.0340580000002,1,4041.2427029999999,347.20892099999998,4388.4516240000003,347.20892099999998,347.20892099999998,347.20892099999998,0,4388.4516240000003,4388.4516240000003,4388.4516240000003,0,0,0,0.92088122400594563,0,0,1924445952,4491.59375,0,0,0,4041.2427029999999,0,0,347.20892099999998,0,0,0,PASS,,"Owner-computes by CSR row block; no atomics, but elements may be recomputed by multiple owners",Linux;x86_64;GCC 13.3;OpenMP 201511,close,cores,FALSE,2,4491.593750,process_ru_maxrss,resource.getrusage(RUSAGE_CHILDREN).ru_maxrss
pgsa-cross-platform-v1,local,full_host,,standalone,3d-WindTurbineHub,3d-WindTurbineHub,Tet4,physics_tet4,physics_tet4,228384,1113684,685152,27502200,cpu_row_owner,3,3,physical_core_region,Intel(R) Core(TM) Ultra 7 265KF,20,20,isolated,454.74026700000002,2217.5431600000002,1351.94388,4021.1211039999998,7590.6081439999998,347.294286,7937.9024300000001,1,4021.1211039999998,347.294286,4368.4153900000001,347.294286,347.294286,347.294286,0,4368.4153900000001,4368.4153900000001,4368.4153900000001,0,0,0,0.92049879533090828,0,0,1924445952,4491.58984375,0,0,0,4021.1211039999998,0,0,347.294286,0,0,0,PASS,,"Owner-computes by CSR row block; no atomics, but elements may be recomputed by multiple owners",Linux;x86_64;GCC 13.3;OpenMP 201511,close,cores,FALSE,3,4491.589844,process_ru_maxrss,resource.getrusage(RUSAGE_CHILDREN).ru_maxrss
pgsa-cross-platform-v1,local,full_host,,standalone,3d-WindTurbineHub,3d-WindTurbineHub,Tet4,physics_tet4,physics_tet4,228384,1113684,685152,27502200,cpu_row_owner,4,4,physical_core_region,Intel(R) Core(TM) Ultra 7 265KF,20,20,isolated,455.27911499999999,2229.9182759999999,1363.18661,4220.3650699999998,7813.4699559999999,283.607911,8097.077867,1,4220.3650699999998,283.607911,4503.9729809999999,283.607911,283.607911,283.607911,0,4503.9729809999999,4503.9729809999999,4503.9729809999999,0,0,0,0.93703161360061449,0,0,1924445952,4338.82421875,0,0,0,4220.3650699999998,0,0,283.607911,0,0,0,PASS,,"Owner-computes by CSR row block; no atomics, but elements may be recomputed by multiple owners",Linux;x86_64;GCC 13.3;OpenMP 201511,close,cores,FALSE,1,4338.824219,process_ru_maxrss,resource.getrusage(RUSAGE_CHILDREN).ru_maxrss
pgsa-cross-platform-v1,local,full_host,,standalone,3d-WindTurbineHub,3d-WindTurbineHub,Tet4,physics_tet4,physics_tet4,228384,1113684,685152,27502200,cpu_row_owner,4,4,physical_core_region,Intel(R) Core(TM) Ultra 7 265KF,20,20,isolated,459.975955,2226.1444489999999,1359.8925079999999,4207.9588249999997,7793.995782,284.21448099999998,8078.2102629999999,1,4207.9588249999997,284.21448099999998,4492.1733059999997,284.21448099999998,284.21448099999998,284.21448099999998,0,4492.1733059999997,4492.1733059999997,4492.1733059999997,0,0,0,0.93673118518816112,0,0,1924445952,4338.87109375,0,0,0,4207.9588249999997,0,0,284.21448099999998,0,0,0,PASS,,"Owner-computes by CSR row block; no atomics, but elements may be recomputed by multiple owners",Linux;x86_64;GCC 13.3;OpenMP 201511,close,cores,FALSE,2,4338.871094,process_ru_maxrss,resource.getrusage(RUSAGE_CHILDREN).ru_maxrss
pgsa-cross-platform-v1,local,full_host,,standalone,3d-WindTurbineHub,3d-WindTurbineHub,Tet4,physics_tet4,physics_tet4,228384,1113684,685152,27502200,cpu_row_owner,4,4,physical_core_region,Intel(R) Core(TM) Ultra 7 265KF,20,20,isolated,456.33908500000001,2232.236206,1369.1167559999999,4238.6051379999999,7839.9580999999998,281.40531700000003,8121.3634169999996,1,4238.6051379999999,281.40531700000003,4520.0104549999996,281.40531700000003,281.40531700000003,281.40531700000003,0,4520.0104549999996,4520.0104549999996,4520.0104549999996,0,0,0,0.93774233050972011,0,0,1924445952,4338.83984375,0,0,0,4238.6051379999999,0,0,281.40531700000003,0,0,0,PASS,,"Owner-computes by CSR row block; no atomics, but elements may be recomputed by multiple owners",Linux;x86_64;GCC 13.3;OpenMP 201511,close,cores,FALSE,3,4338.839844,process_ru_maxrss,resource.getrusage(RUSAGE_CHILDREN).ru_maxrss
pgsa-cross-platform-v1,local,full_host,,standalone,3d-WindTurbineHub,3d-WindTurbineHub,Tet4,physics_tet4,physics_tet4,228384,1113684,685152,27502200,cpu_row_owner,5,5,physical_core_region,Intel(R) Core(TM) Ultra 7 265KF,20,20,isolated,458.65224999999998,2221.114149,1361.3705689999999,4039.0491219999999,7621.5338400000001,252.59665200000001,7874.1304920000002,1,4039.0491219999999,252.59665200000001,4291.6457739999996,252.59665200000001,252.59665200000001,252.59665200000001,0,4291.6457739999996,4291.6457739999996,4291.6457739999996,0,0,0,0.94114224115832168,0,0,1924445952,4231.59375,0,0,0,4039.0491219999999,0,0,252.59665200000001,0,0,0,PASS,,"Owner-computes by CSR row block; no atomics, but elements may be recomputed by multiple owners",Linux;x86_64;GCC 13.3;OpenMP 201511,close,cores,FALSE,1,4231.593750,process_ru_maxrss,resource.getrusage(RUSAGE_CHILDREN).ru_maxrss
pgsa-cross-platform-v1,local,full_host,,standalone,3d-WindTurbineHub,3d-WindTurbineHub,Tet4,physics_tet4,physics_tet4,228384,1113684,685152,27502200,cpu_row_owner,5,5,physical_core_region,Intel(R) Core(TM) Ultra 7 265KF,20,20,isolated,457.77990199999999,2220.1036779999999,1355.8800590000001,4047.1944629999998,7623.1782000000003,250.36857000000001,7873.5467699999999,1,4047.1944629999998,250.36857000000001,4297.5630329999995,250.36857000000001,250.36857000000001,250.36857000000001,0,4297.5630329999995,4297.5630329999995,4297.5630329999995,0,0,0,0.94174173407638773,0,0,1924445952,4231.65625,0,0,0,4047.1944629999998,0,0,250.36857000000001,0,0,0,PASS,,"Owner-computes by CSR row block; no atomics, but elements may be recomputed by multiple owners",Linux;x86_64;GCC 13.3;OpenMP 201511,close,cores,FALSE,2,4231.656250,process_ru_maxrss,resource.getrusage(RUSAGE_CHILDREN).ru_maxrss
pgsa-cross-platform-v1,local,full_host,,standalone,3d-WindTurbineHub,3d-WindTurbineHub,Tet4,physics_tet4,physics_tet4,228384,1113684,685152,27502200,cpu_row_owner,5,5,physical_core_region,Intel(R) Core(TM) Ultra 7 265KF,20,20,isolated,457.30344600000001,2228.3734169999998,1352.440288,4035.1538099999998,7615.9675149999994,250.86528100000001,7866.8327959999997,1,4035.1538099999998,250.86528100000001,4286.0190910000001,250.86528100000001,250.86528100000001,250.86528100000001,0,4286.0190910000001,4286.0190910000001,4286.0190910000001,0,0,0,0.94146893056851289,0,0,1924445952,4231.6953125,0,0,0,4035.1538099999998,0,0,250.86528100000001,0,0,0,PASS,,"Owner-computes by CSR row block; no atomics, but elements may be recomputed by multiple owners",Linux;x86_64;GCC 13.3;OpenMP 201511,close,cores,FALSE,3,4231.695312,process_ru_maxrss,resource.getrusage(RUSAGE_CHILDREN).ru_maxrss
pgsa-cross-platform-v1,local,full_host,,standalone,3d-WindTurbineHub,3d-WindTurbineHub,Tet4,physics_tet4,physics_tet4,228384,1113684,685152,27502200,cpu_row_owner,6,6,physical_core_region,Intel(R) Core(TM) Ultra 7 265KF,20,20,isolated,455.13982099999998,2198.8915630000001,1349.103593,3848.2692430000002,7396.2643989999997,210.619584,7606.8839829999997,1,3848.2692430000002,210.619584,4058.8888270000002,210.619584,210.619584,210.619584,0,4058.8888270000002,4058.8888270000002,4058.8888270000002,0,0,0,0.94810905324655737,0,0,1924445952,4186.23828125,0,0,0,3848.2692430000002,0,0,210.619584,0,0,0,PASS,,"Owner-computes by CSR row block; no atomics, but elements may be recomputed by multiple owners",Linux;x86_64;GCC 13.3;OpenMP 201511,close,cores,FALSE,1,4186.238281,process_ru_maxrss,resource.getrusage(RUSAGE_CHILDREN).ru_maxrss
pgsa-cross-platform-v1,local,full_host,,standalone,3d-WindTurbineHub,3d-WindTurbineHub,Tet4,physics_tet4,physics_tet4,228384,1113684,685152,27502200,cpu_row_owner,6,6,physical_core_region,Intel(R) Core(TM) Ultra 7 265KF,20,20,isolated,452.86917499999998,2197.27405,1353.2847670000001,3853.9591180000002,7404.5179349999999,210.69780299999999,7615.2157379999999,1,3853.9591180000002,210.69780299999999,4064.6569210000002,210.69780299999999,210.69780299999999,210.69780299999999,0,4064.6569210000002,4064.6569210000002,4064.6569210000002,0,0,0,0.94816344722443058,0,0,1924445952,4186.234375,0,0,0,3853.9591180000002,0,0,210.69780299999999,0,0,0,PASS,,"Owner-computes by CSR row block; no atomics, but elements may be recomputed by multiple owners",Linux;x86_64;GCC 13.3;OpenMP 201511,close,cores,FALSE,2,4186.234375,process_ru_maxrss,resource.getrusage(RUSAGE_CHILDREN).ru_maxrss
pgsa-cross-platform-v1,local,full_host,,standalone,3d-WindTurbineHub,3d-WindTurbineHub,Tet4,physics_tet4,physics_tet4,228384,1113684,685152,27502200,cpu_row_owner,6,6,physical_core_region,Intel(R) Core(TM) Ultra 7 265KF,20,20,isolated,451.64065599999998,2201.6691729999998,1352.4413870000001,3850.6018300000001,7404.7123900000006,210.48829799999999,7615.2006880000008,1,3850.6018300000001,210.48829799999999,4061.0901279999998,210.48829799999999,210.48829799999999,210.48829799999999,0,4061.0901279999998,4061.0901279999998,4061.0901279999998,0,0,0,0.9481695083424162,0,0,1924445952,4186.23828125,0,0,0,3850.6018300000001,0,0,210.48829799999999,0,0,0,PASS,,"Owner-computes by CSR row block; no atomics, but elements may be recomputed by multiple owners",Linux;x86_64;GCC 13.3;OpenMP 201511,close,cores,FALSE,3,4186.238281,process_ru_maxrss,resource.getrusage(RUSAGE_CHILDREN).ru_maxrss
pgsa-cross-platform-v1,local,full_host,,standalone,3d-WindTurbineHub,3d-WindTurbineHub,Tet4,physics_tet4,physics_tet4,228384,1113684,685152,27502200,cpu_row_owner,7,7,physical_core_region,Intel(R) Core(TM) Ultra 7 265KF,20,20,isolated,456.19278400000002,2201.6824339999998,1339.3750709999999,3935.6155159999998,7476.6730209999996,200.86415500000001,7677.5371759999998,1,3935.6155159999998,200.86415500000001,4136.4796710000001,200.86415500000001,200.86415500000001,200.86415500000001,0,4136.4796710000001,4136.4796710000001,4136.4796710000001,0,0,0,0.951440797253709,0,0,1924445952,4134.484375,0,0,0,3935.6155159999998,0,0,200.86415500000001,0,0,0,PASS,,"Owner-computes by CSR row block; no atomics, but elements may be recomputed by multiple owners",Linux;x86_64;GCC 13.3;OpenMP 201511,close,cores,FALSE,1,4134.484375,process_ru_maxrss,resource.getrusage(RUSAGE_CHILDREN).ru_maxrss
pgsa-cross-platform-v1,local,full_host,,standalone,3d-WindTurbineHub,3d-WindTurbineHub,Tet4,physics_tet4,physics_tet4,228384,1113684,685152,27502200,cpu_row_owner,7,7,physical_core_region,Intel(R) Core(TM) Ultra 7 265KF,20,20,isolated,450.63050299999998,2196.6624820000002,1350.0268579999999,3936.8621830000002,7483.5515230000001,200.883309,7684.4348319999999,1,3936.8621830000002,200.883309,4137.745492,200.883309,200.883309,200.883309,0,4137.745492,4137.745492,4137.745492,0,0,0,0.95145102341640109,0,0,1924445952,4134.3984375,0,0,0,3936.8621830000002,0,0,200.883309,0,0,0,PASS,,"Owner-computes by CSR row block; no atomics, but elements may be recomputed by multiple owners",Linux;x86_64;GCC 13.3;OpenMP 201511,close,cores,FALSE,2,4134.398438,process_ru_maxrss,resource.getrusage(RUSAGE_CHILDREN).ru_maxrss
pgsa-cross-platform-v1,local,full_host,,standalone,3d-WindTurbineHub,3d-WindTurbineHub,Tet4,physics_tet4,physics_tet4,228384,1113684,685152,27502200,cpu_row_owner,7,7,physical_core_region,Intel(R) Core(TM) Ultra 7 265KF,20,20,isolated,455.37485800000002,2196.9063339999998,1341.6294740000001,3944.1701760000001,7482.7059840000002,199.94563199999999,7682.6516160000001,1,3944.1701760000001,199.94563199999999,4144.1158080000005,199.94563199999999,199.94563199999999,199.94563199999999,0,4144.1158080000005,4144.1158080000005,4144.1158080000005,0,0,0,0.9517519197668135,0,0,1924445952,4134.484375,0,0,0,3944.1701760000001,0,0,199.94563199999999,0,0,0,PASS,,"Owner-computes by CSR row block; no atomics, but elements may be recomputed by multiple owners",Linux;x86_64;GCC 13.3;OpenMP 201511,close,cores,FALSE,3,4134.484375,process_ru_maxrss,resource.getrusage(RUSAGE_CHILDREN).ru_maxrss
pgsa-cross-platform-v1,local,full_host,,standalone,3d-WindTurbineHub,3d-WindTurbineHub,Tet4,physics_tet4,physics_tet4,228384,1113684,685152,27502200,cpu_row_owner,8,8,physical_core_region,Intel(R) Core(TM) Ultra 7 265KF,20,20,isolated,452.63403199999999,2200.63078,1343.9502580000001,3910.2290520000001,7454.8100900000009,181.34695500000001,7636.1570450000008,1,3910.2290520000001,181.34695500000001,4091.5760070000001,181.34695500000001,181.34695500000001,181.34695500000001,0,4091.5760070000001,4091.5760070000001,4091.5760070000001,0,0,0,0.95567796988501597,0,0,1924445952,4095.671875,0,0,0,3910.2290520000001,0,0,181.34695500000001,0,0,0,PASS,,"Owner-computes by CSR row block; no atomics, but elements may be recomputed by multiple owners",Linux;x86_64;GCC 13.3;OpenMP 201511,close,cores,FALSE,1,4095.671875,process_ru_maxrss,resource.getrusage(RUSAGE_CHILDREN).ru_maxrss
pgsa-cross-platform-v1,local,full_host,,standalone,3d-WindTurbineHub,3d-WindTurbineHub,Tet4,physics_tet4,physics_tet4,228384,1113684,685152,27502200,cpu_row_owner,8,8,physical_core_region,Intel(R) Core(TM) Ultra 7 265KF,20,20,isolated,453.66639400000003,2189.2198269999999,1334.8073380000001,3897.0717979999999,7421.0989630000004,181.03531100000001,7602.134274,1,3897.0717979999999,181.03531100000001,4078.107109,181.03531100000001,181.03531100000001,181.03531100000001,0,4078.107109,4078.107109,4078.107109,0,0,0,0.95560800485095843,0,0,1924445952,4095.6328125,0,0,0,3897.0717979999999,0,0,181.03531100000001,0,0,0,PASS,,"Owner-computes by CSR row block; no atomics, but elements may be recomputed by multiple owners",Linux;x86_64;GCC 13.3;OpenMP 201511,close,cores,FALSE,2,4095.632812,process_ru_maxrss,resource.getrusage(RUSAGE_CHILDREN).ru_maxrss
pgsa-cross-platform-v1,local,full_host,,standalone,3d-WindTurbineHub,3d-WindTurbineHub,Tet4,physics_tet4,physics_tet4,228384,1113684,685152,27502200,cpu_row_owner,8,8,physical_core_region,Intel(R) Core(TM) Ultra 7 265KF,20,20,isolated,449.06132200000002,2187.5534870000001,1340.735545,3916.6983540000001,7444.9873860000007,180.778403,7625.765789000001,1,3916.6983540000001,180.778403,4097.4767570000004,180.778403,180.778403,180.778403,0,4097.4767570000004,4097.4767570000004,4097.4767570000004,0,0,0,0.95588055437015862,0,0,1924445952,4095.68359375,0,0,0,3916.6983540000001,0,0,180.778403,0,0,0,PASS,,"Owner-computes by CSR row block; no atomics, but elements may be recomputed by multiple owners",Linux;x86_64;GCC 13.3;OpenMP 201511,close,cores,FALSE,3,4095.683594,process_ru_maxrss,resource.getrusage(RUSAGE_CHILDREN).ru_maxrss
pgsa-cross-platform-v1,local,full_host,,standalone,3d-WindTurbineHub,3d-WindTurbineHub,Tet4,physics_tet4,physics_tet4,228384,1113684,685152,27502200,cpu_row_owner,9,9,physical_core_region,Intel(R) Core(TM) Ultra 7 265KF,20,20,isolated,451.30088499999999,2188.8599519999998,1346.2891870000001,3671.2715600000001,7206.4206990000002,196.248501,7402.6692000000003,1,3671.2715600000001,196.248501,3867.5200610000002,196.248501,196.248501,196.248501,0,3867.5200610000002,3867.5200610000002,3867.5200610000002,0,0,0,0.94925727652224323,0,0,1924445952,4071.83984375,0,0,0,3671.2715600000001,0,0,196.248501,0,0,0,PASS,,"Owner-computes by CSR row block; no atomics, but elements may be recomputed by multiple owners",Linux;x86_64;GCC 13.3;OpenMP 201511,close,cores,FALSE,1,4071.839844,process_ru_maxrss,resource.getrusage(RUSAGE_CHILDREN).ru_maxrss
pgsa-cross-platform-v1,local,full_host,,standalone,3d-WindTurbineHub,3d-WindTurbineHub,Tet4,physics_tet4,physics_tet4,228384,1113684,685152,27502200,cpu_row_owner,9,9,physical_core_region,Intel(R) Core(TM) Ultra 7 265KF,20,20,isolated,449.30575499999998,2186.8964099999998,1354.8786640000001,3669.9500819999998,7211.7251560000004,196.164649,7407.8898050000007,1,3669.9500819999998,196.164649,3866.1147309999997,196.164649,196.164649,196.164649,0,3866.1147309999997,3866.1147309999997,3866.1147309999997,0,0,0,0.94926052053575238,0,0,1924445952,4071.80859375,0,0,0,3669.9500819999998,0,0,196.164649,0,0,0,PASS,,"Owner-computes by CSR row block; no atomics, but elements may be recomputed by multiple owners",Linux;x86_64;GCC 13.3;OpenMP 201511,close,cores,FALSE,2,4071.808594,process_ru_maxrss,resource.getrusage(RUSAGE_CHILDREN).ru_maxrss
pgsa-cross-platform-v1,local,full_host,,standalone,3d-WindTurbineHub,3d-WindTurbineHub,Tet4,physics_tet4,physics_tet4,228384,1113684,685152,27502200,cpu_row_owner,9,9,physical_core_region,Intel(R) Core(TM) Ultra 7 265KF,20,20,isolated,450.23983199999998,2192.9310690000002,1343.1915429999999,3669.7999719999998,7205.9225839999999,195.34292099999999,7401.2655050000003,1,3669.7999719999998,195.34292099999999,3865.1428929999997,195.34292099999999,195.34292099999999,195.34292099999999,0,3865.1428929999997,3865.1428929999997,3865.1428929999997,0,0,0,0.94946036242184539,0,0,1924445952,4071.83984375,0,0,0,3669.7999719999998,0,0,195.34292099999999,0,0,0,PASS,,"Owner-computes by CSR row block; no atomics, but elements may be recomputed by multiple owners",Linux;x86_64;GCC 13.3;OpenMP 201511,close,cores,FALSE,3,4071.839844,process_ru_maxrss,resource.getrusage(RUSAGE_CHILDREN).ru_maxrss
pgsa-cross-platform-v1,local,full_host,,standalone,3d-WindTurbineHub,3d-WindTurbineHub,Tet4,physics_tet4,physics_tet4,228384,1113684,685152,27502200,cpu_row_owner,10,10,physical_core_region,Intel(R) Core(TM) Ultra 7 265KF,20,20,isolated,458.64410500000002,2195.599749,1344.9117409999999,3720.125806,7260.6372959999999,197.717319,7458.3546150000002,1,3720.125806,197.717319,3917.8431249999999,197.717319,197.717319,197.717319,0,3917.8431249999999,3917.8431249999999,3917.8431249999999,0,0,0,0.94953414093117883,0,0,1924445952,4056.7890625,0,0,0,3720.125806,0,0,197.717319,0,0,0,PASS,,"Owner-computes by CSR row block; no atomics, but elements may be recomputed by multiple owners",Linux;x86_64;GCC 13.3;OpenMP 201511,close,cores,FALSE,1,4056.789062,process_ru_maxrss,resource.getrusage(RUSAGE_CHILDREN).ru_maxrss
pgsa-cross-platform-v1,local,full_host,,standalone,3d-WindTurbineHub,3d-WindTurbineHub,Tet4,physics_tet4,physics_tet4,228384,1113684,685152,27502200,cpu_row_owner,10,10,physical_core_region,Intel(R) Core(TM) Ultra 7 265KF,20,20,isolated,451.54125399999998,2195.630345,1353.905477,3735.8483339999998,7285.3841560000001,198.79138900000001,7484.1755450000001,1,3735.8483339999998,198.79138900000001,3934.6397229999998,198.79138900000001,198.79138900000001,198.79138900000001,0,3934.6397229999998,3934.6397229999998,3934.6397229999998,0,0,0,0.94947659684368002,0,0,1924445952,4056.89453125,0,0,0,3735.8483339999998,0,0,198.79138900000001,0,0,0,PASS,,"Owner-computes by CSR row block; no atomics, but elements may be recomputed by multiple owners",Linux;x86_64;GCC 13.3;OpenMP 201511,close,cores,FALSE,2,4056.894531,process_ru_maxrss,resource.getrusage(RUSAGE_CHILDREN).ru_maxrss
pgsa-cross-platform-v1,local,full_host,,standalone,3d-WindTurbineHub,3d-WindTurbineHub,Tet4,physics_tet4,physics_tet4,228384,1113684,685152,27502200,cpu_row_owner,10,10,physical_core_region,Intel(R) Core(TM) Ultra 7 265KF,20,20,isolated,452.99545499999999,2195.5138320000001,1331.6926920000001,3718.7357350000002,7245.9422590000004,204.90642600000001,7450.8486850000008,1,3718.7357350000002,204.90642600000001,3923.6421610000002,204.90642600000001,204.90642600000001,204.90642600000001,0,3923.6421610000002,3923.6421610000002,3923.6421610000002,0,0,0,0.9477764746141436,0,0,1924445952,4056.890625,0,0,0,3718.7357350000002,0,0,204.90642600000001,0,0,0,PASS,,"Owner-computes by CSR row block; no atomics, but elements may be recomputed by multiple owners",Linux;x86_64;GCC 13.3;OpenMP 201511,close,cores,FALSE,3,4056.890625,process_ru_maxrss,resource.getrusage(RUSAGE_CHILDREN).ru_maxrss
pgsa-cross-platform-v1,local,full_host,,standalone,3d-WindTurbineHub,3d-WindTurbineHub,Tet4,physics_tet4,physics_tet4,228384,1113684,685152,27502200,cpu_row_owner,11,11,physical_core_region,Intel(R) Core(TM) Ultra 7 265KF,20,20,isolated,454.71709800000002,2192.8146660000002,1343.8057020000001,3709.6149580000001,7246.235326,187.36076,7433.5960859999996,1,3709.6149580000001,187.36076,3896.9757180000001,187.36076,187.36076,187.36076,0,3896.9757180000001,3896.9757180000001,3896.9757180000001,0,0,0,0.951921496678928,0,0,1924445952,4043.828125,0,0,0,3709.6149580000001,0,0,187.36076,0,0,0,PASS,,"Owner-computes by CSR row block; no atomics, but elements may be recomputed by multiple owners",Linux;x86_64;GCC 13.3;OpenMP 201511,close,cores,FALSE,1,4043.828125,process_ru_maxrss,resource.getrusage(RUSAGE_CHILDREN).ru_maxrss
pgsa-cross-platform-v1,local,full_host,,standalone,3d-WindTurbineHub,3d-WindTurbineHub,Tet4,physics_tet4,physics_tet4,228384,1113684,685152,27502200,cpu_row_owner,11,11,physical_core_region,Intel(R) Core(TM) Ultra 7 265KF,20,20,isolated,453.47326700000002,2196.0337720000002,1361.647864,3726.6476670000002,7284.3293030000004,187.989991,7472.3192940000008,1,3726.6476670000002,187.989991,3914.6376580000001,187.989991,187.989991,187.989991,0,3914.6376580000001,3914.6376580000001,3914.6376580000001,0,0,0,0.95197767777668485,0,0,1924445952,4043.89453125,0,0,0,3726.6476670000002,0,0,187.989991,0,0,0,PASS,,"Owner-computes by CSR row block; no atomics, but elements may be recomputed by multiple owners",Linux;x86_64;GCC 13.3;OpenMP 201511,close,cores,FALSE,2,4043.894531,process_ru_maxrss,resource.getrusage(RUSAGE_CHILDREN).ru_maxrss
pgsa-cross-platform-v1,local,full_host,,standalone,3d-WindTurbineHub,3d-WindTurbineHub,Tet4,physics_tet4,physics_tet4,228384,1113684,685152,27502200,cpu_row_owner,11,11,physical_core_region,Intel(R) Core(TM) Ultra 7 265KF,20,20,isolated,454.94210900000002,2186.0501140000001,1333.82059,3705.1114339999999,7224.9821379999994,187.81427299999999,7412.7964109999994,1,3705.1114339999999,187.81427299999999,3892.9257069999999,187.81427299999999,187.81427299999999,187.81427299999999,0,3892.9257069999999,3892.9257069999999,3892.9257069999999,0,0,0,0.95175498143663906,0,0,1924445952,4043.98046875,0,0,0,3705.1114339999999,0,0,187.81427299999999,0,0,0,PASS,,"Owner-computes by CSR row block; no atomics, but elements may be recomputed by multiple owners",Linux;x86_64;GCC 13.3;OpenMP 201511,close,cores,FALSE,3,4043.980469,process_ru_maxrss,resource.getrusage(RUSAGE_CHILDREN).ru_maxrss
pgsa-cross-platform-v1,local,full_host,,standalone,3d-WindTurbineHub,3d-WindTurbineHub,Tet4,physics_tet4,physics_tet4,228384,1113684,685152,27502200,cpu_row_owner,12,12,physical_core_region,Intel(R) Core(TM) Ultra 7 265KF,20,20,isolated,456.60715499999998,2190.6737579999999,1337.593496,3880.197455,7408.4647089999999,166.70873599999999,7575.1734449999994,1,3880.197455,166.70873599999999,4046.906191,166.70873599999999,166.70873599999999,166.70873599999999,0,4046.906191,4046.906191,4046.906191,0,0,0,0.95880588080575058,0,0,1924445952,4033.359375,0,0,0,3880.197455,0,0,166.70873599999999,0,0,0,PASS,,"Owner-computes by CSR row block; no atomics, but elements may be recomputed by multiple owners",Linux;x86_64;GCC 13.3;OpenMP 201511,close,cores,FALSE,1,4033.359375,process_ru_maxrss,resource.getrusage(RUSAGE_CHILDREN).ru_maxrss
pgsa-cross-platform-v1,local,full_host,,standalone,3d-WindTurbineHub,3d-WindTurbineHub,Tet4,physics_tet4,physics_tet4,228384,1113684,685152,27502200,cpu_row_owner,12,12,physical_core_region,Intel(R) Core(TM) Ultra 7 265KF,20,20,isolated,450.63083799999998,2197.0258079999999,1339.9075339999999,3875.4214830000001,7412.3548250000003,166.941667,7579.2964920000004,1,3875.4214830000001,166.941667,4042.3631500000001,166.941667,166.941667,166.941667,0,4042.3631500000001,4042.3631500000001,4042.3631500000001,0,0,0,0.95870196199468127,0,0,1924445952,4033.296875,0,0,0,3875.4214830000001,0,0,166.941667,0,0,0,PASS,,"Owner-computes by CSR row block; no atomics, but elements may be recomputed by multiple owners",Linux;x86_64;GCC 13.3;OpenMP 201511,close,cores,FALSE,2,4033.296875,process_ru_maxrss,resource.getrusage(RUSAGE_CHILDREN).ru_maxrss
pgsa-cross-platform-v1,local,full_host,,standalone,3d-WindTurbineHub,3d-WindTurbineHub,Tet4,physics_tet4,physics_tet4,228384,1113684,685152,27502200,cpu_row_owner,12,12,physical_core_region,Intel(R) Core(TM) Ultra 7 265KF,20,20,isolated,452.70419600000002,2186.0476789999998,1342.3920660000001,3868.4798620000001,7396.9196069999998,167.222399,7564.142006,1,3868.4798620000001,167.222399,4035.7022610000004,167.222399,167.222399,167.222399,0,4035.7022610000004,4035.7022610000004,4035.7022610000004,0,0,0,0.95856423784876432,0,0,1924445952,4033.390625,0,0,0,3868.4798620000001,0,0,167.222399,0,0,0,PASS,,"Owner-computes by CSR row block; no atomics, but elements may be recomputed by multiple owners",Linux;x86_64;GCC 13.3;OpenMP 201511,close,cores,FALSE,3,4033.390625,process_ru_maxrss,resource.getrusage(RUSAGE_CHILDREN).ru_maxrss
pgsa-cross-platform-v1,local,full_host,,standalone,3d-WindTurbineHub,3d-WindTurbineHub,Tet4,physics_tet4,physics_tet4,228384,1113684,685152,27502200,cpu_row_owner,13,13,physical_core_region,Intel(R) Core(TM) Ultra 7 265KF,20,20,isolated,450.94865700000003,2200.338084,1344.73866,3918.1627020000001,7463.2394459999996,166.03349,7629.2729359999994,1,3918.1627020000001,166.03349,4084.1961919999999,166.03349,166.03349,166.03349,0,4084.1961919999999,4084.1961919999999,4084.1961919999999,0,0,0,0.95934732755365149,0,0,1924445952,4019.46875,0,0,0,3918.1627020000001,0,0,166.03349,0,0,0,PASS,,"Owner-computes by CSR row block; no atomics, but elements may be recomputed by multiple owners",Linux;x86_64;GCC 13.3;OpenMP 201511,close,cores,FALSE,1,4019.468750,process_ru_maxrss,resource.getrusage(RUSAGE_CHILDREN).ru_maxrss
pgsa-cross-platform-v1,local,full_host,,standalone,3d-WindTurbineHub,3d-WindTurbineHub,Tet4,physics_tet4,physics_tet4,228384,1113684,685152,27502200,cpu_row_owner,13,13,physical_core_region,Intel(R) Core(TM) Ultra 7 265KF,20,20,isolated,455.00283300000001,2184.2269369999999,1342.380087,3905.7376140000001,7432.3446380000005,166.85528600000001,7599.1999240000005,1,3905.7376140000001,166.85528600000001,4072.5929000000001,166.85528600000001,166.85528600000001,166.85528600000001,0,4072.5929000000001,4072.5929000000001,4072.5929000000001,0,0,0,0.95902971642463941,0,0,1924445952,4019.60546875,0,0,0,3905.7376140000001,0,0,166.85528600000001,0,0,0,PASS,,"Owner-computes by CSR row block; no atomics, but elements may be recomputed by multiple owners",Linux;x86_64;GCC 13.3;OpenMP 201511,close,cores,FALSE,2,4019.605469,process_ru_maxrss,resource.getrusage(RUSAGE_CHILDREN).ru_maxrss
pgsa-cross-platform-v1,local,full_host,,standalone,3d-WindTurbineHub,3d-WindTurbineHub,Tet4,physics_tet4,physics_tet4,228384,1113684,685152,27502200,cpu_row_owner,13,13,physical_core_region,Intel(R) Core(TM) Ultra 7 265KF,20,20,isolated,453.970372,2188.258253,1339.3586250000001,3907.7619,7435.3787780000002,191.492717,7626.8714950000003,1,3907.7619,191.492717,4099.2546169999996,191.492717,191.492717,191.492717,0,4099.2546169999996,4099.2546169999996,4099.2546169999996,0,0,0,0.95328596662284382,0,0,1924445952,4019.50390625,0,0,0,3907.7619,0,0,191.492717,0,0,0,PASS,,"Owner-computes by CSR row block; no atomics, but elements may be recomputed by multiple owners",Linux;x86_64;GCC 13.3;OpenMP 201511,close,cores,FALSE,3,4019.503906,process_ru_maxrss,resource.getrusage(RUSAGE_CHILDREN).ru_maxrss
pgsa-cross-platform-v1,local,full_host,,standalone,3d-WindTurbineHub,3d-WindTurbineHub,Tet4,physics_tet4,physics_tet4,228384,1113684,685152,27502200,cpu_row_owner,14,14,physical_core_region,Intel(R) Core(TM) Ultra 7 265KF,20,20,isolated,468.03442899999999,2226.7217909999999,1354.011121,3941.1526640000002,7521.8855760000006,172.10305299999999,7693.9886290000004,1,3941.1526640000002,172.10305299999999,4113.255717,172.10305299999999,172.10305299999999,172.10305299999999,0,4113.255717,4113.255717,4113.255717,0,0,0,0.95815892207024678,0,0,1924445952,4006.87890625,0,0,0,3941.1526640000002,0,0,172.10305299999999,0,0,0,PASS,,"Owner-computes by CSR row block; no atomics, but elements may be recomputed by multiple owners",Linux;x86_64;GCC 13.3;OpenMP 201511,close,cores,FALSE,1,4006.878906,process_ru_maxrss,resource.getrusage(RUSAGE_CHILDREN).ru_maxrss
pgsa-cross-platform-v1,local,full_host,,standalone,3d-WindTurbineHub,3d-WindTurbineHub,Tet4,physics_tet4,physics_tet4,228384,1113684,685152,27502200,cpu_row_owner,14,14,physical_core_region,Intel(R) Core(TM) Ultra 7 265KF,20,20,isolated,453.01506499999999,2212.4696239999998,1341.1493399999999,3951.3605080000002,7504.979472,172.464032,7677.4435039999998,1,3951.3605080000002,172.464032,4123.8245400000005,172.464032,172.464032,172.464032,0,4123.8245400000005,4123.8245400000005,4123.8245400000005,0,0,0,0.95817862027660361,0,0,1924445952,4006.8984375,0,0,0,3951.3605080000002,0,0,172.464032,0,0,0,PASS,,"Owner-computes by CSR row block; no atomics, but elements may be recomputed by multiple owners",Linux;x86_64;GCC 13.3;OpenMP 201511,close,cores,FALSE,2,4006.898438,process_ru_maxrss,resource.getrusage(RUSAGE_CHILDREN).ru_maxrss
pgsa-cross-platform-v1,local,full_host,,standalone,3d-WindTurbineHub,3d-WindTurbineHub,Tet4,physics_tet4,physics_tet4,228384,1113684,685152,27502200,cpu_row_owner,14,14,physical_core_region,Intel(R) Core(TM) Ultra 7 265KF,20,20,isolated,455.096722,2200.4069920000002,1341.648156,3943.1895589999999,7485.2447069999998,172.779563,7658.0242699999999,1,3943.1895589999999,172.779563,4115.9691219999995,172.779563,172.779563,172.779563,0,4115.9691219999995,4115.9691219999995,4115.9691219999995,0,0,0,0.95802214305338518,0,0,1924445952,4006.87890625,0,0,0,3943.1895589999999,0,0,172.779563,0,0,0,PASS,,"Owner-computes by CSR row block; no atomics, but elements may be recomputed by multiple owners",Linux;x86_64;GCC 13.3;OpenMP 201511,close,cores,FALSE,3,4006.878906,process_ru_maxrss,resource.getrusage(RUSAGE_CHILDREN).ru_maxrss
pgsa-cross-platform-v1,local,full_host,,standalone,3d-WindTurbineHub,3d-WindTurbineHub,Tet4,physics_tet4,physics_tet4,228384,1113684,685152,27502200,cpu_row_owner,15,15,physical_core_region,Intel(R) Core(TM) Ultra 7 265KF,20,20,isolated,453.64609400000001,2203.418913,1339.867236,3955.8831,7499.1692490000005,166.426997,7665.5962460000001,1,3955.8831,166.426997,4122.3100969999996,166.426997,166.426997,166.426997,0,4122.3100969999996,4122.3100969999996,4122.3100969999996,0,0,0,0.95962773467209161,0,0,1924445952,3994.5234375,0,0,0,3955.8831,0,0,166.426997,0,0,0,PASS,,"Owner-computes by CSR row block; no atomics, but elements may be recomputed by multiple owners",Linux;x86_64;GCC 13.3;OpenMP 201511,close,cores,FALSE,1,3994.523438,process_ru_maxrss,resource.getrusage(RUSAGE_CHILDREN).ru_maxrss
pgsa-cross-platform-v1,local,full_host,,standalone,3d-WindTurbineHub,3d-WindTurbineHub,Tet4,physics_tet4,physics_tet4,228384,1113684,685152,27502200,cpu_row_owner,15,15,physical_core_region,Intel(R) Core(TM) Ultra 7 265KF,20,20,isolated,450.15604300000001,2187.777337,1354.5841049999999,3955.3090590000002,7497.6705010000005,166.05641700000001,7663.7269180000003,1,3955.3090590000002,166.05641700000001,4121.3654759999999,166.05641700000001,166.05641700000001,166.05641700000001,0,4121.3654759999999,4121.3654759999999,4121.3654759999999,0,0,0,0.95970839811052955,0,0,1924445952,3994.53125,0,0,0,3955.3090590000002,0,0,166.05641700000001,0,0,0,PASS,,"Owner-computes by CSR row block; no atomics, but elements may be recomputed by multiple owners",Linux;x86_64;GCC 13.3;OpenMP 201511,close,cores,FALSE,2,3994.531250,process_ru_maxrss,resource.getrusage(RUSAGE_CHILDREN).ru_maxrss
pgsa-cross-platform-v1,local,full_host,,standalone,3d-WindTurbineHub,3d-WindTurbineHub,Tet4,physics_tet4,physics_tet4,228384,1113684,685152,27502200,cpu_row_owner,15,15,physical_core_region,Intel(R) Core(TM) Ultra 7 265KF,20,20,isolated,456.25269300000002,2192.8832419999999,1344.9538580000001,3955.9355719999999,7493.7726719999991,165.64708400000001,7659.4197559999993,1,3955.9355719999999,165.64708400000001,4121.5826559999996,165.64708400000001,165.64708400000001,165.64708400000001,0,4121.5826559999996,4121.5826559999996,4121.5826559999996,0,0,0,0.95980983572927769,0,0,1924445952,3994.55078125,0,0,0,3955.9355719999999,0,0,165.64708400000001,0,0,0,PASS,,"Owner-computes by CSR row block; no atomics, but elements may be recomputed by multiple owners",Linux;x86_64;GCC 13.3;OpenMP 201511,close,cores,FALSE,3,3994.550781,process_ru_maxrss,resource.getrusage(RUSAGE_CHILDREN).ru_maxrss
pgsa-cross-platform-v1,local,full_host,,standalone,3d-WindTurbineHub,3d-WindTurbineHub,Tet4,physics_tet4,physics_tet4,228384,1113684,685152,27502200,cpu_row_owner,16,16,physical_core_region,Intel(R) Core(TM) Ultra 7 265KF,20,20,isolated,452.31244800000002,2196.9073880000001,1340.0002360000001,3818.1561280000001,7355.063752,160.90743499999999,7515.9711870000001,1,3818.1561280000001,160.90743499999999,3979.0635630000002,160.90743499999999,160.90743499999999,160.90743499999999,0,3979.0635630000002,3979.0635630000002,3979.0635630000002,0,0,0,0.95956148162692723,0,0,1924445952,3982.80859375,0,0,0,3818.1561280000001,0,0,160.90743499999999,0,0,0,PASS,,"Owner-computes by CSR row block; no atomics, but elements may be recomputed by multiple owners",Linux;x86_64;GCC 13.3;OpenMP 201511,close,cores,FALSE,1,3982.808594,process_ru_maxrss,resource.getrusage(RUSAGE_CHILDREN).ru_maxrss
pgsa-cross-platform-v1,local,full_host,,standalone,3d-WindTurbineHub,3d-WindTurbineHub,Tet4,physics_tet4,physics_tet4,228384,1113684,685152,27502200,cpu_row_owner,16,16,physical_core_region,Intel(R) Core(TM) Ultra 7 265KF,20,20,isolated,453.64050700000001,2201.3734250000002,1343.270626,3830.9524929999998,7375.596544,161.90134,7537.4978840000003,1,3830.9524929999998,161.90134,3992.8538329999997,161.90134,161.90134,161.90134,0,3992.8538329999997,3992.8538329999997,3992.8538329999997,0,0,0,0.95945222470656866,0,0,1924445952,3982.640625,0,0,0,3830.9524929999998,0,0,161.90134,0,0,0,PASS,,"Owner-computes by CSR row block; no atomics, but elements may be recomputed by multiple owners",Linux;x86_64;GCC 13.3;OpenMP 201511,close,cores,FALSE,2,3982.640625,process_ru_maxrss,resource.getrusage(RUSAGE_CHILDREN).ru_maxrss
pgsa-cross-platform-v1,local,full_host,,standalone,3d-WindTurbineHub,3d-WindTurbineHub,Tet4,physics_tet4,physics_tet4,228384,1113684,685152,27502200,cpu_row_owner,16,16,physical_core_region,Intel(R) Core(TM) Ultra 7 265KF,20,20,isolated,452.73160200000001,2192.5023660000002,1349.966089,3830.712078,7373.1805330000007,159.282084,7532.462617000001,1,3830.712078,159.282084,3989.994162,159.282084,159.282084,159.282084,0,3989.994162,3989.994162,3989.994162,0,0,0,0.96007961978566925,0,0,1924445952,3982.62109375,0,0,0,3830.712078,0,0,159.282084,0,0,0,PASS,,"Owner-computes by CSR row block; no atomics, but elements may be recomputed by multiple owners",Linux;x86_64;GCC 13.3;OpenMP 201511,close,cores,FALSE,3,3982.621094,process_ru_maxrss,resource.getrusage(RUSAGE_CHILDREN).ru_maxrss
pgsa-cross-platform-v1,local,full_host,,standalone,3d-WindTurbineHub,3d-WindTurbineHub,Tet4,physics_tet4,physics_tet4,228384,1113684,685152,27502200,cpu_row_owner,17,17,physical_core_region,Intel(R) Core(TM) Ultra 7 265KF,20,20,isolated,455.74420500000002,2192.6434479999998,1339.5266999999999,3792.7670659999999,7324.9372139999996,156.52467300000001,7481.4618869999995,1,3792.7670659999999,156.52467300000001,3949.2917389999998,156.52467300000001,156.52467300000001,156.52467300000001,0,3949.2917389999998,3949.2917389999998,3949.2917389999998,0,0,0,0.9603663939398831,0,0,1924445952,3972.44921875,0,0,0,3792.7670659999999,0,0,156.52467300000001,0,0,0,PASS,,"Owner-computes by CSR row block; no atomics, but elements may be recomputed by multiple owners",Linux;x86_64;GCC 13.3;OpenMP 201511,close,cores,FALSE,1,3972.449219,process_ru_maxrss,resource.getrusage(RUSAGE_CHILDREN).ru_maxrss
pgsa-cross-platform-v1,local,full_host,,standalone,3d-WindTurbineHub,3d-WindTurbineHub,Tet4,physics_tet4,physics_tet4,228384,1113684,685152,27502200,cpu_row_owner,17,17,physical_core_region,Intel(R) Core(TM) Ultra 7 265KF,20,20,isolated,456.38824199999999,2213.2734110000001,1352.0018689999999,3791.4204970000001,7356.6957769999999,155.83549600000001,7512.5312729999996,1,3791.4204970000001,155.83549600000001,3947.2559930000002,155.83549600000001,155.83549600000001,155.83549600000001,0,3947.2559930000002,3947.2559930000002,3947.2559930000002,0,0,0,0.9605205499019176,0,0,1924445952,3972.36328125,0,0,0,3791.4204970000001,0,0,155.83549600000001,0,0,0,PASS,,"Owner-computes by CSR row block; no atomics, but elements may be recomputed by multiple owners",Linux;x86_64;GCC 13.3;OpenMP 201511,close,cores,FALSE,2,3972.363281,process_ru_maxrss,resource.getrusage(RUSAGE_CHILDREN).ru_maxrss
pgsa-cross-platform-v1,local,full_host,,standalone,3d-WindTurbineHub,3d-WindTurbineHub,Tet4,physics_tet4,physics_tet4,228384,1113684,685152,27502200,cpu_row_owner,17,17,physical_core_region,Intel(R) Core(TM) Ultra 7 265KF,20,20,isolated,450.57006999999999,2204.7272200000002,1339.6559629999999,3806.731436,7351.1146189999999,157.07382100000001,7508.1884399999999,1,3806.731436,157.07382100000001,3963.805257,157.07382100000001,157.07382100000001,157.07382100000001,0,3963.805257,3963.805257,3963.805257,0,0,0,0.96037297222848905,0,0,1924445952,3972.484375,0,0,0,3806.731436,0,0,157.07382100000001,0,0,0,PASS,,"Owner-computes by CSR row block; no atomics, but elements may be recomputed by multiple owners",Linux;x86_64;GCC 13.3;OpenMP 201511,close,cores,FALSE,3,3972.484375,process_ru_maxrss,resource.getrusage(RUSAGE_CHILDREN).ru_maxrss
pgsa-cross-platform-v1,local,full_host,,standalone,3d-WindTurbineHub,3d-WindTurbineHub,Tet4,physics_tet4,physics_tet4,228384,1113684,685152,27502200,cpu_row_owner,18,18,physical_core_region,Intel(R) Core(TM) Ultra 7 265KF,20,20,isolated,452.25538599999999,2210.836483,1352.2983160000001,3811.8444420000001,7374.9792410000009,153.17039199999999,7528.1496330000009,1,3811.8444420000001,153.17039199999999,3965.0148340000001,153.17039199999999,153.17039199999999,153.17039199999999,0,3965.0148340000001,3965.0148340000001,3965.0148340000001,0,0,0,0.96136952863667391,0,0,1924445952,3978.67578125,0,0,0,3811.8444420000001,0,0,153.17039199999999,0,0,0,PASS,,"Owner-computes by CSR row block; no atomics, but elements may be recomputed by multiple owners",Linux;x86_64;GCC 13.3;OpenMP 201511,close,cores,FALSE,1,3978.675781,process_ru_maxrss,resource.getrusage(RUSAGE_CHILDREN).ru_maxrss
pgsa-cross-platform-v1,local,full_host,,standalone,3d-WindTurbineHub,3d-WindTurbineHub,Tet4,physics_tet4,physics_tet4,228384,1113684,685152,27502200,cpu_row_owner,18,18,physical_core_region,Intel(R) Core(TM) Ultra 7 265KF,20,20,isolated,454.674577,2211.7500730000002,1355.5318970000001,3826.1621399999999,7393.4441100000004,152.32883899999999,7545.7729490000002,1,3826.1621399999999,152.32883899999999,3978.4909789999997,152.32883899999999,152.32883899999999,152.32883899999999,0,3978.4909789999997,3978.4909789999997,3978.4909789999997,0,0,0,0.96171190539225804,0,0,1924445952,3978.59375,0,0,0,3826.1621399999999,0,0,152.32883899999999,0,0,0,PASS,,"Owner-computes by CSR row block; no atomics, but elements may be recomputed by multiple owners",Linux;x86_64;GCC 13.3;OpenMP 201511,close,cores,FALSE,2,3978.593750,process_ru_maxrss,resource.getrusage(RUSAGE_CHILDREN).ru_maxrss
pgsa-cross-platform-v1,local,full_host,,standalone,3d-WindTurbineHub,3d-WindTurbineHub,Tet4,physics_tet4,physics_tet4,228384,1113684,685152,27502200,cpu_row_owner,18,18,physical_core_region,Intel(R) Core(TM) Ultra 7 265KF,20,20,isolated,458.09927399999998,2218.7931669999998,1356.0569780000001,3833.0837110000002,7407.9338559999997,152.05827600000001,7559.9921319999994,1,3833.0837110000002,152.05827600000001,3985.1419870000004,152.05827600000001,152.05827600000001,152.05827600000001,0,3985.1419870000004,3985.1419870000004,3985.1419870000004,0,0,0,0.96184369929703084,0,0,1924445952,3978.625,0,0,0,3833.0837110000002,0,0,152.05827600000001,0,0,0,PASS,,"Owner-computes by CSR row block; no atomics, but elements may be recomputed by multiple owners",Linux;x86_64;GCC 13.3;OpenMP 201511,close,cores,FALSE,3,3978.625000,process_ru_maxrss,resource.getrusage(RUSAGE_CHILDREN).ru_maxrss
pgsa-cross-platform-v1,local,full_host,,standalone,3d-WindTurbineHub,3d-WindTurbineHub,Tet4,physics_tet4,physics_tet4,228384,1113684,685152,27502200,cpu_row_owner,19,19,physical_core_region,Intel(R) Core(TM) Ultra 7 265KF,20,20,isolated,455.75321300000002,2219.5784100000001,1352.097822,3615.6501680000001,7187.3263999999999,148.99038899999999,7336.3167889999995,1,3615.6501680000001,148.99038899999999,3764.6405570000002,148.99038899999999,148.99038899999999,148.99038899999999,0,3764.6405570000002,3764.6405570000002,3764.6405570000002,0,0,0,0.96042374119277707,0,0,1924445952,3955.45703125,0,0,0,3615.6501680000001,0,0,148.99038899999999,0,0,0,PASS,,"Owner-computes by CSR row block; no atomics, but elements may be recomputed by multiple owners",Linux;x86_64;GCC 13.3;OpenMP 201511,close,cores,FALSE,1,3955.457031,process_ru_maxrss,resource.getrusage(RUSAGE_CHILDREN).ru_maxrss
pgsa-cross-platform-v1,local,full_host,,standalone,3d-WindTurbineHub,3d-WindTurbineHub,Tet4,physics_tet4,physics_tet4,228384,1113684,685152,27502200,cpu_row_owner,19,19,physical_core_region,Intel(R) Core(TM) Ultra 7 265KF,20,20,isolated,456.72063900000001,2224.7265990000001,1356.6975580000001,3627.0461959999998,7208.4703530000006,148.237393,7356.707746000001,1,3627.0461959999998,148.237393,3775.2835889999997,148.237393,148.237393,148.237393,0,3775.2835889999997,3775.2835889999997,3775.2835889999997,0,0,0,0.96073476614262365,0,0,1924445952,3955.453125,0,0,0,3627.0461959999998,0,0,148.237393,0,0,0,PASS,,"Owner-computes by CSR row block; no atomics, but elements may be recomputed by multiple owners",Linux;x86_64;GCC 13.3;OpenMP 201511,close,cores,FALSE,2,3955.453125,process_ru_maxrss,resource.getrusage(RUSAGE_CHILDREN).ru_maxrss
pgsa-cross-platform-v1,local,full_host,,standalone,3d-WindTurbineHub,3d-WindTurbineHub,Tet4,physics_tet4,physics_tet4,228384,1113684,685152,27502200,cpu_row_owner,19,19,physical_core_region,Intel(R) Core(TM) Ultra 7 265KF,20,20,isolated,458.45039200000002,2221.2671070000001,1356.873803,3616.2285379999998,7194.3694479999995,147.74313799999999,7342.1125859999993,1,3616.2285379999998,147.74313799999999,3763.9716759999997,147.74313799999999,147.74313799999999,147.74313799999999,0,3763.9716759999997,3763.9716759999997,3763.9716759999997,0,0,0,0.96074807391829065,0,0,1924445952,3955.31640625,0,0,0,3616.2285379999998,0,0,147.74313799999999,0,0,0,PASS,,"Owner-computes by CSR row block; no atomics, but elements may be recomputed by multiple owners",Linux;x86_64;GCC 13.3;OpenMP 201511,close,cores,FALSE,3,3955.316406,process_ru_maxrss,resource.getrusage(RUSAGE_CHILDREN).ru_maxrss
pgsa-cross-platform-v1,local,full_host,,standalone,3d-WindTurbineHub,3d-WindTurbineHub,Tet4,physics_tet4,physics_tet4,228384,1113684,685152,27502200,cpu_row_owner,20,20,physical_core_region,Intel(R) Core(TM) Ultra 7 265KF,20,20,isolated,459.051918,2227.6500430000001,1362.152075,3592.3334180000002,7182.1355359999998,159.741389,7341.8769249999996,1,3592.3334180000002,159.741389,3752.074807,159.741389,159.741389,159.741389,0,3752.074807,3752.074807,3752.074807,0,0,0,0.9574258517708707,0,0,1924445952,3948.296875,0,0,0,3592.3334180000002,0,0,159.741389,0,0,0,PASS,,"Owner-computes by CSR row block; no atomics, but elements may be recomputed by multiple owners",Linux;x86_64;GCC 13.3;OpenMP 201511,close,cores,FALSE,1,3948.296875,process_ru_maxrss,resource.getrusage(RUSAGE_CHILDREN).ru_maxrss
pgsa-cross-platform-v1,local,full_host,,standalone,3d-WindTurbineHub,3d-WindTurbineHub,Tet4,physics_tet4,physics_tet4,228384,1113684,685152,27502200,cpu_row_owner,20,20,physical_core_region,Intel(R) Core(TM) Ultra 7 265KF,20,20,isolated,459.75288699999999,2219.560332,1357.7730449999999,3594.423041,7171.7564179999999,148.495982,7320.2524000000003,1,3594.423041,148.495982,3742.9190229999999,148.495982,148.495982,148.495982,0,3742.9190229999999,3742.9190229999999,3742.9190229999999,0,0,0,0.9603261569145628,0,0,1924445952,3948.21875,0,0,0,3594.423041,0,0,148.495982,0,0,0,PASS,,"Owner-computes by CSR row block; no atomics, but elements may be recomputed by multiple owners",Linux;x86_64;GCC 13.3;OpenMP 201511,close,cores,FALSE,2,3948.218750,process_ru_maxrss,resource.getrusage(RUSAGE_CHILDREN).ru_maxrss
pgsa-cross-platform-v1,local,full_host,,standalone,3d-WindTurbineHub,3d-WindTurbineHub,Tet4,physics_tet4,physics_tet4,228384,1113684,685152,27502200,cpu_row_owner,20,20,physical_core_region,Intel(R) Core(TM) Ultra 7 265KF,20,20,isolated,459.88978400000002,2233.4371150000002,1371.350915,3584.0868700000001,7188.8749000000007,143.085883,7331.9607830000004,1,3584.0868700000001,143.085883,3727.1727530000003,143.085883,143.085883,143.085883,0,3727.1727530000003,3727.1727530000003,3727.1727530000003,0,0,0,0.96161007485235817,0,0,1924445952,3948.1015625,0,0,0,3584.0868700000001,0,0,143.085883,0,0,0,PASS,,"Owner-computes by CSR row block; no atomics, but elements may be recomputed by multiple owners",Linux;x86_64;GCC 13.3;OpenMP 201511,close,cores,FALSE,3,3948.101562,process_ru_maxrss,resource.getrusage(RUSAGE_CHILDREN).ru_maxrss
