schema_version,sample_id,sample_kind,round,order_position,thread_count,pid,started_at_utc,ended_at_utc,wall_time_seconds,exit_code,peak_working_set_bytes,peak_working_set_source,symbolic_team_size_observed,numeric_team_size_observed,input_prepare_ms,serial_symbolic_ms,serial_numeric_ms,serial_total_ms,parallel_symbolic_ms,parallel_numeric_ms,parallel_total_ms,estimated_persistent_bytes,relative_frobenius_error,max_absolute_error,structure_matches,matrix_correctness_status,scatter_correctness_status,symbolic_plan_matches_serial,numeric_setup_plan_matches_serial,raw_csv_path,raw_json_path,stdout_log_path,stderr_log_path,symbolic_pattern_ms,symbolic_scatter_ms,symbolic_residual_ms,numeric_reset_ms,numeric_kernel_ms,numeric_residual_ms
csc3-demo-linux-process-benchmark-v1,warmup-r01-o01-p01,warmup,1,1,1,291392,2026-07-29T13:44:37.362428Z,2026-07-29T13:44:54.037987Z,16.675559683997562,0,5135958016,wait4.ru_maxrss,1,1,1215.720766,3510.545338,152.68681,3663.232148,3633.57486,574.123691,4207.698551,945274680,0.0,0.0,True,PASS,PASS,True,True,raw/warmup-r01-o01-p01/benchmark_samples.csv,raw/warmup-r01-o01-p01/benchmark_summary.json,raw/warmup-r01-o01-p01/stdout.txt,raw/warmup-r01-o01-p01/stderr.txt,1825.602145,1210.487164,597.4855510000002,6.069235,409.519929,158.53452699999997
csc3-demo-linux-process-benchmark-v1,warmup-r01-o02-p02,warmup,1,2,2,291751,2026-07-29T13:44:54.040930Z,2026-07-29T13:45:07.808729Z,13.767803858001571,0,5135962112,wait4.ru_maxrss,2,2,1230.212886,3431.464231,145.492714,3576.956945,2317.627263,375.681965,2693.309228,945274680,8.828043383413653e-18,0.00390625,True,PASS,PASS,True,True,raw/warmup-r01-o02-p02/benchmark_samples.csv,raw/warmup-r01-o02-p02/benchmark_summary.json,raw/warmup-r01-o02-p02/stdout.txt,raw/warmup-r01-o02-p02/stderr.txt,1019.143131,707.352016,591.1321159999998,6.038711,216.214188,153.429066
csc3-demo-linux-process-benchmark-v1,warmup-r01-o03-p03,warmup,1,3,3,291947,2026-07-29T13:45:07.813335Z,2026-07-29T13:45:20.807081Z,12.99374898699898,0,5136027648,wait4.ru_maxrss,3,3,1246.125896,3481.616335,149.79191,3631.408245,1904.23667,322.743671,2226.980341,945274680,1.3246176392502676e-17,0.0048828125,True,PASS,PASS,True,True,raw/warmup-r01-o03-p03/benchmark_samples.csv,raw/warmup-r01-o03-p03/benchmark_summary.json,raw/warmup-r01-o03-p03/stdout.txt,raw/warmup-r01-o03-p03/stderr.txt,758.188099,549.245918,596.8026530000001,6.00502,161.142669,155.595982
csc3-demo-linux-process-benchmark-v1,warmup-r01-o04-p04,warmup,1,4,4,292120,2026-07-29T13:45:20.813407Z,2026-07-29T13:45:33.394703Z,12.58129790199746,0,5135831040,wait4.ru_maxrss,4,4,1254.786403,3510.138645,150.68488,3660.823525,1697.643651,292.627856,1990.2715070000002,945274680,1.780018729791424e-17,0.005859375,True,PASS,PASS,True,True,raw/warmup-r01-o04-p04/benchmark_samples.csv,raw/warmup-r01-o04-p04/benchmark_summary.json,raw/warmup-r01-o04-p04/stdout.txt,raw/warmup-r01-o04-p04/stderr.txt,633.553015,468.450129,595.6405070000001,6.125712,131.550779,154.95136499999998
csc3-demo-linux-process-benchmark-v1,warmup-r01-o05-p05,warmup,1,5,5,294417,2026-07-29T13:45:33.397085Z,2026-07-29T13:45:45.745161Z,12.348081352000008,0,5135982592,wait4.ru_maxrss,5,5,1238.635868,3536.627821,147.454617,3684.082438,1608.26295,274.35494,1882.61789,945274680,9.144898586885086e-17,0.005859375,True,PASS,PASS,True,True,raw/warmup-r01-o05-p05/benchmark_samples.csv,raw/warmup-r01-o05-p05/benchmark_summary.json,raw/warmup-r01-o05-p05/stdout.txt,raw/warmup-r01-o05-p05/stderr.txt,589.975925,422.301816,595.9852090000002,6.023134,111.855919,156.47588699999997
csc3-demo-linux-process-benchmark-v1,warmup-r01-o06-p06,warmup,1,6,6,294854,2026-07-29T13:45:45.748611Z,2026-07-29T13:45:57.751450Z,12.002842537996912,0,5135921152,wait4.ru_maxrss,6,6,1246.601838,3475.29754,145.568932,3620.866472,1483.629351,259.683862,1743.313213,945274680,1.4798644494834398e-17,0.00390625,True,PASS,PASS,True,True,raw/warmup-r01-o06-p06/benchmark_samples.csv,raw/warmup-r01-o06-p06/benchmark_summary.json,raw/warmup-r01-o06-p06/stdout.txt,raw/warmup-r01-o06-p06/stderr.txt,503.55532,386.489182,593.5848490000001,5.986683,99.461861,154.23531799999998
csc3-demo-linux-process-benchmark-v1,warmup-r01-o07-p07,warmup,1,7,7,295099,2026-07-29T13:45:57.827553Z,2026-07-29T13:46:09.894896Z,12.06734234599935,0,5135556608,wait4.ru_maxrss,7,7,1268.985699,3513.310061,151.912672,3665.222733,1453.742142,253.14587,1706.8880120000001,945274680,1.0880980484794353e-16,0.0068359375,True,PASS,PASS,True,True,raw/warmup-r01-o07-p07/benchmark_samples.csv,raw/warmup-r01-o07-p07/benchmark_summary.json,raw/warmup-r01-o07-p07/stdout.txt,raw/warmup-r01-o07-p07/stderr.txt,488.639321,365.764202,599.3386190000001,6.132668,91.972503,155.04069900000002
csc3-demo-linux-process-benchmark-v1,warmup-r01-o08-p08,warmup,1,8,8,295437,2026-07-29T13:46:09.897464Z,2026-07-29T13:46:21.840921Z,11.943459512000118,0,5135994880,wait4.ru_maxrss,8,8,1247.272747,3493.704542,151.034554,3644.739096,1440.148382,246.883065,1687.031447,945274680,9.820125822967348e-17,0.005859375,True,PASS,PASS,True,True,raw/warmup-r01-o08-p08/benchmark_samples.csv,raw/warmup-r01-o08-p08/benchmark_summary.json,raw/warmup-r01-o08-p08/stdout.txt,raw/warmup-r01-o08-p08/stderr.txt,471.637224,363.744284,604.766874,6.019207,86.563748,154.30011
csc3-demo-linux-process-benchmark-v1,warmup-r01-o09-p09,warmup,1,9,9,296241,2026-07-29T13:46:21.843393Z,2026-07-29T13:46:33.758324Z,11.914936342000146,0,5135544320,wait4.ru_maxrss,9,9,1248.072941,3477.746197,146.426353,3624.17255,1397.815933,250.981668,1648.7976010000002,945274680,1.1647827974610498e-16,0.005859375,True,PASS,PASS,True,True,raw/warmup-r01-o09-p09/benchmark_samples.csv,raw/warmup-r01-o09-p09/benchmark_summary.json,raw/warmup-r01-o09-p09/stdout.txt,raw/warmup-r01-o09-p09/stderr.txt,444.836485,359.614451,593.3649970000001,6.160239,86.288894,158.53253500000002
csc3-demo-linux-process-benchmark-v1,warmup-r01-o10-p10,warmup,1,10,10,296438,2026-07-29T13:46:33.761000Z,2026-07-29T13:46:45.599812Z,11.83881575900159,0,5135994880,wait4.ru_maxrss,10,10,1259.03426,3469.380053,148.026947,3617.4069999999997,1375.540513,246.455071,1621.995584,945274680,1.279743816523254e-16,0.0068359375,True,PASS,PASS,True,True,raw/warmup-r01-o10-p10/benchmark_samples.csv,raw/warmup-r01-o10-p10/benchmark_summary.json,raw/warmup-r01-o10-p10/stdout.txt,raw/warmup-r01-o10-p10/stderr.txt,429.118752,350.349569,596.072192,6.035308,86.29487,154.12489300000001
csc3-demo-linux-process-benchmark-v1,warmup-r01-o11-p11,warmup,1,11,11,296670,2026-07-29T13:46:45.602246Z,2026-07-29T13:46:57.468208Z,11.865968609999982,0,5135900672,wait4.ru_maxrss,11,11,1248.128928,3489.41043,150.927505,3640.337935,1362.238886,251.104783,1613.343669,945274680,1.3661778404788923e-16,0.0068359375,True,PASS,PASS,True,True,raw/warmup-r01-o11-p11/benchmark_samples.csv,raw/warmup-r01-o11-p11/benchmark_summary.json,raw/warmup-r01-o11-p11/stdout.txt,raw/warmup-r01-o11-p11/stderr.txt,412.213361,349.757681,600.267844,6.052288,87.173149,157.879346
csc3-demo-linux-process-benchmark-v1,warmup-r01-o12-p12,warmup,1,12,12,296877,2026-07-29T13:46:57.470895Z,2026-07-29T13:47:09.302870Z,11.831978225000057,0,5135736832,wait4.ru_maxrss,12,12,1277.813253,3537.708508,148.682053,3686.390561,1323.017478,254.016736,1577.034214,945274680,2.060103948918266e-17,0.005859375,True,PASS,PASS,True,True,raw/warmup-r01-o12-p12/benchmark_samples.csv,raw/warmup-r01-o12-p12/benchmark_summary.json,raw/warmup-r01-o12-p12/stdout.txt,raw/warmup-r01-o12-p12/stderr.txt,389.910905,336.203639,596.902934,5.941621,87.167362,160.907753
csc3-demo-linux-process-benchmark-v1,warmup-r01-o13-p13,warmup,1,13,13,297257,2026-07-29T13:47:09.305522Z,2026-07-29T13:47:21.119018Z,11.81350065299921,0,5135970304,wait4.ru_maxrss,13,13,1263.716239,3512.287266,148.453211,3660.740477,1306.44775,245.231061,1551.678811,945274680,1.4671778805247013e-16,0.0068359375,True,PASS,PASS,True,True,raw/warmup-r01-o13-p13/benchmark_samples.csv,raw/warmup-r01-o13-p13/benchmark_summary.json,raw/warmup-r01-o13-p13/stdout.txt,raw/warmup-r01-o13-p13/stderr.txt,376.807606,332.024561,597.615583,6.0619,81.907429,157.261732
csc3-demo-linux-process-benchmark-v1,warmup-r01-o14-p14,warmup,1,14,14,297523,2026-07-29T13:47:21.121668Z,2026-07-29T13:47:32.799600Z,11.677936182000849,0,5135806464,wait4.ru_maxrss,14,14,1246.448522,3449.425534,145.433446,3594.85898,1285.628136,241.016394,1526.64453,945274680,1.4800083087183866e-16,0.005859375,True,PASS,PASS,True,True,raw/warmup-r01-o14-p14/benchmark_samples.csv,raw/warmup-r01-o14-p14/benchmark_summary.json,raw/warmup-r01-o14-p14/stdout.txt,raw/warmup-r01-o14-p14/stderr.txt,370.37121,325.049235,590.2076910000001,5.966359,79.722887,155.32714799999997
csc3-demo-linux-process-benchmark-v1,warmup-r01-o15-p15,warmup,1,15,15,297686,2026-07-29T13:47:32.803543Z,2026-07-29T13:47:44.605154Z,11.801616116001242,0,5135941632,wait4.ru_maxrss,15,15,1267.693622,3523.482703,149.524958,3673.007661,1282.903425,241.143014,1524.046439,945274680,1.5158306763852218e-16,0.0078125,True,PASS,PASS,True,True,raw/warmup-r01-o15-p15/benchmark_samples.csv,raw/warmup-r01-o15-p15/benchmark_summary.json,raw/warmup-r01-o15-p15/stdout.txt,raw/warmup-r01-o15-p15/stderr.txt,366.833446,317.346112,598.7238669999999,6.171555,79.16395,155.80750899999998
csc3-demo-linux-process-benchmark-v1,warmup-r01-o16-p16,warmup,1,16,16,297862,2026-07-29T13:47:44.610815Z,2026-07-29T13:47:56.431457Z,11.820645786003297,0,5135654912,wait4.ru_maxrss,16,16,1267.472844,3494.075651,149.366109,3643.44176,1287.040989,244.267302,1531.308291,945274680,1.4945722578909825e-16,0.0068359375,True,PASS,PASS,True,True,raw/warmup-r01-o16-p16/benchmark_samples.csv,raw/warmup-r01-o16-p16/benchmark_summary.json,raw/warmup-r01-o16-p16/stdout.txt,raw/warmup-r01-o16-p16/stderr.txt,364.582687,319.026182,603.4321199999999,6.177523,82.736283,155.353496
csc3-demo-linux-process-benchmark-v1,warmup-r01-o17-p17,warmup,1,17,17,298099,2026-07-29T13:47:56.435300Z,2026-07-29T13:48:08.334680Z,11.899384082000324,0,5135892480,wait4.ru_maxrss,17,17,1266.253753,3498.317232,148.892316,3647.209548,1274.721544,244.475444,1519.196988,945274680,1.5104407228678672e-16,0.005859375,True,PASS,PASS,True,True,raw/warmup-r01-o17-p17/benchmark_samples.csv,raw/warmup-r01-o17-p17/benchmark_summary.json,raw/warmup-r01-o17-p17/stdout.txt,raw/warmup-r01-o17-p17/stderr.txt,361.727328,314.429961,598.564255,6.108174,79.324434,159.04283600000002
csc3-demo-linux-process-benchmark-v1,warmup-r01-o18-p18,warmup,1,18,18,298709,2026-07-29T13:48:08.341304Z,2026-07-29T13:48:20.211773Z,11.870473686998594,0,5135998976,wait4.ru_maxrss,18,18,1273.12054,3525.962546,153.016145,3678.9786910000003,1277.948266,275.246207,1553.194473,945274680,1.4949057387725666e-16,0.005859375,True,PASS,PASS,True,True,raw/warmup-r01-o18-p18/benchmark_samples.csv,raw/warmup-r01-o18-p18/benchmark_summary.json,raw/warmup-r01-o18-p18/stdout.txt,raw/warmup-r01-o18-p18/stderr.txt,365.330958,313.509343,599.1079650000001,6.440605,102.482177,166.32342500000004
csc3-demo-linux-process-benchmark-v1,warmup-r01-o19-p19,warmup,1,19,19,299200,2026-07-29T13:48:20.273973Z,2026-07-29T13:48:32.095809Z,11.821837662002508,0,5136109568,wait4.ru_maxrss,19,19,1268.119272,3510.308766,155.471665,3665.780431,1304.154045,262.720462,1566.874507,945274680,1.5280099636517074e-16,0.0068359375,True,PASS,PASS,True,True,raw/warmup-r01-o19-p19/benchmark_samples.csv,raw/warmup-r01-o19-p19/benchmark_summary.json,raw/warmup-r01-o19-p19/stdout.txt,raw/warmup-r01-o19-p19/stderr.txt,361.779725,347.101463,595.2728569999999,6.212618,93.971358,162.53648599999997
csc3-demo-linux-process-benchmark-v1,warmup-r01-o20-p20,warmup,1,20,20,299643,2026-07-29T13:48:32.098569Z,2026-07-29T13:48:43.788052Z,11.689487805000681,0,5135982592,wait4.ru_maxrss,20,20,1262.135609,3537.118998,145.91708,3683.036078,1255.727945,249.819453,1505.5473980000002,945274680,1.4332514772104439e-16,0.005859375,True,PASS,PASS,True,True,raw/warmup-r01-o20-p20/benchmark_samples.csv,raw/warmup-r01-o20-p20/benchmark_summary.json,raw/warmup-r01-o20-p20/stdout.txt,raw/warmup-r01-o20-p20/stderr.txt,352.273416,312.557904,590.8966250000001,5.976892,87.868764,155.97379700000002
csc3-demo-linux-process-benchmark-v1,warmup-r02-o01-p20,warmup,2,1,20,299850,2026-07-29T13:48:43.790881Z,2026-07-29T13:48:55.613429Z,11.82255198099665,0,5135933440,wait4.ru_maxrss,20,20,1271.437267,3479.510193,149.146712,3628.6569050000003,1309.702981,256.430602,1566.1335829999998,945274680,1.5033190156528068e-16,0.0078125,True,PASS,PASS,True,True,raw/warmup-r02-o01-p20/benchmark_samples.csv,raw/warmup-r02-o01-p20/benchmark_summary.json,raw/warmup-r02-o01-p20/stdout.txt,raw/warmup-r02-o01-p20/stderr.txt,368.546783,340.568264,600.5879339999999,6.239087,87.021515,163.17000000000002
csc3-demo-linux-process-benchmark-v1,warmup-r02-o02-p19,warmup,2,2,19,300069,2026-07-29T13:48:55.691320Z,2026-07-29T13:49:07.380901Z,11.689583947001665,0,5135872000,wait4.ru_maxrss,19,19,1271.4945,3485.551949,151.109903,3636.661852,1254.045909,259.104965,1513.150874,945274680,1.5281392334584767e-16,0.0078125,True,PASS,PASS,True,True,raw/warmup-r02-o02-p19/benchmark_samples.csv,raw/warmup-r02-o02-p19/benchmark_summary.json,raw/warmup-r02-o02-p19/stdout.txt,raw/warmup-r02-o02-p19/stderr.txt,355.454558,309.547301,589.04405,6.232152,91.475835,161.396978
csc3-demo-linux-process-benchmark-v1,warmup-r02-o03-p18,warmup,2,3,18,300255,2026-07-29T13:49:07.384030Z,2026-07-29T13:49:19.089863Z,11.705837268000323,0,5135867904,wait4.ru_maxrss,18,18,1270.647828,3456.793667,148.107018,3604.900685,1271.971337,259.900423,1531.87176,945274680,1.4950899830454124e-16,0.0078125,True,PASS,PASS,True,True,raw/warmup-r02-o03-p18/benchmark_samples.csv,raw/warmup-r02-o03-p18/benchmark_summary.json,raw/warmup-r02-o03-p18/stdout.txt,raw/warmup-r02-o03-p18/stderr.txt,362.395318,312.990008,596.586011,5.958429,97.376987,156.56500699999998
csc3-demo-linux-process-benchmark-v1,warmup-r02-o04-p17,warmup,2,4,17,300411,2026-07-29T13:49:19.093414Z,2026-07-29T13:49:30.898927Z,11.805518164001114,0,5135867904,wait4.ru_maxrss,17,17,1284.501495,3546.217268,152.265202,3698.48247,1276.345947,241.084239,1517.430186,945274680,1.5341271499380448e-16,0.005859375,True,PASS,PASS,True,True,raw/warmup-r02-o04-p17/benchmark_samples.csv,raw/warmup-r02-o04-p17/benchmark_summary.json,raw/warmup-r02-o04-p17/stdout.txt,raw/warmup-r02-o04-p17/stderr.txt,363.512663,318.242833,594.590451,5.95575,80.26211,154.866379
csc3-demo-linux-process-benchmark-v1,warmup-r02-o05-p16,warmup,2,5,16,300665,2026-07-29T13:49:30.963337Z,2026-07-29T13:49:42.677683Z,11.714347478999116,0,5136035840,wait4.ru_maxrss,16,16,1285.901474,3508.044208,147.577081,3655.6212889999997,1268.100248,234.607755,1502.708003,945274680,1.4957535402386458e-16,0.0068359375,True,PASS,PASS,True,True,raw/warmup-r02-o05-p16/benchmark_samples.csv,raw/warmup-r02-o05-p16/benchmark_summary.json,raw/warmup-r02-o05-p16/stdout.txt,raw/warmup-r02-o05-p16/stderr.txt,358.983922,315.91748,593.198846,6.019161,74.772865,153.815729
csc3-demo-linux-process-benchmark-v1,warmup-r02-o06-p15,warmup,2,6,15,300842,2026-07-29T13:49:42.682308Z,2026-07-29T13:49:54.414678Z,11.732375360999868,0,5136146432,wait4.ru_maxrss,15,15,1272.717296,3471.905447,151.454396,3623.359843,1275.874804,234.18642,1510.061224,945274680,1.4973851012269456e-16,0.0078125,True,PASS,PASS,True,True,raw/warmup-r02-o06-p15/benchmark_samples.csv,raw/warmup-r02-o06-p15/benchmark_summary.json,raw/warmup-r02-o06-p15/stdout.txt,raw/warmup-r02-o06-p15/stderr.txt,367.509378,313.978461,594.3869650000001,5.994599,75.919321,152.2725
csc3-demo-linux-process-benchmark-v1,warmup-r02-o07-p14,warmup,2,7,14,301117,2026-07-29T13:49:54.421798Z,2026-07-29T13:50:06.193267Z,11.77147309999782,0,5135593472,wait4.ru_maxrss,14,14,1267.496121,3468.970074,150.254666,3619.2247399999997,1294.259102,244.63395,1538.893052,945274680,1.5042377351112665e-16,0.0078125,True,PASS,PASS,True,True,raw/warmup-r02-o07-p14/benchmark_samples.csv,raw/warmup-r02-o07-p14/benchmark_summary.json,raw/warmup-r02-o07-p14/stdout.txt,raw/warmup-r02-o07-p14/stderr.txt,374.756534,323.240799,596.261769,5.938671,81.95708,156.738199
csc3-demo-linux-process-benchmark-v1,warmup-r02-o08-p13,warmup,2,8,13,301492,2026-07-29T13:50:06.243128Z,2026-07-29T13:50:18.104498Z,11.861369042999286,0,5135757312,wait4.ru_maxrss,13,13,1281.31921,3516.710232,150.081006,3666.791238,1306.275975,249.539892,1555.815867,945274680,1.468680863343351e-16,0.0068359375,True,PASS,PASS,True,True,raw/warmup-r02-o08-p13/benchmark_samples.csv,raw/warmup-r02-o08-p13/benchmark_summary.json,raw/warmup-r02-o08-p13/stdout.txt,raw/warmup-r02-o08-p13/stderr.txt,379.411032,329.713906,597.1510370000001,6.121462,85.743268,157.675162
csc3-demo-linux-process-benchmark-v1,warmup-r02-o09-p12,warmup,2,9,12,302034,2026-07-29T13:50:18.107528Z,2026-07-29T13:50:30.025058Z,11.917536082000879,0,5135917056,wait4.ru_maxrss,12,12,1288.13811,3594.802198,152.700921,3747.503119,1328.823972,248.457607,1577.281579,945274680,1.9877364423360947e-17,0.0078125,True,PASS,PASS,True,True,raw/warmup-r02-o09-p12/benchmark_samples.csv,raw/warmup-r02-o09-p12/benchmark_summary.json,raw/warmup-r02-o09-p12/stdout.txt,raw/warmup-r02-o09-p12/stderr.txt,390.185665,338.42055,600.2177569999999,6.026329,86.918081,155.513197
csc3-demo-linux-process-benchmark-v1,warmup-r02-o10-p11,warmup,2,10,11,302425,2026-07-29T13:50:30.028474Z,2026-07-29T13:50:41.953083Z,11.924608899000305,0,5135986688,wait4.ru_maxrss,11,11,1282.430224,3496.651126,150.185614,3646.83674,1352.159441,246.449279,1598.60872,945274680,1.3623120934318845e-16,0.0068359375,True,PASS,PASS,True,True,raw/warmup-r02-o10-p11/benchmark_samples.csv,raw/warmup-r02-o10-p11/benchmark_summary.json,raw/warmup-r02-o10-p11/stdout.txt,raw/warmup-r02-o10-p11/stderr.txt,407.507572,344.653626,599.998243,5.922278,86.433829,154.09317199999998
csc3-demo-linux-process-benchmark-v1,warmup-r02-o11-p10,warmup,2,11,10,302668,2026-07-29T13:50:41.957052Z,2026-07-29T13:50:53.937932Z,11.980884279000747,0,5135855616,wait4.ru_maxrss,10,10,1277.599269,3472.397556,150.365381,3622.762937,1387.758506,252.21166,1639.9701659999998,945274680,1.279320816999515e-16,0.0068359375,True,PASS,PASS,True,True,raw/warmup-r02-o11-p10/benchmark_samples.csv,raw/warmup-r02-o11-p10/benchmark_summary.json,raw/warmup-r02-o11-p10/stdout.txt,raw/warmup-r02-o11-p10/stderr.txt,433.301252,355.16617,599.291084,6.150374,88.082146,157.97914
csc3-demo-linux-process-benchmark-v1,warmup-r02-o12-p09,warmup,2,12,9,302884,2026-07-29T13:50:53.941152Z,2026-07-29T13:51:06.082237Z,12.141087261999928,0,5135876096,wait4.ru_maxrss,9,9,1280.281074,3497.129505,155.059556,3652.189061,1428.550942,275.534095,1704.085037,945274680,1.1649890560146406e-16,0.005859375,True,PASS,PASS,True,True,raw/warmup-r02-o12-p09/benchmark_samples.csv,raw/warmup-r02-o12-p09/benchmark_summary.json,raw/warmup-r02-o12-p09/stdout.txt,raw/warmup-r02-o12-p09/stderr.txt,454.134766,368.943717,605.4724590000001,6.288835,102.997203,166.24805699999996
csc3-demo-linux-process-benchmark-v1,warmup-r02-o13-p08,warmup,2,13,8,303080,2026-07-29T13:51:06.086164Z,2026-07-29T13:51:18.391697Z,12.305535618001159,0,5136101376,wait4.ru_maxrss,8,8,1304.915155,3612.425786,156.455395,3768.8811809999997,1442.595882,251.002429,1693.5983110000002,945274680,9.817303261112153e-17,0.005859375,True,PASS,PASS,True,True,raw/warmup-r02-o13-p08/benchmark_samples.csv,raw/warmup-r02-o13-p08/benchmark_summary.json,raw/warmup-r02-o13-p08/stdout.txt,raw/warmup-r02-o13-p08/stderr.txt,474.271975,369.416964,598.9069430000001,6.054058,83.903224,161.04514700000001
csc3-demo-linux-process-benchmark-v1,warmup-r02-o14-p07,warmup,2,14,7,303425,2026-07-29T13:51:18.395079Z,2026-07-29T13:51:30.459930Z,12.064856598000915,0,5135822848,wait4.ru_maxrss,7,7,1265.49003,3485.736472,150.603373,3636.339845,1455.060252,257.815338,1712.87559,945274680,1.0880049660843855e-16,0.0068359375,True,PASS,PASS,True,True,raw/warmup-r02-o14-p07/benchmark_samples.csv,raw/warmup-r02-o14-p07/benchmark_summary.json,raw/warmup-r02-o14-p07/stdout.txt,raw/warmup-r02-o14-p07/stderr.txt,486.961501,368.444012,599.6547390000001,6.200902,91.886344,159.728092
csc3-demo-linux-process-benchmark-v1,warmup-r02-o15-p06,warmup,2,15,6,303719,2026-07-29T13:51:30.463788Z,2026-07-29T13:51:42.722869Z,12.259084998000617,0,5135679488,wait4.ru_maxrss,6,6,1274.054114,3507.980285,151.592629,3659.5729140000003,1507.975873,266.679307,1774.6551800000002,945274680,1.5222377341661208e-17,0.00390625,True,PASS,PASS,True,True,raw/warmup-r02-o15-p06/benchmark_samples.csv,raw/warmup-r02-o15-p06/benchmark_summary.json,raw/warmup-r02-o15-p06/stdout.txt,raw/warmup-r02-o15-p06/stderr.txt,516.15943,389.372768,602.443675,6.040315,101.066971,159.57202099999998
csc3-demo-linux-process-benchmark-v1,warmup-r02-o16-p05,warmup,2,16,5,303881,2026-07-29T13:51:42.726389Z,2026-07-29T13:51:55.400147Z,12.673760182002297,0,5135634432,wait4.ru_maxrss,5,5,1301.010794,3552.267244,160.570298,3712.837542,1644.758723,288.342585,1933.1013079999998,945274680,9.144026008139725e-17,0.005859375,True,PASS,PASS,True,True,raw/warmup-r02-o16-p05/benchmark_samples.csv,raw/warmup-r02-o16-p05/benchmark_summary.json,raw/warmup-r02-o16-p05/stdout.txt,raw/warmup-r02-o16-p05/stderr.txt,607.92061,430.859288,605.9788249999998,6.067871,113.546886,168.72782799999996
csc3-demo-linux-process-benchmark-v1,warmup-r02-o17-p04,warmup,2,17,4,304357,2026-07-29T13:51:55.403812Z,2026-07-29T13:52:08.177513Z,12.773705469997367,0,5135478784,wait4.ru_maxrss,4,4,1285.713171,3551.623544,163.25039,3714.873934,1715.586401,297.23115,2012.817551,945274680,1.720785125159874e-17,0.005859375,True,PASS,PASS,True,True,raw/warmup-r02-o17-p04/benchmark_samples.csv,raw/warmup-r02-o17-p04/benchmark_summary.json,raw/warmup-r02-o17-p04/stdout.txt,raw/warmup-r02-o17-p04/stderr.txt,639.865384,472.990503,602.7305140000001,6.125884,132.253676,158.85159000000002
csc3-demo-linux-process-benchmark-v1,warmup-r02-o18-p03,warmup,2,18,3,304558,2026-07-29T13:52:08.180772Z,2026-07-29T13:52:21.345876Z,13.16510791300243,0,5135933440,wait4.ru_maxrss,3,3,1299.664838,3520.44875,150.671616,3671.120366,1935.600554,332.628147,2268.228701,945274680,1.2696891685435793e-17,0.0048828125,True,PASS,PASS,True,True,raw/warmup-r02-o18-p03/benchmark_samples.csv,raw/warmup-r02-o18-p03/benchmark_summary.json,raw/warmup-r02-o18-p03/stdout.txt,raw/warmup-r02-o18-p03/stderr.txt,779.88119,552.196811,603.522553,6.271346,163.833674,162.52312700000002
csc3-demo-linux-process-benchmark-v1,warmup-r02-o19-p02,warmup,2,19,2,304724,2026-07-29T13:52:21.349712Z,2026-07-29T13:52:35.462100Z,14.112390640999365,0,5136060416,wait4.ru_maxrss,2,2,1278.972661,3564.421412,150.09656,3714.517972,2350.467251,385.365899,2735.83315,945274680,9.509292467948155e-18,0.00390625,True,PASS,PASS,True,True,raw/warmup-r02-o19-p02/benchmark_samples.csv,raw/warmup-r02-o19-p02/benchmark_summary.json,raw/warmup-r02-o19-p02/stdout.txt,raw/warmup-r02-o19-p02/stderr.txt,1036.268277,716.678746,597.5202280000001,6.042866,219.58512,159.73791300000002
csc3-demo-linux-process-benchmark-v1,warmup-r02-o20-p01,warmup,2,20,1,304993,2026-07-29T13:52:35.465819Z,2026-07-29T13:52:52.421014Z,16.955197004001093,0,5136068608,wait4.ru_maxrss,1,1,1298.746468,3533.161259,155.174118,3688.335377,3627.479403,585.83566,4213.315063,945274680,0.0,0.0,True,PASS,PASS,True,True,raw/warmup-r02-o20-p01/benchmark_samples.csv,raw/warmup-r02-o20-p01/benchmark_summary.json,raw/warmup-r02-o20-p01/stdout.txt,raw/warmup-r02-o20-p01/stderr.txt,1820.993053,1207.898937,598.587413,6.096573,418.822152,160.9169349999999
csc3-demo-linux-process-benchmark-v1,measured-r01-o01-p01,measured,1,1,1,305313,2026-07-29T13:52:52.424004Z,2026-07-29T13:53:09.243926Z,16.819927046002704,0,5136117760,wait4.ru_maxrss,1,1,1295.655692,3497.354546,148.900456,3646.255002,3589.154287,586.8962,4176.0504869999995,945274680,0.0,0.0,True,PASS,PASS,True,True,raw/measured-r01-o01-p01/benchmark_samples.csv,raw/measured-r01-o01-p01/benchmark_summary.json,raw/measured-r01-o01-p01/stdout.txt,raw/measured-r01-o01-p01/stderr.txt,1799.154424,1197.756353,592.2435099999998,6.350852,419.673483,160.871865
csc3-demo-linux-process-benchmark-v1,measured-r01-o02-p02,measured,1,2,2,305519,2026-07-29T13:53:09.248074Z,2026-07-29T13:53:23.326156Z,14.078084051001497,0,5135720448,wait4.ru_maxrss,2,2,1293.159587,3563.150721,150.74953,3713.900251,2326.16755,381.422067,2707.589617,945274680,9.11555596421835e-18,0.00390625,True,PASS,PASS,True,True,raw/measured-r01-o02-p02/benchmark_samples.csv,raw/measured-r01-o02-p02/benchmark_summary.json,raw/measured-r01-o02-p02/stdout.txt,raw/measured-r01-o02-p02/stderr.txt,1016.548566,709.033753,600.5852310000001,6.113975,219.450087,155.85800500000005
csc3-demo-linux-process-benchmark-v1,measured-r01-o03-p03,measured,1,3,3,305694,2026-07-29T13:53:23.329955Z,2026-07-29T13:53:36.528221Z,13.198269544998766,0,5135921152,wait4.ru_maxrss,3,3,1305.23609,3557.283545,154.295789,3711.579334,1911.716114,320.380479,2232.096593,945274680,1.2944028551416822e-17,0.00390625,True,PASS,PASS,True,True,raw/measured-r01-o03-p03/benchmark_samples.csv,raw/measured-r01-o03-p03/benchmark_summary.json,raw/measured-r01-o03-p03/stdout.txt,raw/measured-r01-o03-p03/stderr.txt,764.050143,553.649278,594.0166929999999,5.927499,157.586615,156.86636499999997
csc3-demo-linux-process-benchmark-v1,measured-r01-o04-p04,measured,1,4,4,305951,2026-07-29T13:53:36.531318Z,2026-07-29T13:53:49.308256Z,12.776941224998154,0,5135925248,wait4.ru_maxrss,4,4,1294.990958,3570.539638,152.808235,3723.347873,1711.16733,289.391091,2000.558421,945274680,1.711962677935894e-17,0.005859375,True,PASS,PASS,True,True,raw/measured-r01-o04-p04/benchmark_samples.csv,raw/measured-r01-o04-p04/benchmark_summary.json,raw/measured-r01-o04-p04/stdout.txt,raw/measured-r01-o04-p04/stderr.txt,640.283655,469.350919,601.5327560000001,5.958595,127.299113,156.133383
csc3-demo-linux-process-benchmark-v1,measured-r01-o05-p05,measured,1,5,5,306173,2026-07-29T13:53:49.311531Z,2026-07-29T13:54:01.851471Z,12.539945047999936,0,5135523840,wait4.ru_maxrss,5,5,1287.931686,3514.207308,154.602542,3668.80985,1627.919431,279.421068,1907.340499,945274680,9.144699790414697e-17,0.005859375,True,PASS,PASS,True,True,raw/measured-r01-o05-p05/benchmark_samples.csv,raw/measured-r01-o05-p05/benchmark_summary.json,raw/measured-r01-o05-p05/stdout.txt,raw/measured-r01-o05-p05/stderr.txt,595.293093,425.563901,607.062437,5.955011,115.251863,158.21419399999996
csc3-demo-linux-process-benchmark-v1,measured-r01-o06-p06,measured,1,6,6,306313,2026-07-29T13:54:01.854857Z,2026-07-29T13:54:14.224516Z,12.369662343997334,0,5135818752,wait4.ru_maxrss,6,6,1301.011993,3567.017716,152.184422,3719.2021379999996,1506.387497,272.93271,1779.320207,945274680,1.5026685888980937e-17,0.00390625,True,PASS,PASS,True,True,raw/measured-r01-o06-p06/benchmark_samples.csv,raw/measured-r01-o06-p06/benchmark_summary.json,raw/measured-r01-o06-p06/stdout.txt,raw/measured-r01-o06-p06/stderr.txt,513.050278,395.711342,597.625877,5.977766,106.514404,160.44054
csc3-demo-linux-process-benchmark-v1,measured-r01-o07-p07,measured,1,7,7,306463,2026-07-29T13:54:14.227997Z,2026-07-29T13:54:26.436823Z,12.208828181999706,0,5135708160,wait4.ru_maxrss,7,7,1296.886322,3561.433716,150.972414,3712.40613,1459.626306,274.046891,1733.673197,945274680,1.0879487595925675e-16,0.0068359375,True,PASS,PASS,True,True,raw/measured-r01-o07-p07/benchmark_samples.csv,raw/measured-r01-o07-p07/benchmark_summary.json,raw/measured-r01-o07-p07/stdout.txt,raw/measured-r01-o07-p07/stderr.txt,492.673197,366.825465,600.127644,6.344191,100.997405,166.70529499999998
csc3-demo-linux-process-benchmark-v1,measured-r01-o08-p08,measured,1,8,8,306680,2026-07-29T13:54:26.440083Z,2026-07-29T13:54:38.617539Z,12.177459939997789,0,5135597568,wait4.ru_maxrss,8,8,1295.062174,3522.186736,150.434994,3672.6217300000003,1457.485142,251.457462,1708.942604,945274680,9.815845921041405e-17,0.005859375,True,PASS,PASS,True,True,raw/measured-r01-o08-p08/benchmark_samples.csv,raw/measured-r01-o08-p08/benchmark_summary.json,raw/measured-r01-o08-p08/stdout.txt,raw/measured-r01-o08-p08/stderr.txt,475.003203,378.316553,604.165386,6.004734,88.748691,156.70403699999997
csc3-demo-linux-process-benchmark-v1,measured-r01-o09-p09,measured,1,9,9,306889,2026-07-29T13:54:38.620790Z,2026-07-29T13:54:50.790728Z,12.169939333998627,0,5135949824,wait4.ru_maxrss,9,9,1296.25305,3545.118007,151.244814,3696.362821,1430.032753,261.254613,1691.287366,945274680,1.1649815366909547e-16,0.005859375,True,PASS,PASS,True,True,raw/measured-r01-o09-p09/benchmark_samples.csv,raw/measured-r01-o09-p09/benchmark_summary.json,raw/measured-r01-o09-p09/stdout.txt,raw/measured-r01-o09-p09/stderr.txt,467.874911,361.118756,601.039086,6.037765,99.426731,155.790117
csc3-demo-linux-process-benchmark-v1,measured-r01-o10-p10,measured,1,10,10,307028,2026-07-29T13:54:50.794746Z,2026-07-29T13:55:02.891487Z,12.096746041999722,0,5135654912,wait4.ru_maxrss,10,10,1302.804411,3550.117472,149.156314,3699.2737859999997,1402.002329,248.35772,1650.360049,945274680,1.2784461825248836e-16,0.0068359375,True,PASS,PASS,True,True,raw/measured-r01-o10-p10/benchmark_samples.csv,raw/measured-r01-o10-p10/benchmark_summary.json,raw/measured-r01-o10-p10/stdout.txt,raw/measured-r01-o10-p10/stderr.txt,439.866893,360.387528,601.7479079999999,6.00761,88.489317,153.860793
csc3-demo-linux-process-benchmark-v1,measured-r01-o11-p11,measured,1,11,11,307261,2026-07-29T13:55:02.894587Z,2026-07-29T13:55:14.813950Z,11.919367939997755,0,5135958016,wait4.ru_maxrss,11,11,1299.032524,3516.124479,146.378078,3662.5025570000003,1331.545326,247.874565,1579.419891,945274680,1.3626196410535683e-16,0.0068359375,True,PASS,PASS,True,True,raw/measured-r01-o11-p11/benchmark_samples.csv,raw/measured-r01-o11-p11/benchmark_summary.json,raw/measured-r01-o11-p11/stdout.txt,raw/measured-r01-o11-p11/stderr.txt,400.714112,344.429136,586.4020779999998,5.982891,88.105515,153.786159
csc3-demo-linux-process-benchmark-v1,measured-r01-o12-p12,measured,1,12,12,307438,2026-07-29T13:55:14.818100Z,2026-07-29T13:55:26.884966Z,12.066869678998046,0,5135962112,wait4.ru_maxrss,12,12,1300.805595,3573.623259,155.063507,3728.686766,1336.22911,256.614545,1592.8436550000001,945274680,2.049302947750853e-17,0.005859375,True,PASS,PASS,True,True,raw/measured-r01-o12-p12/benchmark_samples.csv,raw/measured-r01-o12-p12/benchmark_summary.json,raw/measured-r01-o12-p12/stdout.txt,raw/measured-r01-o12-p12/stderr.txt,391.549178,347.04142,597.638512,5.948095,92.616577,158.04987300000002
csc3-demo-linux-process-benchmark-v1,measured-r01-o13-p13,measured,1,13,13,307587,2026-07-29T13:55:26.888008Z,2026-07-29T13:55:38.808962Z,11.920958486996824,0,5135839232,wait4.ru_maxrss,13,13,1309.433722,3550.781217,152.466145,3703.247362,1296.722297,251.474209,1548.196506,945274680,1.4631323948782443e-16,0.0068359375,True,PASS,PASS,True,True,raw/measured-r01-o13-p13/benchmark_samples.csv,raw/measured-r01-o13-p13/benchmark_summary.json,raw/measured-r01-o13-p13/stdout.txt,raw/measured-r01-o13-p13/stderr.txt,376.034848,324.531774,596.155675,6.04047,85.338317,160.09542199999999
csc3-demo-linux-process-benchmark-v1,measured-r01-o14-p14,measured,1,14,14,307777,2026-07-29T13:55:38.812020Z,2026-07-29T13:55:50.712105Z,11.90008880700043,0,5135974400,wait4.ru_maxrss,14,14,1298.193004,3523.978683,153.672468,3677.651151,1301.297304,259.579617,1560.876921,945274680,1.4905977459429334e-16,0.0078125,True,PASS,PASS,True,True,raw/measured-r01-o14-p14/benchmark_samples.csv,raw/measured-r01-o14-p14/benchmark_summary.json,raw/measured-r01-o14-p14/stdout.txt,raw/measured-r01-o14-p14/stderr.txt,376.926525,326.158219,598.2125599999999,5.966486,92.283162,161.32996899999998
csc3-demo-linux-process-benchmark-v1,measured-r01-o15-p15,measured,1,15,15,307962,2026-07-29T13:55:50.715228Z,2026-07-29T13:56:02.596882Z,11.881658294001681,0,5135888384,wait4.ru_maxrss,15,15,1287.533949,3558.51242,153.989472,3712.501892,1283.573855,243.882238,1527.456093,945274680,1.5166442880514446e-16,0.0078125,True,PASS,PASS,True,True,raw/measured-r01-o15-p15/benchmark_samples.csv,raw/measured-r01-o15-p15/benchmark_summary.json,raw/measured-r01-o15-p15/stdout.txt,raw/measured-r01-o15-p15/stderr.txt,366.363318,319.973001,597.2375360000001,6.036536,79.853016,157.992686
csc3-demo-linux-process-benchmark-v1,measured-r01-o16-p16,measured,1,16,16,308179,2026-07-29T13:56:02.600152Z,2026-07-29T13:56:14.499501Z,11.899355456000194,0,5135966208,wait4.ru_maxrss,16,16,1294.666535,3550.453235,151.531289,3701.984524,1294.15411,245.580874,1539.734984,945274680,1.489832388822656e-16,0.005859375,True,PASS,PASS,True,True,raw/measured-r01-o16-p16/benchmark_samples.csv,raw/measured-r01-o16-p16/benchmark_summary.json,raw/measured-r01-o16-p16/stdout.txt,raw/measured-r01-o16-p16/stderr.txt,368.544724,325.804631,599.804755,6.446608,73.420411,165.713855
csc3-demo-linux-process-benchmark-v1,measured-r01-o17-p17,measured,1,17,17,308340,2026-07-29T13:56:14.502967Z,2026-07-29T13:56:26.336928Z,11.833963115001097,0,5135740928,wait4.ru_maxrss,17,17,1283.634013,3511.659361,156.448452,3668.107813,1292.573927,253.526635,1546.1005619999999,945274680,1.5004907643011133e-16,0.0068359375,True,PASS,PASS,True,True,raw/measured-r01-o17-p17/benchmark_samples.csv,raw/measured-r01-o17-p17/benchmark_summary.json,raw/measured-r01-o17-p17/stdout.txt,raw/measured-r01-o17-p17/stderr.txt,372.081633,318.039411,602.4528829999999,6.163114,85.241119,162.122402
csc3-demo-linux-process-benchmark-v1,measured-r01-o18-p18,measured,1,18,18,308485,2026-07-29T13:56:26.340470Z,2026-07-29T13:56:38.280955Z,11.940488989999722,0,5136109568,wait4.ru_maxrss,18,18,1304.8568,3566.089432,152.839896,3718.929328,1286.733227,255.788653,1542.52188,945274680,1.54794385027315e-16,0.0068359375,True,PASS,PASS,True,True,raw/measured-r01-o18-p18/benchmark_samples.csv,raw/measured-r01-o18-p18/benchmark_summary.json,raw/measured-r01-o18-p18/stdout.txt,raw/measured-r01-o18-p18/stderr.txt,362.004651,323.395501,601.333075,6.18285,89.013131,160.592672
csc3-demo-linux-process-benchmark-v1,measured-r01-o19-p19,measured,1,19,19,308703,2026-07-29T13:56:38.285028Z,2026-07-29T13:56:50.165888Z,11.880864646998816,0,5136113664,wait4.ru_maxrss,19,19,1298.619752,3550.862622,150.902378,3701.7650000000003,1273.175454,245.965515,1519.140969,945274680,1.51575769656038e-16,0.0078125,True,PASS,PASS,True,True,raw/measured-r01-o19-p19/benchmark_samples.csv,raw/measured-r01-o19-p19/benchmark_summary.json,raw/measured-r01-o19-p19/stdout.txt,raw/measured-r01-o19-p19/stderr.txt,360.422644,313.492087,599.2607229999999,6.111683,82.306438,157.547394
csc3-demo-linux-process-benchmark-v1,measured-r01-o20-p20,measured,1,20,20,308916,2026-07-29T13:56:50.169325Z,2026-07-29T13:57:02.132711Z,11.963389972002915,0,5135925248,wait4.ru_maxrss,20,20,1300.937831,3554.333622,151.680266,3706.013888,1288.018274,253.001391,1541.019665,945274680,1.5230777795743698e-16,0.0078125,True,PASS,PASS,True,True,raw/measured-r01-o20-p20/benchmark_samples.csv,raw/measured-r01-o20-p20/benchmark_summary.json,raw/measured-r01-o20-p20/stdout.txt,raw/measured-r01-o20-p20/stderr.txt,366.058261,318.859472,603.100541,6.242233,82.168482,164.59067600000003
csc3-demo-linux-process-benchmark-v1,measured-r02-o01-p20,measured,2,1,20,309135,2026-07-29T13:57:02.136496Z,2026-07-29T13:57:14.038871Z,11.902380389001337,0,5135933440,wait4.ru_maxrss,20,20,1300.011888,3533.669193,154.178079,3687.847272,1283.159503,269.286867,1552.4463700000001,945274680,1.5067706603371347e-16,0.005859375,True,PASS,PASS,True,True,raw/measured-r02-o01-p20/benchmark_samples.csv,raw/measured-r02-o01-p20/benchmark_summary.json,raw/measured-r02-o01-p20/stdout.txt,raw/measured-r02-o01-p20/stderr.txt,365.429595,318.294249,599.435659,6.219307,99.557788,163.50977199999994
csc3-demo-linux-process-benchmark-v1,measured-r02-o02-p19,measured,2,2,19,309317,2026-07-29T13:57:14.042158Z,2026-07-29T13:57:25.978042Z,11.935889065000083,0,5135896576,wait4.ru_maxrss,19,19,1276.407598,3547.271567,148.747087,3696.018654,1276.92962,263.632087,1540.561707,945274680,1.4667255358581242e-16,0.0068359375,True,PASS,PASS,True,True,raw/measured-r02-o02-p19/benchmark_samples.csv,raw/measured-r02-o02-p19/benchmark_summary.json,raw/measured-r02-o02-p19/stdout.txt,raw/measured-r02-o02-p19/stderr.txt,360.837401,314.906858,601.1853610000001,6.082726,97.009809,160.53955200000001
csc3-demo-linux-process-benchmark-v1,measured-r02-o03-p18,measured,2,3,18,309481,2026-07-29T13:57:25.981776Z,2026-07-29T13:57:37.812105Z,11.830334343001596,0,5135687680,wait4.ru_maxrss,18,18,1289.633899,3522.392245,148.568895,3670.96114,1264.672934,250.285124,1514.958058,945274680,1.4494081903245135e-16,0.0068359375,True,PASS,PASS,True,True,raw/measured-r02-o03-p18/benchmark_samples.csv,raw/measured-r02-o03-p18/benchmark_summary.json,raw/measured-r02-o03-p18/stdout.txt,raw/measured-r02-o03-p18/stderr.txt,356.729635,311.434801,596.508498,6.073873,81.095119,163.116132
csc3-demo-linux-process-benchmark-v1,measured-r02-o04-p17,measured,2,4,17,309625,2026-07-29T13:57:37.815657Z,2026-07-29T13:57:49.706611Z,11.890958449002937,0,5135945728,wait4.ru_maxrss,17,17,1292.527222,3524.728604,149.618901,3674.3475049999997,1287.341316,252.191422,1539.5327379999999,945274680,1.5379285507594022e-16,0.005859375,True,PASS,PASS,True,True,raw/measured-r02-o04-p17/benchmark_samples.csv,raw/measured-r02-o04-p17/benchmark_summary.json,raw/measured-r02-o04-p17/stdout.txt,raw/measured-r02-o04-p17/stderr.txt,364.452206,322.623615,600.2654950000001,6.060093,87.80922,158.322109
csc3-demo-linux-process-benchmark-v1,measured-r02-o05-p16,measured,2,5,16,309836,2026-07-29T13:57:49.710098Z,2026-07-29T13:58:01.654968Z,11.944873964999715,0,5135876096,wait4.ru_maxrss,16,16,1303.335441,3550.489544,154.796491,3705.286035,1325.826427,241.727483,1567.55391,945274680,1.4764615757332208e-16,0.005859375,True,PASS,PASS,True,True,raw/measured-r02-o05-p16/benchmark_samples.csv,raw/measured-r02-o05-p16/benchmark_summary.json,raw/measured-r02-o05-p16/stdout.txt,raw/measured-r02-o05-p16/stderr.txt,376.080009,345.916636,603.829782,6.122166,79.6064,155.998917
csc3-demo-linux-process-benchmark-v1,measured-r02-o06-p15,measured,2,6,15,310073,2026-07-29T13:58:01.658242Z,2026-07-29T13:58:13.610499Z,11.952262090999284,0,5135978496,wait4.ru_maxrss,15,15,1278.014911,3562.44903,154.928111,3717.3771410000004,1313.458934,244.614169,1558.073103,945274680,1.4942762085138055e-16,0.0078125,True,PASS,PASS,True,True,raw/measured-r02-o06-p15/benchmark_samples.csv,raw/measured-r02-o06-p15/benchmark_summary.json,raw/measured-r02-o06-p15/stdout.txt,raw/measured-r02-o06-p15/stderr.txt,386.784142,321.106566,605.5682260000001,6.0421,81.536213,157.035856
csc3-demo-linux-process-benchmark-v1,measured-r02-o07-p14,measured,2,7,14,310252,2026-07-29T13:58:13.613844Z,2026-07-29T13:58:25.528537Z,11.914697757001704,0,5135867904,wait4.ru_maxrss,14,14,1285.294701,3543.116927,151.66048,3694.777407,1299.631349,254.442098,1554.073447,945274680,1.4899039959722715e-16,0.0078125,True,PASS,PASS,True,True,raw/measured-r02-o07-p14/benchmark_samples.csv,raw/measured-r02-o07-p14/benchmark_summary.json,raw/measured-r02-o07-p14/stdout.txt,raw/measured-r02-o07-p14/stderr.txt,375.934514,326.776705,596.92013,6.151167,84.175005,164.115926
csc3-demo-linux-process-benchmark-v1,measured-r02-o08-p13,measured,2,8,13,310413,2026-07-29T13:58:25.531827Z,2026-07-29T13:58:37.536843Z,12.00502137100193,0,5135892480,wait4.ru_maxrss,13,13,1295.452432,3547.820518,151.191008,3699.0115260000002,1323.922787,261.915515,1585.838302,945274680,1.465542261056987e-16,0.0068359375,True,PASS,PASS,True,True,raw/measured-r02-o08-p13/benchmark_samples.csv,raw/measured-r02-o08-p13/benchmark_summary.json,raw/measured-r02-o08-p13/stdout.txt,raw/measured-r02-o08-p13/stderr.txt,387.312686,333.496625,603.113476,6.430123,90.027962,165.45743000000002
csc3-demo-linux-process-benchmark-v1,measured-r02-o09-p12,measured,2,9,12,310616,2026-07-29T13:58:37.540571Z,2026-07-29T13:58:49.484111Z,11.943543706998753,0,5135904768,wait4.ru_maxrss,12,12,1294.26094,3539.712082,155.74397,3695.456052,1330.148499,259.675121,1589.82362,945274680,2.0842963724926567e-17,0.0078125,True,PASS,PASS,True,True,raw/measured-r02-o09-p12/benchmark_samples.csv,raw/measured-r02-o09-p12/benchmark_summary.json,raw/measured-r02-o09-p12/stdout.txt,raw/measured-r02-o09-p12/stderr.txt,390.793253,337.524181,601.8310649999999,6.27621,85.592504,167.80640699999998
csc3-demo-linux-process-benchmark-v1,measured-r02-o10-p11,measured,2,10,11,310808,2026-07-29T13:58:49.488169Z,2026-07-29T13:59:01.546017Z,12.057851474000927,0,5136142336,wait4.ru_maxrss,11,11,1281.634926,3533.112305,153.926936,3687.039241,1359.105745,251.839843,1610.945588,945274680,1.363116366389109e-16,0.0068359375,True,PASS,PASS,True,True,raw/measured-r02-o10-p11/benchmark_samples.csv,raw/measured-r02-o10-p11/benchmark_summary.json,raw/measured-r02-o10-p11/stdout.txt,raw/measured-r02-o10-p11/stderr.txt,410.635661,348.759402,599.710682,6.113286,89.313703,156.412854
csc3-demo-linux-process-benchmark-v1,measured-r02-o11-p10,measured,2,11,10,311068,2026-07-29T13:59:01.550243Z,2026-07-29T13:59:13.525863Z,11.975623533999169,0,5135826944,wait4.ru_maxrss,10,10,1278.192307,3489.200528,150.288757,3639.4892849999997,1391.025171,249.289802,1640.314973,945274680,1.2794581654914947e-16,0.0068359375,True,PASS,PASS,True,True,raw/measured-r02-o11-p10/benchmark_samples.csv,raw/measured-r02-o11-p10/benchmark_summary.json,raw/measured-r02-o11-p10/stdout.txt,raw/measured-r02-o11-p10/stderr.txt,432.341124,355.985289,602.698758,6.033431,87.602423,155.653948
csc3-demo-linux-process-benchmark-v1,measured-r02-o12-p09,measured,2,12,9,311269,2026-07-29T13:59:13.530157Z,2026-07-29T13:59:25.634090Z,12.103936480998527,0,5135773696,wait4.ru_maxrss,9,9,1288.713943,3501.274816,149.607085,3650.881901,1441.168836,265.954017,1707.122853,945274680,1.1650575539691718e-16,0.005859375,True,PASS,PASS,True,True,raw/measured-r02-o12-p09/benchmark_samples.csv,raw/measured-r02-o12-p09/benchmark_summary.json,raw/measured-r02-o12-p09/stdout.txt,raw/measured-r02-o12-p09/stderr.txt,463.837465,374.532208,602.7991629999999,6.126515,98.200263,161.62723900000003
csc3-demo-linux-process-benchmark-v1,measured-r02-o13-p08,measured,2,13,8,311517,2026-07-29T13:59:25.638126Z,2026-07-29T13:59:37.820680Z,12.182560479999665,0,5135777792,wait4.ru_maxrss,8,8,1275.229964,3550.366608,151.092668,3701.4592759999996,1419.683465,254.563625,1674.24709,945274680,9.815592797124616e-17,0.005859375,True,PASS,PASS,True,True,raw/measured-r02-o13-p08/benchmark_samples.csv,raw/measured-r02-o13-p08/benchmark_summary.json,raw/measured-r02-o13-p08/stdout.txt,raw/measured-r02-o13-p08/stderr.txt,466.877728,353.09016,599.7155770000002,5.910042,86.973914,161.679669
csc3-demo-linux-process-benchmark-v1,measured-r02-o14-p07,measured,2,14,7,311705,2026-07-29T13:59:37.824702Z,2026-07-29T13:59:50.155501Z,12.330802594999113,0,5135527936,wait4.ru_maxrss,7,7,1296.862457,3566.876803,156.104401,3722.981204,1483.462037,256.343884,1739.8059210000001,945274680,1.0880324364569594e-16,0.0068359375,True,PASS,PASS,True,True,raw/measured-r02-o14-p07/benchmark_samples.csv,raw/measured-r02-o14-p07/benchmark_summary.json,raw/measured-r02-o14-p07/stdout.txt,raw/measured-r02-o14-p07/stderr.txt,495.398297,385.453374,602.6103660000001,6.045673,91.584547,158.713664
csc3-demo-linux-process-benchmark-v1,measured-r02-o15-p06,measured,2,15,6,311987,2026-07-29T13:59:50.159406Z,2026-07-29T14:00:02.405203Z,12.245801131000917,0,5135687680,wait4.ru_maxrss,6,6,1299.420041,3553.056062,150.445397,3703.501459,1490.483539,264.400553,1754.884092,945274680,1.4840224534281713e-17,0.00390625,True,PASS,PASS,True,True,raw/measured-r02-o15-p06/benchmark_samples.csv,raw/measured-r02-o15-p06/benchmark_summary.json,raw/measured-r02-o15-p06/stdout.txt,raw/measured-r02-o15-p06/stderr.txt,504.494267,390.720896,595.268376,6.1599,100.701033,157.53962
csc3-demo-linux-process-benchmark-v1,measured-r02-o16-p05,measured,2,16,5,312150,2026-07-29T14:00:02.409283Z,2026-07-29T14:00:14.760203Z,12.350922782003181,0,5135716352,wait4.ru_maxrss,5,5,1279.741085,3459.176883,147.283591,3606.460474,1606.860648,272.540493,1879.401141,945274680,9.144206069873536e-17,0.005859375,True,PASS,PASS,True,True,raw/measured-r02-o16-p05/benchmark_samples.csv,raw/measured-r02-o16-p05/benchmark_summary.json,raw/measured-r02-o16-p05/stdout.txt,raw/measured-r02-o16-p05/stderr.txt,587.325186,424.559323,594.9761390000001,6.156699,111.09513,155.28866400000004
csc3-demo-linux-process-benchmark-v1,measured-r02-o17-p04,measured,2,17,4,312326,2026-07-29T14:00:14.764927Z,2026-07-29T14:00:27.345673Z,12.580752154000947,0,5136003072,wait4.ru_maxrss,4,4,1281.92487,3470.672758,147.124335,3617.797093,1693.699594,295.78197,1989.481564,945274680,1.71624246325525e-17,0.005859375,True,PASS,PASS,True,True,raw/measured-r02-o17-p04/benchmark_samples.csv,raw/measured-r02-o17-p04/benchmark_summary.json,raw/measured-r02-o17-p04/stdout.txt,raw/measured-r02-o17-p04/stderr.txt,634.195924,465.732703,593.770967,5.926317,132.361777,157.49387600000003
csc3-demo-linux-process-benchmark-v1,measured-r02-o18-p03,measured,2,18,3,312542,2026-07-29T14:00:27.350170Z,2026-07-29T14:00:40.547853Z,13.197686348001298,0,5135941632,wait4.ru_maxrss,3,3,1312.458093,3528.63585,151.402375,3680.0382250000002,1940.342657,318.498775,2258.841432,945274680,1.3023940288838254e-17,0.00390625,True,PASS,PASS,True,True,raw/measured-r02-o18-p03/benchmark_samples.csv,raw/measured-r02-o18-p03/benchmark_summary.json,raw/measured-r02-o18-p03/stdout.txt,raw/measured-r02-o18-p03/stderr.txt,775.324479,559.419203,605.5989749999998,5.927777,157.775988,154.79501000000002
csc3-demo-linux-process-benchmark-v1,measured-r02-o19-p02,measured,2,19,2,312765,2026-07-29T14:00:40.552714Z,2026-07-29T14:00:54.619010Z,14.066299834998063,0,5136031744,wait4.ru_maxrss,2,2,1290.862084,3546.628514,148.587344,3695.215858,2316.683702,377.411698,2694.0953999999997,945274680,9.479548306235143e-18,0.005859375,True,PASS,PASS,True,True,raw/measured-r02-o19-p02/benchmark_samples.csv,raw/measured-r02-o19-p02/benchmark_summary.json,raw/measured-r02-o19-p02/stdout.txt,raw/measured-r02-o19-p02/stderr.txt,1019.094347,711.091278,586.4980769999999,6.083867,216.239018,155.08881300000002
csc3-demo-linux-process-benchmark-v1,measured-r02-o20-p01,measured,2,20,1,312969,2026-07-29T14:00:54.623687Z,2026-07-29T14:01:11.335840Z,16.712158059999638,0,5135917056,wait4.ru_maxrss,1,1,1278.019106,3500.365107,149.016809,3649.3819160000003,3573.493425,577.291886,4150.785311,945274680,0.0,0.0,True,PASS,PASS,True,True,raw/measured-r02-o20-p01/benchmark_samples.csv,raw/measured-r02-o20-p01/benchmark_summary.json,raw/measured-r02-o20-p01/stdout.txt,raw/measured-r02-o20-p01/stderr.txt,1787.922343,1190.694274,594.8768080000002,6.038518,414.20095,157.05241800000005
csc3-demo-linux-process-benchmark-v1,measured-r03-o01-p01,measured,3,1,1,313175,2026-07-29T14:01:11.340086Z,2026-07-29T14:01:28.100434Z,16.7603523459984,0,5136142336,wait4.ru_maxrss,1,1,1292.809692,3513.080602,147.868445,3660.949047,3557.406399,587.849418,4145.255817,945274680,0.0,0.0,True,PASS,PASS,True,True,raw/measured-r03-o01-p01/benchmark_samples.csv,raw/measured-r03-o01-p01/benchmark_summary.json,raw/measured-r03-o01-p01/stdout.txt,raw/measured-r03-o01-p01/stderr.txt,1773.936737,1190.066703,593.402959,6.06835,424.52378,157.25728800000002
csc3-demo-linux-process-benchmark-v1,measured-r03-o02-p02,measured,3,2,2,313543,2026-07-29T14:01:28.105723Z,2026-07-29T14:01:42.098647Z,13.992927168997994,0,5135757312,wait4.ru_maxrss,2,2,1293.149294,3512.561422,147.73551,3660.296932,2329.23493,381.06343,2710.2983600000002,945274680,9.054746314129391e-18,0.00390625,True,PASS,PASS,True,True,raw/measured-r03-o02-p02/benchmark_samples.csv,raw/measured-r03-o02-p02/benchmark_summary.json,raw/measured-r03-o02-p02/stdout.txt,raw/measured-r03-o02-p02/stderr.txt,1017.826658,713.997334,597.4109380000001,6.070595,218.589403,156.40343199999995
csc3-demo-linux-process-benchmark-v1,measured-r03-o03-p03,measured,3,3,3,313717,2026-07-29T14:01:42.103829Z,2026-07-29T14:01:55.111203Z,13.007380071998341,0,5135757312,wait4.ru_maxrss,3,3,1276.517007,3476.728869,146.913996,3623.642865,1904.881625,319.773658,2224.655283,945274680,1.3145600620290632e-17,0.00390625,True,PASS,PASS,True,True,raw/measured-r03-o03-p03/benchmark_samples.csv,raw/measured-r03-o03-p03/benchmark_summary.json,raw/measured-r03-o03-p03/stdout.txt,raw/measured-r03-o03-p03/stderr.txt,765.01274,551.001883,588.8670019999998,5.989306,157.029181,156.75517100000002
csc3-demo-linux-process-benchmark-v1,measured-r03-o04-p04,measured,3,4,4,313891,2026-07-29T14:01:55.115328Z,2026-07-29T14:02:07.777744Z,12.662420004999149,0,5135527936,wait4.ru_maxrss,4,4,1278.618145,3512.962366,147.849261,3660.811627,1703.575993,299.738477,2003.3144699999998,945274680,1.699126336981875e-17,0.005859375,True,PASS,PASS,True,True,raw/measured-r03-o04-p04/benchmark_samples.csv,raw/measured-r03-o04-p04/benchmark_summary.json,raw/measured-r03-o04-p04/stdout.txt,raw/measured-r03-o04-p04/stderr.txt,634.065171,472.315492,597.19533,6.038089,131.356278,162.34410999999997
csc3-demo-linux-process-benchmark-v1,measured-r03-o05-p05,measured,3,5,5,314064,2026-07-29T14:02:07.781866Z,2026-07-29T14:02:20.350956Z,12.569094582999242,0,5135912960,wait4.ru_maxrss,5,5,1304.417025,3617.063476,149.776294,3766.8397699999996,1605.298744,282.874215,1888.172959,945274680,9.145254371646903e-17,0.005859375,True,PASS,PASS,True,True,raw/measured-r03-o05-p05/benchmark_samples.csv,raw/measured-r03-o05-p05/benchmark_summary.json,raw/measured-r03-o05-p05/stdout.txt,raw/measured-r03-o05-p05/stderr.txt,589.844314,424.044694,591.4097359999998,6.151061,116.675885,160.04726899999997
csc3-demo-linux-process-benchmark-v1,measured-r03-o06-p06,measured,3,6,6,314284,2026-07-29T14:02:20.355769Z,2026-07-29T14:02:32.737899Z,12.382133602997783,0,5135724544,wait4.ru_maxrss,6,6,1304.752944,3592.124238,152.384796,3744.5090339999997,1504.960941,271.982546,1776.943487,945274680,1.48551678679642e-17,0.0048828125,True,PASS,PASS,True,True,raw/measured-r03-o06-p06/benchmark_samples.csv,raw/measured-r03-o06-p06/benchmark_summary.json,raw/measured-r03-o06-p06/stdout.txt,raw/measured-r03-o06-p06/stderr.txt,506.734145,403.561396,594.6654000000001,6.098017,101.704686,164.179843
csc3-demo-linux-process-benchmark-v1,measured-r03-o07-p07,measured,3,7,7,314506,2026-07-29T14:02:32.742554Z,2026-07-29T14:02:44.954166Z,12.211613741001202,0,5135953920,wait4.ru_maxrss,7,7,1291.410099,3527.195445,149.048264,3676.243709,1460.224161,256.442846,1716.667007,945274680,1.0880454788883364e-16,0.0068359375,True,PASS,PASS,True,True,raw/measured-r03-o07-p07/benchmark_samples.csv,raw/measured-r03-o07-p07/benchmark_summary.json,raw/measured-r03-o07-p07/stdout.txt,raw/measured-r03-o07-p07/stderr.txt,488.121184,369.541744,602.561233,6.040275,93.647177,156.75539399999997
csc3-demo-linux-process-benchmark-v1,measured-r03-o08-p08,measured,3,8,8,314704,2026-07-29T14:02:44.958507Z,2026-07-29T14:02:57.079943Z,12.121437077999872,0,5135687680,wait4.ru_maxrss,8,8,1281.677224,3522.643201,149.767856,3672.411057,1445.165478,253.179121,1698.344599,945274680,9.817766441319056e-17,0.005859375,True,PASS,PASS,True,True,raw/measured-r03-o08-p08/benchmark_samples.csv,raw/measured-r03-o08-p08/benchmark_summary.json,raw/measured-r03-o08-p08/stdout.txt,raw/measured-r03-o08-p08/stderr.txt,478.832646,368.496028,597.8368039999998,6.084708,88.10361,158.990803
csc3-demo-linux-process-benchmark-v1,measured-r03-o09-p09,measured,3,9,9,314837,2026-07-29T14:02:57.084291Z,2026-07-29T14:03:09.265493Z,12.181205955999758,0,5135921152,wait4.ru_maxrss,9,9,1299.534293,3561.307089,149.61217,3710.919259,1437.798568,255.7151,1693.513668,945274680,1.1647093008987115e-16,0.005859375,True,PASS,PASS,True,True,raw/measured-r03-o09-p09/benchmark_samples.csv,raw/measured-r03-o09-p09/benchmark_summary.json,raw/measured-r03-o09-p09/stdout.txt,raw/measured-r03-o09-p09/stderr.txt,468.492163,368.859586,600.446819,6.022468,90.079712,159.61292
csc3-demo-linux-process-benchmark-v1,measured-r03-o10-p10,measured,3,10,10,314973,2026-07-29T14:03:09.269670Z,2026-07-29T14:03:21.375900Z,12.106236887000705,0,5136080896,wait4.ru_maxrss,10,10,1298.023126,3531.10315,149.338351,3680.441501,1392.164544,254.41627,1646.580814,945274680,1.2790834559984968e-16,0.0068359375,True,PASS,PASS,True,True,raw/measured-r03-o10-p10/benchmark_samples.csv,raw/measured-r03-o10-p10/benchmark_summary.json,raw/measured-r03-o10-p10/stdout.txt,raw/measured-r03-o10-p10/stderr.txt,435.435443,355.636955,601.092146,5.993635,89.181752,159.240883
csc3-demo-linux-process-benchmark-v1,measured-r03-o11-p11,measured,3,11,11,315152,2026-07-29T14:03:21.380132Z,2026-07-29T14:03:33.456104Z,12.07597730499765,0,5135802368,wait4.ru_maxrss,11,11,1305.993803,3551.62679,152.326515,3703.953305,1356.820274,256.14438,1612.9646539999999,945274680,1.3597402934069205e-16,0.0068359375,True,PASS,PASS,True,True,raw/measured-r03-o11-p11/benchmark_samples.csv,raw/measured-r03-o11-p11/benchmark_summary.json,raw/measured-r03-o11-p11/stdout.txt,raw/measured-r03-o11-p11/stderr.txt,410.775675,347.262893,598.781706,6.021194,88.115079,162.008107
csc3-demo-linux-process-benchmark-v1,measured-r03-o12-p12,measured,3,12,12,315357,2026-07-29T14:03:33.460362Z,2026-07-29T14:03:45.422907Z,11.962550094998733,0,5136101376,wait4.ru_maxrss,12,12,1304.029793,3521.33242,153.587706,3674.920126,1338.457726,258.021539,1596.4792650000002,945274680,1.9667521366656726e-17,0.005859375,True,PASS,PASS,True,True,raw/measured-r03-o12-p12/benchmark_samples.csv,raw/measured-r03-o12-p12/benchmark_summary.json,raw/measured-r03-o12-p12/stdout.txt,raw/measured-r03-o12-p12/stderr.txt,394.589927,342.224871,601.6429280000001,6.133396,92.817331,159.07081200000002
csc3-demo-linux-process-benchmark-v1,measured-r03-o13-p13,measured,3,13,13,315596,2026-07-29T14:03:45.427353Z,2026-07-29T14:03:57.300273Z,11.872923139002523,0,5135962112,wait4.ru_maxrss,13,13,1306.750885,3510.807711,153.354686,3664.162397,1308.463361,252.344181,1560.807542,945274680,1.4755615389405458e-16,0.0068359375,True,PASS,PASS,True,True,raw/measured-r03-o13-p13/benchmark_samples.csv,raw/measured-r03-o13-p13/benchmark_summary.json,raw/measured-r03-o13-p13/stdout.txt,raw/measured-r03-o13-p13/stderr.txt,378.953824,331.037429,598.4721080000002,6.180044,81.829059,164.33507799999998
csc3-demo-linux-process-benchmark-v1,measured-r03-o14-p14,measured,3,14,14,316043,2026-07-29T14:03:57.305175Z,2026-07-29T14:04:09.251288Z,11.946118203999504,0,5136150528,wait4.ru_maxrss,14,14,1294.815356,3560.992406,157.319172,3718.311578,1294.84018,251.148466,1545.988646,945274680,1.495204192739046e-16,0.005859375,True,PASS,PASS,True,True,raw/measured-r03-o14-p14/benchmark_samples.csv,raw/measured-r03-o14-p14/benchmark_summary.json,raw/measured-r03-o14-p14/stdout.txt,raw/measured-r03-o14-p14/stderr.txt,377.920528,316.242131,600.677521,6.203285,83.093008,161.85217300000002
csc3-demo-linux-process-benchmark-v1,measured-r03-o15-p15,measured,3,15,15,316271,2026-07-29T14:04:09.255671Z,2026-07-29T14:04:21.084332Z,11.828665062002983,0,5135806464,wait4.ru_maxrss,15,15,1294.278279,3506.253304,149.205391,3655.458695,1279.790793,251.820333,1531.6111259999998,945274680,1.503721190888821e-16,0.0078125,True,PASS,PASS,True,True,raw/measured-r03-o15-p15/benchmark_samples.csv,raw/measured-r03-o15-p15/benchmark_summary.json,raw/measured-r03-o15-p15/stdout.txt,raw/measured-r03-o15-p15/stderr.txt,367.399353,320.355744,592.0356959999999,6.094336,83.338193,162.38780400000002
csc3-demo-linux-process-benchmark-v1,measured-r03-o16-p16,measured,3,16,16,316475,2026-07-29T14:04:21.088689Z,2026-07-29T14:04:32.983412Z,11.894725037000171,0,5136003072,wait4.ru_maxrss,16,16,1300.442372,3533.411131,149.227742,3682.638873,1287.686248,246.216881,1533.903129,945274680,1.517376056691256e-16,0.0068359375,True,PASS,PASS,True,True,raw/measured-r03-o16-p16/benchmark_samples.csv,raw/measured-r03-o16-p16/benchmark_summary.json,raw/measured-r03-o16-p16/stdout.txt,raw/measured-r03-o16-p16/stderr.txt,369.277294,320.278086,598.130868,6.11447,81.32403,158.778381
csc3-demo-linux-process-benchmark-v1,measured-r03-o17-p17,measured,3,17,17,316659,2026-07-29T14:04:32.987789Z,2026-07-29T14:04:44.878558Z,11.890771990001667,0,5135945728,wait4.ru_maxrss,17,17,1289.102444,3534.606281,149.684814,3684.291095,1276.028607,259.284812,1535.313419,945274680,1.5316015439897923e-16,0.005859375,True,PASS,PASS,True,True,raw/measured-r03-o17-p17/benchmark_samples.csv,raw/measured-r03-o17-p17/benchmark_summary.json,raw/measured-r03-o17-p17/stdout.txt,raw/measured-r03-o17-p17/stderr.txt,358.133571,316.990909,600.9041269999999,6.229601,84.042388,169.01282299999997
csc3-demo-linux-process-benchmark-v1,measured-r03-o18-p18,measured,3,18,18,316973,2026-07-29T14:04:44.883494Z,2026-07-29T14:04:56.730967Z,11.847476695998921,0,5136011264,wait4.ru_maxrss,18,18,1298.325379,3525.978661,149.153777,3675.132438,1283.076214,241.561588,1524.637802,945274680,1.4782382504908244e-16,0.0068359375,True,PASS,PASS,True,True,raw/measured-r03-o18-p18/benchmark_samples.csv,raw/measured-r03-o18-p18/benchmark_summary.json,raw/measured-r03-o18-p18/stdout.txt,raw/measured-r03-o18-p18/stderr.txt,358.275351,324.85182,599.949043,6.028357,78.916941,156.61629
csc3-demo-linux-process-benchmark-v1,measured-r03-o19-p19,measured,3,19,19,317282,2026-07-29T14:04:56.736383Z,2026-07-29T14:05:08.573423Z,11.837044226998842,0,5136080896,wait4.ru_maxrss,19,19,1290.494803,3524.534598,149.797123,3674.331721,1268.935004,261.333051,1530.268055,945274680,1.4816510755926938e-16,0.0078125,True,PASS,PASS,True,True,raw/measured-r03-o19-p19/benchmark_samples.csv,raw/measured-r03-o19-p19/benchmark_summary.json,raw/measured-r03-o19-p19/stdout.txt,raw/measured-r03-o19-p19/stderr.txt,360.808756,312.56987,595.556378,6.11108,95.839156,159.38281500000002
csc3-demo-linux-process-benchmark-v1,measured-r03-o20-p20,measured,3,20,20,317442,2026-07-29T14:05:08.578145Z,2026-07-29T14:05:20.376361Z,11.798219031999906,0,5135941632,wait4.ru_maxrss,20,20,1272.936804,3539.825242,148.668928,3688.49417,1282.41933,247.06531,1529.48464,945274680,1.477815894820819e-16,0.0078125,True,PASS,PASS,True,True,raw/measured-r03-o20-p20/benchmark_samples.csv,raw/measured-r03-o20-p20/benchmark_summary.json,raw/measured-r03-o20-p20/stdout.txt,raw/measured-r03-o20-p20/stderr.txt,369.72565,314.559749,598.133931,5.998186,83.405216,157.661908
csc3-demo-linux-process-benchmark-v1,measured-r04-o01-p20,measured,4,1,20,317720,2026-07-29T14:05:20.380796Z,2026-07-29T14:05:32.288618Z,11.907826195998496,0,5135990784,wait4.ru_maxrss,20,20,1305.060501,3531.044135,148.841468,3679.885603,1268.378514,256.538338,1524.916852,945274680,1.5217917738818507e-16,0.0078125,True,PASS,PASS,True,True,raw/measured-r04-o01-p20/benchmark_samples.csv,raw/measured-r04-o01-p20/benchmark_summary.json,raw/measured-r04-o01-p20/stdout.txt,raw/measured-r04-o01-p20/stderr.txt,353.356041,315.244937,599.777536,6.235943,87.012936,163.28945900000002
csc3-demo-linux-process-benchmark-v1,measured-r04-o02-p19,measured,4,2,19,318075,2026-07-29T14:05:32.293387Z,2026-07-29T14:05:44.226403Z,11.9330161580001,0,5135912960,wait4.ru_maxrss,19,19,1306.859909,3542.183667,150.285657,3692.4693239999997,1272.894507,255.151268,1528.045775,945274680,1.482586543857238e-16,0.0078125,True,PASS,PASS,True,True,raw/measured-r04-o02-p19/benchmark_samples.csv,raw/measured-r04-o02-p19/benchmark_summary.json,raw/measured-r04-o02-p19/stdout.txt,raw/measured-r04-o02-p19/stderr.txt,361.051482,314.748099,597.0949259999999,6.076785,81.132679,167.941804
csc3-demo-linux-process-benchmark-v1,measured-r04-o03-p18,measured,4,3,18,318410,2026-07-29T14:05:44.230345Z,2026-07-29T14:05:55.998787Z,11.768446407000738,0,5136015360,wait4.ru_maxrss,18,18,1289.309958,3540.678732,148.131418,3688.81015,1252.913591,239.074746,1491.988337,945274680,1.4735373047503795e-16,0.0068359375,True,PASS,PASS,True,True,raw/measured-r04-o03-p18/benchmark_samples.csv,raw/measured-r04-o03-p18/benchmark_summary.json,raw/measured-r04-o03-p18/stdout.txt,raw/measured-r04-o03-p18/stderr.txt,353.674532,310.788524,588.450535,6.181804,75.975102,156.91784
csc3-demo-linux-process-benchmark-v1,measured-r04-o04-p17,measured,4,4,17,318682,2026-07-29T14:05:56.002645Z,2026-07-29T14:06:07.739774Z,11.737132927999482,0,5135962112,wait4.ru_maxrss,17,17,1294.037731,3494.557529,148.722104,3643.279633,1268.819781,236.974872,1505.794653,945274680,1.5018944354764158e-16,0.005859375,True,PASS,PASS,True,True,raw/measured-r04-o04-p17/benchmark_samples.csv,raw/measured-r04-o04-p17/benchmark_summary.json,raw/measured-r04-o04-p17/stdout.txt,raw/measured-r04-o04-p17/stderr.txt,361.543348,316.936213,590.34022,5.931989,75.774678,155.26820500000002
csc3-demo-linux-process-benchmark-v1,measured-r04-o05-p16,measured,4,5,16,318959,2026-07-29T14:06:07.743673Z,2026-07-29T14:06:19.492671Z,11.749003655997512,0,5136015360,wait4.ru_maxrss,16,16,1290.72781,3488.706966,152.226913,3640.933879,1261.708998,238.629065,1500.3380630000001,945274680,1.500986969068726e-16,0.005859375,True,PASS,PASS,True,True,raw/measured-r04-o05-p16/benchmark_samples.csv,raw/measured-r04-o05-p16/benchmark_summary.json,raw/measured-r04-o05-p16/stdout.txt,raw/measured-r04-o05-p16/stderr.txt,360.757017,311.083425,589.8685560000001,6.004073,77.744093,154.880899
csc3-demo-linux-process-benchmark-v1,measured-r04-o06-p15,measured,4,6,15,319147,2026-07-29T14:06:19.497309Z,2026-07-29T14:06:31.259847Z,11.7625420689983,0,5136084992,wait4.ru_maxrss,15,15,1292.997435,3490.867344,152.031659,3642.8990029999995,1278.510819,238.68841,1517.199229,945274680,1.5138432503265935e-16,0.0078125,True,PASS,PASS,True,True,raw/measured-r04-o06-p15/benchmark_samples.csv,raw/measured-r04-o06-p15/benchmark_summary.json,raw/measured-r04-o06-p15/stdout.txt,raw/measured-r04-o06-p15/stderr.txt,369.448272,316.226841,592.8357060000001,5.878209,78.109716,154.70048500000001
csc3-demo-linux-process-benchmark-v1,measured-r04-o07-p14,measured,4,7,14,319468,2026-07-29T14:06:31.263701Z,2026-07-29T14:06:43.008805Z,11.745108623003034,0,5135945728,wait4.ru_maxrss,14,14,1288.586305,3464.893967,148.400231,3613.294198,1280.653022,246.479162,1527.132184,945274680,1.4875021366109125e-16,0.0078125,True,PASS,PASS,True,True,raw/measured-r04-o07-p14/benchmark_samples.csv,raw/measured-r04-o07-p14/benchmark_summary.json,raw/measured-r04-o07-p14/stdout.txt,raw/measured-r04-o07-p14/stderr.txt,371.022971,318.575516,591.054535,5.928803,87.217103,153.333256
csc3-demo-linux-process-benchmark-v1,measured-r04-o08-p13,measured,4,8,13,319661,2026-07-29T14:06:43.012736Z,2026-07-29T14:06:54.808914Z,11.79618168000161,0,5136166912,wait4.ru_maxrss,13,13,1289.268267,3487.981828,146.565194,3634.5470219999997,1287.106169,247.137052,1534.243221,945274680,1.4723373257575537e-16,0.0068359375,True,PASS,PASS,True,True,raw/measured-r04-o08-p13/benchmark_samples.csv,raw/measured-r04-o08-p13/benchmark_summary.json,raw/measured-r04-o08-p13/stdout.txt,raw/measured-r04-o08-p13/stderr.txt,370.599553,325.232606,591.2740099999999,5.983415,85.270587,155.88305
csc3-demo-linux-process-benchmark-v1,measured-r04-o09-p12,measured,4,9,12,319794,2026-07-29T14:06:54.812862Z,2026-07-29T14:07:06.640050Z,11.827192973003548,0,5135675392,wait4.ru_maxrss,12,12,1293.481709,3497.426148,153.59957,3651.025718,1319.713595,242.548795,1562.2623899999999,945274680,2.029086858213169e-17,0.005859375,True,PASS,PASS,True,True,raw/measured-r04-o09-p12/benchmark_samples.csv,raw/measured-r04-o09-p12/benchmark_summary.json,raw/measured-r04-o09-p12/stdout.txt,raw/measured-r04-o09-p12/stderr.txt,390.560659,335.70049,593.452446,5.920923,82.745758,153.88211400000003
csc3-demo-linux-process-benchmark-v1,measured-r04-o10-p11,measured,4,10,11,320014,2026-07-29T14:07:06.644006Z,2026-07-29T14:07:18.466050Z,11.822048158999678,0,5136142336,wait4.ru_maxrss,11,11,1284.696245,3470.141322,147.495943,3617.637265,1338.755032,243.934482,1582.6895140000001,945274680,1.3675286630930916e-16,0.0068359375,True,PASS,PASS,True,True,raw/measured-r04-o10-p11/benchmark_samples.csv,raw/measured-r04-o10-p11/benchmark_summary.json,raw/measured-r04-o10-p11/stdout.txt,raw/measured-r04-o10-p11/stderr.txt,405.312531,340.820035,592.622466,5.912019,84.147052,153.875411
csc3-demo-linux-process-benchmark-v1,measured-r04-o11-p10,measured,4,11,10,320185,2026-07-29T14:07:18.469958Z,2026-07-29T14:07:30.383670Z,11.91371740699833,0,5135691776,wait4.ru_maxrss,10,10,1275.20513,3480.181145,150.570662,3630.751807,1370.57071,244.806395,1615.377105,945274680,1.2791703522818054e-16,0.0068359375,True,PASS,PASS,True,True,raw/measured-r04-o11-p10/benchmark_samples.csv,raw/measured-r04-o11-p10/benchmark_summary.json,raw/measured-r04-o11-p10/stdout.txt,raw/measured-r04-o11-p10/stderr.txt,425.067615,351.410344,594.092751,5.986163,84.68419,154.136042
csc3-demo-linux-process-benchmark-v1,measured-r04-o12-p09,measured,4,12,9,320331,2026-07-29T14:07:30.388124Z,2026-07-29T14:07:42.395948Z,12.00782895500015,0,5135859712,wait4.ru_maxrss,9,9,1300.157806,3478.83327,150.229332,3629.062602,1399.606945,245.056014,1644.662959,945274680,1.1643778595993508e-16,0.005859375,True,PASS,PASS,True,True,raw/measured-r04-o12-p09/benchmark_samples.csv,raw/measured-r04-o12-p09/benchmark_summary.json,raw/measured-r04-o12-p09/stdout.txt,raw/measured-r04-o12-p09/stderr.txt,448.572274,360.420766,590.6139049999999,5.904217,86.142821,153.00897600000002
csc3-demo-linux-process-benchmark-v1,measured-r04-o13-p08,measured,4,13,8,320630,2026-07-29T14:07:42.400231Z,2026-07-29T14:07:54.369096Z,11.968870084001537,0,5135998976,wait4.ru_maxrss,8,8,1282.781368,3461.261989,146.131883,3607.393872,1429.429195,245.932433,1675.3616279999999,945274680,9.81869586595244e-17,0.005859375,True,PASS,PASS,True,True,raw/measured-r04-o13-p08/benchmark_samples.csv,raw/measured-r04-o13-p08/benchmark_summary.json,raw/measured-r04-o13-p08/stdout.txt,raw/measured-r04-o13-p08/stderr.txt,471.133663,370.097024,588.198508,6.044243,83.844192,156.043998
csc3-demo-linux-process-benchmark-v1,measured-r04-o14-p07,measured,4,14,7,320779,2026-07-29T14:07:54.373253Z,2026-07-29T14:08:06.436505Z,12.06325616200047,0,5135847424,wait4.ru_maxrss,7,7,1285.03534,3478.126242,152.148587,3630.274829,1447.11437,249.164988,1696.279358,945274680,1.0880926962186358e-16,0.0068359375,True,PASS,PASS,True,True,raw/measured-r04-o14-p07/benchmark_samples.csv,raw/measured-r04-o14-p07/benchmark_summary.json,raw/measured-r04-o14-p07/stdout.txt,raw/measured-r04-o14-p07/stderr.txt,481.85685,371.500256,593.7572640000001,5.975234,89.794589,153.395165
csc3-demo-linux-process-benchmark-v1,measured-r04-o15-p06,measured,4,15,6,321013,2026-07-29T14:08:06.441234Z,2026-07-29T14:08:18.528103Z,12.086873166001169,0,5135900672,wait4.ru_maxrss,6,6,1279.602741,3474.95324,146.307168,3621.2604079999996,1479.294581,258.202473,1737.4970540000002,945274680,1.4846218545437816e-17,0.00390625,True,PASS,PASS,True,True,raw/measured-r04-o15-p06/benchmark_samples.csv,raw/measured-r04-o15-p06/benchmark_summary.json,raw/measured-r04-o15-p06/stdout.txt,raw/measured-r04-o15-p06/stderr.txt,502.950787,385.206127,591.1376670000002,6.060934,98.99262,153.14891899999998
csc3-demo-linux-process-benchmark-v1,measured-r04-o16-p05,measured,4,16,5,321189,2026-07-29T14:08:18.532111Z,2026-07-29T14:08:30.955198Z,12.423092230001203,0,5135855616,wait4.ru_maxrss,5,5,1286.205111,3477.561674,148.281601,3625.843275,1609.142231,271.395362,1880.537593,945274680,9.144913624853653e-17,0.005859375,True,PASS,PASS,True,True,raw/measured-r04-o16-p05/benchmark_samples.csv,raw/measured-r04-o16-p05/benchmark_summary.json,raw/measured-r04-o16-p05/stdout.txt,raw/measured-r04-o16-p05/stderr.txt,591.28176,421.57739,596.283081,5.953234,111.642039,153.80008899999996
csc3-demo-linux-process-benchmark-v1,measured-r04-o17-p04,measured,4,17,4,321381,2026-07-29T14:08:30.959336Z,2026-07-29T14:08:43.517337Z,12.558004038997751,0,5135986688,wait4.ru_maxrss,4,4,1288.679902,3465.521777,149.401369,3614.923146,1690.502129,286.737935,1977.240064,945274680,1.7081211660763586e-17,0.005859375,True,PASS,PASS,True,True,raw/measured-r04-o17-p04/benchmark_samples.csv,raw/measured-r04-o17-p04/benchmark_summary.json,raw/measured-r04-o17-p04/stdout.txt,raw/measured-r04-o17-p04/stderr.txt,635.413379,462.254541,592.8342089999999,5.959008,126.179302,154.599625
csc3-demo-linux-process-benchmark-v1,measured-r04-o18-p03,measured,4,18,3,321651,2026-07-29T14:08:43.521919Z,2026-07-29T14:08:56.512551Z,12.990636656999413,0,5135810560,wait4.ru_maxrss,3,3,1281.502064,3446.17428,145.961512,3592.135792,1904.916455,316.738394,2221.654849,945274680,1.2917238981384741e-17,0.00390625,True,PASS,PASS,True,True,raw/measured-r04-o18-p03/benchmark_samples.csv,raw/measured-r04-o18-p03/benchmark_summary.json,raw/measured-r04-o18-p03/stdout.txt,raw/measured-r04-o18-p03/stderr.txt,764.259657,548.9017,591.755098,6.231799,154.261418,156.245177
csc3-demo-linux-process-benchmark-v1,measured-r04-o19-p02,measured,4,19,2,321801,2026-07-29T14:08:56.516867Z,2026-07-29T14:09:10.296928Z,13.780067163999774,0,5135872000,wait4.ru_maxrss,2,2,1267.299011,3453.190104,148.417814,3601.6079179999997,2295.207922,374.138478,2669.3464,945274680,9.376484137206638e-18,0.0048828125,True,PASS,PASS,True,True,raw/measured-r04-o19-p02/benchmark_samples.csv,raw/measured-r04-o19-p02/benchmark_summary.json,raw/measured-r04-o19-p02/stdout.txt,raw/measured-r04-o19-p02/stderr.txt,1012.600535,696.270233,586.337154,5.968189,214.301573,153.86871600000003
csc3-demo-linux-process-benchmark-v1,measured-r04-o20-p01,measured,4,20,1,321972,2026-07-29T14:09:10.301295Z,2026-07-29T14:09:26.694515Z,16.393223418999696,0,5135982592,wait4.ru_maxrss,1,1,1284.963724,3441.56937,147.101985,3588.6713550000004,3472.984823,560.160046,4033.1448689999997,945274680,0.0,0.0,True,PASS,PASS,True,True,raw/measured-r04-o20-p01/benchmark_samples.csv,raw/measured-r04-o20-p01/benchmark_summary.json,raw/measured-r04-o20-p01/stdout.txt,raw/measured-r04-o20-p01/stderr.txt,1735.167079,1159.117877,578.6998669999998,6.091072,401.068082,153.0008919999999
csc3-demo-linux-process-benchmark-v1,measured-r05-o01-p01,measured,5,1,1,322326,2026-07-29T14:09:26.699537Z,2026-07-29T14:09:43.320314Z,16.620781560999603,0,5135949824,wait4.ru_maxrss,1,1,1288.616932,3488.228064,146.448803,3634.676867,3537.367644,570.682586,4108.05023,945274680,0.0,0.0,True,PASS,PASS,True,True,raw/measured-r05-o01-p01/benchmark_samples.csv,raw/measured-r05-o01-p01/benchmark_summary.json,raw/measured-r05-o01-p01/stdout.txt,raw/measured-r05-o01-p01/stderr.txt,1771.680581,1178.649888,587.0371749999999,5.93492,407.611991,157.135675
csc3-demo-linux-process-benchmark-v1,measured-r05-o02-p02,measured,5,2,2,322549,2026-07-29T14:09:43.324897Z,2026-07-29T14:09:57.161076Z,13.83618239000134,0,5135933440,wait4.ru_maxrss,2,2,1290.413443,3469.590988,146.525105,3616.116093,2302.662347,369.45609,2672.118437,945274680,9.0976566218406e-18,0.00390625,True,PASS,PASS,True,True,raw/measured-r05-o02-p02/benchmark_samples.csv,raw/measured-r05-o02-p02/benchmark_summary.json,raw/measured-r05-o02-p02/stdout.txt,raw/measured-r05-o02-p02/stderr.txt,1015.357276,699.051681,588.25339,6.020853,210.500766,152.93447100000003
csc3-demo-linux-process-benchmark-v1,measured-r05-o03-p03,measured,5,3,3,322702,2026-07-29T14:09:57.166400Z,2026-07-29T14:10:10.199679Z,13.033284330002061,0,5135708160,wait4.ru_maxrss,3,3,1283.947684,3473.507436,151.182149,3624.689585,1914.245276,316.594593,2230.839869,945274680,1.3209013117222163e-17,0.0048828125,True,PASS,PASS,True,True,raw/measured-r05-o03-p03/benchmark_samples.csv,raw/measured-r05-o03-p03/benchmark_summary.json,raw/measured-r05-o03-p03/stdout.txt,raw/measured-r05-o03-p03/stderr.txt,768.626326,551.681268,593.937682,5.971714,155.75168,154.87119899999996
csc3-demo-linux-process-benchmark-v1,measured-r05-o04-p04,measured,5,4,4,322875,2026-07-29T14:10:10.204651Z,2026-07-29T14:10:22.691493Z,12.486845249997714,0,5135937536,wait4.ru_maxrss,4,4,1280.574373,3443.562189,146.228694,3589.790883,1690.536854,287.289406,1977.8262599999998,945274680,1.7186055932683933e-17,0.005859375,True,PASS,PASS,True,True,raw/measured-r05-o04-p04/benchmark_samples.csv,raw/measured-r05-o04-p04/benchmark_summary.json,raw/measured-r05-o04-p04/stdout.txt,raw/measured-r05-o04-p04/stderr.txt,632.202197,471.171792,587.1628649999999,6.187462,127.132856,153.969088
csc3-demo-linux-process-benchmark-v1,measured-r05-o05-p05,measured,5,5,5,323014,2026-07-29T14:10:22.696095Z,2026-07-29T14:10:34.957899Z,12.261809600997367,0,5135769600,wait4.ru_maxrss,5,5,1267.253004,3435.403261,146.676238,3582.079499,1605.880943,271.632434,1877.5133769999998,945274680,9.144684803169632e-17,0.005859375,True,PASS,PASS,True,True,raw/measured-r05-o05-p05/benchmark_samples.csv,raw/measured-r05-o05-p05/benchmark_summary.json,raw/measured-r05-o05-p05/stdout.txt,raw/measured-r05-o05-p05/stderr.txt,580.12288,438.126414,587.6316489999997,6.045463,109.620744,155.966227
csc3-demo-linux-process-benchmark-v1,measured-r05-o06-p06,measured,5,6,6,323232,2026-07-29T14:10:34.962597Z,2026-07-29T14:10:47.031307Z,12.068714955999894,0,5135904768,wait4.ru_maxrss,6,6,1279.906531,3455.090023,146.640306,3601.730329,1488.503081,258.059509,1746.56259,945274680,1.5189706386006455e-17,0.00390625,True,PASS,PASS,True,True,raw/measured-r05-o06-p06/benchmark_samples.csv,raw/measured-r05-o06-p06/benchmark_summary.json,raw/measured-r05-o06-p06/stdout.txt,raw/measured-r05-o06-p06/stderr.txt,505.414121,388.123236,594.965724,5.946651,98.629916,153.48294199999998
csc3-demo-linux-process-benchmark-v1,measured-r05-o07-p07,measured,5,7,7,323406,2026-07-29T14:10:47.035555Z,2026-07-29T14:10:59.018005Z,11.982455676999962,0,5135683584,wait4.ru_maxrss,7,7,1260.735409,3466.878056,146.227677,3613.105733,1434.233174,250.609705,1684.842879,945274680,1.0880127632869688e-16,0.0068359375,True,PASS,PASS,True,True,raw/measured-r05-o07-p07/benchmark_samples.csv,raw/measured-r05-o07-p07/benchmark_summary.json,raw/measured-r05-o07-p07/stdout.txt,raw/measured-r05-o07-p07/stderr.txt,483.209396,363.028824,587.994954,5.925577,90.605396,154.078732
csc3-demo-linux-process-benchmark-v1,measured-r05-o08-p08,measured,5,8,8,323557,2026-07-29T14:10:59.022350Z,2026-07-29T14:11:10.975473Z,11.953126565000275,0,5135876096,wait4.ru_maxrss,8,8,1274.725901,3462.534396,146.546699,3609.081095,1409.644984,244.930278,1654.575262,945274680,9.814494397781583e-17,0.005859375,True,PASS,PASS,True,True,raw/measured-r05-o08-p08/benchmark_samples.csv,raw/measured-r05-o08-p08/benchmark_summary.json,raw/measured-r05-o08-p08/stdout.txt,raw/measured-r05-o08-p08/stderr.txt,472.572407,345.23874,591.833837,5.95739,83.481248,155.49164
csc3-demo-linux-process-benchmark-v1,measured-r05-o09-p09,measured,5,9,9,323689,2026-07-29T14:11:10.980190Z,2026-07-29T14:11:22.911591Z,11.931406887000776,0,5135998976,wait4.ru_maxrss,9,9,1267.579576,3451.01833,146.438107,3597.456437,1394.594147,249.578344,1644.172491,945274680,1.16443364349207e-16,0.005859375,True,PASS,PASS,True,True,raw/measured-r05-o09-p09/benchmark_samples.csv,raw/measured-r05-o09-p09/benchmark_summary.json,raw/measured-r05-o09-p09/stdout.txt,raw/measured-r05-o09-p09/stderr.txt,446.818598,357.684149,590.0914,5.928082,86.321059,157.329203
csc3-demo-linux-process-benchmark-v1,measured-r05-o10-p10,measured,5,10,10,323828,2026-07-29T14:11:22.915817Z,2026-07-29T14:11:34.829691Z,11.913879537001776,0,5136134144,wait4.ru_maxrss,10,10,1292.489254,3478.893126,150.474698,3629.367824,1355.20378,245.38168,1600.58546,945274680,1.2792306110844217e-16,0.0068359375,True,PASS,PASS,True,True,raw/measured-r05-o10-p10/benchmark_samples.csv,raw/measured-r05-o10-p10/benchmark_summary.json,raw/measured-r05-o10-p10/stdout.txt,raw/measured-r05-o10-p10/stderr.txt,423.008635,338.511739,593.6834060000001,5.960849,84.618288,154.802543
csc3-demo-linux-process-benchmark-v1,measured-r05-o11-p11,measured,5,11,11,324013,2026-07-29T14:11:34.834382Z,2026-07-29T14:11:46.704106Z,11.869729401001678,0,5136089088,wait4.ru_maxrss,11,11,1282.375721,3464.038053,151.89112,3615.9291730000004,1354.72554,249.706653,1604.4321929999999,945274680,1.363908945263563e-16,0.0068359375,True,PASS,PASS,True,True,raw/measured-r05-o11-p11/benchmark_samples.csv,raw/measured-r05-o11-p11/benchmark_summary.json,raw/measured-r05-o11-p11/stdout.txt,raw/measured-r05-o11-p11/stderr.txt,417.650484,346.517071,590.5579849999999,6.232428,87.524924,155.949301
csc3-demo-linux-process-benchmark-v1,measured-r05-o12-p12,measured,5,12,12,324187,2026-07-29T14:11:46.709095Z,2026-07-29T14:11:58.440808Z,11.731716487000085,0,5135978496,wait4.ru_maxrss,12,12,1287.854402,3455.937775,147.110572,3603.048347,1307.414097,244.807315,1552.221412,945274680,2.0398549551185358e-17,0.005859375,True,PASS,PASS,True,True,raw/measured-r05-o12-p12/benchmark_samples.csv,raw/measured-r05-o12-p12/benchmark_summary.json,raw/measured-r05-o12-p12/stdout.txt,raw/measured-r05-o12-p12/stderr.txt,382.644033,333.322476,591.447588,5.954364,83.415132,155.437819
csc3-demo-linux-process-benchmark-v1,measured-r05-o13-p13,measured,5,13,13,324323,2026-07-29T14:11:58.445105Z,2026-07-29T14:12:10.206629Z,11.761528289000125,0,5135888384,wait4.ru_maxrss,13,13,1287.19472,3483.359782,151.562961,3634.922743,1296.035213,240.991659,1537.0268720000001,945274680,1.4641298424431509e-16,0.0068359375,True,PASS,PASS,True,True,raw/measured-r05-o13-p13/benchmark_samples.csv,raw/measured-r05-o13-p13/benchmark_summary.json,raw/measured-r05-o13-p13/stdout.txt,raw/measured-r05-o13-p13/stderr.txt,380.269186,324.257126,591.5089010000002,5.932064,81.703562,153.356033
csc3-demo-linux-process-benchmark-v1,measured-r05-o14-p14,measured,5,14,14,324455,2026-07-29T14:12:10.211411Z,2026-07-29T14:12:21.818899Z,11.607492938001087,0,5135753216,wait4.ru_maxrss,14,14,1264.966067,3422.376749,146.853738,3569.230487,1285.860006,239.659571,1525.519577,945274680,1.490203712827959e-16,0.0078125,True,PASS,PASS,True,True,raw/measured-r05-o14-p14/benchmark_samples.csv,raw/measured-r05-o14-p14/benchmark_summary.json,raw/measured-r05-o14-p14/stdout.txt,raw/measured-r05-o14-p14/stderr.txt,369.301861,327.51749,589.0406550000002,6.051981,79.508332,154.099258
csc3-demo-linux-process-benchmark-v1,measured-r05-o15-p15,measured,5,15,15,324659,2026-07-29T14:12:21.823700Z,2026-07-29T14:12:33.600553Z,11.776856104999752,0,5136056320,wait4.ru_maxrss,15,15,1296.201893,3503.376577,149.071929,3652.448506,1273.976818,239.380703,1513.3575210000001,945274680,1.5150013453241034e-16,0.0078125,True,PASS,PASS,True,True,raw/measured-r05-o15-p15/benchmark_samples.csv,raw/measured-r05-o15-p15/benchmark_summary.json,raw/measured-r05-o15-p15/stdout.txt,raw/measured-r05-o15-p15/stderr.txt,366.126499,317.091046,590.7592730000001,6.059073,75.128232,158.193398
csc3-demo-linux-process-benchmark-v1,measured-r05-o16-p16,measured,5,16,16,324881,2026-07-29T14:12:33.605411Z,2026-07-29T14:12:45.379445Z,11.77403793999838,0,5135847424,wait4.ru_maxrss,16,16,1278.194761,3488.255497,151.727924,3639.983421,1279.169156,233.168115,1512.3372709999999,945274680,1.494768907217561e-16,0.005859375,True,PASS,PASS,True,True,raw/measured-r05-o16-p16/benchmark_samples.csv,raw/measured-r05-o16-p16/benchmark_summary.json,raw/measured-r05-o16-p16/stdout.txt,raw/measured-r05-o16-p16/stderr.txt,369.153972,319.576314,590.4388699999998,5.964178,75.870643,151.333294
csc3-demo-linux-process-benchmark-v1,measured-r05-o17-p17,measured,5,17,17,325072,2026-07-29T14:12:45.384316Z,2026-07-29T14:12:57.087747Z,11.703433784998197,0,5135892480,wait4.ru_maxrss,17,17,1281.327868,3477.185625,146.261605,3623.44723,1262.586633,236.337868,1498.924501,945274680,1.53688565446888e-16,0.005859375,True,PASS,PASS,True,True,raw/measured-r05-o17-p17/benchmark_samples.csv,raw/measured-r05-o17-p17/benchmark_summary.json,raw/measured-r05-o17-p17/stdout.txt,raw/measured-r05-o17-p17/stderr.txt,357.561381,310.004277,595.0209749999999,6.064321,75.793181,154.48036599999998
csc3-demo-linux-process-benchmark-v1,measured-r05-o18-p18,measured,5,18,18,325208,2026-07-29T14:12:57.092135Z,2026-07-29T14:13:08.841712Z,11.74958044199957,0,5135785984,wait4.ru_maxrss,18,18,1292.284641,3491.037456,151.64875,3642.686206,1257.031696,237.101998,1494.133694,945274680,1.497177213746273e-16,0.0068359375,True,PASS,PASS,True,True,raw/measured-r05-o18-p18/benchmark_samples.csv,raw/measured-r05-o18-p18/benchmark_summary.json,raw/measured-r05-o18-p18/stdout.txt,raw/measured-r05-o18-p18/stderr.txt,358.896132,306.051687,592.0838769999999,5.965214,76.678338,154.458446
csc3-demo-linux-process-benchmark-v1,measured-r05-o19-p19,measured,5,19,19,325348,2026-07-29T14:13:08.846375Z,2026-07-29T14:13:20.519494Z,11.673122977001185,0,5135769600,wait4.ru_maxrss,19,19,1288.731702,3466.62709,148.172948,3614.800038,1248.676373,238.238741,1486.915114,945274680,1.5389102360919324e-16,0.0078125,True,PASS,PASS,True,True,raw/measured-r05-o19-p19/benchmark_samples.csv,raw/measured-r05-o19-p19/benchmark_summary.json,raw/measured-r05-o19-p19/stdout.txt,raw/measured-r05-o19-p19/stderr.txt,351.815461,306.764048,590.096864,5.857061,78.38404,153.99764000000002
csc3-demo-linux-process-benchmark-v1,measured-r05-o20-p20,measured,5,20,20,325507,2026-07-29T14:13:20.523984Z,2026-07-29T14:13:32.200883Z,11.676901597002143,0,5135884288,wait4.ru_maxrss,20,20,1270.982822,3470.433664,146.058095,3616.491759,1257.140772,244.912815,1502.0535869999999,945274680,1.5277567669651973e-16,0.0078125,True,PASS,PASS,True,True,raw/measured-r05-o20-p20/benchmark_samples.csv,raw/measured-r05-o20-p20/benchmark_summary.json,raw/measured-r05-o20-p20/stdout.txt,raw/measured-r05-o20-p20/stderr.txt,359.65486,306.793824,590.692088,6.060828,79.759194,159.09279300000003
csc3-demo-linux-process-benchmark-v1,measured-r06-o01-p20,measured,6,1,20,325689,2026-07-29T14:13:32.205543Z,2026-07-29T14:13:43.927138Z,11.721595943003194,0,5136056320,wait4.ru_maxrss,20,20,1294.998006,3473.66983,149.390824,3623.060654,1261.395611,248.851983,1510.247594,945274680,1.503653221083346e-16,0.005859375,True,PASS,PASS,True,True,raw/measured-r06-o01-p20/benchmark_samples.csv,raw/measured-r06-o01-p20/benchmark_summary.json,raw/measured-r06-o01-p20/stdout.txt,raw/measured-r06-o01-p20/stderr.txt,352.530056,315.458348,593.4072069999999,6.014095,85.94868,156.889208
csc3-demo-linux-process-benchmark-v1,measured-r06-o02-p19,measured,6,2,19,325882,2026-07-29T14:13:43.931532Z,2026-07-29T14:13:55.644887Z,11.71335990100124,0,5135659008,wait4.ru_maxrss,19,19,1296.27331,3488.878121,152.318348,3641.196469,1256.885134,239.863692,1496.748826,945274680,1.5091168836413834e-16,0.0078125,True,PASS,PASS,True,True,raw/measured-r06-o02-p19/benchmark_samples.csv,raw/measured-r06-o02-p19/benchmark_summary.json,raw/measured-r06-o02-p19/stdout.txt,raw/measured-r06-o02-p19/stderr.txt,356.770244,312.054037,588.0608530000001,6.087289,79.254306,154.52209699999997
csc3-demo-linux-process-benchmark-v1,measured-r06-o03-p18,measured,6,3,18,326027,2026-07-29T14:13:55.649431Z,2026-07-29T14:14:07.277739Z,11.628311429998575,0,5135962112,wait4.ru_maxrss,18,18,1286.793137,3461.333396,146.471333,3607.804729,1254.033435,234.028891,1488.062326,945274680,1.5188190406085628e-16,0.0068359375,True,PASS,PASS,True,True,raw/measured-r06-o03-p18/benchmark_samples.csv,raw/measured-r06-o03-p18/benchmark_summary.json,raw/measured-r06-o03-p18/stdout.txt,raw/measured-r06-o03-p18/stderr.txt,350.92792,312.273892,590.831623,6.117771,74.113534,153.79758599999997
csc3-demo-linux-process-benchmark-v1,measured-r06-o04-p17,measured,6,4,17,326167,2026-07-29T14:14:07.282533Z,2026-07-29T14:14:18.856191Z,11.573661319001985,0,5136056320,wait4.ru_maxrss,17,17,1273.578691,3423.843968,146.45171,3570.295678,1243.371222,234.511064,1477.882286,945274680,1.4983214989750073e-16,0.0068359375,True,PASS,PASS,True,True,raw/measured-r06-o04-p17/benchmark_samples.csv,raw/measured-r06-o04-p17/benchmark_summary.json,raw/measured-r06-o04-p17/stdout.txt,raw/measured-r06-o04-p17/stderr.txt,355.891173,301.252858,586.227191,6.101167,75.220369,153.189528
csc3-demo-linux-process-benchmark-v1,measured-r06-o05-p16,measured,6,5,16,326315,2026-07-29T14:14:18.860719Z,2026-07-29T14:14:30.571595Z,11.710879707999993,0,5135851520,wait4.ru_maxrss,16,16,1281.931796,3471.512126,149.304078,3620.816204,1273.573333,231.162394,1504.735727,945274680,1.5225449401804188e-16,0.005859375,True,PASS,PASS,True,True,raw/measured-r06-o05-p16/benchmark_samples.csv,raw/measured-r06-o05-p16/benchmark_summary.json,raw/measured-r06-o05-p16/stdout.txt,raw/measured-r06-o05-p16/stderr.txt,363.794889,317.563169,592.215275,6.028872,73.889189,151.24433299999998
csc3-demo-linux-process-benchmark-v1,measured-r06-o06-p15,measured,6,6,15,326492,2026-07-29T14:14:30.575941Z,2026-07-29T14:14:42.342087Z,11.766151627998624,0,5135814656,wait4.ru_maxrss,15,15,1290.301863,3489.426632,151.649436,3641.0760680000003,1281.745773,241.075761,1522.8215340000002,945274680,1.53309017640502e-16,0.0078125,True,PASS,PASS,True,True,raw/measured-r06-o06-p15/benchmark_samples.csv,raw/measured-r06-o06-p15/benchmark_summary.json,raw/measured-r06-o06-p15/stdout.txt,raw/measured-r06-o06-p15/stderr.txt,369.846511,319.526622,592.3726400000002,5.942315,81.327517,153.805929
csc3-demo-linux-process-benchmark-v1,measured-r06-o07-p14,measured,6,7,14,326649,2026-07-29T14:14:42.346650Z,2026-07-29T14:14:53.951887Z,11.605242065998027,0,5135949824,wait4.ru_maxrss,14,14,1261.410339,3439.313022,145.418797,3584.7318189999996,1274.873491,236.445178,1511.318669,945274680,1.4880417974348833e-16,0.0068359375,True,PASS,PASS,True,True,raw/measured-r06-o07-p14/benchmark_samples.csv,raw/measured-r06-o07-p14/benchmark_summary.json,raw/measured-r06-o07-p14/stdout.txt,raw/measured-r06-o07-p14/stderr.txt,368.323115,319.04735,587.5030260000001,5.967405,77.213606,153.264167
csc3-demo-linux-process-benchmark-v1,measured-r06-o08-p13,measured,6,8,13,326795,2026-07-29T14:14:53.956294Z,2026-07-29T14:15:05.681213Z,11.72492385499936,0,5135839232,wait4.ru_maxrss,13,13,1281.257649,3465.056955,147.367322,3612.424277,1291.009999,245.409747,1536.419746,945274680,1.4763221849184684e-16,0.0068359375,True,PASS,PASS,True,True,raw/measured-r06-o08-p13/benchmark_samples.csv,raw/measured-r06-o08-p13/benchmark_summary.json,raw/measured-r06-o08-p13/stdout.txt,raw/measured-r06-o08-p13/stderr.txt,375.081515,324.277695,591.650789,5.879845,85.006762,154.52314
csc3-demo-linux-process-benchmark-v1,measured-r06-o09-p12,measured,6,9,12,326943,2026-07-29T14:15:05.685760Z,2026-07-29T14:15:17.433644Z,11.74788813199848,0,5136007168,wait4.ru_maxrss,12,12,1283.334588,3460.815202,147.758641,3608.573843,1310.839126,242.129128,1552.9682540000001,945274680,2.1222401815067453e-17,0.005859375,True,PASS,PASS,True,True,raw/measured-r06-o09-p12/benchmark_samples.csv,raw/measured-r06-o09-p12/benchmark_summary.json,raw/measured-r06-o09-p12/stdout.txt,raw/measured-r06-o09-p12/stderr.txt,384.486058,334.081685,592.2713830000001,6.030542,80.038646,156.05994
csc3-demo-linux-process-benchmark-v1,measured-r06-o10-p11,measured,6,10,11,327125,2026-07-29T14:15:17.438129Z,2026-07-29T14:15:29.157860Z,11.719736178001767,0,5135872000,wait4.ru_maxrss,11,11,1267.969016,3442.873089,147.560257,3590.4333460000003,1331.409795,241.60752,1573.017315,945274680,1.3623253381016113e-16,0.0068359375,True,PASS,PASS,True,True,raw/measured-r06-o10-p11/benchmark_samples.csv,raw/measured-r06-o10-p11/benchmark_summary.json,raw/measured-r06-o10-p11/stdout.txt,raw/measured-r06-o10-p11/stderr.txt,400.371552,345.104796,585.9334469999999,5.943807,83.587419,152.07629400000002
csc3-demo-linux-process-benchmark-v1,measured-r06-o11-p10,measured,6,11,10,327303,2026-07-29T14:15:29.162628Z,2026-07-29T14:15:41.079538Z,11.916914634999557,0,5135749120,wait4.ru_maxrss,10,10,1282.870607,3470.105417,151.235263,3621.3406800000002,1370.171131,251.087896,1621.259027,945274680,1.279862547495131e-16,0.0078125,True,PASS,PASS,True,True,raw/measured-r06-o11-p10/benchmark_samples.csv,raw/measured-r06-o11-p10/benchmark_summary.json,raw/measured-r06-o11-p10/stdout.txt,raw/measured-r06-o11-p10/stderr.txt,434.124657,347.258604,588.78787,6.026129,89.103704,155.958063
csc3-demo-linux-process-benchmark-v1,measured-r06-o12-p09,measured,6,12,9,327452,2026-07-29T14:15:41.084035Z,2026-07-29T14:15:53.070015Z,11.98598460300127,0,5135626240,wait4.ru_maxrss,9,9,1284.700229,3489.290863,151.907885,3641.1987480000003,1409.014287,248.332147,1657.346434,945274680,1.1649583973705425e-16,0.005859375,True,PASS,PASS,True,True,raw/measured-r06-o12-p09/benchmark_samples.csv,raw/measured-r06-o12-p09/benchmark_summary.json,raw/measured-r06-o12-p09/stdout.txt,raw/measured-r06-o12-p09/stderr.txt,458.195229,361.837705,588.981353,5.932276,86.928619,155.471252
csc3-demo-linux-process-benchmark-v1,measured-r06-o13-p08,measured,6,13,8,327596,2026-07-29T14:15:53.075077Z,2026-07-29T14:16:04.867822Z,11.792748781001137,0,5135929344,wait4.ru_maxrss,8,8,1247.178556,3415.810104,147.965597,3563.775701,1392.455249,245.762697,1638.2179460000002,945274680,9.813207142836335e-17,0.005859375,True,PASS,PASS,True,True,raw/measured-r06-o13-p08/benchmark_samples.csv,raw/measured-r06-o13-p08/benchmark_summary.json,raw/measured-r06-o13-p08/stdout.txt,raw/measured-r06-o13-p08/stderr.txt,463.326162,345.224418,583.904669,5.994522,83.340217,156.42795800000002
csc3-demo-linux-process-benchmark-v1,measured-r06-o14-p07,measured,6,14,7,327743,2026-07-29T14:16:04.872581Z,2026-07-29T14:16:16.973997Z,12.101421193001443,0,5135847424,wait4.ru_maxrss,7,7,1279.104322,3488.143713,151.689443,3639.833156,1449.422011,251.489202,1700.911213,945274680,1.0881762736815158e-16,0.0068359375,True,PASS,PASS,True,True,raw/measured-r06-o14-p07/benchmark_samples.csv,raw/measured-r06-o14-p07/benchmark_summary.json,raw/measured-r06-o14-p07/stdout.txt,raw/measured-r06-o14-p07/stderr.txt,485.073712,368.845263,595.5030360000001,5.968684,90.603739,154.91677900000002
csc3-demo-linux-process-benchmark-v1,measured-r06-o15-p06,measured,6,15,6,327910,2026-07-29T14:16:16.979061Z,2026-07-29T14:16:29.061168Z,12.082112254000094,0,5135941632,wait4.ru_maxrss,6,6,1281.84244,3460.890941,146.619478,3607.510419,1479.173061,259.438627,1738.611688,945274680,1.4882543045728128e-17,0.00390625,True,PASS,PASS,True,True,raw/measured-r06-o15-p06/benchmark_samples.csv,raw/measured-r06-o15-p06/benchmark_summary.json,raw/measured-r06-o15-p06/stdout.txt,raw/measured-r06-o15-p06/stderr.txt,501.563209,388.125285,589.484567,5.903373,98.796329,154.738925
csc3-demo-linux-process-benchmark-v1,measured-r06-o16-p05,measured,6,16,5,328054,2026-07-29T14:16:29.067067Z,2026-07-29T14:16:41.446943Z,12.379881548000412,0,5135699968,wait4.ru_maxrss,5,5,1281.070189,3476.761133,152.148014,3628.909147,1595.297256,272.479734,1867.77699,945274680,9.144870804270705e-17,0.005859375,True,PASS,PASS,True,True,raw/measured-r06-o16-p05/benchmark_samples.csv,raw/measured-r06-o16-p05/benchmark_summary.json,raw/measured-r06-o16-p05/stdout.txt,raw/measured-r06-o16-p05/stderr.txt,584.969944,417.456483,592.870829,5.915194,111.463709,155.10083100000003
csc3-demo-linux-process-benchmark-v1,measured-r06-o17-p04,measured,6,17,4,328217,2026-07-29T14:16:41.452056Z,2026-07-29T14:16:54.039654Z,12.5876018989984,0,5135990784,wait4.ru_maxrss,4,4,1283.886153,3491.625163,149.920208,3641.545371,1693.164586,289.425678,1982.5902640000002,945274680,1.71291861203613e-17,0.005859375,True,PASS,PASS,True,True,raw/measured-r06-o17-p04/benchmark_samples.csv,raw/measured-r06-o17-p04/benchmark_summary.json,raw/measured-r06-o17-p04/stdout.txt,raw/measured-r06-o17-p04/stderr.txt,631.787771,467.316407,594.060408,5.961074,125.750993,157.71361100000001
csc3-demo-linux-process-benchmark-v1,measured-r06-o18-p03,measured,6,18,3,328395,2026-07-29T14:16:54.044213Z,2026-07-29T14:17:07.074949Z,13.030740358997718,0,5135724544,wait4.ru_maxrss,3,3,1284.006488,3472.484523,150.680388,3623.164911,1905.956083,316.43283,2222.3889130000002,945274680,1.3177464574846407e-17,0.00390625,True,PASS,PASS,True,True,raw/measured-r06-o18-p03/benchmark_samples.csv,raw/measured-r06-o18-p03/benchmark_summary.json,raw/measured-r06-o18-p03/stdout.txt,raw/measured-r06-o18-p03/stderr.txt,767.341543,550.040806,588.5737340000001,5.980119,154.821232,155.631479
csc3-demo-linux-process-benchmark-v1,measured-r06-o19-p02,measured,6,19,2,328537,2026-07-29T14:17:07.080188Z,2026-07-29T14:17:20.975852Z,13.89566997699876,0,5136039936,wait4.ru_maxrss,2,2,1287.768993,3473.859056,154.74858,3628.6076359999997,2308.601177,374.158171,2682.759348,945274680,8.756423595915833e-18,0.00390625,True,PASS,PASS,True,True,raw/measured-r06-o19-p02/benchmark_samples.csv,raw/measured-r06-o19-p02/benchmark_summary.json,raw/measured-r06-o19-p02/stdout.txt,raw/measured-r06-o19-p02/stderr.txt,1014.103522,701.815326,592.6823290000001,6.047563,213.671472,154.43913599999996
csc3-demo-linux-process-benchmark-v1,measured-r06-o20-p01,measured,6,20,1,328732,2026-07-29T14:17:20.980830Z,2026-07-29T14:17:37.369608Z,16.388781961999484,0,5135974400,wait4.ru_maxrss,1,1,1268.747028,3423.013697,146.66211,3569.675807,3489.410672,557.280577,4046.691249,945274680,0.0,0.0,True,PASS,PASS,True,True,raw/measured-r06-o20-p01/benchmark_samples.csv,raw/measured-r06-o20-p01/benchmark_summary.json,raw/measured-r06-o20-p01/stdout.txt,raw/measured-r06-o20-p01/stderr.txt,1739.773118,1167.851444,581.78611,5.892912,396.35041,155.03725499999996
csc3-demo-linux-process-benchmark-v1,measured-r07-o01-p01,measured,7,1,1,328973,2026-07-29T14:17:37.375268Z,2026-07-29T14:17:53.784751Z,16.409486682001443,0,5135867904,wait4.ru_maxrss,1,1,1275.061081,3419.295794,146.271102,3565.5668960000003,3501.290988,564.649506,4065.9404940000004,945274680,0.0,0.0,True,PASS,PASS,True,True,raw/measured-r07-o01-p01/benchmark_samples.csv,raw/measured-r07-o01-p01/benchmark_summary.json,raw/measured-r07-o01-p01/stdout.txt,raw/measured-r07-o01-p01/stderr.txt,1747.884859,1168.320514,585.0856150000002,5.959384,403.558458,155.131664
csc3-demo-linux-process-benchmark-v1,measured-r07-o02-p02,measured,7,2,2,329144,2026-07-29T14:17:53.790606Z,2026-07-29T14:18:07.510227Z,13.719624085002579,0,5135937536,wait4.ru_maxrss,2,2,1263.8149,3435.173746,145.511583,3580.685329,2288.665672,368.098525,2656.764197,945274680,8.754802106408492e-18,0.00390625,True,PASS,PASS,True,True,raw/measured-r07-o02-p02/benchmark_samples.csv,raw/measured-r07-o02-p02/benchmark_summary.json,raw/measured-r07-o02-p02/stdout.txt,raw/measured-r07-o02-p02/stderr.txt,1006.512093,698.293369,583.86021,5.970435,209.389279,152.738811
csc3-demo-linux-process-benchmark-v1,measured-r07-o03-p03,measured,7,3,3,329328,2026-07-29T14:18:07.516796Z,2026-07-29T14:18:20.433558Z,12.916764015000808,0,5136113664,wait4.ru_maxrss,3,3,1268.326674,3430.497284,156.521878,3587.019162,1893.723828,315.853528,2209.577356,945274680,1.2920827532168518e-17,0.00390625,True,PASS,PASS,True,True,raw/measured-r07-o03-p03/benchmark_samples.csv,raw/measured-r07-o03-p03/benchmark_summary.json,raw/measured-r07-o03-p03/stdout.txt,raw/measured-r07-o03-p03/stderr.txt,760.498287,547.348752,585.8767889999998,5.918018,154.805698,155.12981199999996
csc3-demo-linux-process-benchmark-v1,measured-r07-o04-p04,measured,7,4,4,329529,2026-07-29T14:18:20.439878Z,2026-07-29T14:18:33.012853Z,12.57297831500182,0,5135798272,wait4.ru_maxrss,4,4,1285.355193,3463.014056,147.111661,3610.125717,1693.251403,287.233105,1980.484508,945274680,1.7322852646018004e-17,0.005859375,True,PASS,PASS,True,True,raw/measured-r07-o04-p04/benchmark_samples.csv,raw/measured-r07-o04-p04/benchmark_summary.json,raw/measured-r07-o04-p04/stdout.txt,raw/measured-r07-o04-p04/stderr.txt,631.589689,469.005259,592.6564549999998,5.910269,127.096525,154.226311
csc3-demo-linux-process-benchmark-v1,measured-r07-o05-p05,measured,7,5,5,329690,2026-07-29T14:18:33.018813Z,2026-07-29T14:18:45.266461Z,12.247648246000608,0,5135892480,wait4.ru_maxrss,5,5,1277.826838,3419.990001,146.608025,3566.598026,1593.167767,276.019831,1869.187598,945274680,9.144951063322199e-17,0.005859375,True,PASS,PASS,True,True,raw/measured-r07-o05-p05/benchmark_samples.csv,raw/measured-r07-o05-p05/benchmark_summary.json,raw/measured-r07-o05-p05/stdout.txt,raw/measured-r07-o05-p05/stderr.txt,585.567132,420.32991,587.2707249999999,6.010232,110.205116,159.80448300000003
csc3-demo-linux-process-benchmark-v1,measured-r07-o06-p06,measured,7,6,6,329867,2026-07-29T14:18:45.272708Z,2026-07-29T14:18:57.384215Z,12.111509282000043,0,5135478784,wait4.ru_maxrss,6,6,1285.202264,3469.980269,149.969302,3619.949571,1480.061008,259.019006,1739.080014,945274680,1.497415369529808e-17,0.00390625,True,PASS,PASS,True,True,raw/measured-r07-o06-p06/benchmark_samples.csv,raw/measured-r07-o06-p06/benchmark_summary.json,raw/measured-r07-o06-p06/stdout.txt,raw/measured-r07-o06-p06/stderr.txt,506.160792,381.764685,592.1355309999999,5.95309,98.366698,154.69921799999997
csc3-demo-linux-process-benchmark-v1,measured-r07-o07-p07,measured,7,7,7,330000,2026-07-29T14:18:57.390363Z,2026-07-29T14:19:09.443871Z,12.053510803998506,0,5135904768,wait4.ru_maxrss,7,7,1285.449753,3470.43464,151.738908,3622.1735479999998,1437.440178,251.938,1689.378178,945274680,1.0881052323800387e-16,0.0068359375,True,PASS,PASS,True,True,raw/measured-r07-o07-p07/benchmark_samples.csv,raw/measured-r07-o07-p07/benchmark_summary.json,raw/measured-r07-o07-p07/stdout.txt,raw/measured-r07-o07-p07/stderr.txt,482.459984,365.93467,589.045524,6.038808,90.270593,155.628599
csc3-demo-linux-process-benchmark-v1,measured-r07-o08-p08,measured,7,8,8,330131,2026-07-29T14:19:09.449822Z,2026-07-29T14:19:21.418160Z,11.968342074000248,0,5135945728,wait4.ru_maxrss,8,8,1287.054352,3474.228199,145.477751,3619.70595,1416.78689,247.261791,1664.048681,945274680,9.815407867005846e-17,0.005859375,True,PASS,PASS,True,True,raw/measured-r07-o08-p08/benchmark_samples.csv,raw/measured-r07-o08-p08/benchmark_summary.json,raw/measured-r07-o08-p08/stdout.txt,raw/measured-r07-o08-p08/stderr.txt,464.433911,361.209787,591.143192,6.099343,83.057563,158.10488499999997
csc3-demo-linux-process-benchmark-v1,measured-r07-o09-p09,measured,7,9,9,330308,2026-07-29T14:19:21.424669Z,2026-07-29T14:19:33.379371Z,11.954706057000294,0,5135855616,wait4.ru_maxrss,9,9,1287.139855,3465.486324,147.079815,3612.566139,1403.59312,245.588931,1649.182051,945274680,1.164909468931987e-16,0.005859375,True,PASS,PASS,True,True,raw/measured-r07-o09-p09/benchmark_samples.csv,raw/measured-r07-o09-p09/benchmark_summary.json,raw/measured-r07-o09-p09/stdout.txt,raw/measured-r07-o09-p09/stderr.txt,452.651817,357.736327,593.204976,5.960323,86.468701,153.15990700000003
csc3-demo-linux-process-benchmark-v1,measured-r07-o10-p10,measured,7,10,10,330488,2026-07-29T14:19:33.384818Z,2026-07-29T14:19:45.157889Z,11.773074087999703,0,5136011264,wait4.ru_maxrss,10,10,1260.044406,3426.848134,146.307396,3573.15553,1364.587065,248.187577,1612.7746419999999,945274680,1.2782748064946086e-16,0.0068359375,True,PASS,PASS,True,True,raw/measured-r07-o10-p10/benchmark_samples.csv,raw/measured-r07-o10-p10/benchmark_summary.json,raw/measured-r07-o10-p10/stdout.txt,raw/measured-r07-o10-p10/stderr.txt,429.536983,348.667271,586.382811,6.039246,85.697737,156.45059400000002
csc3-demo-linux-process-benchmark-v1,measured-r07-o11-p11,measured,7,11,11,330630,2026-07-29T14:19:45.163819Z,2026-07-29T14:19:56.964032Z,11.800217004998558,0,5135876096,wait4.ru_maxrss,11,11,1276.25378,3454.242595,146.694661,3600.937256,1327.047877,250.86424,1577.9121169999999,945274680,1.3633372876944538e-16,0.0068359375,True,PASS,PASS,True,True,raw/measured-r07-o11-p11/benchmark_samples.csv,raw/measured-r07-o11-p11/benchmark_summary.json,raw/measured-r07-o11-p11/stdout.txt,raw/measured-r07-o11-p11/stderr.txt,394.42026,339.987915,592.6397019999999,5.96838,85.751712,159.144148
csc3-demo-linux-process-benchmark-v1,measured-r07-o12-p12,measured,7,12,12,330773,2026-07-29T14:19:56.969726Z,2026-07-29T14:20:08.714437Z,11.74471566200009,0,5135941632,wait4.ru_maxrss,12,12,1279.561102,3462.436905,146.331893,3608.768798,1310.123413,259.784579,1569.907992,945274680,2.0872054892849936e-17,0.005859375,True,PASS,PASS,True,True,raw/measured-r07-o12-p12/benchmark_samples.csv,raw/measured-r07-o12-p12/benchmark_summary.json,raw/measured-r07-o12-p12/stdout.txt,raw/measured-r07-o12-p12/stderr.txt,384.208832,334.875923,591.0386579999999,6.110533,94.864986,158.80906
csc3-demo-linux-process-benchmark-v1,measured-r07-o13-p13,measured,7,13,13,330946,2026-07-29T14:20:08.720729Z,2026-07-29T14:20:20.491891Z,11.77116663200286,0,5135896576,wait4.ru_maxrss,13,13,1290.785379,3469.051294,150.262536,3619.31383,1296.666618,243.370174,1540.0367919999999,945274680,1.4801142286440015e-16,0.0068359375,True,PASS,PASS,True,True,raw/measured-r07-o13-p13/benchmark_samples.csv,raw/measured-r07-o13-p13/benchmark_summary.json,raw/measured-r07-o13-p13/stdout.txt,raw/measured-r07-o13-p13/stderr.txt,378.362235,328.004727,590.2996559999999,5.968748,81.515218,155.88620799999998
csc3-demo-linux-process-benchmark-v1,measured-r07-o14-p14,measured,7,14,14,331125,2026-07-29T14:20:20.497791Z,2026-07-29T14:20:32.247939Z,11.75015123599951,0,5135929344,wait4.ru_maxrss,14,14,1270.448778,3486.108443,146.622822,3632.731265,1279.855427,243.147578,1523.003005,945274680,1.5160917953489982e-16,0.0078125,True,PASS,PASS,True,True,raw/measured-r07-o14-p14/benchmark_samples.csv,raw/measured-r07-o14-p14/benchmark_summary.json,raw/measured-r07-o14-p14/stdout.txt,raw/measured-r07-o14-p14/stderr.txt,370.758324,318.450187,590.6469159999999,6.033837,81.516275,155.597466
csc3-demo-linux-process-benchmark-v1,measured-r07-o15-p15,measured,7,15,15,331284,2026-07-29T14:20:32.253828Z,2026-07-29T14:20:44.010728Z,11.756903957997565,0,5135773696,wait4.ru_maxrss,15,15,1286.239438,3484.50505,151.466509,3635.971559,1278.372286,236.864243,1515.236529,945274680,1.5072513042642626e-16,0.0078125,True,PASS,PASS,True,True,raw/measured-r07-o15-p15/benchmark_samples.csv,raw/measured-r07-o15-p15/benchmark_summary.json,raw/measured-r07-o15-p15/stdout.txt,raw/measured-r07-o15-p15/stderr.txt,368.381748,315.250136,594.740402,5.996416,77.592073,153.27575399999998
csc3-demo-linux-process-benchmark-v1,measured-r07-o16-p16,measured,7,16,16,331436,2026-07-29T14:20:44.016433Z,2026-07-29T14:20:55.586214Z,11.569785123003385,0,5135740928,wait4.ru_maxrss,16,16,1251.184721,3417.678755,146.844968,3564.523723,1261.038758,232.1281,1493.1668579999998,945274680,1.493838904672923e-16,0.0068359375,True,PASS,PASS,True,True,raw/measured-r07-o16-p16/benchmark_samples.csv,raw/measured-r07-o16-p16/benchmark_summary.json,raw/measured-r07-o16-p16/stdout.txt,raw/measured-r07-o16-p16/stderr.txt,357.364557,314.956086,588.7181149999999,5.927285,75.340864,150.85995099999997
csc3-demo-linux-process-benchmark-v1,measured-r07-o17-p17,measured,7,17,17,331594,2026-07-29T14:20:55.592327Z,2026-07-29T14:21:07.253192Z,11.660870058,0,5135933440,wait4.ru_maxrss,17,17,1289.563843,3472.097691,145.917434,3618.015125,1261.069676,237.473413,1498.543089,945274680,1.5139619383894128e-16,0.005859375,True,PASS,PASS,True,True,raw/measured-r07-o17-p17/benchmark_samples.csv,raw/measured-r07-o17-p17/benchmark_summary.json,raw/measured-r07-o17-p17/stdout.txt,raw/measured-r07-o17-p17/stderr.txt,359.138149,310.067833,591.8636940000001,6.190419,77.270442,154.012552
csc3-demo-linux-process-benchmark-v1,measured-r07-o18-p18,measured,7,18,18,331761,2026-07-29T14:21:07.259318Z,2026-07-29T14:21:18.968060Z,11.708745594001812,0,5135683584,wait4.ru_maxrss,18,18,1284.325552,3493.91075,147.801808,3641.712558,1262.866642,231.885956,1494.752598,945274680,1.4720998397134518e-16,0.0068359375,True,PASS,PASS,True,True,raw/measured-r07-o18-p18/benchmark_samples.csv,raw/measured-r07-o18-p18/benchmark_summary.json,raw/measured-r07-o18-p18/stdout.txt,raw/measured-r07-o18-p18/stderr.txt,356.749886,310.386436,595.7303199999999,5.951672,73.761709,152.172575
csc3-demo-linux-process-benchmark-v1,measured-r07-o19-p19,measured,7,19,19,331912,2026-07-29T14:21:18.974108Z,2026-07-29T14:21:30.736264Z,11.762159327998233,0,5135851520,wait4.ru_maxrss,19,19,1289.998265,3485.286902,149.950523,3635.237425,1256.335494,240.870907,1497.206401,945274680,1.507062299594175e-16,0.0078125,True,PASS,PASS,True,True,raw/measured-r07-o19-p19/benchmark_samples.csv,raw/measured-r07-o19-p19/benchmark_summary.json,raw/measured-r07-o19-p19/stdout.txt,raw/measured-r07-o19-p19/stderr.txt,354.764504,310.708843,590.8621469999999,6.059061,75.776731,159.03511500000002
csc3-demo-linux-process-benchmark-v1,measured-r07-o20-p20,measured,7,20,20,332107,2026-07-29T14:21:30.742278Z,2026-07-29T14:21:42.362233Z,11.61995836099959,0,5136130048,wait4.ru_maxrss,20,20,1281.671795,3431.030175,145.569302,3576.5994769999998,1288.069036,235.706636,1523.7756720000002,945274680,1.5001206848383924e-16,0.005859375,True,PASS,PASS,True,True,raw/measured-r07-o20-p20/benchmark_samples.csv,raw/measured-r07-o20-p20/benchmark_summary.json,raw/measured-r07-o20-p20/stdout.txt,raw/measured-r07-o20-p20/stderr.txt,381.117003,318.5737,588.3783330000001,5.919216,75.042207,154.74521299999998
